std_smiles,pchembl_median,n_measurements,any_units,any_mol_id,log_ic50_m,log_ic50_nM,target_chembl_id,target_name,leak_exact,leak_tani,leak_any
C#CCNc1nc(Nc2ccc(S(N)(=O)=O)cc2)ncc1Br,6.48,1,nM,CHEMBL549757,-6.48,2.5199999999999996,CHEMBL205,carbonic_anhydrase_II,False,False,False
C/C=C/C(=O)Oc1ccc2sc(S(N)(=O)=O)nc2c1,8.68,1,nM,CHEMBL79324,-8.68,0.3200000000000003,CHEMBL205,carbonic_anhydrase_II,False,False,False
CC(=O)/N=c1/sc(S(N)(=O)=O)nn1C,7.68,5,nM,CHEMBL19,-7.68,1.3200000000000003,CHEMBL205,carbonic_anhydrase_II,True,True,True
CC(=O)C(/N=N/c1cccc(-n2nc(C(=O)Nc3nnc(S(N)(=O)=O)s3)c(C(=O)c3ccccc3)c2-c2ccccc2)c1)C(=O)OC(C)(C)C,6.824999999999999,2,nM,CHEMBL507085,-6.824999999999999,2.1750000000000007,CHEMBL205,carbonic_anhydrase_II,True,True,True
CC(=O)C(/N=N/c1cccc(-n2nc(C(=O)Nc3nnc(S(N)(=O)=O)s3)c(C(=O)c3ccccc3)c2-c2ccccc2)c1)C(=O)c1ccccc1,6.245,2,nM,CHEMBL444683,-6.245,2.755,CHEMBL205,carbonic_anhydrase_II,True,True,True
CC(=O)C(/N=N/c1cccc(-n2nc(C(=O)Nc3nnc(S(N)(=O)=O)s3)c(C(=O)c3ccccc3)c2-c2ccccc2)c1)C(C)=O,6.91,2,nM,CHEMBL453931,-6.91,2.09,CHEMBL205,carbonic_anhydrase_II,True,True,True
CC(=O)Cn1c(C)cc2c(-n3nc(C(=O)Nc4nnc(S(N)(=O)=O)s4)c(C(=O)c4ccccc4)c3-c3ccccc3)cccc21,6.75,2,nM,CHEMBL443431,-6.75,2.25,CHEMBL205,carbonic_anhydrase_II,True,True,True
CC(=O)NO,4.33,3,nM,CHEMBL734,-4.33,4.67,CHEMBL205,carbonic_anhydrase_II,False,False,False
CC(=O)N[C@@H]1O[C@H](CO)[C@@H](O)[C@H](O)[C@H]1NC(=O)c1ccc(S(N)(=O)=O)cc1,7.44,1,nM,CHEMBL5074657,-7.44,1.5599999999999996,CHEMBL205,carbonic_anhydrase_II,False,False,False
CC(=O)Nc1ccc2cc(S(N)(=O)=O)sc2c1,8.32,1,nM,CHEMBL87444,-8.32,0.6799999999999997,CHEMBL205,carbonic_anhydrase_II,False,False,False
CC(=O)Nc1nnc(S(N)(=O)=O)s1,7.32,74,nM,CHEMBL20,-7.32,1.6799999999999997,CHEMBL205,carbonic_anhydrase_II,True,True,True
CC(=O)OC1C=CC(=O)N1S(=O)(=O)c1ccc(C)cc1,5.1,1,nM,CHEMBL1164744,-5.1,3.9000000000000004,CHEMBL205,carbonic_anhydrase_II,True,True,True
CC(=O)OCc1ccc2sc(S(N)(=O)=O)cc2c1,8.0,1,nM,CHEMBL85470,-8.0,1.0,CHEMBL205,carbonic_anhydrase_II,False,False,False
CC(=O)Oc1ccc2[nH]c(S(N)(=O)=O)cc2c1,7.96,1,nM,CHEMBL354062,-7.96,1.04,CHEMBL205,carbonic_anhydrase_II,False,False,False
CC(=O)Oc1ccc2cc(S(N)(=O)=O)[nH]c2c1,7.5,1,nM,CHEMBL164189,-7.5,1.5,CHEMBL205,carbonic_anhydrase_II,False,False,False
CC(=O)Oc1ccc2cc(S(N)(=O)=O)oc2c1,8.26,1,nM,CHEMBL424188,-8.26,0.7400000000000002,CHEMBL205,carbonic_anhydrase_II,False,False,False
CC(=O)Oc1ccc2cc(S(N)(=O)=O)sc2c1,8.4,1,nM,CHEMBL85636,-8.4,0.5999999999999996,CHEMBL205,carbonic_anhydrase_II,False,False,False
CC(=O)Oc1ccc2nc(S(N)(=O)=O)sc2c1,8.7,1,nM,CHEMBL81688,-8.7,0.3000000000000007,CHEMBL205,carbonic_anhydrase_II,False,False,False
CC(=O)Oc1ccc2oc(S(N)(=O)=O)cc2c1,8.19,1,nM,CHEMBL165124,-8.19,0.8100000000000005,CHEMBL205,carbonic_anhydrase_II,False,False,False
CC(=O)c1ccc2cc(S(N)(=O)=O)sc2c1,8.22,1,nM,CHEMBL86176,-8.22,0.7799999999999994,CHEMBL205,carbonic_anhydrase_II,False,False,False
CC(=O)c1csc(S(N)(=O)=O)c1,7.8,1,nM,CHEMBL287738,-7.8,1.2000000000000002,CHEMBL205,carbonic_anhydrase_II,False,False,False
CC(C)(C)C(=O)Nc1c(OC(=O)C(C)(C)C)ccc2nc(S(N)(=O)=O)sc12,7.5,1,nM,CHEMBL79472,-7.5,1.5,CHEMBL205,carbonic_anhydrase_II,False,False,False
CC(C)(C)C(=O)Oc1ccc2cc(S(N)(=O)=O)oc2c1,8.335,2,nM,CHEMBL121086,-8.335,0.6649999999999991,CHEMBL205,carbonic_anhydrase_II,False,False,False
CC(C)(C)C(=O)Oc1ccc2cc(S(N)(=O)=O)sc2c1,8.59,1,nM,CHEMBL83144,-8.59,0.41000000000000014,CHEMBL205,carbonic_anhydrase_II,False,False,False
CC(C)(C)C(=O)Oc1ccc2nc(S(N)(=O)=O)sc2c1,7.9,2,nM,CHEMBL312593,-7.9,1.0999999999999996,CHEMBL205,carbonic_anhydrase_II,False,False,False
CC(C)(C)C(=O)Oc1ccc2nc(S(N)(=O)=O)sc2c1N,7.6,1,nM,CHEMBL79608,-7.6,1.4000000000000004,CHEMBL205,carbonic_anhydrase_II,False,False,False
CC(C)(C)C(=O)Oc1ccc2oc(S(N)(=O)=O)cc2c1,8.52,1,nM,CHEMBL352281,-8.52,0.4800000000000004,CHEMBL205,carbonic_anhydrase_II,False,False,False
CC(C)(C)C(=O)Oc1ccc2sc(S(N)(=O)=O)cc2c1,8.59,1,nM,CHEMBL121137,-8.59,0.41000000000000014,CHEMBL205,carbonic_anhydrase_II,False,False,False
CC(C)(C)N1CC(COc2ccc3cc(S(N)(=O)=O)sc3c2)OC1=O,8.1,1,nM,CHEMBL86259,-8.1,0.9000000000000004,CHEMBL205,carbonic_anhydrase_II,False,False,False
CC(C)(C)NCC(O)COc1ccc2cc(S(N)(=O)=O)sc2c1,7.75,1,nM,CHEMBL540554,-7.75,1.25,CHEMBL205,carbonic_anhydrase_II,False,False,False
CC(C)(C)NCc1cc2cc(S(N)(=O)=O)sc2s1,8.0,1,nM,CHEMBL539259,-8.0,1.0,CHEMBL205,carbonic_anhydrase_II,False,False,False
CC(C)(C)NCc1ccc(S(=O)(=O)c2csc(S(N)(=O)=O)c2)cc1,7.44,1,nM,CHEMBL541597,-7.44,1.5599999999999996,CHEMBL205,carbonic_anhydrase_II,False,False,False
CC(C)(C)OC(=O)Oc1ccc2nc(S(N)(=O)=O)sc2c1,8.0,1,nM,CHEMBL310291,-8.0,1.0,CHEMBL205,carbonic_anhydrase_II,False,False,False
CC(C)(C)c1cc(C(C)(C)C)c2oc(=O)c(/C=N/c3ccc(S(=O)(=O)NC(=N)N)cc3)c(Cl)c2c1,6.99,1,nM,CHEMBL2408082,-6.99,2.01,CHEMBL205,carbonic_anhydrase_II,False,False,False
CC(C)(C)c1cc(C(C)(C)C)c2oc(=O)c(/C=N/c3ccc(S(=O)(=O)Nc4nccs4)cc3)c(Cl)c2c1,6.91,1,nM,CHEMBL2408081,-6.91,2.09,CHEMBL205,carbonic_anhydrase_II,False,False,False
CC(C)(C)c1cc(C(C)(C)C)c2oc(=O)c(/C=N/c3ccc(S(N)(=O)=O)cc3)c(Cl)c2c1,6.95,1,nM,CHEMBL2408080,-6.95,2.05,CHEMBL205,carbonic_anhydrase_II,False,False,False
CC(C)(C)c1ccc(S(=O)(=O)n2cc(/C=C/C(=O)c3ccncc3)c3ccccc32)cc1,4.92,1,nM,CHEMBL4177378,-4.92,4.08,CHEMBL205,carbonic_anhydrase_II,False,False,False
CC(C)C(=O)Oc1ccc2nc(S(N)(=O)=O)sc2c1,8.17,1,nM,CHEMBL82557,-8.17,0.8300000000000001,CHEMBL205,carbonic_anhydrase_II,False,False,False
CC(C)CCNCc1cccc(C(=O)c2csc(S(N)(=O)=O)c2)c1,8.05,1,nM,CHEMBL544355,-8.05,0.9499999999999993,CHEMBL205,carbonic_anhydrase_II,False,False,False
CC(C)CN(C)Cc1cc(C(=O)c2csc(S(N)(=O)=O)c2)ccc1O,8.05,1,nM,CHEMBL544127,-8.05,0.9499999999999993,CHEMBL205,carbonic_anhydrase_II,False,False,False
CC(C)CN(C)Cc1cc(S(=O)(=O)c2csc(S(N)(=O)=O)c2)ccc1O,8.3,1,nM,CHEMBL539817,-8.3,0.6999999999999993,CHEMBL205,carbonic_anhydrase_II,False,False,False
CC(C)CNC(=O)CC1Sc2sc(S(N)(=O)=O)cc2NC1=O,8.34,1,nM,CHEMBL541211,-8.34,0.6600000000000001,CHEMBL205,carbonic_anhydrase_II,False,False,False
CC(C)CNC(=O)c1cc(S(N)(=O)=O)ccc1SC(C)C,7.67,1,nM,CHEMBL1096822,-7.67,1.33,CHEMBL205,carbonic_anhydrase_II,False,False,False
CC(C)CNCCC1CNc2cc(S(N)(=O)=O)sc2S1(=O)=O,8.54,1,nM,CHEMBL83497,-8.54,0.46000000000000085,CHEMBL205,carbonic_anhydrase_II,False,False,False
CC(C)CNCc1cc2cc(S(N)(=O)=O)oc2s1,8.22,1,nM,CHEMBL105713,-8.22,0.7799999999999994,CHEMBL205,carbonic_anhydrase_II,False,False,False
CC(C)CNCc1cc2cc(S(N)(=O)=O)sc2s1,8.6,1,nM,CHEMBL538245,-8.6,0.40000000000000036,CHEMBL205,carbonic_anhydrase_II,False,False,False
CC(C)CNCc1cc2sc(S(N)(=O)=O)cc2s1,8.55,1,nM,CHEMBL543792,-8.55,0.4499999999999993,CHEMBL205,carbonic_anhydrase_II,False,False,False
CC(C)CNCc1ccc(C(=O)c2csc(S(N)(=O)=O)c2)cc1,8.32,1,nM,CHEMBL544827,-8.32,0.6799999999999997,CHEMBL205,carbonic_anhydrase_II,False,False,False
CC(C)CNCc1ccc(S(=O)(=O)c2csc(S(N)(=O)=O)c2)cc1,7.89,1,nM,CHEMBL543415,-7.89,1.1100000000000003,CHEMBL205,carbonic_anhydrase_II,False,False,False
CC(C)CNCc1ccc(S(=O)(=O)c2csc(S(N)(=O)=O)c2)cc1O,7.85,1,nM,CHEMBL555312,-7.85,1.1500000000000004,CHEMBL205,carbonic_anhydrase_II,False,False,False
CC(C)CNCc1cccc(C(=O)c2csc(S(N)(=O)=O)c2)c1,7.89,1,nM,CHEMBL555186,-7.89,1.1100000000000003,CHEMBL205,carbonic_anhydrase_II,False,False,False
CC(C)CNCc1cccc(S(=O)(=O)c2csc(S(N)(=O)=O)c2)c1,7.92,1,nM,CHEMBL541856,-7.92,1.08,CHEMBL205,carbonic_anhydrase_II,False,False,False
CC(C)CNCc1ccccc1S(=O)(=O)c1csc(S(N)(=O)=O)c1,7.75,1,nM,CHEMBL555588,-7.75,1.25,CHEMBL205,carbonic_anhydrase_II,False,False,False
CC(C)CN[C@@H]1CCS(=O)(=O)c2sc(S(N)(=O)=O)cc21,7.35,3,nM,CHEMBL9849,-7.35,1.6500000000000004,CHEMBL205,carbonic_anhydrase_II,False,False,False
CC(C)CN[C@H]1CCS(=O)(=O)c2sc(S(N)(=O)=O)cc21,8.92,9,nM,CHEMBL417975,-8.92,0.08000000000000007,CHEMBL205,carbonic_anhydrase_II,False,False,False
CC(C)COC(=O)Oc1ccc2cc(S(N)(=O)=O)sc2c1,8.25,1,nM,CHEMBL85925,-8.25,0.75,CHEMBL205,carbonic_anhydrase_II,False,False,False
CC(C)COC(=O)Oc1ccc2nc(S(N)(=O)=O)sc2c1,8.66,1,nM,CHEMBL79951,-8.66,0.33999999999999986,CHEMBL205,carbonic_anhydrase_II,False,False,False
CC(C)NC(=O)P(=O)(O)O,4.86,1,nM,CHEMBL97034,-4.86,4.14,CHEMBL205,carbonic_anhydrase_II,False,False,False
CC(C)NCc1cccc(S(=O)(=O)c2csc(S(N)(=O)=O)c2)c1,7.66,1,nM,CHEMBL554012,-7.66,1.3399999999999999,CHEMBL205,carbonic_anhydrase_II,False,False,False
CC(C)O[C@@H]1O[C@H](CO)[C@@H](O)[C@H](O)[C@H]1NC(=O)c1ccc(S(N)(=O)=O)cc1,7.5,1,nM,CHEMBL5082205,-7.5,1.5,CHEMBL205,carbonic_anhydrase_II,False,False,False
CC(C)[C@@H]1CC[C@@H](C)C[C@H]1OS(=O)(=O)NC(c1ccccc1)c1ccccc1,7.8,1,nM,CHEMBL4463022,-7.8,1.2000000000000002,CHEMBL205,carbonic_anhydrase_II,False,False,False
CC(C=O)N(Cc1cc2cc(S(N)(=O)=O)sc2s1)C(C)C=O,8.57,1,nM,CHEMBL542122,-8.57,0.4299999999999997,CHEMBL205,carbonic_anhydrase_II,False,False,False
CC1(C)O[C@@H]2[C@@H](CO[C@@]3(COS(N)(=O)=O)OC(C)(C)O[C@@H]23)O1,5.99,2,nM,CHEMBL220492,-5.99,3.01,CHEMBL205,carbonic_anhydrase_II,True,True,True
CC1(C)O[C@@H]2[C@@H](O)[C@H]3NC(=O)O[C@H]3C[C@@H]2O1,4.61,1,nM,CHEMBL5286328,-4.61,4.39,CHEMBL205,carbonic_anhydrase_II,False,False,False
CC1(C)O[C@H]2[C@@H]3OS(=O)(=O)O[C@@H]3CC[C@@]2(COS(N)(=O)=O)O1,6.89,1,nM,CHEMBL120917,-6.89,2.1100000000000003,CHEMBL205,carbonic_anhydrase_II,False,False,False
CC1(C)O[C@H]2[C@@H]3OS(=O)(=O)O[C@@H]3CO[C@@]2(COS(N)(=O)=O)O1,7.44,1,nM,CHEMBL417656,-7.44,1.5599999999999996,CHEMBL205,carbonic_anhydrase_II,False,False,False
CC1(COc2ccc(CC3SC(=O)NC3=O)cc2)CCCCC1,7.07,1,nM,CHEMBL7002,-7.07,1.9299999999999997,CHEMBL205,carbonic_anhydrase_II,False,False,False
CC1=CCC(C(=O)OCc2ccccc2)C(C(=O)NS(=O)(=O)c2ccc(C)cc2)C1,6.88,1,nM,CHEMBL3402247,-6.88,2.12,CHEMBL205,carbonic_anhydrase_II,False,False,False
CC1=NN(c2ccc(S(N)(=O)=O)cc2)C(=O)/C1=C\C=C\c1ccccc1,7.48,1,nM,CHEMBL2392428,-7.48,1.5199999999999996,CHEMBL205,carbonic_anhydrase_II,False,False,False
CC1=NN(c2cccc(S(N)(=O)=O)c2)C(=O)C1,6.09,1,nM,CHEMBL2392434,-6.09,2.91,CHEMBL205,carbonic_anhydrase_II,False,False,False
CC1CCN(NC(=S)SCC(=O)NCc2ccc3c(c2)OCO3)CC1,8.73,1,nM,CHEMBL4061017,-8.73,0.2699999999999996,CHEMBL205,carbonic_anhydrase_II,False,False,False
CCC(=O)N[C@@H]1O[C@H](CO)[C@@H](O)[C@H](O)[C@H]1NC(=O)c1ccc(S(N)(=O)=O)cc1,7.62,1,nM,CHEMBL5087194,-7.62,1.38,CHEMBL205,carbonic_anhydrase_II,False,False,False
CCC(C)NCc1cccc(S(=O)(=O)c2csc(S(N)(=O)=O)c2)c1,7.58,1,nM,CHEMBL544826,-7.58,1.42,CHEMBL205,carbonic_anhydrase_II,False,False,False
CCC(CC)NC(=O)P(=O)(O)O,5.06,1,nM,CHEMBL318664,-5.06,3.9400000000000004,CHEMBL205,carbonic_anhydrase_II,False,False,False
CCCC(=O)Oc1ccc2nc(S(N)(=O)=O)sc2c1,8.49,1,nM,CHEMBL312635,-8.49,0.5099999999999998,CHEMBL205,carbonic_anhydrase_II,False,False,False
CCCC(=O)Oc1ccc2sc(S(N)(=O)=O)nc2c1,8.4,1,nM,CHEMBL82230,-8.4,0.5999999999999996,CHEMBL205,carbonic_anhydrase_II,False,False,False
CCCC(C)NS(=O)(=O)c1ccc(C)cc1,5.09,1,nM,CHEMBL3310984,-5.09,3.91,CHEMBL205,carbonic_anhydrase_II,False,False,False
CCCC/C(=N\O)c1csc(S(N)(=O)=O)c1,7.82,1,nM,CHEMBL288606,-7.82,1.1799999999999997,CHEMBL205,carbonic_anhydrase_II,False,False,False
CCCCC(=O)c1csc(S(N)(=O)=O)c1,8.2,1,nM,CHEMBL297821,-8.2,0.8000000000000007,CHEMBL205,carbonic_anhydrase_II,False,False,False
CCCCC(N)c1csc(S(N)(=O)=O)c1,6.2,1,nM,CHEMBL42080,-6.2,2.8,CHEMBL205,carbonic_anhydrase_II,False,False,False
CCCCC(O[Si](C)(C)C(C)(C)C)c1csc(S(N)(=O)=O)c1,6.7,1,nM,CHEMBL289952,-6.7,2.3,CHEMBL205,carbonic_anhydrase_II,False,False,False
CCCCCC(=O)Oc1ccc2nc(S(N)(=O)=O)sc2c1,8.4,1,nM,CHEMBL442751,-8.4,0.5999999999999996,CHEMBL205,carbonic_anhydrase_II,False,False,False
CCCCCC/C(=N\N)c1csc(S(N)(=O)=O)c1,8.7,1,nM,CHEMBL42278,-8.7,0.3000000000000007,CHEMBL205,carbonic_anhydrase_II,False,False,False
CCCCCC/C(=N\O)c1csc(S(N)(=O)=O)c1,8.24,1,nM,CHEMBL42425,-8.24,0.7599999999999998,CHEMBL205,carbonic_anhydrase_II,False,False,False
CCCCCC/C(=N\OC)c1csc(S(N)(=O)=O)c1,8.33,1,nM,CHEMBL42675,-8.33,0.6699999999999999,CHEMBL205,carbonic_anhydrase_II,False,False,False
CCCCCCC(=O)c1csc(S(N)(=O)=O)c1,8.3,1,nM,CHEMBL44173,-8.3,0.6999999999999993,CHEMBL205,carbonic_anhydrase_II,False,False,False
CCCCCCC(N)c1csc(S(N)(=O)=O)c1,6.8,1,nM,CHEMBL43047,-6.8,2.2,CHEMBL205,carbonic_anhydrase_II,False,False,False
CCCCCCC(O)c1csc(S(N)(=O)=O)c1,7.89,1,nM,CHEMBL44335,-7.89,1.1100000000000003,CHEMBL205,carbonic_anhydrase_II,False,False,False
CCCCCCCC(=O)Oc1ccc2nc(S(N)(=O)=O)sc2c1,8.8,1,nM,CHEMBL83708,-8.8,0.1999999999999993,CHEMBL205,carbonic_anhydrase_II,False,False,False
CCCCCCCCCCCC(=O)Oc1ccc2nc(S(N)(=O)=O)sc2c1,8.51,1,nM,CHEMBL83165,-8.51,0.4900000000000002,CHEMBL205,carbonic_anhydrase_II,False,False,False
CCCCCCCCCS(=O)(=O)C(F)S(N)(=O)=O,8.52,1,nM,CHEMBL120422,-8.52,0.4800000000000004,CHEMBL205,carbonic_anhydrase_II,False,False,False
CCCCCCCCS(=O)(=O)C(C)S(N)(=O)=O,5.6,1,nM,CHEMBL69113,-5.6,3.4000000000000004,CHEMBL205,carbonic_anhydrase_II,False,False,False
CCCCCCCCS(=O)(=O)C(Cl)(Cl)S(N)(=O)=O,6.7,1,nM,CHEMBL68840,-6.7,2.3,CHEMBL205,carbonic_anhydrase_II,False,False,False
CCCCCCCCS(=O)(=O)C(Cl)S(N)(=O)=O,7.92,1,nM,CHEMBL304131,-7.92,1.08,CHEMBL205,carbonic_anhydrase_II,False,False,False
CCCCCCCCS(=O)(=O)C(F)S(N)(=O)=O,8.52,1,nM,CHEMBL302780,-8.52,0.4800000000000004,CHEMBL205,carbonic_anhydrase_II,False,False,False
CCCCCCCCS(=O)(=O)CS(N)(=O)=O,7.66,1,nM,CHEMBL421106,-7.66,1.3399999999999999,CHEMBL205,carbonic_anhydrase_II,False,False,False
CCCCCCCCSCS(N)(=O)=O,6.32,1,nM,CHEMBL66465,-6.32,2.6799999999999997,CHEMBL205,carbonic_anhydrase_II,False,False,False
CCCCNC(C)c1csc(S(N)(=O)=O)c1,6.23,1,nM,CHEMBL44238,-6.23,2.7699999999999996,CHEMBL205,carbonic_anhydrase_II,False,False,False
CCCCNC1CCS(=O)(=O)c2sc(S(N)(=O)=O)cc21,8.275,2,nM,CHEMBL554854,-8.275,0.7249999999999996,CHEMBL205,carbonic_anhydrase_II,False,False,False
CCCCNCc1ccc(C(=O)c2csc(S(N)(=O)=O)c2)cc1,7.92,1,nM,CHEMBL541087,-7.92,1.08,CHEMBL205,carbonic_anhydrase_II,False,False,False
CCCCNCc1ccc(S(=O)(=O)c2csc(S(N)(=O)=O)c2)cc1,7.54,1,nM,CHEMBL539558,-7.54,1.46,CHEMBL205,carbonic_anhydrase_II,False,False,False
CCCCOS(=O)(=O)c1ccc2nc(S(N)(=O)=O)sc2c1,8.74,1,nM,CHEMBL311548,-8.74,0.2599999999999998,CHEMBL205,carbonic_anhydrase_II,False,False,False
CCCC[C@@H](CC)COC(=O)c1ccccc1C(=O)OC[C@@H](CC)CCCC,4.17,1,nM,CHEMBL402794,-4.17,4.83,CHEMBL205,carbonic_anhydrase_II,False,False,False
CCCNC(=O)c1cc(S(N)(=O)=O)cnc1Sc1ccccc1,7.57,1,nM,CHEMBL1099125,-7.57,1.4299999999999997,CHEMBL205,carbonic_anhydrase_II,False,False,False
CCCNC1CCS(=O)(=O)c2sc(S(N)(=O)=O)cc21,8.43,2,nM,CHEMBL543604,-8.43,0.5700000000000003,CHEMBL205,carbonic_anhydrase_II,False,False,False
CCCNCc1cc2cc(S(N)(=O)=O)oc2s1,8.1,1,nM,CHEMBL322014,-8.1,0.9000000000000004,CHEMBL205,carbonic_anhydrase_II,False,False,False
CCCO[C@@H]1O[C@H](CNC(=O)c2ccc(S(N)(=O)=O)cc2)[C@@H](O)[C@H](O)[C@@H]1O,6.8,1,nM,CHEMBL5090536,-6.8,2.2,CHEMBL205,carbonic_anhydrase_II,False,False,False
CCCO[C@@H]1O[C@H](CNC(=O)c2ccc(S(N)(=O)=O)cc2)[C@@H](O)[C@H](O)[C@H]1N,7.0,1,nM,CHEMBL5081057,-7.0,2.0,CHEMBL205,carbonic_anhydrase_II,False,False,False
CCCO[C@@H]1O[C@H](CNC(=O)c2ccc(S(N)(=O)=O)cc2)[C@@H](O)[C@H](O)[C@H]1O,7.05,1,nM,CHEMBL5085498,-7.05,1.9500000000000002,CHEMBL205,carbonic_anhydrase_II,False,False,False
CCCO[C@@H]1O[C@H](CNC(=O)c2ccc(S(N)(=O)=O)cc2)[C@H](O)[C@H](O)[C@H]1O,6.96,1,nM,CHEMBL5084604,-6.96,2.04,CHEMBL205,carbonic_anhydrase_II,False,False,False
CCCO[C@@H]1O[C@H](CO)[C@@H](O)[C@H](O)[C@H]1NC(=O)c1ccc(S(N)(=O)=O)cc1,7.38,1,nM,CHEMBL5076082,-7.38,1.62,CHEMBL205,carbonic_anhydrase_II,False,False,False
CCCS(=O)(=O)Oc1ccc(-c2ccc3occc3c2)cc1,5.79,1,nM,CHEMBL4448898,-5.79,3.21,CHEMBL205,carbonic_anhydrase_II,False,False,False
CCCS(=O)(=O)Oc1ccc(-c2ccc3sccc3c2)cc1,6.51,1,nM,CHEMBL4469527,-6.51,2.49,CHEMBL205,carbonic_anhydrase_II,False,False,False
CCN(CC)C1CCS(=O)(=O)c2sc(S(N)(=O)=O)cc21,7.535,2,nM,CHEMBL555182,-7.535,1.4649999999999999,CHEMBL205,carbonic_anhydrase_II,False,False,False
CCN(CC)CC1CCC(C(=O)Oc2ccc3nc(S(N)(=O)=O)sc3c2)CC1,8.55,1,nM,CHEMBL86282,-8.55,0.4499999999999993,CHEMBL205,carbonic_anhydrase_II,False,False,False
CCN(CC)Cc1cc(C(=O)c2csc(S(N)(=O)=O)c2)ccc1O,8.15,1,nM,CHEMBL542219,-8.15,0.8499999999999996,CHEMBL205,carbonic_anhydrase_II,False,False,False
CCN(CC)Cc1cc(S(=O)(=O)c2coc(S(N)(=O)=O)c2)ccc1O,8.0,1,nM,CHEMBL538536,-8.0,1.0,CHEMBL205,carbonic_anhydrase_II,False,False,False
CCN(CC)Cc1cc(S(=O)(=O)c2csc(S(N)(=O)=O)c2)ccc1O,8.05,1,nM,CHEMBL545057,-8.05,0.9499999999999993,CHEMBL205,carbonic_anhydrase_II,False,False,False
CCN(CC)Cc1ccc(S(=O)(=O)c2csc(S(N)(=O)=O)c2)cc1O,7.8,1,nM,CHEMBL545527,-7.8,1.2000000000000002,CHEMBL205,carbonic_anhydrase_II,False,False,False
CCN1CCN(NC(=S)SCC(=O)NCc2ccc3c(c2)OCO3)CC1,9.1,1,nM,CHEMBL4072105,-9.1,-0.09999999999999964,CHEMBL205,carbonic_anhydrase_II,False,False,False
CCNC(=O)c1cc(S(N)(=O)=O)cc(F)c1SC(C)C,8.42,1,nM,CHEMBL1099003,-8.42,0.5800000000000001,CHEMBL205,carbonic_anhydrase_II,False,False,False
CCNC(=O)c1cc(S(N)(=O)=O)cc(F)c1SCC(C)C,8.55,1,nM,CHEMBL1095883,-8.55,0.4499999999999993,CHEMBL205,carbonic_anhydrase_II,False,False,False
CCNC(=O)c1cc(S(N)(=O)=O)ccc1SC1CCCC1,7.78,1,nM,CHEMBL1096823,-7.78,1.2199999999999998,CHEMBL205,carbonic_anhydrase_II,False,False,False
CCNC(=O)c1cc(S(N)(=O)=O)ccc1Sc1ccccc1,7.67,1,nM,CHEMBL1098204,-7.67,1.33,CHEMBL205,carbonic_anhydrase_II,False,False,False
CCNC(=O)c1cc(S(N)(=O)=O)cnc1Sc1cccc(F)c1,7.7,1,nM,CHEMBL1098349,-7.7,1.2999999999999998,CHEMBL205,carbonic_anhydrase_II,False,False,False
CCNC(=O)c1cc(S(N)(=O)=O)cnc1Sc1ccccc1,7.7,1,nM,CHEMBL1086703,-7.7,1.2999999999999998,CHEMBL205,carbonic_anhydrase_II,False,False,False
CCNC1CCS(=O)(=O)c2sc(S(N)(=O)=O)cc21,8.620000000000001,2,nM,CHEMBL545239,-8.620000000000001,0.379999999999999,CHEMBL205,carbonic_anhydrase_II,False,False,False
CCNCc1cc(S(N)(=O)=O)cnc1Sc1ccc(F)c(F)c1,6.49,1,nM,CHEMBL1095856,-6.49,2.51,CHEMBL205,carbonic_anhydrase_II,False,False,False
CCNCc1cc2cc(S(N)(=O)=O)oc2s1,7.96,1,nM,CHEMBL103621,-7.96,1.04,CHEMBL205,carbonic_anhydrase_II,False,False,False
CCN[C@@H]1CCS(=O)(=O)c2sc(S(N)(=O)=O)cc21,7.92,2,nM,CHEMBL2092885,-7.92,1.08,CHEMBL205,carbonic_anhydrase_II,False,False,False
CCN[C@@H]1C[C@H](C)S(=O)(=O)c2sc(S(N)(=O)=O)cc21,7.53,1,nM,CHEMBL276679,-7.53,1.4699999999999998,CHEMBL205,carbonic_anhydrase_II,False,False,False
CCN[C@H]1CCS(=O)(=O)c2sc(S(N)(=O)=O)cc21,9.07,2,nM,CHEMBL1788291,-9.07,-0.07000000000000028,CHEMBL205,carbonic_anhydrase_II,False,False,False
CCN[C@H]1CN(CCCCOC)S(=O)(=O)c2sc(S(N)(=O)=O)cc21,8.49,1,nM,CHEMBL121031,-8.49,0.5099999999999998,CHEMBL205,carbonic_anhydrase_II,False,False,False
CCN[C@H]1CN(CCCO)S(=O)(=O)c2sc(S(N)(=O)=O)cc21,6.78,1,nM,CHEMBL3415384,-6.78,2.2199999999999998,CHEMBL205,carbonic_anhydrase_II,False,False,False
CCN[C@H]1CN(CCCOC)S(=O)(=O)c2sc(S(N)(=O)=O)cc21,7.92,2,nM,CHEMBL220491,-7.92,1.08,CHEMBL205,carbonic_anhydrase_II,False,False,False
CCN[C@H]1CN(CCCO[N+](=O)[O-])S(=O)(=O)c2sc(S(N)(=O)=O)cc21,7.51,1,nM,CHEMBL3415383,-7.51,1.4900000000000002,CHEMBL205,carbonic_anhydrase_II,False,False,False
CCN[C@H]1C[C@H](C)S(=O)(=O)c2sc(S(N)(=O)=O)cc21,8.96,7,nM,CHEMBL218490,-8.96,0.03999999999999915,CHEMBL205,carbonic_anhydrase_II,False,False,False
CCN[C@H]1C[C@H](CCCO)S(=O)(=O)c2sc(S(N)(=O)=O)cc21,7.09,1,nM,CHEMBL3415382,-7.09,1.9100000000000001,CHEMBL205,carbonic_anhydrase_II,False,False,False
CCN[C@H]1C[C@H](CCCO[N+](=O)[O-])S(=O)(=O)c2sc(S(N)(=O)=O)cc21,7.51,1,nM,CHEMBL3415379,-7.51,1.4900000000000002,CHEMBL205,carbonic_anhydrase_II,False,False,False
CCN[C@H]1C[C@H](CCO[N+](=O)[O-])S(=O)(=O)c2sc(S(N)(=O)=O)cc21,7.33,1,nM,CHEMBL3415380,-7.33,1.67,CHEMBL205,carbonic_anhydrase_II,False,False,False
CCN[C@H]1C[C@H](CO[N+](=O)[O-])S(=O)(=O)c2sc(S(N)(=O)=O)cc21,6.81,1,nM,CHEMBL3415381,-6.81,2.1900000000000004,CHEMBL205,carbonic_anhydrase_II,False,False,False
CCOC(=O)/C(=N/Nc1cccc(-n2nc(C(=O)Nc3nnc(S(N)(=O)=O)s3)c(C(=O)OCC)c2-c2ccccc2)c1)C(=O)c1ccccc1,5.9350000000000005,2,nM,CHEMBL1276020,-5.9350000000000005,3.0649999999999995,CHEMBL205,carbonic_anhydrase_II,False,False,False
CCOC(=O)/C(=N/Nc1cccc(-n2nc(C(=O)Nc3nnc(S(N)(=O)=O)s3)c(C(=O)OCC)c2-c2ccccc2)c1)C(C)=O,6.88,2,nM,CHEMBL1276021,-6.88,2.12,CHEMBL205,carbonic_anhydrase_II,True,True,True
CCOC(=O)C(/N=N/c1cccc(-n2nc(C(=O)Nc3nnc(S(N)(=O)=O)s3)c(C(=O)c3ccccc3)c2-c2ccccc2)c1)C(=O)OCC,6.59,2,nM,CHEMBL499578,-6.59,2.41,CHEMBL205,carbonic_anhydrase_II,True,True,True
CCOC(=O)C(/N=N/c1cccc(-n2nc(C(=O)Nc3nnc(S(N)(=O)=O)s3)c(C(=O)c3ccccc3)c2-c2ccccc2)c1)C(=O)c1ccccc1,6.8100000000000005,2,nM,CHEMBL445982,-6.8100000000000005,2.1899999999999995,CHEMBL205,carbonic_anhydrase_II,True,True,True
CCOC(=O)C(=NNc1cccc(-n2nc(C(=O)Nc3nnc(S(N)(=O)=O)s3)c(C(=O)OCC)c2-c2ccccc2)c1)C(=O)OCC,7.035,2,nM,CHEMBL1276022,-7.035,1.9649999999999999,CHEMBL205,carbonic_anhydrase_II,False,False,False
CCOC(=O)Oc1ccc2nc(S(N)(=O)=O)sc2c1,8.17,1,nM,CHEMBL80028,-8.17,0.8300000000000001,CHEMBL205,carbonic_anhydrase_II,False,False,False
CCOC(=O)c1c(C(=O)Nc2nnc(S(N)(=O)=O)s2)nn(-c2ccc(N)cc2)c1-c1ccccc1,7.46,2,nM,CHEMBL513122,-7.46,1.54,CHEMBL205,carbonic_anhydrase_II,True,True,True
CCOC(=O)c1c(C(=O)Nc2nnc(S(N)(=O)=O)s2)nn(-c2cccc(/N=N/c3c(O)ccc4ccccc34)c2)c1-c1ccccc1,6.71,2,nM,CHEMBL1276015,-6.71,2.29,CHEMBL205,carbonic_anhydrase_II,True,True,True
CCOC(=O)c1c(C(=O)Nc2nnc(S(N)(=O)=O)s2)nn(-c2cccc(/N=N/c3ccc(O)cc3)c2)c1-c1ccccc1,6.34,2,nM,CHEMBL1276016,-6.34,2.66,CHEMBL205,carbonic_anhydrase_II,True,True,True
CCOC(=O)c1c(C(=O)Nc2nnc(S(N)(=O)=O)s2)nn(-c2cccc(I)c2)c1-c1ccccc1,7.095,2,nM,CHEMBL1276394,-7.095,1.9050000000000002,CHEMBL205,carbonic_anhydrase_II,True,True,True
CCOC(=O)c1c(C(=O)Nc2nnc(S(N)(=O)=O)s2)nn(-c2cccc(N)c2)c1-c1ccccc1,7.574999999999999,2,nM,CHEMBL467098,-7.574999999999999,1.4250000000000007,CHEMBL205,carbonic_anhydrase_II,True,True,True
CCOC(=O)c1c(C(=O)Nc2nnc(S(N)(=O)=O)s2)nn(-c2cccc(N/N=C(/C(C)=O)C(=O)OC(C)(C)C)c2)c1-c1ccccc1,7.1,2,nM,CHEMBL1276023,-7.1,1.9000000000000004,CHEMBL205,carbonic_anhydrase_II,False,False,False
CCOC(=O)c1c(C(=O)Nc2nnc(S(N)(=O)=O)s2)nn(-c2cccc(N/N=C(\C(C)=O)C(=O)c3ccccc3)c2)c1-c1ccccc1,6.355,2,nM,CHEMBL1276018,-6.355,2.6449999999999996,CHEMBL205,carbonic_anhydrase_II,False,False,False
CCOC(=O)c1c(C(=O)Nc2nnc(S(N)(=O)=O)s2)nn(-c2cccc(NN=C(C(=O)c3ccccc3)C(=O)c3ccccc3)c2)c1-c1ccccc1,6.52,2,nM,CHEMBL1276019,-6.52,2.4800000000000004,CHEMBL205,carbonic_anhydrase_II,False,False,False
CCOC(=O)c1c(C(=O)Nc2nnc(S(N)(=O)=O)s2)nn(-c2cccc(NN=C(C(C)=O)C(C)=O)c2)c1-c1ccccc1,6.515,2,nM,CHEMBL1276017,-6.515,2.4850000000000003,CHEMBL205,carbonic_anhydrase_II,True,True,True
CCOC(=O)c1c(C(=O)Nc2nnc(S(N)(=O)=O)s2)nn(-c2cccc3c2cc(C)n3CC(C)=O)c1-c1ccccc1,6.859999999999999,2,nM,CHEMBL1276024,-6.859999999999999,2.1400000000000006,CHEMBL205,carbonic_anhydrase_II,True,True,True
CCOC(=O)c1cccc(CSCc2ccc(S(N)(=O)=O)cc2)c1,7.23,1,nM,CHEMBL4250387,-7.23,1.7699999999999996,CHEMBL205,carbonic_anhydrase_II,False,False,False
CCOC(C)(C)C(=O)Oc1ccc2nc(S(N)(=O)=O)sc2c1,8.92,1,nM,CHEMBL84600,-8.92,0.08000000000000007,CHEMBL205,carbonic_anhydrase_II,False,False,False
CCOCCNCc1cc2cc(S(N)(=O)=O)oc2s1,8.1,1,nM,CHEMBL103271,-8.1,0.9000000000000004,CHEMBL205,carbonic_anhydrase_II,False,False,False
CCOCCOCCOC(C)(C)C(=O)Oc1ccc2nc(S(N)(=O)=O)sc2c1,8.49,1,nM,CHEMBL311810,-8.49,0.5099999999999998,CHEMBL205,carbonic_anhydrase_II,False,False,False
CCOP(=O)(OCC)C(=O)NCCCCNC(=O)P(=O)(OCC)OCC,5.02,1,nM,CHEMBL2172749,-5.02,3.9800000000000004,CHEMBL205,carbonic_anhydrase_II,False,False,False
CCOP(=O)(OCC)Oc1ccc([N+](=O)[O-])cc1,7.23,1,nM,CHEMBL23838,-7.23,1.7699999999999996,CHEMBL205,carbonic_anhydrase_II,False,False,False
CCOP(=O)(OCC)Oc1ccc2nc(S(N)(=O)=O)sc2c1,8.74,1,nM,CHEMBL310848,-8.74,0.2599999999999998,CHEMBL205,carbonic_anhydrase_II,False,False,False
CCO[C@@H]1O[C@H](CNC(=O)c2ccc(S(N)(=O)=O)cc2)[C@@H](O)[C@H](O)[C@@H]1O,7.05,1,nM,CHEMBL5093541,-7.05,1.9500000000000002,CHEMBL205,carbonic_anhydrase_II,False,False,False
CCO[C@@H]1O[C@H](CNC(=O)c2ccc(S(N)(=O)=O)cc2)[C@@H](O)[C@H](O)[C@H]1N,7.05,1,nM,CHEMBL5094014,-7.05,1.9500000000000002,CHEMBL205,carbonic_anhydrase_II,False,False,False
CCO[C@@H]1O[C@H](CNC(=O)c2ccc(S(N)(=O)=O)cc2)[C@@H](O)[C@H](O)[C@H]1O,7.1,1,nM,CHEMBL5089923,-7.1,1.9000000000000004,CHEMBL205,carbonic_anhydrase_II,False,False,False
CCO[C@@H]1O[C@H](CNC(=O)c2ccc(S(N)(=O)=O)cc2)[C@H](O)[C@H](O)[C@H]1O,6.82,1,nM,CHEMBL5083451,-6.82,2.1799999999999997,CHEMBL205,carbonic_anhydrase_II,False,False,False
CCO[C@@H]1O[C@H](CO)[C@@H](O)[C@H](O)[C@H]1NC(=O)c1ccc(S(N)(=O)=O)cc1,7.46,1,nM,CHEMBL5082154,-7.46,1.54,CHEMBL205,carbonic_anhydrase_II,False,False,False
CCOc1ccc2nc(S(N)(=O)=O)sc2c1,8.96,4,nM,CHEMBL18,-8.96,0.03999999999999915,CHEMBL205,carbonic_anhydrase_II,True,True,True
CCOc1cccc(F)c1C#Cc1cn([C@@H]2O[C@H](CNS(N)(=O)=O)[C@@H](O)[C@H]2O)c2ncnc(N)c12,6.14,1,nM,CHEMBL5175806,-6.14,2.8600000000000003,CHEMBL205,carbonic_anhydrase_II,False,False,False
CCS(=O)(=O)Oc1ccc(-c2ccc3occc3c2)cc1,5.8,1,nM,CHEMBL4561046,-5.8,3.2,CHEMBL205,carbonic_anhydrase_II,False,False,False
CCS(=O)(=O)Oc1ccc(-c2ccc3sccc3c2)cc1,5.89,1,nM,CHEMBL4576825,-5.89,3.1100000000000003,CHEMBL205,carbonic_anhydrase_II,False,False,False
CCc1cc2c(cc1OS(N)(=O)=O)CC[C@@H]1[C@@H]2CC[C@]2(C)[C@@H](OS(N)(=O)=O)CC[C@@H]12,6.54,1,nM,CHEMBL425287,-6.54,2.46,CHEMBL205,carbonic_anhydrase_II,True,True,True
CCc1ccc(CCOc2ccc(CC3SC(=O)NC3=O)cc2)nc1,6.94,1,nM,CHEMBL595,-6.94,2.0599999999999996,CHEMBL205,carbonic_anhydrase_II,True,True,True
CN(C)C(=O)NC1CCc2cc(O)ccc2C1,7.28,1,nM,CHEMBL3785391,-7.28,1.7199999999999998,CHEMBL205,carbonic_anhydrase_II,True,True,True
CN(C)C(=O)N[C@H]1CCc2c(O)cccc2C1,7.13,1,nM,CHEMBL3786937,-7.13,1.87,CHEMBL205,carbonic_anhydrase_II,True,True,True
CN(C)C(=O)N[C@H]1CCc2ccc(O)cc2C1,7.22,1,nM,CHEMBL3785207,-7.22,1.7800000000000002,CHEMBL205,carbonic_anhydrase_II,True,True,True
CN(C)C(=O)Oc1ccc2nc(S(N)(=O)=O)sc2c1,8.8,1,nM,CHEMBL311904,-8.8,0.1999999999999993,CHEMBL205,carbonic_anhydrase_II,False,False,False
CN(C)C(=O)Oc1ccc2sc(S(N)(=O)=O)cc2c1,8.3,1,nM,CHEMBL83298,-8.3,0.6999999999999993,CHEMBL205,carbonic_anhydrase_II,False,False,False
CN(C)CCCN1CCN(C(=S)SCC(=O)Nc2ccc(S(N)(=O)=O)cc2)CC1,7.62,1,nM,CHEMBL4792992,-7.62,1.38,CHEMBL205,carbonic_anhydrase_II,False,False,False
CN(C)CCN1CCN(C(=S)SCC(=O)Nc2ccc(S(N)(=O)=O)cc2)CC1,7.48,1,nM,CHEMBL4786423,-7.48,1.5199999999999996,CHEMBL205,carbonic_anhydrase_II,False,False,False
CN(C)CCNC(=O)c1cc(S(N)(=O)=O)cnc1Sc1ccccc1,5.57,1,nM,CHEMBL1098816,-5.57,3.4299999999999997,CHEMBL205,carbonic_anhydrase_II,False,False,False
CN(C)CCNC(=O)c1cc2cc(S(N)(=O)=O)sc2s1,8.06,1,nM,CHEMBL555889,-8.06,0.9399999999999995,CHEMBL205,carbonic_anhydrase_II,False,False,False
CN(C)CCSCc1ccc2sc(S(N)(=O)=O)cc2c1,7.82,1,nM,CHEMBL83629,-7.82,1.1799999999999997,CHEMBL205,carbonic_anhydrase_II,False,False,False
CN(C)Cc1cc(C(=O)c2csc(S(N)(=O)=O)c2)ccc1O,8.19,1,nM,CHEMBL541089,-8.19,0.8100000000000005,CHEMBL205,carbonic_anhydrase_II,False,False,False
CN(C)Cc1cc(S(=O)(=O)c2ccc(S(N)(=O)=O)s2)ccc1O,9.15,1,nM,CHEMBL69114,-9.15,-0.15000000000000036,CHEMBL205,carbonic_anhydrase_II,False,False,False
CN(C)Cc1cc(S(=O)(=O)c2coc(S(N)(=O)=O)c2)ccc1O,8.15,1,nM,CHEMBL553909,-8.15,0.8499999999999996,CHEMBL205,carbonic_anhydrase_II,False,False,False
CN(C)Cc1cc(S(=O)(=O)c2csc(S(N)(=O)=O)c2)ccc1O,8.05,1,nM,CHEMBL541080,-8.05,0.9499999999999993,CHEMBL205,carbonic_anhydrase_II,False,False,False
CN(C)Cc1ccc(C(=O)Oc2ccc3nc(S(N)(=O)=O)sc3c2)cc1,8.4,1,nM,CHEMBL79340,-8.4,0.5999999999999996,CHEMBL205,carbonic_anhydrase_II,False,False,False
CN(C)Cc1ccc2sc(S(N)(=O)=O)cc2c1,7.92,1,nM,CHEMBL313026,-7.92,1.08,CHEMBL205,carbonic_anhydrase_II,False,False,False
CN(C)OS(=O)(=O)c1ccc2nc(S(N)(=O)=O)sc2c1,8.92,1,nM,CHEMBL84151,-8.92,0.08000000000000007,CHEMBL205,carbonic_anhydrase_II,False,False,False
CN(C)S(=O)(=O)NC1CCc2c(O)cccc2C1,7.81,1,nM,CHEMBL3786873,-7.81,1.1900000000000004,CHEMBL205,carbonic_anhydrase_II,True,True,True
CN(C)S(=O)(=O)NC1CCc2ccc(O)cc2C1,7.96,1,nM,CHEMBL3786719,-7.96,1.04,CHEMBL205,carbonic_anhydrase_II,True,True,True
CN(C)S(=O)(=O)N[C@H]1CCc2cc(O)ccc2C1,7.89,1,nM,CHEMBL3786442,-7.89,1.1100000000000003,CHEMBL205,carbonic_anhydrase_II,False,False,False
CN(C)S(=O)(=O)Oc1ccc(-c2ccc3occc3c2)cc1,5.91,1,nM,CHEMBL4533978,-5.91,3.09,CHEMBL205,carbonic_anhydrase_II,False,False,False
CN(C)S(=O)(=O)Oc1ccc(-c2ccc3sccc3c2)cc1,5.24,1,nM,CHEMBL4463041,-5.24,3.76,CHEMBL205,carbonic_anhydrase_II,False,False,False
CN(C)S(=O)(=O)Oc1ccc2nc(S(N)(=O)=O)sc2c1,8.92,1,nM,CHEMBL120728,-8.92,0.08000000000000007,CHEMBL205,carbonic_anhydrase_II,False,False,False
CN(C)c1ccc(C(=O)Oc2ccc3nc(S(N)(=O)=O)sc3c2)cc1,7.22,1,nM,CHEMBL80096,-7.22,1.7800000000000002,CHEMBL205,carbonic_anhydrase_II,False,False,False
CN(CC1COc2ccccc2O1)S(N)(=O)=O,4.07,1,nM,CHEMBL3092999,-4.07,4.93,CHEMBL205,carbonic_anhydrase_II,False,False,False
CN(CCOc1ccc(CC2SC(=O)NC2=O)cc1)c1ccccn1,5.39,1,nM,CHEMBL121,-5.39,3.6100000000000003,CHEMBL205,carbonic_anhydrase_II,True,True,True
CN1CCN(C(=S)SCC(=O)Nc2ccc(S(N)(=O)=O)cc2)CC1,7.55,1,nM,CHEMBL4764100,-7.55,1.4500000000000002,CHEMBL205,carbonic_anhydrase_II,False,False,False
CN1CCN(Cc2ccc(C(=O)c3csc(S(N)(=O)=O)c3)cc2)CC1,8.4,1,nM,CHEMBL541341,-8.4,0.5999999999999996,CHEMBL205,carbonic_anhydrase_II,False,False,False
CN1CCN(Cc2ccc(S(=O)(=O)c3csc(S(N)(=O)=O)c3)cc2)CC1,7.96,1,nM,CHEMBL554875,-7.96,1.04,CHEMBL205,carbonic_anhydrase_II,False,False,False
CN1CCN(Cc2ccccc2S(=O)(=O)c2csc(S(N)(=O)=O)c2)CC1,7.64,1,nM,CHEMBL559014,-7.64,1.3600000000000003,CHEMBL205,carbonic_anhydrase_II,False,False,False
CN1CCN(NC(=S)SCC(=O)NCc2ccc3c(c2)OCO3)CC1,9.21,1,nM,CHEMBL4062231,-9.21,-0.21000000000000085,CHEMBL205,carbonic_anhydrase_II,False,False,False
CNC1CCS(=O)(=O)c2sc(S(N)(=O)=O)cc21,8.23,2,nM,CHEMBL545245,-8.23,0.7699999999999996,CHEMBL205,carbonic_anhydrase_II,False,False,False
CNCc1cc2cc(S(N)(=O)=O)oc2s1,8.05,1,nM,CHEMBL103087,-8.05,0.9499999999999993,CHEMBL205,carbonic_anhydrase_II,False,False,False
CNCc1cc2cc(S(N)(=O)=O)sc2s1,8.52,1,nM,CHEMBL555385,-8.52,0.4800000000000004,CHEMBL205,carbonic_anhydrase_II,False,False,False
CNCc1cc2sc(S(N)(=O)=O)cc2s1,8.49,1,nM,CHEMBL552892,-8.49,0.5099999999999998,CHEMBL205,carbonic_anhydrase_II,False,False,False
CNCc1ccc(C(=O)c2csc(S(N)(=O)=O)c2)cc1,8.35,1,nM,CHEMBL540329,-8.35,0.6500000000000004,CHEMBL205,carbonic_anhydrase_II,False,False,False
CNS(=O)(=O)Oc1ccc(-c2ccc3occc3c2)cc1,5.98,1,nM,CHEMBL4557523,-5.98,3.0199999999999996,CHEMBL205,carbonic_anhydrase_II,False,False,False
CNS(=O)(=O)Oc1ccc(-c2ccc3sccc3c2)cc1,5.92,1,nM,CHEMBL4532237,-5.92,3.08,CHEMBL205,carbonic_anhydrase_II,False,False,False
COC(=O)[C@H]1O[C@@H](NC(=O)c2ccc(S(N)(=O)=O)cc2)[C@H](O)[C@@H](O)[C@@H]1O,7.3,1,nM,CHEMBL4863113,-7.3,1.7000000000000002,CHEMBL205,carbonic_anhydrase_II,False,False,False
COC(=O)c1ccccc1S(N)(=O)=O,4.13,1,nM,CHEMBL148680,-4.13,4.87,CHEMBL205,carbonic_anhydrase_II,True,True,True
COC(C)(C)C(=O)Oc1ccc2nc(S(N)(=O)=O)sc2c1,8.92,2,nM,CHEMBL84649,-8.92,0.08000000000000007,CHEMBL205,carbonic_anhydrase_II,False,False,False
COCC(=O)Oc1ccc2nc(S(N)(=O)=O)sc2c1,8.46,1,nM,CHEMBL85558,-8.46,0.5399999999999991,CHEMBL205,carbonic_anhydrase_II,False,False,False
COCCCN1C[C@H](N)c2cc(S(N)(=O)=O)sc2S1(=O)=O,8.89,1,nM,CHEMBL1340,-8.89,0.10999999999999943,CHEMBL205,carbonic_anhydrase_II,False,False,False
COCCCNC(=O)c1cc(S(N)(=O)=O)cnc1Sc1c(F)c(F)cc(F)c1F,7.97,1,nM,CHEMBL1099137,-7.97,1.0300000000000002,CHEMBL205,carbonic_anhydrase_II,False,False,False
COCCCNC(=O)c1cc(S(N)(=O)=O)cnc1Sc1ccc(F)c(F)c1,7.46,1,nM,CHEMBL1086834,-7.46,1.54,CHEMBL205,carbonic_anhydrase_II,False,False,False
COCCCNC(=O)c1cc(S(N)(=O)=O)cnc1Sc1cccc(F)c1,7.59,1,nM,CHEMBL1095204,-7.59,1.4100000000000001,CHEMBL205,carbonic_anhydrase_II,False,False,False
COCCCNC(=O)c1cc(S(N)(=O)=O)cnc1Sc1ccccc1,7.32,1,nM,CHEMBL1099124,-7.32,1.6799999999999997,CHEMBL205,carbonic_anhydrase_II,False,False,False
COCCCNCc1cc(S(N)(=O)=O)cnc1Sc1ccc(F)c(F)c1,6.41,1,nM,CHEMBL1095882,-6.41,2.59,CHEMBL205,carbonic_anhydrase_II,False,False,False
COCCCNCc1cc2cc(S(N)(=O)=O)oc2s1,7.92,1,nM,CHEMBL106493,-7.92,1.08,CHEMBL205,carbonic_anhydrase_II,False,False,False
COCCCNCc1cc2cc(S(N)(=O)=O)sc2s1,8.31,1,nM,CHEMBL542372,-8.31,0.6899999999999995,CHEMBL205,carbonic_anhydrase_II,False,False,False
COCCN(CCNC(=O)c1cc2cc(S(N)(=O)=O)sc2s1)CCOC,8.6,1,nM,CHEMBL541810,-8.6,0.40000000000000036,CHEMBL205,carbonic_anhydrase_II,False,False,False
COCCN(CCOC)CCC1CNc2cc(S(N)(=O)=O)sc2S1(=O)=O,8.67,1,nM,CHEMBL309870,-8.67,0.33000000000000007,CHEMBL205,carbonic_anhydrase_II,False,False,False
COCCN(CCOC)Cc1cc2cc(S(N)(=O)=O)oc2s1,8.29,1,nM,CHEMBL103143,-8.29,0.7100000000000009,CHEMBL205,carbonic_anhydrase_II,False,False,False
COCCN(CCOC)Cc1cc2cc(S(N)(=O)=O)sc2s1,8.38,1,nM,CHEMBL554425,-8.38,0.6199999999999992,CHEMBL205,carbonic_anhydrase_II,False,False,False
COCCN(CCOC)Cc1cc2sc(S(N)(=O)=O)cc2s1,8.6,1,nM,CHEMBL544738,-8.6,0.40000000000000036,CHEMBL205,carbonic_anhydrase_II,False,False,False
COCCNC(=O)c1cc(S(N)(=O)=O)ccc1SCCc1ccccc1,7.7,1,nM,CHEMBL1096821,-7.7,1.2999999999999998,CHEMBL205,carbonic_anhydrase_II,False,False,False
COCCNC(=O)c1cc(S(N)(=O)=O)cnc1Sc1ccccc1,7.24,1,nM,CHEMBL1098817,-7.24,1.7599999999999998,CHEMBL205,carbonic_anhydrase_II,False,False,False
COCCNCc1cc2cc(S(N)(=O)=O)oc2s1,7.96,1,nM,CHEMBL317694,-7.96,1.04,CHEMBL205,carbonic_anhydrase_II,False,False,False
COCCNCc1cc2cc(S(N)(=O)=O)sc2s1,8.3,1,nM,CHEMBL544030,-8.3,0.6999999999999993,CHEMBL205,carbonic_anhydrase_II,False,False,False
COCCNCc1cc2sc(S(N)(=O)=O)cc2s1,8.55,1,nM,CHEMBL556132,-8.55,0.4499999999999993,CHEMBL205,carbonic_anhydrase_II,False,False,False
COCCOC(C)(C)C(=O)Oc1ccc2nc(S(N)(=O)=O)sc2c1,8.85,1,nM,CHEMBL309608,-8.85,0.15000000000000036,CHEMBL205,carbonic_anhydrase_II,False,False,False
COCCOCCCNCc1cc2cc(S(N)(=O)=O)oc2s1,7.85,1,nM,CHEMBL101792,-7.85,1.1500000000000004,CHEMBL205,carbonic_anhydrase_II,False,False,False
COCCOCCCNCc1cc2cc(S(N)(=O)=O)sc2s1,8.19,1,nM,CHEMBL543798,-8.19,0.8100000000000005,CHEMBL205,carbonic_anhydrase_II,False,False,False
COCCOCCN(CCOC)C(=O)CC1C(=O)Nc2cc(S(N)(=O)=O)sc2S1(=O)=O,8.66,1,nM,CHEMBL309950,-8.66,0.33999999999999986,CHEMBL205,carbonic_anhydrase_II,False,False,False
COCCOCCN(CCOC)C(C)c1cc2cc(S(N)(=O)=O)sc2s1,9.3,1,nM,CHEMBL543319,-9.3,-0.3000000000000007,CHEMBL205,carbonic_anhydrase_II,False,False,False
COCCOCCN(CCOC)C(Cc1ccc(F)cc1)c1cc2cc(S(N)(=O)=O)sc2s1,8.94,1,nM,CHEMBL50395,-8.94,0.0600000000000005,CHEMBL205,carbonic_anhydrase_II,False,False,False
COCCOCCN(CCOC)CCC1C(=O)Nc2cc(S(N)(=O)=O)sc2S1(=O)=O,8.29,1,nM,CHEMBL80060,-8.29,0.7100000000000009,CHEMBL205,carbonic_anhydrase_II,False,False,False
COCCOCCN(CCOC)CCC1CNc2cc(S(N)(=O)=O)sc2S1(=O)=O,8.84,1,nM,CHEMBL311263,-8.84,0.16000000000000014,CHEMBL205,carbonic_anhydrase_II,False,False,False
COCCOCCN(CCOC)Cc1cc2cc(S(N)(=O)=O)oc2s1,8.19,1,nM,CHEMBL103255,-8.19,0.8100000000000005,CHEMBL205,carbonic_anhydrase_II,False,False,False
COCCOCCN(CCOC)Cc1cc2cc(S(N)(=O)=O)sc2s1,8.55,1,nM,CHEMBL543559,-8.55,0.4499999999999993,CHEMBL205,carbonic_anhydrase_II,False,False,False
COCCOCCN(CCOC)c1cc2cc(S(N)(=O)=O)sc2s1,8.55,1,nM,CHEMBL120046,-8.55,0.4499999999999993,CHEMBL205,carbonic_anhydrase_II,False,False,False
COCCOCCN(CCOCCOC)Cc1cc2cc(S(N)(=O)=O)sc2s1,8.4,1,nM,CHEMBL555548,-8.4,0.5999999999999996,CHEMBL205,carbonic_anhydrase_II,False,False,False
COCCOCCNC(C)c1cc2cc(S(N)(=O)=O)sc2s1,9.15,1,nM,CHEMBL553832,-9.15,-0.15000000000000036,CHEMBL205,carbonic_anhydrase_II,False,False,False
COCCOCCOCS(=O)(=O)CS(N)(=O)=O,5.89,1,nM,CHEMBL66129,-5.89,3.1100000000000003,CHEMBL205,carbonic_anhydrase_II,False,False,False
COCc1ccc2sc(S(N)(=O)=O)cc2c1,8.05,1,nM,CHEMBL83589,-8.05,0.9499999999999993,CHEMBL205,carbonic_anhydrase_II,False,False,False
CO[C@@H]1O[C@H](CNC(=O)c2ccc(S(N)(=O)=O)cc2)[C@@H](O)[C@H](O)[C@@H]1O,7.16,1,nM,CHEMBL5091927,-7.16,1.8399999999999999,CHEMBL205,carbonic_anhydrase_II,False,False,False
CO[C@@H]1O[C@H](CNC(=O)c2ccc(S(N)(=O)=O)cc2)[C@@H](O)[C@H](O)[C@H]1N,6.92,1,nM,CHEMBL5094148,-6.92,2.08,CHEMBL205,carbonic_anhydrase_II,False,False,False
CO[C@@H]1O[C@H](CNC(=O)c2ccc(S(N)(=O)=O)cc2)[C@@H](O)[C@H](O)[C@H]1O,7.0,1,nM,CHEMBL5077053,-7.0,2.0,CHEMBL205,carbonic_anhydrase_II,False,False,False
CO[C@@H]1O[C@H](CNC(=O)c2ccc(S(N)(=O)=O)cc2)[C@H](O)[C@H](O)[C@H]1O,7.22,1,nM,CHEMBL5082693,-7.22,1.7800000000000002,CHEMBL205,carbonic_anhydrase_II,False,False,False
CO[C@@H]1O[C@H](CO)[C@@H](O)[C@H](O)[C@H]1NC(=O)c1ccc(S(N)(=O)=O)cc1,8.0,1,nM,CHEMBL5080007,-8.0,1.0,CHEMBL205,carbonic_anhydrase_II,False,False,False
COc1cc(/C=C/C(=O)N[C@@H]2[C@@H](O)[C@H](O)[C@@H](CO)O[C@H]2NC(=S)Nc2ccc(S(N)(=O)=O)cc2)cc(OC)c1OC,7.26,1,nM,CHEMBL4096770,-7.26,1.7400000000000002,CHEMBL205,carbonic_anhydrase_II,False,False,False
COc1cc(/C=C/C(=O)O)ccc1O,5.19,1,nM,CHEMBL32749,-5.19,3.8099999999999996,CHEMBL205,carbonic_anhydrase_II,True,True,True
COc1cc(/C=C/C(=O)O)ccc1OCc1cn(-c2ccc(C(=O)O)cc2)nn1,5.7,1,nM,CHEMBL4642019,-5.7,3.3,CHEMBL205,carbonic_anhydrase_II,False,False,False
COc1cc(/C=C/C(=O)O)ccc1OCc1cn(-c2ccc(C)cc2)nn1,5.45,1,nM,CHEMBL4642730,-5.45,3.55,CHEMBL205,carbonic_anhydrase_II,False,False,False
COc1cc(/C=C/C(=O)O)ccc1OCc1cn(-c2ccc(Cl)cc2)nn1,5.73,1,nM,CHEMBL4639923,-5.73,3.2699999999999996,CHEMBL205,carbonic_anhydrase_II,False,False,False
COc1cc(/C=C/C(=O)O)ccc1OCc1cn(-c2ccc(F)cc2)nn1,5.18,1,nM,CHEMBL4641975,-5.18,3.8200000000000003,CHEMBL205,carbonic_anhydrase_II,False,False,False
COc1cc(/C=C/C(=O)O)ccc1OCc1cn(-c2ccc([N+](=O)[O-])cc2)nn1,5.56,1,nM,CHEMBL4636417,-5.56,3.4400000000000004,CHEMBL205,carbonic_anhydrase_II,False,False,False
COc1cc(/C=C/C(=O)O)ccc1OCc1cn(-c2cccc(C)c2)nn1,5.68,1,nM,CHEMBL4640484,-5.68,3.3200000000000003,CHEMBL205,carbonic_anhydrase_II,False,False,False
COc1cc(/C=C/C(=O)O)ccc1OCc1cn(-c2cccc(Cl)c2)nn1,5.17,1,nM,CHEMBL4641866,-5.17,3.83,CHEMBL205,carbonic_anhydrase_II,False,False,False
COc1cc(/C=C/C(=O)O)ccc1OCc1cn(-c2cccc(F)c2)nn1,5.01,1,nM,CHEMBL4637712,-5.01,3.99,CHEMBL205,carbonic_anhydrase_II,False,False,False
COc1cc(/C=C/C(=O)O)ccc1OCc1cn(-c2cccc([N+](=O)[O-])c2)nn1,5.7,1,nM,CHEMBL4640224,-5.7,3.3,CHEMBL205,carbonic_anhydrase_II,False,False,False
COc1cc(/C=C/C(=O)O)ccc1OCc1cn(-c2ccccc2C)nn1,5.38,1,nM,CHEMBL4635469,-5.38,3.62,CHEMBL205,carbonic_anhydrase_II,False,False,False
COc1cc(/C=C/C(=O)O)ccc1OCc1cn(-c2ccccc2Cl)nn1,4.85,1,nM,CHEMBL4632577,-4.85,4.15,CHEMBL205,carbonic_anhydrase_II,False,False,False
COc1cc(/C=C/C(=O)O)ccc1OCc1cn(-c2ccccc2F)nn1,4.97,1,nM,CHEMBL4647534,-4.97,4.03,CHEMBL205,carbonic_anhydrase_II,False,False,False
COc1cc(/C=C/C(=O)O)ccc1OCc1cn(-c2ccccc2OC)nn1,5.28,1,nM,CHEMBL4641337,-5.28,3.7199999999999998,CHEMBL205,carbonic_anhydrase_II,False,False,False
COc1cc(/C=C/C(=O)O)ccc1OCc1cn(-c2ccccc2[N+](=O)[O-])nn1,5.56,1,nM,CHEMBL4632515,-5.56,3.4400000000000004,CHEMBL205,carbonic_anhydrase_II,False,False,False
COc1cc(O)c(/C=C\C(=O)O)cc1[C@@H](O)CC(C)C,7.23,1,nM,CHEMBL560175,-7.23,1.7699999999999996,CHEMBL205,carbonic_anhydrase_II,False,False,False
COc1cc(OC)c(OC)cc1/C=C/C(=O)N[C@@H]1[C@@H](O)[C@H](O)[C@@H](CO)O[C@H]1NC(=S)Nc1ccc(S(N)(=O)=O)cc1,7.2,1,nM,CHEMBL4070358,-7.2,1.7999999999999998,CHEMBL205,carbonic_anhydrase_II,False,False,False
COc1cc2c(cc1O)CC[C@@H]1[C@@H]2CC[C@]2(C)[C@@H](OS(N)(=O)=O)CC[C@@H]12,6.28,2,nM,CHEMBL374721,-6.28,2.7199999999999998,CHEMBL205,carbonic_anhydrase_II,False,False,False
COc1cc2c(cc1OS(N)(=O)=O)CC[C@@H]1[C@@H]2CC[C@]2(C)C(=O)CC[C@@H]12,6.42,1,nM,CHEMBL372231,-6.42,2.58,CHEMBL205,carbonic_anhydrase_II,False,False,False
COc1cc2c(cc1OS(N)(=O)=O)CC[C@@H]1[C@@H]2CC[C@]2(C)[C@@H](CC#N)CC[C@@H]12,5.82,1,nM,CHEMBL408967,-5.82,3.1799999999999997,CHEMBL205,carbonic_anhydrase_II,True,True,True
COc1cc2c(cc1OS(N)(=O)=O)CC[C@@H]1[C@@H]2CC[C@]2(C)[C@@H](OS(N)(=O)=O)CC[C@@H]12,6.42,2,nM,CHEMBL218382,-6.42,2.58,CHEMBL205,carbonic_anhydrase_II,True,True,True
COc1cc2ncnc(Nc3ccc(Cl)c(C(F)(F)F)c3)c2cc1OCCCCC(=O)Nc1ccc(S(N)(=O)=O)cc1,6.45,1,nM,CHEMBL4861346,-6.45,2.55,CHEMBL205,carbonic_anhydrase_II,False,False,False
COc1cc2ncnc(Nc3cccc(C(F)(F)F)c3)c2cc1OCCCCC(=O)Nc1ccc(S(N)(=O)=O)cc1,6.56,1,nM,CHEMBL4853833,-6.56,2.4400000000000004,CHEMBL205,carbonic_anhydrase_II,False,False,False
COc1ccc(-c2c(N)oc3cc(Cl)ccc3c2=O)cc1,5.09,1,nM,CHEMBL2019144,-5.09,3.91,CHEMBL205,carbonic_anhydrase_II,False,False,False
COc1ccc(-c2c(N)oc3cc(Cl)ccc3c2=O)cc1OC,4.86,1,nM,CHEMBL2019147,-4.86,4.14,CHEMBL205,carbonic_anhydrase_II,False,False,False
COc1ccc(-c2c(N)oc3cc(OC)ccc3c2=O)cc1,5.06,1,nM,CHEMBL2019150,-5.06,3.9400000000000004,CHEMBL205,carbonic_anhydrase_II,False,False,False
COc1ccc(-c2c(N)oc3ccc(Cl)cc3c2=O)cc1,5.44,1,nM,CHEMBL2019143,-5.44,3.5599999999999996,CHEMBL205,carbonic_anhydrase_II,True,True,True
COc1ccc(-c2c(N)oc3ccc(Cl)cc3c2=O)cc1OC,5.12,1,nM,CHEMBL2019146,-5.12,3.88,CHEMBL205,carbonic_anhydrase_II,False,False,False
COc1ccc(-c2c(N)oc3ccccc3c2=O)cc1,5.19,1,nM,CHEMBL2019142,-5.19,3.8099999999999996,CHEMBL205,carbonic_anhydrase_II,False,False,False
COc1ccc(-c2c(N)oc3ccccc3c2=O)cc1OC,5.08,1,nM,CHEMBL2019145,-5.08,3.92,CHEMBL205,carbonic_anhydrase_II,False,False,False
COc1ccc(-c2cc3cc(Cl)ccc3oc2=O)cc1,5.03,1,nM,CHEMBL2019154,-5.03,3.9699999999999998,CHEMBL205,carbonic_anhydrase_II,False,False,False
COc1ccc(-c2ccc(S(=O)(=O)NC(P(=O)(O)O)P(=O)(O)O)cc2)cc1,7.16,1,nM,CHEMBL3291012,-7.16,1.8399999999999999,CHEMBL205,carbonic_anhydrase_II,False,False,False
COc1ccc(-n2cc(COc3ccc(/C=C/C(=O)O)cc3OC)nn2)cc1,5.28,1,nM,CHEMBL4635834,-5.28,3.7199999999999998,CHEMBL205,carbonic_anhydrase_II,False,False,False
COc1ccc(/C=C/C(=O)N[C@@H]2[C@@H](O)[C@H](O)[C@@H](CO)O[C@H]2NC(=S)Nc2ccc(S(N)(=O)=O)cc2)c(OC)c1,7.6,1,nM,CHEMBL4103517,-7.6,1.4000000000000004,CHEMBL205,carbonic_anhydrase_II,False,False,False
COc1ccc(/C=C/C(=O)N[C@@H]2[C@@H](O)[C@H](O)[C@@H](CO)O[C@H]2NC(=S)Nc2ccc(S(N)(=O)=O)cc2)cc1,7.19,1,nM,CHEMBL4063719,-7.19,1.8099999999999996,CHEMBL205,carbonic_anhydrase_II,False,False,False
COc1ccc(/C=C/C(=O)N[C@H]2[C@H](OC)O[C@H](CO)[C@@H](O)[C@@H]2O)cc1,4.85,1,nM,CHEMBL4072315,-4.85,4.15,CHEMBL205,carbonic_anhydrase_II,False,False,False
COc1ccc(C(=O)c2coc(S(N)(=O)=O)c2)cc1,8.7,1,nM,CHEMBL340519,-8.7,0.3000000000000007,CHEMBL205,carbonic_anhydrase_II,False,False,False
COc1ccc(C(=O)c2csc(S(N)(=O)=O)c2)cc1,8.49,1,nM,CHEMBL413114,-8.49,0.5099999999999998,CHEMBL205,carbonic_anhydrase_II,False,False,False
COc1ccc(C2=NN(C(C)=O)C(c3ccc(OS(N)(=O)=O)cc3)C2)cc1,9.4,1,nM,CHEMBL4533252,-9.4,-0.40000000000000036,CHEMBL205,carbonic_anhydrase_II,True,True,True
COc1ccc(C2CC(c3cc(F)cc(F)c3)=NN2c2ccc(S(N)(=O)=O)cc2)c(OC)c1,8.35,3,nM,CHEMBL4847613,-8.35,0.6500000000000004,CHEMBL205,carbonic_anhydrase_II,False,False,False
COc1ccc(C2CC(c3cc(F)cc(F)c3)=NN2c2ccc(S(N)(=O)=O)cc2)cc1OC,8.35,3,nM,CHEMBL4864555,-8.35,0.6500000000000004,CHEMBL205,carbonic_anhydrase_II,False,False,False
COc1ccc(C2CC(c3cc(F)ccc3F)=NN2c2ccc(S(N)(=O)=O)cc2)c(OC)c1,8.35,3,nM,CHEMBL4847624,-8.35,0.6500000000000004,CHEMBL205,carbonic_anhydrase_II,False,False,False
COc1ccc(C2CC(c3cc(F)ccc3F)=NN2c2ccc(S(N)(=O)=O)cc2)cc1OC,8.35,3,nM,CHEMBL4849196,-8.35,0.6500000000000004,CHEMBL205,carbonic_anhydrase_II,False,False,False
COc1ccc(CCCNC(=O)c2cc(S(N)(=O)=O)cnc2Sc2c(F)c(F)cc(F)c2F)cc1,7.94,1,nM,CHEMBL1099152,-7.94,1.0599999999999996,CHEMBL205,carbonic_anhydrase_II,False,False,False
COc1ccc(CN2CCN(C(=S)SCC(=O)Nc3ccc(S(N)(=O)=O)cc3)CC2)cc1,4.04,1,nM,CHEMBL4761403,-4.04,4.96,CHEMBL205,carbonic_anhydrase_II,False,False,False
COc1ccc(CNC(=O)c2cc(S(N)(=O)=O)cnc2Sc2ccc(F)c(F)c2)cc1,8.66,1,nM,CHEMBL1095203,-8.66,0.33999999999999986,CHEMBL205,carbonic_anhydrase_II,False,False,False
COc1ccc(CNCc2cc(S(N)(=O)=O)cnc2Sc2ccc(F)c(F)c2)cc1,7.28,1,nM,CHEMBL1095855,-7.28,1.7199999999999998,CHEMBL205,carbonic_anhydrase_II,False,False,False
COc1ccc(CNc2ccc(S(N)(=O)=O)cc2)cc1OC,7.9,1,nM,CHEMBL2392433,-7.9,1.0999999999999996,CHEMBL205,carbonic_anhydrase_II,False,False,False
COc1ccc(Cl)cc1CNCCc1ccc(S(N)(=O)=O)cc1,6.17,1,nM,CHEMBL2392431,-6.17,2.83,CHEMBL205,carbonic_anhydrase_II,False,False,False
COc1ccc(OC)c(C2CC(c3cc(F)cc(F)c3)=NN2c2ccc(S(N)(=O)=O)cc2)c1,8.35,3,nM,CHEMBL4872387,-8.35,0.6500000000000004,CHEMBL205,carbonic_anhydrase_II,False,False,False
COc1ccc(OC)c(C2CC(c3cc(F)ccc3F)=NN2c2ccc(S(N)(=O)=O)cc2)c1,8.26,3,nM,CHEMBL4869398,-8.26,0.7400000000000002,CHEMBL205,carbonic_anhydrase_II,False,False,False
COc1ccc(S(=O)(=O)c2coc(S(N)(=O)=O)c2)cc1,8.6,1,nM,CHEMBL123979,-8.6,0.40000000000000036,CHEMBL205,carbonic_anhydrase_II,False,False,False
COc1ccc(S(=O)(=O)c2csc(S(N)(=O)=O)c2)cc1,7.35,1,nM,CHEMBL262726,-7.35,1.6500000000000004,CHEMBL205,carbonic_anhydrase_II,False,False,False
COc1ccc(S(=O)(=O)n2cc(/C=C/C(=O)c3ccncc3)c3ccccc32)cc1,4.53,1,nM,CHEMBL4177494,-4.53,4.47,CHEMBL205,carbonic_anhydrase_II,False,False,False
COc1ccc2[nH]c(S(N)(=O)=O)cc2c1,7.8,1,nM,CHEMBL165362,-7.8,1.2000000000000002,CHEMBL205,carbonic_anhydrase_II,False,False,False
COc1ccc2c(=O)c(-c3ccc(Cl)cc3)c(N)oc2c1,4.43,1,nM,CHEMBL2019149,-4.43,4.57,CHEMBL205,carbonic_anhydrase_II,False,False,False
COc1ccc2c(=O)c(-c3ccc(OC)c(OC)c3)c(N)oc2c1,5.08,1,nM,CHEMBL2019151,-5.08,3.92,CHEMBL205,carbonic_anhydrase_II,False,False,False
COc1ccc2c(=O)c(-c3ccccc3)c(N)oc2c1,5.1,1,nM,CHEMBL2019148,-5.1,3.9000000000000004,CHEMBL205,carbonic_anhydrase_II,False,False,False
COc1ccc2c(c1)CC(NS(=O)(=O)N(C)C)CC2,8.06,1,nM,CHEMBL3786448,-8.06,0.9399999999999995,CHEMBL205,carbonic_anhydrase_II,True,True,True
COc1ccc2c(c1)CCC(NC(=O)N(C)C)C2,7.93,1,nM,CHEMBL3786516,-7.93,1.0700000000000003,CHEMBL205,carbonic_anhydrase_II,True,True,True
COc1ccc2c(c1)CCC(NS(=O)(=O)N(C)C)C2,8.08,1,nM,CHEMBL3787223,-8.08,0.9199999999999999,CHEMBL205,carbonic_anhydrase_II,False,False,False
COc1ccc2c(c1)C[C@@H](NC(=O)N(C)C)CC2,8.03,1,nM,CHEMBL3787502,-8.03,0.9700000000000006,CHEMBL205,carbonic_anhydrase_II,True,True,True
COc1ccc2c(c1)S(=O)(=O)C(S(N)(=O)=O)C2,6.1,1,nM,CHEMBL69902,-6.1,2.9000000000000004,CHEMBL205,carbonic_anhydrase_II,False,False,False
COc1ccc2cc(S(N)(=O)=O)[nH]c2c1,7.22,1,nM,CHEMBL165245,-7.22,1.7800000000000002,CHEMBL205,carbonic_anhydrase_II,False,False,False
COc1ccc2cc(S(N)(=O)=O)n(C)c2c1,6.96,1,nM,CHEMBL164438,-6.96,2.04,CHEMBL205,carbonic_anhydrase_II,False,False,False
COc1ccc2cc(S(N)(=O)=O)oc2c1,7.82,1,nM,CHEMBL162168,-7.82,1.1799999999999997,CHEMBL205,carbonic_anhydrase_II,False,False,False
COc1ccc2cc(S(N)(=O)=O)sc2c1,8.06,1,nM,CHEMBL87939,-8.06,0.9399999999999995,CHEMBL205,carbonic_anhydrase_II,False,False,False
COc1ccc2oc(S(N)(=O)=O)cc2c1,8.29,1,nM,CHEMBL162280,-8.29,0.7100000000000009,CHEMBL205,carbonic_anhydrase_II,False,False,False
COc1ccc2sc(S(N)(=O)=O)cc2c1,7.64,1,nM,CHEMBL87740,-7.64,1.3600000000000003,CHEMBL205,carbonic_anhydrase_II,False,False,False
COc1cccc(-c2nnc(Nc3cccc(S(N)(=O)=O)c3)c3ccccc23)c1,7.21,1,nM,CHEMBL2336901,-7.21,1.79,CHEMBL205,carbonic_anhydrase_II,False,False,False
COc1cccc(-n2cc(COc3ccc(/C=C/C(=O)O)cc3OC)nn2)c1,5.44,1,nM,CHEMBL4641693,-5.44,3.5599999999999996,CHEMBL205,carbonic_anhydrase_II,False,False,False
COc1cccc(/C=C/C(=O)N[C@@H]2[C@@H](O)[C@H](O)[C@@H](CO)O[C@H]2NC(=S)Nc2ccc(S(N)(=O)=O)cc2)c1,7.35,1,nM,CHEMBL4075581,-7.35,1.6500000000000004,CHEMBL205,carbonic_anhydrase_II,False,False,False
COc1cccc(/C=C/C(=O)N[C@@H]2[C@@H](O)[C@H](O)[C@@H](CO)O[C@H]2NC(=S)Nc2ccc(S(N)(=O)=O)cc2)c1OC,7.47,1,nM,CHEMBL4075252,-7.47,1.5300000000000002,CHEMBL205,carbonic_anhydrase_II,False,False,False
COc1cccc(C2CC(c3cc(F)cc(F)c3)=NN2c2ccc(S(N)(=O)=O)cc2)c1OC,8.35,3,nM,CHEMBL4857592,-8.35,0.6500000000000004,CHEMBL205,carbonic_anhydrase_II,False,False,False
COc1cccc(C2CC(c3cc(F)ccc3F)=NN2c2ccc(S(N)(=O)=O)cc2)c1OC,8.35,3,nM,CHEMBL4876038,-8.35,0.6500000000000004,CHEMBL205,carbonic_anhydrase_II,False,False,False
COc1cccc(N2C(CN3CCOCC3)=Cc3cc(S(N)(=O)=O)sc3S2(=O)=O)c1,8.9,1,nM,CHEMBL433921,-8.9,0.09999999999999964,CHEMBL205,carbonic_anhydrase_II,False,False,False
COc1cccc(OC)c1C(=O)Oc1ccc2nc(S(N)(=O)=O)sc2c1,8.4,1,nM,CHEMBL82510,-8.4,0.5999999999999996,CHEMBL205,carbonic_anhydrase_II,False,False,False
COc1cccc2c1CCC(NS(=O)(=O)N(C)C)C2,7.15,1,nM,CHEMBL3785269,-7.15,1.8499999999999996,CHEMBL205,carbonic_anhydrase_II,True,True,True
COc1cccc2c1CCCC2NS(=O)(=O)NC(=O)OCc1ccccc1,8.31,1,nM,CHEMBL5219841,-8.31,0.6899999999999995,CHEMBL205,carbonic_anhydrase_II,False,False,False
COc1cccc2c1CC[C@H](NC(=O)N(C)C)C2,7.76,1,nM,CHEMBL3786651,-7.76,1.2400000000000002,CHEMBL205,carbonic_anhydrase_II,True,True,True
COc1cccc2cc(S(N)(=O)=O)sc12,7.3,1,nM,CHEMBL82865,-7.3,1.7000000000000002,CHEMBL205,carbonic_anhydrase_II,False,False,False
COc1cccc2sc(S(N)(=O)=O)cc12,7.92,1,nM,CHEMBL315921,-7.92,1.08,CHEMBL205,carbonic_anhydrase_II,False,False,False
COc1ccccc1/C=C/C(=O)N[C@@H]1[C@@H](O)[C@H](O)[C@@H](CO)O[C@H]1NC(=S)Nc1ccc(S(N)(=O)=O)cc1,7.28,1,nM,CHEMBL4090618,-7.28,1.7199999999999998,CHEMBL205,carbonic_anhydrase_II,False,False,False
CS(=O)(=O)CCNCc1cc2cc(S(N)(=O)=O)sc2s1,8.35,1,nM,CHEMBL539258,-8.35,0.6500000000000004,CHEMBL205,carbonic_anhydrase_II,False,False,False
CS(=O)(=O)Oc1ccc(-c2ccc3occc3c2)cc1,5.67,1,nM,CHEMBL4592008,-5.67,3.33,CHEMBL205,carbonic_anhydrase_II,False,False,False
CS(=O)(=O)Oc1ccc(-c2ccc3sccc3c2)cc1,5.82,1,nM,CHEMBL4591628,-5.82,3.1799999999999997,CHEMBL205,carbonic_anhydrase_II,False,False,False
CSCCNCc1cc2cc(S(N)(=O)=O)sc2s1,8.4,1,nM,CHEMBL544970,-8.4,0.5999999999999996,CHEMBL205,carbonic_anhydrase_II,False,False,False
C[C@@H](NC(=O)P(=O)(O)O)C1CCCCC1,5.05,1,nM,CHEMBL2172747,-5.05,3.95,CHEMBL205,carbonic_anhydrase_II,False,False,False
C[C@@H](O)[C@@H](C)Nc1nc(Nc2ccc([S+](N)[O-])cc2)ncc1Br,6.39,1,nM,CHEMBL3604467,-6.39,2.6100000000000003,CHEMBL205,carbonic_anhydrase_II,False,False,False
C[C@@H]1OC[C@@](O)(NC(=O)c2ccc(S(N)(=O)=O)cc2)[C@H](O)[C@H]1O,7.16,1,nM,CHEMBL4876347,-7.16,1.8399999999999999,CHEMBL205,carbonic_anhydrase_II,False,False,False
C[C@H](CO)Nc1nc(Nc2ccc(S(N)(=O)=O)cc2)ncc1Br,6.29,1,nM,CHEMBL4741442,-6.29,2.71,CHEMBL205,carbonic_anhydrase_II,False,False,False
C[C@H](CO)Nc1nc(Nc2ccc([S+](N)[O-])cc2)ncc1Br,6.29,1,nM,CHEMBL3604466,-6.29,2.71,CHEMBL205,carbonic_anhydrase_II,False,False,False
C[C@H](NC(=O)P(=O)(O)O)C1CCCCC1,5.03,1,nM,CHEMBL2172746,-5.03,3.9699999999999998,CHEMBL205,carbonic_anhydrase_II,False,False,False
C[C@]12CC[C@@H]3c4ccc(OS(N)(=O)=O)cc4CC[C@H]3[C@@H]1CCC2=O,7.51,4,nM,CHEMBL122708,-7.51,1.4900000000000002,CHEMBL205,carbonic_anhydrase_II,True,True,True
C[S+]([O-])CCNC(=O)c1cc2cc(S(N)(=O)=O)sc2s1,8.34,1,nM,CHEMBL53964,-8.34,0.6600000000000001,CHEMBL205,carbonic_anhydrase_II,False,False,False
C[S+]([O-])CCNCc1cc2cc(S(N)(=O)=O)sc2s1,8.08,1,nM,CHEMBL553217,-8.08,0.9199999999999999,CHEMBL205,carbonic_anhydrase_II,False,False,False
Cc1c(C)c2c(c(C)c1O)CCC(C)(COc1ccc(CC3SC(=O)NC3=O)cc1)O2,6.01,1,nM,CHEMBL408,-6.01,2.99,CHEMBL205,carbonic_anhydrase_II,False,False,False
Cc1c(CCC2CCCCC2)c(=O)oc2cc(OS(N)(=O)=O)ccc12,7.82,1,nM,CHEMBL167368,-7.82,1.1799999999999997,CHEMBL205,carbonic_anhydrase_II,False,False,False
Cc1c(NS(N)(=O)=O)cccc1Oc1cc(F)cc(Nc2ccc(I)cc2F)c1C(N)=O,6.16,1,nM,CHEMBL3747256,-6.16,2.84,CHEMBL205,carbonic_anhydrase_II,False,False,False
Cc1c(S(N)(=O)=O)oc2cc(O)ccc12,6.68,1,nM,CHEMBL451547,-6.68,2.3200000000000003,CHEMBL205,carbonic_anhydrase_II,False,False,False
Cc1cc(-c2nnc(Nc3ccc(S(N)(=O)=O)cc3)c3ccccc23)ccc1S(N)(=O)=O,7.57,1,nM,CHEMBL2336906,-7.57,1.4299999999999997,CHEMBL205,carbonic_anhydrase_II,False,False,False
Cc1cc(C)nc(NS(=O)(=O)c2ccc(/N=C/c3c(Cl)c4cc(C(C)(C)C)cc(C(C)(C)C)c4oc3=O)cc2)n1,6.76,1,nM,CHEMBL2408083,-6.76,2.24,CHEMBL205,carbonic_anhydrase_II,False,False,False
Cc1cc(C)nc(NS(=O)(=O)c2ccc(/N=C/c3c(Cl)c4ccccc4oc3=O)cc2)n1,7.64,1,nM,CHEMBL2408077,-7.64,1.3600000000000003,CHEMBL205,carbonic_anhydrase_II,False,False,False
Cc1cc(NNS(=O)(=O)c2ccc(/N=C\c3ccc(OCCn4c([N+](=O)[O-])cnc4C)cc3)cc2)no1,7.48,1,nM,CHEMBL4878420,-7.48,1.5199999999999996,CHEMBL205,carbonic_anhydrase_II,False,False,False
Cc1cc(NS(=O)(=O)c2ccc(/N=C/c3c(Cl)c4cc(C(C)(C)C)cc(C(C)(C)C)c4oc3=O)cc2)no1,6.76,1,nM,CHEMBL2408084,-6.76,2.24,CHEMBL205,carbonic_anhydrase_II,False,False,False
Cc1cc(NS(=O)(=O)c2ccc(/N=C/c3c(Cl)c4ccccc4oc3=O)cc2)no1,7.58,1,nM,CHEMBL2408078,-7.58,1.42,CHEMBL205,carbonic_anhydrase_II,False,False,False
Cc1ccc(-c2cc(C(F)(F)F)nn2-c2ccc(S(N)(=O)=O)cc2)cc1,7.68,3,nM,CHEMBL118,-7.68,1.3200000000000003,CHEMBL205,carbonic_anhydrase_II,True,True,True
Cc1ccc(-c2nnc(Nc3ccc(S(N)(=O)=O)cc3)c3ccccc23)cc1S(N)(=O)=O,6.26,1,nM,CHEMBL2336905,-6.26,2.74,CHEMBL205,carbonic_anhydrase_II,False,False,False
Cc1ccc(C(=O)c2csc(S(N)(=O)=O)c2)cc1,8.7,1,nM,CHEMBL341037,-8.7,0.3000000000000007,CHEMBL205,carbonic_anhydrase_II,False,False,False
Cc1ccc(CN2CCN(C(=S)SCC(=O)Nc3ccc(S(N)(=O)=O)cc3)CC2)cc1,6.88,1,nM,CHEMBL4763412,-6.88,2.12,CHEMBL205,carbonic_anhydrase_II,False,False,False
Cc1ccc(N2NC(=O)/C(=C/c3cccn3-c3ccc(S(N)(=O)=O)cc3)C2=O)cc1,7.57,1,nM,CHEMBL2392426,-7.57,1.4299999999999997,CHEMBL205,carbonic_anhydrase_II,False,False,False
Cc1ccc(OS(=O)(=O)c2ccc3nc(S(N)(=O)=O)sc3c2)cc1,8.39,1,nM,CHEMBL84021,-8.39,0.6099999999999994,CHEMBL205,carbonic_anhydrase_II,False,False,False
Cc1ccc(S(=O)(=O)N2C(=O)C=CC2O)cc1,5.22,1,nM,CHEMBL1163554,-5.22,3.7800000000000002,CHEMBL205,carbonic_anhydrase_II,True,True,True
Cc1ccc(S(=O)(=O)N2CC=CC2=O)cc1,4.74,1,nM,CHEMBL1163131,-4.74,4.26,CHEMBL205,carbonic_anhydrase_II,False,False,False
Cc1ccc(S(=O)(=O)NC(=O)C2C(C(=O)O)[C@H]3CC[C@@H]2[C@H](O)[C@@H]3O)cc1,6.9,1,nM,CHEMBL3402249,-6.9,2.0999999999999996,CHEMBL205,carbonic_anhydrase_II,False,False,False
Cc1ccc(S(=O)(=O)NC(=O)C2C(C(=O)OCc3ccccc3)[C@@H]3C=C[C@H]2CC3)cc1,6.92,1,nM,CHEMBL3402244,-6.92,2.08,CHEMBL205,carbonic_anhydrase_II,False,False,False
Cc1ccc(S(=O)(=O)NC(=O)C2CC(C)(O)C(O)CC2C(=O)O)cc1,6.84,1,nM,CHEMBL3402252,-6.84,2.16,CHEMBL205,carbonic_anhydrase_II,False,False,False
Cc1ccc(S(=O)(=O)NC(=O)C2CC(O)C(O)CC2C(=O)O)cc1,6.81,1,nM,CHEMBL3402251,-6.81,2.1900000000000004,CHEMBL205,carbonic_anhydrase_II,False,False,False
Cc1ccc(S(=O)(=O)NC(=O)C2CC=CCC2C(=O)OCc2ccccc2)cc1,6.96,1,nM,CHEMBL3402246,-6.96,2.04,CHEMBL205,carbonic_anhydrase_II,False,False,False
Cc1ccc(S(=O)(=O)NC(=O)C2[C@H](C(=O)OCc3ccccc3)[C@@]3(Cl)C(Cl)=C(Cl)[C@@]2(Cl)C3(Cl)Cl)cc1,7.15,1,nM,CHEMBL3402248,-7.15,1.8499999999999996,CHEMBL205,carbonic_anhydrase_II,False,False,False
Cc1ccc(S(=O)(=O)NC(=O)C2[C@H]3C=C[C@H](C3)[C@H]2C(=O)OCc2ccccc2)cc1,6.96,1,nM,CHEMBL3402245,-6.96,2.04,CHEMBL205,carbonic_anhydrase_II,False,False,False
Cc1ccc(S(=O)(=O)NC(=O)[C@@H]2[C@H](C(=O)O)[C@]3(Cl)C(Cl)(Cl)[C@]2(Cl)[C@@](O)(Cl)[C@]3(O)Cl)cc1,6.92,1,nM,CHEMBL3402253,-6.92,2.08,CHEMBL205,carbonic_anhydrase_II,False,False,False
Cc1ccc(S(=O)(=O)NC(=O)[C@H]2[C@@H]3C[C@@H]([C@@H](O)[C@H]3O)[C@H]2C(=O)O)cc1,6.96,1,nM,CHEMBL3402250,-6.96,2.04,CHEMBL205,carbonic_anhydrase_II,False,False,False
Cc1ccc(S(=O)(=O)NCC(=O)O)cc1,5.44,1,nM,CHEMBL287486,-5.44,3.5599999999999996,CHEMBL205,carbonic_anhydrase_II,True,True,True
Cc1ccc(S(=O)(=O)NCCCN(C)C)cc1,5.18,1,nM,CHEMBL1621411,-5.18,3.8200000000000003,CHEMBL205,carbonic_anhydrase_II,False,False,False
Cc1ccc(S(=O)(=O)Nc2ccccc2-c2ccccc2)cc1,5.29,1,nM,CHEMBL1382128,-5.29,3.71,CHEMBL205,carbonic_anhydrase_II,False,False,False
Cc1ccc(S(=O)(=O)Oc2ccc(-c3ccc4occc4c3)cc2)cc1,6.3,1,nM,CHEMBL4517453,-6.3,2.7,CHEMBL205,carbonic_anhydrase_II,False,False,False
Cc1ccc(S(=O)(=O)Oc2ccc(-c3ccc4sccc4c3)cc2)cc1,5.48,1,nM,CHEMBL4467499,-5.48,3.5199999999999996,CHEMBL205,carbonic_anhydrase_II,False,False,False
Cc1ccc(S(=O)(=O)c2coc(S(N)(=O)=O)c2)cc1,8.38,1,nM,CHEMBL123923,-8.38,0.6199999999999992,CHEMBL205,carbonic_anhydrase_II,False,False,False
Cc1ccc(S(=O)(=O)c2csc(S(N)(=O)=O)c2)cc1,8.49,1,nM,CHEMBL333588,-8.49,0.5099999999999998,CHEMBL205,carbonic_anhydrase_II,False,False,False
Cc1ccc(S(=O)(=O)n2cc(/C=C/C(=O)c3ccncc3)c3ccccc32)cc1,4.42,1,nM,CHEMBL4159498,-4.42,4.58,CHEMBL205,carbonic_anhydrase_II,False,False,False
Cc1ccc(S(=O)(=O)n2cccc2)cc1,4.64,1,nM,CHEMBL508732,-4.64,4.36,CHEMBL205,carbonic_anhydrase_II,False,False,False
Cc1ccc(S(N)(=O)=O)cc1,6.24,1,nM,CHEMBL574,-6.24,2.76,CHEMBL205,carbonic_anhydrase_II,True,True,True
Cc1ccc2c(c1)O[C@@H](CNS(N)(=O)=O)CO2,4.54,1,nM,CHEMBL3093010,-4.54,4.46,CHEMBL205,carbonic_anhydrase_II,False,False,False
Cc1ccc2oc(=O)c(/C=N/c3ccc(S(=O)(=O)NC(=N)N)cc3)c(Cl)c2c1,7.0,1,nM,CHEMBL2408088,-7.0,2.0,CHEMBL205,carbonic_anhydrase_II,False,False,False
Cc1ccc2oc(=O)c(/C=N/c3ccc(S(=O)(=O)Nc4cc(C)on4)cc3)c(Cl)c2c1,6.66,1,nM,CHEMBL2408090,-6.66,2.34,CHEMBL205,carbonic_anhydrase_II,False,False,False
Cc1ccc2oc(=O)c(/C=N/c3ccc(S(=O)(=O)Nc4nc(C)cc(C)n4)cc3)c(Cl)c2c1,6.85,1,nM,CHEMBL2408089,-6.85,2.1500000000000004,CHEMBL205,carbonic_anhydrase_II,False,False,False
Cc1ccc2oc(=O)c(/C=N/c3ccc(S(=O)(=O)Nc4nccc(C)n4)cc3)c(Cl)c2c1,7.21,1,nM,CHEMBL2408073,-7.21,1.79,CHEMBL205,carbonic_anhydrase_II,False,False,False
Cc1ccc2oc(=O)c(/C=N/c3ccc(S(=O)(=O)Nc4nccs4)cc3)c(Cl)c2c1,6.92,1,nM,CHEMBL2408087,-6.92,2.08,CHEMBL205,carbonic_anhydrase_II,False,False,False
Cc1ccc2oc(=O)c(/C=N/c3ccc(S(N)(=O)=O)cc3)c(Cl)c2c1,7.06,1,nM,CHEMBL2408086,-7.06,1.9400000000000004,CHEMBL205,carbonic_anhydrase_II,False,False,False
Cc1ccc2scc(CNS(N)(=O)=O)c2c1,4.35,1,nM,CHEMBL1086777,-4.35,4.65,CHEMBL205,carbonic_anhydrase_II,False,False,False
Cc1ccnc(NS(=O)(=O)c2ccc(/N=C/c3c(Cl)c4cc(C(C)(C)C)cc(C(C)(C)C)c4oc3=O)cc2)n1,7.2,1,nM,CHEMBL2408085,-7.2,1.7999999999999998,CHEMBL205,carbonic_anhydrase_II,False,False,False
Cc1ccnc(NS(=O)(=O)c2ccc(/N=C/c3c(Cl)c4ccccc4oc3=O)cc2)n1,7.29,1,nM,CHEMBL2408079,-7.29,1.71,CHEMBL205,carbonic_anhydrase_II,False,False,False
Cc1nc(N(C)C(=O)Cc2ccc(-c3ccccn3)cc2)sc1S(N)(=O)=O,5.7,1,nM,CHEMBL4069597,-5.7,3.3,CHEMBL205,carbonic_anhydrase_II,True,True,True
Cc1ncc([N+](=O)[O-])n1CCNC(=S)NCCc1ccc(NS(N)(=O)=O)cc1,7.23,1,nM,CHEMBL4868770,-7.23,1.7699999999999996,CHEMBL205,carbonic_anhydrase_II,False,False,False
Cc1ncc([N+](=O)[O-])n1CCNC(=S)NCCc1ccc(OS(N)(=O)=O)cc1,7.23,1,nM,CHEMBL4864240,-7.23,1.7699999999999996,CHEMBL205,carbonic_anhydrase_II,False,False,False
Cc1ncc([N+](=O)[O-])n1CCOc1ccc(/C=N\c2ccc(S(=O)(=O)NC(=N)N)cc2)cc1,7.16,1,nM,CHEMBL4870827,-7.16,1.8399999999999999,CHEMBL205,carbonic_anhydrase_II,False,False,False
Cc1ncc([N+](=O)[O-])n1CCOc1ccc(/C=N\c2ccc(S(=O)(=O)Nc3nccs3)cc2)cc1,7.8,1,nM,CHEMBL4876707,-7.8,1.2000000000000002,CHEMBL205,carbonic_anhydrase_II,False,False,False
Cc1ncc([N+](=O)[O-])n1CCOc1cccc(/C=N\c2ccc(S(=O)(=O)Nc3nccs3)cc2)c1,7.05,1,nM,CHEMBL4859439,-7.05,1.9500000000000002,CHEMBL205,carbonic_anhydrase_II,False,False,False
Cc1ncc([N+](=O)[O-])n1CCS(N)(=O)=O,7.23,1,nM,CHEMBL4874430,-7.23,1.7699999999999996,CHEMBL205,carbonic_anhydrase_II,False,False,False
Cc1oc2ccccc2c1CNS(N)(=O)=O,4.6,1,nM,CHEMBL1077134,-4.6,4.4,CHEMBL205,carbonic_anhydrase_II,False,False,False
Cc1onc(-c2ccccc2)c1-c1ccc(S(N)(=O)=O)cc1,6.355,2,nM,CHEMBL865,-6.355,2.6449999999999996,CHEMBL205,carbonic_anhydrase_II,False,False,False
Cc1sc(C(=O)c2cncnc2N[C@@H]2C[C@H](COS(N)(=O)=O)[C@@H](O)C2)cc1C1OCCc2ccc(Cl)cc21,8.0,1,nM,CHEMBL4856793,-8.0,1.0,CHEMBL205,carbonic_anhydrase_II,False,False,False
Cc1sc(C(=O)c2cncnc2N[C@@H]2C[C@H](COS(N)(=O)=O)[C@@H](O)C2)cc1[C@@H]1NCCc2ccc(Cl)cc21,7.7,1,nM,CHEMBL4862901,-7.7,1.2999999999999998,CHEMBL205,carbonic_anhydrase_II,False,False,False
Clc1ccccc1C(c1ccccc1)(c1ccccc1)n1ccnc1,4.52,1,nM,CHEMBL104,-4.52,4.48,CHEMBL205,carbonic_anhydrase_II,False,False,False
Cn1c(-c2ccc(S(N)(=O)=O)cc2)nc2cc(S(N)(=O)=O)ccc21,7.98,1,nM,CHEMBL5199602,-7.98,1.0199999999999996,CHEMBL205,carbonic_anhydrase_II,False,False,False
Cn1c(-c2ccc(S(N)(=O)=O)cc2)nc2ccccc21,8.06,1,nM,CHEMBL5185637,-8.06,0.9399999999999995,CHEMBL205,carbonic_anhydrase_II,False,False,False
Cn1cc(CNS(N)(=O)=O)c2ccccc21,4.32,1,nM,CHEMBL1084674,-4.32,4.68,CHEMBL205,carbonic_anhydrase_II,False,False,False
Cn1cccc1C(=O)Oc1ccc2nc(S(N)(=O)=O)sc2c1,8.54,1,nM,CHEMBL84224,-8.54,0.46000000000000085,CHEMBL205,carbonic_anhydrase_II,False,False,False
N#CC1=CCc2ccccc2C=C1,5.36,1,nM,CHEMBL3290054,-5.36,3.6399999999999997,CHEMBL205,carbonic_anhydrase_II,False,False,False
N#CC1=Cc2ccccc2CC=C1,5.39,1,nM,CHEMBL3290055,-5.39,3.6100000000000003,CHEMBL205,carbonic_anhydrase_II,False,False,False
N#CSc1ccc(S(N)(=O)=O)cc1,5.44,1,nM,CHEMBL363086,-5.44,3.5599999999999996,CHEMBL205,carbonic_anhydrase_II,False,False,False
N#Cc1cc2ccccc2ccc1=O,5.49,1,nM,CHEMBL3290058,-5.49,3.51,CHEMBL205,carbonic_anhydrase_II,False,False,False
N#Cc1ccc(=O)c2ccccc2c1,5.42,1,nM,CHEMBL3290056,-5.42,3.58,CHEMBL205,carbonic_anhydrase_II,False,False,False
N#Cc1ccc(Cn2cncn2)cc1-c1ccc(OS(N)(=O)=O)c(Cl)c1,7.07,2,nM,CHEMBL592131,-7.07,1.9299999999999997,CHEMBL205,carbonic_anhydrase_II,False,False,False
N#Cc1ccc2ccccc2c(=O)c1,5.43,1,nM,CHEMBL3290059,-5.43,3.5700000000000003,CHEMBL205,carbonic_anhydrase_II,False,False,False
N#Cc1cccc(-n2nc(C(=O)Nc3nnc(S(N)(=O)=O)s3)c(C(=O)c3ccccc3)c2-c2ccccc2)c1,7.0,2,nM,CHEMBL466495,-7.0,2.0,CHEMBL205,carbonic_anhydrase_II,True,True,True
N#Cc1cccc2ccccc2c1=O,5.44,1,nM,CHEMBL3290057,-5.44,3.5599999999999996,CHEMBL205,carbonic_anhydrase_II,False,False,False
N/C(S)=N/Nc1ccc(S(N)(=O)=O)cc1,6.54,1,nM,CHEMBL186636,-6.54,2.46,CHEMBL205,carbonic_anhydrase_II,False,False,False
N=C(N)NS(=O)(=O)c1ccc(/N=C/c2c(Cl)c3ccccc3oc2=O)cc1,7.07,1,nM,CHEMBL2408076,-7.07,1.9299999999999997,CHEMBL205,carbonic_anhydrase_II,False,False,False
NC(=O)Nc1ccc(S(=O)(=O)Nc2ccc(S(N)(=O)=O)cc2)cc1,8.15,1,nM,CHEMBL120304,-8.15,0.8499999999999996,CHEMBL205,carbonic_anhydrase_II,True,True,True
NC(=O)c1c(Nc2ccc(I)cc2F)cc(F)cc1Oc1ccc(F)c(NS(N)(=O)=O)c1,5.42,1,nM,CHEMBL3747368,-5.42,3.58,CHEMBL205,carbonic_anhydrase_II,False,False,False
NC(=O)c1c(Nc2ccc(I)cc2F)cc(F)cc1Oc1ccc(F)c(NS(N)(=O)=O)c1F,5.0,1,nM,CHEMBL3746516,-5.0,4.0,CHEMBL205,carbonic_anhydrase_II,False,False,False
NC(=O)c1c(Nc2ccc(I)cc2F)cc(F)cc1Oc1cccc(CNS(N)(=O)=O)c1,5.55,1,nM,CHEMBL3746923,-5.55,3.45,CHEMBL205,carbonic_anhydrase_II,False,False,False
NC(=O)c1c(Nc2ccc(I)cc2F)cc(F)cc1Oc1cccc(CS(N)(=O)=O)c1,5.89,1,nM,CHEMBL2376667,-5.89,3.1100000000000003,CHEMBL205,carbonic_anhydrase_II,False,False,False
NC(=O)c1c(Nc2ccc(I)cc2F)cc(F)cc1Oc1cccc(NS(N)(=O)=O)c1,6.28,1,nM,CHEMBL2376666,-6.28,2.7199999999999998,CHEMBL205,carbonic_anhydrase_II,False,False,False
NC(=O)c1c(Nc2ccc(I)cc2F)cc(F)cc1Oc1cccc(NS(N)(=O)=O)c1Cl,6.16,1,nM,CHEMBL3747359,-6.16,2.84,CHEMBL205,carbonic_anhydrase_II,False,False,False
NC(=O)c1c(Nc2ccc(I)cc2F)cc(F)cc1Oc1ccccc1NS(N)(=O)=O,6.3,1,nM,CHEMBL3746142,-6.3,2.7,CHEMBL205,carbonic_anhydrase_II,False,False,False
NC(=O)c1c(Oc2ccc(F)c(NS(N)(=O)=O)c2)cc(F)c(F)c1Nc1ccc(I)cc1F,5.34,1,nM,CHEMBL3746559,-5.34,3.66,CHEMBL205,carbonic_anhydrase_II,False,False,False
NC(=O)c1c(Oc2cccc(CNS(N)(=O)=O)c2)cc(F)c(F)c1Nc1ccc(I)cc1F,5.3,1,nM,CHEMBL3746640,-5.3,3.7,CHEMBL205,carbonic_anhydrase_II,False,False,False
NC(=O)c1c(Oc2cccc(CS(N)(=O)=O)c2)cc(F)c(F)c1Nc1ccc(I)cc1F,5.66,1,nM,CHEMBL3746031,-5.66,3.34,CHEMBL205,carbonic_anhydrase_II,False,False,False
NC1CCS(=O)(=O)c2sc(S(N)(=O)=O)cc21,8.265,2,nM,CHEMBL554091,-8.265,0.7349999999999994,CHEMBL205,carbonic_anhydrase_II,False,False,False
NCCCCNC(=O)c1cc(S(N)(=O)=O)cnc1Sc1c(F)c(F)cc(F)c1F,7.34,1,nM,CHEMBL1099151,-7.34,1.6600000000000001,CHEMBL205,carbonic_anhydrase_II,False,False,False
NCCc1ccc(S(N)(=O)=O)cc1,5.51,1,nM,CHEMBL7087,-5.51,3.49,CHEMBL205,carbonic_anhydrase_II,True,True,True
NCc1cc2cc(S(N)(=O)=O)sc2s1,7.85,1,nM,CHEMBL50929,-7.85,1.1500000000000004,CHEMBL205,carbonic_anhydrase_II,False,False,False
NCc1ccc(S(N)(=O)=O)cc1,5.4,1,nM,CHEMBL419,-5.4,3.5999999999999996,CHEMBL205,carbonic_anhydrase_II,True,True,True
NNc1ccc(S(N)(=O)=O)cc1,7.1,1,nM,CHEMBL7204,-7.1,1.9000000000000004,CHEMBL205,carbonic_anhydrase_II,True,True,True
NNc1ccccc1S(N)(=O)=O,7.1,1,nM,CHEMBL176495,-7.1,1.9000000000000004,CHEMBL205,carbonic_anhydrase_II,True,True,True
NS(=O)(=O)C(F)(F)F,7.89,1,nM,CHEMBL67511,-7.89,1.1100000000000003,CHEMBL205,carbonic_anhydrase_II,False,False,False
NS(=O)(=O)CS(=O)(=O)CCCc1ccccc1,6.72,1,nM,CHEMBL304744,-6.72,2.2800000000000002,CHEMBL205,carbonic_anhydrase_II,False,False,False
NS(=O)(=O)CS(=O)(=O)CCc1ccccc1,7.0,1,nM,CHEMBL67823,-7.0,2.0,CHEMBL205,carbonic_anhydrase_II,False,False,False
NS(=O)(=O)CS(=O)(=O)c1ccc(O)cc1,6.4,1,nM,CHEMBL67154,-6.4,2.5999999999999996,CHEMBL205,carbonic_anhydrase_II,False,False,False
NS(=O)(=O)CSCCCc1ccccc1,5.92,1,nM,CHEMBL66752,-5.92,3.08,CHEMBL205,carbonic_anhydrase_II,False,False,False
NS(=O)(=O)CSCCc1ccccc1,5.7,1,nM,CHEMBL66513,-5.7,3.3,CHEMBL205,carbonic_anhydrase_II,False,False,False
NS(=O)(=O)CSc1ccc(O)cc1,5.54,1,nM,CHEMBL69926,-5.54,3.46,CHEMBL205,carbonic_anhydrase_II,False,False,False
NS(=O)(=O)NCC1CCc2ccccc2O1,4.15,1,nM,CHEMBL175644,-4.15,4.85,CHEMBL205,carbonic_anhydrase_II,False,False,False
NS(=O)(=O)NCC1COc2ccccc2OC1,4.77,1,nM,CHEMBL3093012,-4.77,4.23,CHEMBL205,carbonic_anhydrase_II,False,False,False
NS(=O)(=O)NCC1Oc2ccccc2O1,4.15,1,nM,CHEMBL177623,-4.15,4.85,CHEMBL205,carbonic_anhydrase_II,False,False,False
NS(=O)(=O)NCCC1COc2ccccc2O1,4.6,1,nM,CHEMBL3093001,-4.6,4.4,CHEMBL205,carbonic_anhydrase_II,False,False,False
NS(=O)(=O)NC[C@@H]1COc2ccccc2O1,4.11,1,nM,CHEMBL3092998,-4.11,4.89,CHEMBL205,carbonic_anhydrase_II,False,False,False
NS(=O)(=O)NC[C@H]1COc2c(F)cccc2O1,4.16,1,nM,CHEMBL3093005,-4.16,4.84,CHEMBL205,carbonic_anhydrase_II,False,False,False
NS(=O)(=O)NC[C@H]1COc2cc(Br)ccc2O1,4.44,1,nM,CHEMBL3093007,-4.44,4.56,CHEMBL205,carbonic_anhydrase_II,False,False,False
NS(=O)(=O)NC[C@H]1COc2cc(Cl)c(Cl)cc2O1,4.52,1,nM,CHEMBL3093009,-4.52,4.48,CHEMBL205,carbonic_anhydrase_II,False,False,False
NS(=O)(=O)NC[C@H]1COc2cc(Cl)ccc2O1,4.88,2,nM,CHEMBL3092995,-4.88,4.12,CHEMBL205,carbonic_anhydrase_II,False,False,False
NS(=O)(=O)NC[C@H]1COc2cc(F)ccc2O1,4.12,1,nM,CHEMBL3093006,-4.12,4.88,CHEMBL205,carbonic_anhydrase_II,False,False,False
NS(=O)(=O)NC[C@H]1COc2ccc(Cl)cc2O1,4.44,1,nM,CHEMBL3093003,-4.44,4.56,CHEMBL205,carbonic_anhydrase_II,False,False,False
NS(=O)(=O)NC[C@H]1COc2cccc(Cl)c2O1,4.25,1,nM,CHEMBL3093004,-4.25,4.75,CHEMBL205,carbonic_anhydrase_II,False,False,False
NS(=O)(=O)NC[C@H]1COc2ccccc2O1,4.01,1,nM,CHEMBL3092997,-4.01,4.99,CHEMBL205,carbonic_anhydrase_II,False,False,False
NS(=O)(=O)NCc1cccc2ccccc12,4.68,1,nM,CHEMBL1088203,-4.68,4.32,CHEMBL205,carbonic_anhydrase_II,False,False,False
NS(=O)(=O)NCc1coc2ccccc12,5.15,1,nM,CHEMBL1077117,-5.15,3.8499999999999996,CHEMBL205,carbonic_anhydrase_II,False,False,False
NS(=O)(=O)NCc1csc2ccc(Br)cc12,4.0,1,nM,CHEMBL1084920,-4.0,5.0,CHEMBL205,carbonic_anhydrase_II,False,False,False
NS(=O)(=O)NCc1csc2ccc(Cl)cc12,5.08,1,nM,CHEMBL1084675,-5.08,3.92,CHEMBL205,carbonic_anhydrase_II,False,False,False
NS(=O)(=O)NCc1csc2ccc(F)cc12,4.52,1,nM,CHEMBL1084918,-4.52,4.48,CHEMBL205,carbonic_anhydrase_II,False,False,False
NS(=O)(=O)NCc1csc2cccc(Br)c12,5.43,1,nM,CHEMBL1084919,-5.43,3.5700000000000003,CHEMBL205,carbonic_anhydrase_II,False,False,False
NS(=O)(=O)NCc1csc2ccccc12,4.18,1,nM,CHEMBL466517,-4.18,4.82,CHEMBL205,carbonic_anhydrase_II,False,False,False
NS(=O)(=O)OCC1CCc2ccccc2O1,6.89,1,nM,CHEMBL180475,-6.89,2.1100000000000003,CHEMBL205,carbonic_anhydrase_II,False,False,False
NS(=O)(=O)OCC1Oc2ccccc2O1,6.55,1,nM,CHEMBL175786,-6.55,2.45,CHEMBL205,carbonic_anhydrase_II,False,False,False
NS(=O)(=O)OC[C@H]1C[C@@H](Nc2ncncc2C(=O)c2ccn(Cc3cccc(Br)c3)n2)C[C@@H]1O,8.0,1,nM,CHEMBL4870385,-8.0,1.0,CHEMBL205,carbonic_anhydrase_II,False,False,False
NS(=O)(=O)Oc1ccc(-c2ccc3occc3c2)cc1,5.58,1,nM,CHEMBL4441746,-5.58,3.42,CHEMBL205,carbonic_anhydrase_II,False,False,False
NS(=O)(=O)Oc1ccc(-c2ccc3sccc3c2)cc1,5.88,1,nM,CHEMBL4476741,-5.88,3.12,CHEMBL205,carbonic_anhydrase_II,False,False,False
NS(=O)(=O)Oc1ccc2c(c1)OC(=O)C1CCCCCC21,7.66,1,nM,CHEMBL3098847,-7.66,1.3399999999999999,CHEMBL205,carbonic_anhydrase_II,False,False,False
NS(=O)(=O)Oc1ccc2c3c(c(=O)oc2c1)CCCCC3,7.77,1,nM,CHEMBL286738,-7.77,1.2300000000000004,CHEMBL205,carbonic_anhydrase_II,False,False,False
NS(=O)(=O)c1c(F)c(F)c(SCCO)c(F)c1F,8.0,1,nM,CHEMBL2333416,-8.0,1.0,CHEMBL205,carbonic_anhydrase_II,False,False,False
NS(=O)(=O)c1cc(C(=O)NCCOc2ccccc2)c(Cl)cc1Cl,7.98,1,nM,CHEMBL1387347,-7.98,1.0199999999999996,CHEMBL205,carbonic_anhydrase_II,False,False,False
NS(=O)(=O)c1cc(C(=O)O)c(Cl)cc1Cl,6.47,6,nM,CHEMBL120886,-6.47,2.5300000000000002,CHEMBL205,carbonic_anhydrase_II,False,False,False
NS(=O)(=O)c1cc(C(=O)c2ccc(CN3CCOCC3)cc2)cs1,8.43,1,nM,CHEMBL545756,-8.43,0.5700000000000003,CHEMBL205,carbonic_anhydrase_II,False,False,False
NS(=O)(=O)c1cc(C(=O)c2ccc(CNCc3ccccc3)cc2)cs1,8.62,1,nM,CHEMBL540835,-8.62,0.3800000000000008,CHEMBL205,carbonic_anhydrase_II,False,False,False
NS(=O)(=O)c1cc(C(=O)c2ccc(O)cc2)cs1,8.6,1,nM,CHEMBL125102,-8.6,0.40000000000000036,CHEMBL205,carbonic_anhydrase_II,False,False,False
NS(=O)(=O)c1cc(C(=O)c2cccc(CN3CCOCC3)c2)cs1,8.3,1,nM,CHEMBL555355,-8.3,0.6999999999999993,CHEMBL205,carbonic_anhydrase_II,False,False,False
NS(=O)(=O)c1cc(C(=O)c2ccccc2)cs1,8.17,1,nM,CHEMBL43440,-8.17,0.8300000000000001,CHEMBL205,carbonic_anhydrase_II,False,False,False
NS(=O)(=O)c1cc(C2(O)NC(=O)c3ccccc32)ccc1Cl,6.17,1,nM,CHEMBL1055,-6.17,2.83,CHEMBL205,carbonic_anhydrase_II,False,False,False
NS(=O)(=O)c1cc(Cl)c(Cl)c(S(N)(=O)=O)c1,7.4,4,nM,CHEMBL17,-7.4,1.5999999999999996,CHEMBL205,carbonic_anhydrase_II,False,False,False
NS(=O)(=O)c1cc(S(=O)(=O)c2ccc(CN3CCOCC3)cc2)cs1,8.12,1,nM,CHEMBL555153,-8.12,0.8800000000000008,CHEMBL205,carbonic_anhydrase_II,False,False,False
NS(=O)(=O)c1cc(S(=O)(=O)c2ccc(CNCc3ccccn3)cc2)cs1,8.1,1,nM,CHEMBL544129,-8.1,0.9000000000000004,CHEMBL205,carbonic_anhydrase_II,False,False,False
NS(=O)(=O)c1cc(S(=O)(=O)c2ccc(O)cc2)co1,8.38,1,nM,CHEMBL333747,-8.38,0.6199999999999992,CHEMBL205,carbonic_anhydrase_II,False,False,False
NS(=O)(=O)c1cc(S(=O)(=O)c2ccc(O)cc2)cs1,8.3,1,nM,CHEMBL341530,-8.3,0.6999999999999993,CHEMBL205,carbonic_anhydrase_II,False,False,False
NS(=O)(=O)c1cc(S(=O)(=O)c2cccc(O)c2)cs1,8.68,1,nM,CHEMBL127817,-8.68,0.3200000000000003,CHEMBL205,carbonic_anhydrase_II,False,False,False
NS(=O)(=O)c1cc(S(=O)(=O)c2ccccc2CNCc2ccccn2)cs1,7.82,1,nM,CHEMBL557231,-7.82,1.1799999999999997,CHEMBL205,carbonic_anhydrase_II,False,False,False
NS(=O)(=O)c1cc2c(O)cccc2s1,7.92,1,nM,CHEMBL87497,-7.92,1.08,CHEMBL205,carbonic_anhydrase_II,False,False,False
NS(=O)(=O)c1cc2c(s1)C(=O)CCS2,8.46,1,nM,CHEMBL120418,-8.46,0.5399999999999991,CHEMBL205,carbonic_anhydrase_II,False,False,False
NS(=O)(=O)c1cc2c(s1)C(=O)CCS2(=O)=O,7.66,1,nM,CHEMBL158090,-7.66,1.3399999999999999,CHEMBL205,carbonic_anhydrase_II,False,False,False
NS(=O)(=O)c1cc2c(s1)C(O)CCS2,7.64,1,nM,CHEMBL352218,-7.64,1.3600000000000003,CHEMBL205,carbonic_anhydrase_II,False,False,False
NS(=O)(=O)c1cc2c(s1)C(O)CCS2(=O)=O,7.4,1,nM,CHEMBL347369,-7.4,1.5999999999999996,CHEMBL205,carbonic_anhydrase_II,False,False,False
NS(=O)(=O)c1cc2c(s1)C(O)CC[S+]2[O-],6.6,1,nM,CHEMBL155152,-6.6,2.4000000000000004,CHEMBL205,carbonic_anhydrase_II,False,False,False
NS(=O)(=O)c1cc2c(s1)CC(O)CS2(=O)=O,7.4,1,nM,CHEMBL155420,-7.4,1.5999999999999996,CHEMBL205,carbonic_anhydrase_II,False,False,False
NS(=O)(=O)c1cc2c(s1)S(=O)(=O)C(CCN1CCOCC1)CN2,9.24,1,nM,CHEMBL79939,-9.24,-0.2400000000000002,CHEMBL205,carbonic_anhydrase_II,False,False,False
NS(=O)(=O)c1cc2c(s1)S(=O)(=O)C(CCO)CN2,8.72,1,nM,CHEMBL310280,-8.72,0.27999999999999936,CHEMBL205,carbonic_anhydrase_II,False,False,False
NS(=O)(=O)c1cc2c(s1)S(=O)(=O)C1(CC1)CN2,8.7,1,nM,CHEMBL79368,-8.7,0.3000000000000007,CHEMBL205,carbonic_anhydrase_II,False,False,False
NS(=O)(=O)c1cc2c(s1)S(=O)(=O)CC(=O)N2,8.43,1,nM,CHEMBL81148,-8.43,0.5700000000000003,CHEMBL205,carbonic_anhydrase_II,False,False,False
NS(=O)(=O)c1cc2c(s1)S(=O)(=O)CC(O)C2,8.0,1,nM,CHEMBL348573,-8.0,1.0,CHEMBL205,carbonic_anhydrase_II,False,False,False
NS(=O)(=O)c1cc2c(s1)S(=O)(=O)CCC2,8.35,2,nM,CHEMBL333193,-8.35,0.6500000000000004,CHEMBL205,carbonic_anhydrase_II,False,False,False
NS(=O)(=O)c1cc2c(s1)S(=O)(=O)CCC2=O,8.3,1,nM,CHEMBL346810,-8.3,0.6999999999999993,CHEMBL205,carbonic_anhydrase_II,False,False,False
NS(=O)(=O)c1cc2c(s1)S(=O)(=O)CCC2O,8.28,3,nM,CHEMBL314569,-8.28,0.7200000000000006,CHEMBL205,carbonic_anhydrase_II,False,False,False
NS(=O)(=O)c1cc2c(s1)S(=O)(=O)CCN2,8.61,1,nM,CHEMBL310903,-8.61,0.39000000000000057,CHEMBL205,carbonic_anhydrase_II,False,False,False
NS(=O)(=O)c1cc2c(s1)S(=O)(=O)CC[C@@H]2O,8.34,3,nM,CHEMBL2092886,-8.34,0.6600000000000001,CHEMBL205,carbonic_anhydrase_II,False,False,False
NS(=O)(=O)c1cc2c(s1)S(=O)(=O)CC[C@H]2O,8.17,3,nM,CHEMBL1788205,-8.17,0.8300000000000001,CHEMBL205,carbonic_anhydrase_II,False,False,False
NS(=O)(=O)c1cc2c(s1)S(=O)(=O)N(c1cccc(O)c1)C(CN1CCOCC1)=C2,8.94,1,nM,CHEMBL353861,-8.94,0.0600000000000005,CHEMBL205,carbonic_anhydrase_II,False,False,False
NS(=O)(=O)c1cc2c(s1)SC(CCO)CN2,8.5,1,nM,CHEMBL79474,-8.5,0.5,CHEMBL205,carbonic_anhydrase_II,False,False,False
NS(=O)(=O)c1cc2c(s1)SCC(=O)N2,7.89,1,nM,CHEMBL310152,-7.89,1.1100000000000003,CHEMBL205,carbonic_anhydrase_II,False,False,False
NS(=O)(=O)c1cc2c(s1)SCCC2=O,8.07,1,nM,CHEMBL158261,-8.07,0.9299999999999997,CHEMBL205,carbonic_anhydrase_II,False,False,False
NS(=O)(=O)c1cc2c(s1)SCCC2O,7.52,1,nM,CHEMBL158026,-7.52,1.4800000000000004,CHEMBL205,carbonic_anhydrase_II,False,False,False
NS(=O)(=O)c1cc2c(s1)[S+]([O-])CC(=O)N2,7.5,1,nM,CHEMBL83820,-7.5,1.5,CHEMBL205,carbonic_anhydrase_II,False,False,False
NS(=O)(=O)c1cc2c(s1)[S+]([O-])CCC2O,7.0,1,nM,CHEMBL158363,-7.0,2.0,CHEMBL205,carbonic_anhydrase_II,False,False,False
NS(=O)(=O)c1cc2cc(C(=O)N(CCO)CCO)sc2s1,8.18,1,nM,CHEMBL51097,-8.18,0.8200000000000003,CHEMBL205,carbonic_anhydrase_II,False,False,False
NS(=O)(=O)c1cc2cc(C(=O)NCC(O)CO)sc2s1,8.49,1,nM,CHEMBL51975,-8.49,0.5099999999999998,CHEMBL205,carbonic_anhydrase_II,False,False,False
NS(=O)(=O)c1cc2cc(C(=O)NCCN3CCOCC3)sc2s1,8.54,1,nM,CHEMBL545431,-8.54,0.46000000000000085,CHEMBL205,carbonic_anhydrase_II,False,False,False
NS(=O)(=O)c1cc2cc(C(=O)NCCN3CCSCC3)sc2s1,8.54,1,nM,CHEMBL544731,-8.54,0.46000000000000085,CHEMBL205,carbonic_anhydrase_II,False,False,False
NS(=O)(=O)c1cc2cc(CN(CCO)CCO)sc2s1,8.64,1,nM,CHEMBL554042,-8.64,0.35999999999999943,CHEMBL205,carbonic_anhydrase_II,False,False,False
NS(=O)(=O)c1cc2cc(CN3CCOCC3)ccc2s1,7.82,1,nM,CHEMBL553845,-7.82,1.1799999999999997,CHEMBL205,carbonic_anhydrase_II,False,False,False
NS(=O)(=O)c1cc2cc(CN3CCOCC3)sc2o1,8.25,2,nM,CHEMBL105080,-8.25,0.75,CHEMBL205,carbonic_anhydrase_II,False,False,False
NS(=O)(=O)c1cc2cc(CN3CCOCC3)sc2s1,8.52,1,nM,CHEMBL540026,-8.52,0.4800000000000004,CHEMBL205,carbonic_anhydrase_II,False,False,False
NS(=O)(=O)c1cc2cc(CN3CCSCC3)sc2s1,8.59,1,nM,CHEMBL555543,-8.59,0.41000000000000014,CHEMBL205,carbonic_anhydrase_II,False,False,False
NS(=O)(=O)c1cc2cc(CN3CC[S+]([O-])CC3)sc2s1,8.4,1,nM,CHEMBL52944,-8.4,0.5999999999999996,CHEMBL205,carbonic_anhydrase_II,False,False,False
NS(=O)(=O)c1cc2cc(CNC(CO)CO)sc2s1,8.08,1,nM,CHEMBL543561,-8.08,0.9199999999999999,CHEMBL205,carbonic_anhydrase_II,False,False,False
NS(=O)(=O)c1cc2cc(CNCC(F)(F)F)sc2s1,8.66,1,nM,CHEMBL553720,-8.66,0.33999999999999986,CHEMBL205,carbonic_anhydrase_II,False,False,False
NS(=O)(=O)c1cc2cc(CNCC3CC3)sc2s1,8.48,1,nM,CHEMBL553951,-8.48,0.5199999999999996,CHEMBL205,carbonic_anhydrase_II,False,False,False
NS(=O)(=O)c1cc2cc(CNCCCCO)sc2o1,7.96,1,nM,CHEMBL316757,-7.96,1.04,CHEMBL205,carbonic_anhydrase_II,False,False,False
NS(=O)(=O)c1cc2cc(CNCCCCO)sc2s1,8.52,1,nM,CHEMBL555542,-8.52,0.4800000000000004,CHEMBL205,carbonic_anhydrase_II,False,False,False
NS(=O)(=O)c1cc2cc(CNCCF)sc2o1,7.92,1,nM,CHEMBL101370,-7.92,1.08,CHEMBL205,carbonic_anhydrase_II,False,False,False
NS(=O)(=O)c1cc2cc(CNCCF)sc2s1,8.57,1,nM,CHEMBL544032,-8.57,0.4299999999999997,CHEMBL205,carbonic_anhydrase_II,False,False,False
NS(=O)(=O)c1cc2cc(CNCCO)sc2s1,8.2,1,nM,CHEMBL552890,-8.2,0.8000000000000007,CHEMBL205,carbonic_anhydrase_II,False,False,False
NS(=O)(=O)c1cc2cc(CNCc3ccccn3)sc2o1,8.09,1,nM,CHEMBL101371,-8.09,0.9100000000000001,CHEMBL205,carbonic_anhydrase_II,False,False,False
NS(=O)(=O)c1cc2cc(CO)ccc2s1,8.05,2,nM,CHEMBL87179,-8.05,0.9499999999999993,CHEMBL205,carbonic_anhydrase_II,False,False,False
NS(=O)(=O)c1cc2cc(N3CCOCC3)sc2s1,8.52,1,nM,CHEMBL333520,-8.52,0.4800000000000004,CHEMBL205,carbonic_anhydrase_II,False,False,False
NS(=O)(=O)c1cc2cc(N3CCSCC3)sc2s1,8.59,1,nM,CHEMBL333281,-8.59,0.41000000000000014,CHEMBL205,carbonic_anhydrase_II,False,False,False
NS(=O)(=O)c1cc2cc(O)ccc2[nH]1,7.66,1,nM,CHEMBL354238,-7.66,1.3399999999999999,CHEMBL205,carbonic_anhydrase_II,False,False,False
NS(=O)(=O)c1cc2cc(O)ccc2o1,8.19,1,nM,CHEMBL349815,-8.19,0.8100000000000005,CHEMBL205,carbonic_anhydrase_II,False,False,False
NS(=O)(=O)c1cc2cc(O)ccc2s1,8.21,1,nM,CHEMBL82813,-8.21,0.7899999999999991,CHEMBL205,carbonic_anhydrase_II,False,False,False
NS(=O)(=O)c1cc2cc3c(cc2[nH]1)OCO3,7.6,1,nM,CHEMBL163094,-7.6,1.4000000000000004,CHEMBL205,carbonic_anhydrase_II,False,False,False
NS(=O)(=O)c1cc2ccc(O)cc2[nH]1,7.52,1,nM,CHEMBL350086,-7.52,1.4800000000000004,CHEMBL205,carbonic_anhydrase_II,False,False,False
NS(=O)(=O)c1cc2ccc(O)cc2o1,7.96,1,nM,CHEMBL354386,-7.96,1.04,CHEMBL205,carbonic_anhydrase_II,False,False,False
NS(=O)(=O)c1cc2ccc(O)cc2s1,8.030000000000001,2,nM,CHEMBL314803,-8.030000000000001,0.9699999999999989,CHEMBL205,carbonic_anhydrase_II,False,False,False
NS(=O)(=O)c1cc2ccc(OCC(=O)O)cc2s1,7.85,1,nM,CHEMBL82806,-7.85,1.1500000000000004,CHEMBL205,carbonic_anhydrase_II,False,False,False
NS(=O)(=O)c1cc2ccc(OP(=O)([O-])[O-])cc2s1,7.0,1,nM,CHEMBL82867,-7.0,2.0,CHEMBL205,carbonic_anhydrase_II,False,False,False
NS(=O)(=O)c1cc2ccc(OS(=O)(=O)[O-])cc2s1,8.17,1,nM,CHEMBL83232,-8.17,0.8300000000000001,CHEMBL205,carbonic_anhydrase_II,False,False,False
NS(=O)(=O)c1cc2cccc(O)c2s1,7.96,1,nM,CHEMBL315221,-7.96,1.04,CHEMBL205,carbonic_anhydrase_II,False,False,False
NS(=O)(=O)c1cc2ccccc2[nH]1,7.35,1,nM,CHEMBL162064,-7.35,1.6500000000000004,CHEMBL205,carbonic_anhydrase_II,False,False,False
NS(=O)(=O)c1cc2ccccc2o1,8.1,1,nM,CHEMBL165346,-8.1,0.9000000000000004,CHEMBL205,carbonic_anhydrase_II,False,False,False
NS(=O)(=O)c1cc2ccccc2s1,8.28,1,nM,CHEMBL313338,-8.28,0.7200000000000006,CHEMBL205,carbonic_anhydrase_II,False,False,False
NS(=O)(=O)c1ccc(-n2cccc2/C=C2/C(=O)NN(c3ccc(F)cc3)C2=O)cc1,7.38,1,nM,CHEMBL2392424,-7.38,1.62,CHEMBL205,carbonic_anhydrase_II,False,False,False
NS(=O)(=O)c1ccc(/N=C/c2c(Cl)c3ccccc3oc2=O)cc1,7.48,1,nM,CHEMBL2408074,-7.48,1.5199999999999996,CHEMBL205,carbonic_anhydrase_II,False,False,False
NS(=O)(=O)c1ccc(/N=C2/NC(=O)/C(=C/c3cc(O)ccc3Br)S2)cc1,8.03,1,nM,CHEMBL2392425,-8.03,0.9700000000000006,CHEMBL205,carbonic_anhydrase_II,False,False,False
NS(=O)(=O)c1ccc(C(=O)N2NC(=O)C3CC=CCC3C2=O)cc1,7.99,1,nM,CHEMBL5185236,-7.99,1.0099999999999998,CHEMBL205,carbonic_anhydrase_II,False,False,False
NS(=O)(=O)c1ccc(C(=O)N2NC(=O)C3CCCCC3C2=O)cc1,7.99,1,nM,CHEMBL5195934,-7.99,1.0099999999999998,CHEMBL205,carbonic_anhydrase_II,False,False,False
NS(=O)(=O)c1ccc(C(=O)N2NC(=O)c3cccc4cccc(c34)C2=O)cc1,7.99,1,nM,CHEMBL5196628,-7.99,1.0099999999999998,CHEMBL205,carbonic_anhydrase_II,False,False,False
NS(=O)(=O)c1ccc(C(=O)N[C@@H]2OC[C@H](O)[C@H](O)[C@H]2O)cc1,7.05,1,nM,CHEMBL4854006,-7.05,1.9500000000000002,CHEMBL205,carbonic_anhydrase_II,False,False,False
NS(=O)(=O)c1ccc(C(=O)N[C@@H]2O[C@H](CO)[C@@H](O)[C@H](O)[C@@H]2O)cc1,8.05,1,nM,CHEMBL4865818,-8.05,0.9499999999999993,CHEMBL205,carbonic_anhydrase_II,False,False,False
NS(=O)(=O)c1ccc(C(=O)N[C@@H]2O[C@H](CO)[C@@H](O)[C@H](O)[C@H]2O)cc1,6.57,1,nM,CHEMBL4849226,-6.57,2.4299999999999997,CHEMBL205,carbonic_anhydrase_II,False,False,False
NS(=O)(=O)c1ccc(C(=O)N[C@@H]2O[C@H](CO)[C@@H](O)[C@H]2O)cc1,7.1,1,nM,CHEMBL4849396,-7.1,1.9000000000000004,CHEMBL205,carbonic_anhydrase_II,False,False,False
NS(=O)(=O)c1ccc(C(=O)N[C@@H]2O[C@H](CO)[C@H](O)[C@H](O)[C@H]2O)cc1,6.68,1,nM,CHEMBL4863999,-6.68,2.3200000000000003,CHEMBL205,carbonic_anhydrase_II,False,False,False
NS(=O)(=O)c1ccc(C(=O)O)cc1,4.82,3,nM,CHEMBL414,-4.82,4.18,CHEMBL205,carbonic_anhydrase_II,True,True,True
NS(=O)(=O)c1ccc(C(=O)n2[nH]c(=O)c3c(Br)c(Br)c(Br)c(Br)c3c2=O)cc1,7.99,1,nM,CHEMBL5203234,-7.99,1.0099999999999998,CHEMBL205,carbonic_anhydrase_II,False,False,False
NS(=O)(=O)c1ccc(C(=O)n2[nH]c(=O)c3c(Cl)c(Cl)c(Cl)c(Cl)c3c2=O)cc1,7.99,1,nM,CHEMBL5174661,-7.99,1.0099999999999998,CHEMBL205,carbonic_anhydrase_II,False,False,False
NS(=O)(=O)c1ccc(C(=O)n2[nH]c(=O)c3c(F)cccc3c2=O)cc1,7.99,1,nM,CHEMBL4579543,-7.99,1.0099999999999998,CHEMBL205,carbonic_anhydrase_II,True,True,True
NS(=O)(=O)c1ccc(C(=O)n2[nH]c(=O)c3c([N+](=O)[O-])cccc3c2=O)cc1,7.99,1,nM,CHEMBL4524569,-7.99,1.0099999999999998,CHEMBL205,carbonic_anhydrase_II,True,True,True
NS(=O)(=O)c1ccc(C(=O)n2[nH]c(=O)c3cc(F)ccc3c2=O)cc1,7.99,1,nM,CHEMBL4444582,-7.99,1.0099999999999998,CHEMBL205,carbonic_anhydrase_II,True,True,True
NS(=O)(=O)c1ccc(C(=O)n2[nH]c(=O)c3cc([N+](=O)[O-])ccc3c2=O)cc1,7.99,1,nM,CHEMBL4453373,-7.99,1.0099999999999998,CHEMBL205,carbonic_anhydrase_II,True,True,True
NS(=O)(=O)c1ccc(C(=O)n2[nH]c(=O)c3cc4c(=O)[nH]n(C(=O)c5ccc(S(N)(=O)=O)cc5)c(=O)c4cc3c2=O)cc1,7.99,1,nM,CHEMBL5184339,-7.99,1.0099999999999998,CHEMBL205,carbonic_anhydrase_II,False,False,False
NS(=O)(=O)c1ccc(C(=O)n2[nH]c(=O)c3ccc(C(=O)O)cc3c2=O)cc1,7.99,1,nM,CHEMBL4541764,-7.99,1.0099999999999998,CHEMBL205,carbonic_anhydrase_II,False,False,False
NS(=O)(=O)c1ccc(C(=O)n2[nH]c(=O)c3ccccc3c2=O)cc1,7.99,1,nM,CHEMBL5170504,-7.99,1.0099999999999998,CHEMBL205,carbonic_anhydrase_II,False,False,False
NS(=O)(=O)c1ccc(CCNC(=S)Nc2ccc3ncnc(Nc4cccc(C(F)(F)F)c4)c3c2)cc1,6.62,1,nM,CHEMBL4857605,-6.62,2.38,CHEMBL205,carbonic_anhydrase_II,False,False,False
NS(=O)(=O)c1ccc(CCNCc2cccc3ccccc23)cc1,6.82,1,nM,CHEMBL2392427,-6.82,2.1799999999999997,CHEMBL205,carbonic_anhydrase_II,False,False,False
NS(=O)(=O)c1ccc(CCO)cc1,5.52,1,nM,CHEMBL6784,-5.52,3.4800000000000004,CHEMBL205,carbonic_anhydrase_II,True,True,True
NS(=O)(=O)c1ccc(CNC2CC(=O)N(c3cccc(Br)c3)C2=O)cc1,7.32,1,nM,CHEMBL2392432,-7.32,1.6799999999999997,CHEMBL205,carbonic_anhydrase_II,False,False,False
NS(=O)(=O)c1ccc(CO)cc1,5.24,1,nM,CHEMBL6919,-5.24,3.76,CHEMBL205,carbonic_anhydrase_II,True,True,True
NS(=O)(=O)c1ccc(N2C(=O)CC/C2=C\C(=O)c2ccc([N+](=O)[O-])cc2Cl)cc1,9.34,1,nM,CHEMBL4644942,-9.34,-0.33999999999999986,CHEMBL205,carbonic_anhydrase_II,False,False,False
NS(=O)(=O)c1ccc(N2C(=O)CC/C2=C\C(=O)c2cccc(F)c2)cc1,9.34,1,nM,CHEMBL4633178,-9.34,-0.33999999999999986,CHEMBL205,carbonic_anhydrase_II,False,False,False
NS(=O)(=O)c1ccc(N2CCN(c3ccc(F)cc3F)C2=O)cc1,6.11,1,nM,CHEMBL4799997,-6.11,2.8899999999999997,CHEMBL205,carbonic_anhydrase_II,False,False,False
NS(=O)(=O)c1ccc(NC(=O)CSC(=S)N2CCN(C(=O)c3ccco3)CC2)cc1,6.07,1,nM,CHEMBL4759737,-6.07,2.9299999999999997,CHEMBL205,carbonic_anhydrase_II,False,False,False
NS(=O)(=O)c1ccc(NC(=O)CSC(=S)N2CCN(C3CCCCC3)CC2)cc1,6.28,1,nM,CHEMBL4741640,-6.28,2.7199999999999998,CHEMBL205,carbonic_anhydrase_II,False,False,False
NS(=O)(=O)c1ccc(NC(=O)CSC(=S)N2CCN(Cc3ccc(F)cc3)CC2)cc1,6.6,1,nM,CHEMBL4783836,-6.6,2.4000000000000004,CHEMBL205,carbonic_anhydrase_II,False,False,False
NS(=O)(=O)c1ccc(NC(=O)CSC(=S)N2CCN(c3ccc([N+](=O)[O-])cc3)CC2)cc1,5.65,1,nM,CHEMBL4746908,-5.65,3.3499999999999996,CHEMBL205,carbonic_anhydrase_II,False,False,False
NS(=O)(=O)c1ccc(NC(=O)CSC(=S)N2CCN(c3ccccn3)CC2)cc1,7.41,1,nM,CHEMBL4747356,-7.41,1.5899999999999999,CHEMBL205,carbonic_anhydrase_II,False,False,False
NS(=O)(=O)c1ccc(NC(=O)CSC(=S)N2CCN(c3ncccn3)CC2)cc1,6.72,1,nM,CHEMBL4750069,-6.72,2.2800000000000002,CHEMBL205,carbonic_anhydrase_II,False,False,False
NS(=O)(=O)c1ccc(NC(=O)c2cccc(N3C(=O)CCC3=O)c2)cc1,7.47,1,nM,CHEMBL2392429,-7.47,1.5300000000000002,CHEMBL205,carbonic_anhydrase_II,False,False,False
NS(=O)(=O)c1ccc(NC(=S)NC(=O)c2ccccc2)cc1,7.21,1,nM,CHEMBL2392423,-7.21,1.79,CHEMBL205,carbonic_anhydrase_II,False,False,False
NS(=O)(=O)c1ccc(NC(=S)Nc2ccc3ncnc(Nc4cccc(C(F)(F)F)c4)c3c2)cc1,6.28,1,nM,CHEMBL4846607,-6.28,2.7199999999999998,CHEMBL205,carbonic_anhydrase_II,False,False,False
NS(=O)(=O)c1ccc(Nc2nnc(-c3cccc(S(N)(=O)=O)c3)c3ccccc23)cc1,6.34,1,nM,CHEMBL2336904,-6.34,2.66,CHEMBL205,carbonic_anhydrase_II,False,False,False
NS(=O)(=O)c1ccc(Oc2ccccc2)c(C(=O)NCc2ccccc2)c1,7.45,1,nM,CHEMBL1098205,-7.45,1.5499999999999998,CHEMBL205,carbonic_anhydrase_II,False,False,False
NS(=O)(=O)c1ccc(S(=O)(=O)CCCCO)s1,8.64,1,nM,CHEMBL104621,-8.64,0.35999999999999943,CHEMBL205,carbonic_anhydrase_II,False,False,False
NS(=O)(=O)c1ccc(SCCCCO)c(F)c1,8.82,1,nM,CHEMBL104754,-8.82,0.17999999999999972,CHEMBL205,carbonic_anhydrase_II,False,False,False
NS(=O)(=O)c1ccc(SCCO)cc1,7.22,1,nM,CHEMBL106848,-7.22,1.7800000000000002,CHEMBL205,carbonic_anhydrase_II,True,True,True
NS(=O)(=O)c1ccc(SCc2ccccc2)c(C(=O)NCc2ccccc2)c1,8.0,1,nM,CHEMBL1098206,-8.0,1.0,CHEMBL205,carbonic_anhydrase_II,False,False,False
NS(=O)(=O)c1ccc(Sc2c(F)c(F)cc(F)c2F)c(C(=O)NCCc2ccccn2)c1,7.74,1,nM,CHEMBL1095531,-7.74,1.2599999999999998,CHEMBL205,carbonic_anhydrase_II,False,False,False
NS(=O)(=O)c1ccc(Sc2c(F)c(F)cc(F)c2F)nc1,8.08,1,nM,CHEMBL1095884,-8.08,0.9199999999999999,CHEMBL205,carbonic_anhydrase_II,False,False,False
NS(=O)(=O)c1ccc(Sc2ccccc2)c(C(=O)NCc2ccccc2)c1,7.91,1,nM,CHEMBL1098496,-7.91,1.0899999999999999,CHEMBL205,carbonic_anhydrase_II,False,False,False
NS(=O)(=O)c1ccc(Sc2ccccc2)c(C(=O)NCc2ccccn2)c1,7.17,1,nM,CHEMBL1096820,-7.17,1.83,CHEMBL205,carbonic_anhydrase_II,False,False,False
NS(=O)(=O)c1ccc(Sc2ccccc2CO)c(C(=O)NCc2ccccn2)c1,6.97,1,nM,CHEMBL1098207,-6.97,2.0300000000000002,CHEMBL205,carbonic_anhydrase_II,False,False,False
NS(=O)(=O)c1ccc(Sc2ccccn2)c(C(=O)NCc2ccccn2)c1,7.08,1,nM,CHEMBL1098208,-7.08,1.92,CHEMBL205,carbonic_anhydrase_II,False,False,False
NS(=O)(=O)c1ccc([N+](=O)[O-])cc1,6.4,1,nM,CHEMBL282157,-6.4,2.5999999999999996,CHEMBL205,carbonic_anhydrase_II,False,False,False
NS(=O)(=O)c1cccc(NS(=O)(=O)c2ccc3c4c(cccc24)C(=O)N3)c1,5.41,1,nM,CHEMBL2392430,-5.41,3.59,CHEMBL205,carbonic_anhydrase_II,False,False,False
NS(=O)(=O)c1cccc([N+](=O)[O-])c1,6.39,1,nM,CHEMBL367035,-6.39,2.6100000000000003,CHEMBL205,carbonic_anhydrase_II,False,False,False
NS(=O)(=O)c1cnc(Sc2c(F)c(F)cc(F)c2F)c(C(=O)NCc2ccccn2)c1,7.63,1,nM,CHEMBL1098839,-7.63,1.37,CHEMBL205,carbonic_anhydrase_II,False,False,False
NS(=O)(=O)c1cnc(Sc2ccc(F)c(F)c2)c(CO)c1,7.1,1,nM,CHEMBL1098657,-7.1,1.9000000000000004,CHEMBL205,carbonic_anhydrase_II,False,False,False
NS(=O)(=O)c1cnc(Sc2ccccc2)c(C(=O)NCCc2ccccc2)c1,7.58,1,nM,CHEMBL1094898,-7.58,1.42,CHEMBL205,carbonic_anhydrase_II,False,False,False
NS(=O)(=O)c1nc2cc(O)ccc2s1,8.3,1,nM,CHEMBL79738,-8.3,0.6999999999999993,CHEMBL205,carbonic_anhydrase_II,False,False,False
NS(=O)(=O)c1nc2ccc(O)cc2s1,8.4,1,nM,CHEMBL6685,-8.4,0.5999999999999996,CHEMBL205,carbonic_anhydrase_II,True,True,True
NS(=O)(=O)c1nc2ccc(OC(=O)/C=C/c3ccccc3)cc2s1,7.82,1,nM,CHEMBL420961,-7.82,1.1799999999999997,CHEMBL205,carbonic_anhydrase_II,False,False,False
NS(=O)(=O)c1nc2ccc(OC(=O)C3CCCCC3)cc2s1,8.22,1,nM,CHEMBL312813,-8.22,0.7799999999999994,CHEMBL205,carbonic_anhydrase_II,False,False,False
NS(=O)(=O)c1nc2ccc(OC(=O)CC3CCCC3)cc2s1,8.22,1,nM,CHEMBL311089,-8.22,0.7799999999999994,CHEMBL205,carbonic_anhydrase_II,False,False,False
NS(=O)(=O)c1nc2ccc(OC(=O)Cc3ccc(Cl)cc3)cc2s1,8.0,1,nM,CHEMBL311440,-8.0,1.0,CHEMBL205,carbonic_anhydrase_II,False,False,False
NS(=O)(=O)c1nc2ccc(OC(=O)Cc3ccccc3)cc2s1,7.52,1,nM,CHEMBL84169,-7.52,1.4800000000000004,CHEMBL205,carbonic_anhydrase_II,False,False,False
NS(=O)(=O)c1nc2ccc(OC(=O)c3ccccc3)cc2s1,8.1,1,nM,CHEMBL82643,-8.1,0.9000000000000004,CHEMBL205,carbonic_anhydrase_II,False,False,False
NS(=O)(=O)c1nc2ccc([N+](=O)[O-])cc2s1,6.6,1,nM,CHEMBL186335,-6.6,2.4000000000000004,CHEMBL205,carbonic_anhydrase_II,False,False,False
NS(=O)(=O)c1nnc(NC(=O)c2nn(-c3cccc(/N=N/C(C(=O)c4ccccc4)C(=O)c4ccccc4)c3)c(-c3ccccc3)c2C(=O)c2ccccc2)s1,7.18,2,nM,CHEMBL503194,-7.18,1.8200000000000003,CHEMBL205,carbonic_anhydrase_II,True,True,True
NS(=O)(=O)c1nnc(NC(=O)c2nn(-c3cccc(/N=N/c4c(O)ccc5ccccc45)c3)c(-c3ccccc3)c2C(=O)c2ccccc2)s1,7.85,2,nM,CHEMBL508578,-7.85,1.1500000000000004,CHEMBL205,carbonic_anhydrase_II,True,True,True
NS(=O)(=O)c1nnc(NC(=O)c2nn(-c3cccc(/N=N/c4ccc(O)cc4)c3)c(-c3ccccc3)c2C(=O)c2ccccc2)s1,7.53,2,nM,CHEMBL510182,-7.53,1.4699999999999998,CHEMBL205,carbonic_anhydrase_II,True,True,True
NS(=O)(=O)c1nnc(NC(=O)c2nn(-c3cccc(I)c3)c(-c3ccccc3)c2C(=O)c2ccccc2)s1,6.665,2,nM,CHEMBL513820,-6.665,2.335,CHEMBL205,carbonic_anhydrase_II,True,True,True
NS(=O)(=O)c1nnc(NC(=O)c2nn(-c3cccc(O)c3)c(-c3ccccc3)c2C(=O)c2ccccc2)s1,7.29,2,nM,CHEMBL513659,-7.29,1.71,CHEMBL205,carbonic_anhydrase_II,True,True,True
N[C@@H]1CCCC[C@@H]1NC(=O)P(=O)(O)O,5.88,1,nM,CHEMBL2172751,-5.88,3.12,CHEMBL205,carbonic_anhydrase_II,False,False,False
N[C@@H]1[C@@H](O)[C@H](O)[C@@H](CO)O[C@H]1NC(=S)Nc1ccc(S(N)(=O)=O)cc1,6.69,1,nM,CHEMBL4085325,-6.69,2.3099999999999996,CHEMBL205,carbonic_anhydrase_II,False,False,False
N[C@H]1CCCC[C@@H]1NC(=O)P(=O)(O)O,5.08,1,nM,CHEMBL2172750,-5.08,3.92,CHEMBL205,carbonic_anhydrase_II,False,False,False
Nc1[nH]c2cc(Cl)ccc2c(=O)c1-c1ccccc1,5.19,1,nM,CHEMBL2019153,-5.19,3.8099999999999996,CHEMBL205,carbonic_anhydrase_II,False,False,False
Nc1[nH]c2ccc(Cl)cc2c(=O)c1-c1ccccc1,5.04,1,nM,CHEMBL2019152,-5.04,3.96,CHEMBL205,carbonic_anhydrase_II,False,False,False
Nc1cc(C(F)(F)F)c(S(N)(=O)=O)cc1S(N)(=O)=O,6.47,1,nM,CHEMBL418,-6.47,2.5300000000000002,CHEMBL205,carbonic_anhydrase_II,True,True,True
Nc1cc(Cl)c(S(N)(=O)=O)cc1S(N)(=O)=O,7.02,1,nM,CHEMBL266240,-7.02,1.9800000000000004,CHEMBL205,carbonic_anhydrase_II,True,True,True
Nc1ccc(-n2nc(C(=O)Nc3nnc(S(N)(=O)=O)s3)c(C(=O)c3ccccc3)c2-c2ccccc2)cc1,5.59,2,nM,CHEMBL513141,-5.59,3.41,CHEMBL205,carbonic_anhydrase_II,True,True,True
Nc1ccc(Nc2nnc(-c3cccc(S(N)(=O)=O)c3)c3ccccc23)cc1,6.83,1,nM,CHEMBL2336902,-6.83,2.17,CHEMBL205,carbonic_anhydrase_II,False,False,False
Nc1ccc(S(N)(=O)=O)cc1,6.1,4,nM,CHEMBL21,-6.1,2.9000000000000004,CHEMBL205,carbonic_anhydrase_II,True,True,True
Nc1ccc(S(N)(=O)=O)cc1Br,6.21,1,nM,CHEMBL6724,-6.21,2.79,CHEMBL205,carbonic_anhydrase_II,True,True,True
Nc1ccc(S(N)(=O)=O)cc1Cl,6.25,1,nM,CHEMBL7092,-6.25,2.75,CHEMBL205,carbonic_anhydrase_II,True,True,True
Nc1ccc(S(N)(=O)=O)cc1F,5.52,1,nM,CHEMBL6853,-5.52,3.4800000000000004,CHEMBL205,carbonic_anhydrase_II,True,True,True
Nc1ccc(S(N)(=O)=O)cc1I,5.76,1,nM,CHEMBL268177,-5.76,3.24,CHEMBL205,carbonic_anhydrase_II,True,True,True
Nc1ccc2cc(S(N)(=O)=O)oc2c1,7.6,1,nM,CHEMBL355157,-7.6,1.4000000000000004,CHEMBL205,carbonic_anhydrase_II,False,False,False
Nc1ccc2cc(S(N)(=O)=O)sc2c1,8.0,1,nM,CHEMBL85910,-8.0,1.0,CHEMBL205,carbonic_anhydrase_II,False,False,False
Nc1ccc2oc(S(N)(=O)=O)cc2c1,8.05,1,nM,CHEMBL164126,-8.05,0.9499999999999993,CHEMBL205,carbonic_anhydrase_II,False,False,False
Nc1cccc(-n2nc(C(=O)Nc3nnc(S(N)(=O)=O)s3)c(C(=O)c3ccccc3)c2-c2ccccc2)c1,5.5649999999999995,2,nM,CHEMBL513840,-5.5649999999999995,3.4350000000000005,CHEMBL205,carbonic_anhydrase_II,True,True,True
Nc1ccccc1S(N)(=O)=O,5.58,1,nM,CHEMBL6705,-5.58,3.42,CHEMBL205,carbonic_anhydrase_II,True,True,True
Nc1nccc(Nc2ccc(S(N)(=O)=O)cc2)n1,7.05,1,nM,CHEMBL6633,-7.05,1.9500000000000002,CHEMBL205,carbonic_anhydrase_II,False,False,False
Nc1nnc(S(N)(=O)=O)s1,5.52,4,nM,CHEMBL265674,-5.52,3.4800000000000004,CHEMBL205,carbonic_anhydrase_II,True,True,True
Nc1oc2cc(Cl)ccc2c(=O)c1-c1ccc(Cl)cc1,5.08,1,nM,CHEMBL2019141,-5.08,3.92,CHEMBL205,carbonic_anhydrase_II,False,False,False
Nc1oc2cc(Cl)ccc2c(=O)c1-c1ccccc1,5.17,1,nM,CHEMBL2019138,-5.17,3.83,CHEMBL205,carbonic_anhydrase_II,False,False,False
Nc1oc2ccc(Cl)cc2c(=O)c1-c1ccc(Cl)cc1,5.44,1,nM,CHEMBL2019140,-5.44,3.5599999999999996,CHEMBL205,carbonic_anhydrase_II,True,True,True
Nc1oc2ccc(Cl)cc2c(=O)c1-c1ccccc1,4.44,1,nM,CHEMBL2019137,-4.44,4.56,CHEMBL205,carbonic_anhydrase_II,False,False,False
Nc1oc2ccccc2c(=O)c1-c1ccc(Cl)cc1,5.06,1,nM,CHEMBL2019139,-5.06,3.9400000000000004,CHEMBL205,carbonic_anhydrase_II,False,False,False
Nc1oc2ccccc2c(=O)c1-c1ccccc1,5.03,1,nM,CHEMBL2019136,-5.03,3.9699999999999998,CHEMBL205,carbonic_anhydrase_II,False,False,False
O=C(/C=C/c1cn(S(=O)(=O)c2ccc(Cl)cc2)c2ccccc12)c1ccncc1,4.87,1,nM,CHEMBL4169670,-4.87,4.13,CHEMBL205,carbonic_anhydrase_II,False,False,False
O=C(/C=C/c1cn(S(=O)(=O)c2ccc(Cl)cc2Cl)c2ccccc12)c1ccncc1,5.04,1,nM,CHEMBL4160867,-5.04,3.96,CHEMBL205,carbonic_anhydrase_II,False,False,False
O=C(/C=C/c1cn(S(=O)(=O)c2ccc([N+](=O)[O-])cc2)c2ccccc12)c1ccncc1,4.85,1,nM,CHEMBL4174859,-4.85,4.15,CHEMBL205,carbonic_anhydrase_II,False,False,False
O=C(/C=C/c1cn(S(=O)(=O)c2cccc([N+](=O)[O-])c2)c2ccccc12)c1ccncc1,4.61,1,nM,CHEMBL4166636,-4.61,4.39,CHEMBL205,carbonic_anhydrase_II,False,False,False
O=C(/C=C/c1cn(S(=O)(=O)c2cccc3ccccc23)c2ccccc12)c1ccncc1,4.19,1,nM,CHEMBL4169120,-4.19,4.81,CHEMBL205,carbonic_anhydrase_II,False,False,False
O=C(/C=C/c1cn(S(=O)(=O)c2ccccc2[N+](=O)[O-])c2ccccc12)c1ccncc1,4.44,1,nM,CHEMBL4167235,-4.44,4.56,CHEMBL205,carbonic_anhydrase_II,False,False,False
O=C(CSC(=S)NN1CCCCC1)NCc1ccc2c(c1)OCO2,9.19,1,nM,CHEMBL4089189,-9.19,-0.1899999999999995,CHEMBL205,carbonic_anhydrase_II,False,False,False
O=C(CSC(=S)NN1CCN(c2ccc([N+](=O)[O-])cc2)CC1)NCc1ccc2c(c1)OCO2,9.1,1,nM,CHEMBL4090426,-9.1,-0.09999999999999964,CHEMBL205,carbonic_anhydrase_II,False,False,False
O=C(CSC(=S)NN1CCN(c2ncccn2)CC1)NCc1ccc2c(c1)OCO2,9.07,1,nM,CHEMBL4069396,-9.07,-0.07000000000000028,CHEMBL205,carbonic_anhydrase_II,False,False,False
O=C(CSC(=S)NN1CCOCC1)NCc1ccc2c(c1)OCO2,9.54,1,nM,CHEMBL4081323,-9.54,-0.5399999999999991,CHEMBL205,carbonic_anhydrase_II,False,False,False
O=C(CSC(=S)NN1CCSCC1)NCc1ccc2c(c1)OCO2,9.47,1,nM,CHEMBL4099344,-9.47,-0.47000000000000064,CHEMBL205,carbonic_anhydrase_II,False,False,False
O=C(CSc1nnc(Nc2ccccc2)s1)N/N=C/c1ccc(-c2ccc(Br)cc2)o1,9.39,1,nM,CHEMBL4075535,-9.39,-0.39000000000000057,CHEMBL205,carbonic_anhydrase_II,True,True,True
O=C(CSc1nnc(Nc2ccccc2)s1)N/N=C/c1ccc(-c2ccc(Cl)cc2)o1,9.72,1,nM,CHEMBL4100496,-9.72,-0.7200000000000006,CHEMBL205,carbonic_anhydrase_II,True,True,True
O=C(CSc1nnc(Nc2ccccc2)s1)N/N=C/c1ccc(-c2ccc(Cl)cc2Cl)o1,9.41,1,nM,CHEMBL4097972,-9.41,-0.41000000000000014,CHEMBL205,carbonic_anhydrase_II,True,True,True
O=C(CSc1nnc(Nc2ccccc2)s1)N/N=C/c1ccc(-c2cccc(Cl)c2)o1,9.28,1,nM,CHEMBL4064130,-9.28,-0.27999999999999936,CHEMBL205,carbonic_anhydrase_II,True,True,True
O=C(CSc1nnc(Nc2ccccc2)s1)N/N=C/c1ccc(-c2cccc([N+](=O)[O-])c2)o1,9.33,1,nM,CHEMBL4072122,-9.33,-0.33000000000000007,CHEMBL205,carbonic_anhydrase_II,True,True,True
O=C(CSc1nnc(Nc2ccccc2)s1)N/N=C/c1ccc(-c2ccccc2Cl)o1,9.82,1,nM,CHEMBL4105008,-9.82,-0.8200000000000003,CHEMBL205,carbonic_anhydrase_II,True,True,True
O=C(CSc1nnc(Nc2ccccc2)s1)N/N=C/c1ccc(-c2ccccc2[N+](=O)[O-])o1,9.47,1,nM,CHEMBL4073678,-9.47,-0.47000000000000064,CHEMBL205,carbonic_anhydrase_II,True,True,True
O=C(NC1CCCC1)P(=O)(O)O,5.13,1,nM,CHEMBL316997,-5.13,3.87,CHEMBL205,carbonic_anhydrase_II,False,False,False
O=C(NC1CCCCC1)P(=O)(O)O,5.05,1,nM,CHEMBL329784,-5.05,3.95,CHEMBL205,carbonic_anhydrase_II,False,False,False
O=C(NC1CCCCCCC1)P(=O)(O)O,5.1,1,nM,CHEMBL97709,-5.1,3.9000000000000004,CHEMBL205,carbonic_anhydrase_II,False,False,False
O=C(NCC1CCCCC1)P(=O)(O)O,5.04,1,nM,CHEMBL97951,-5.04,3.96,CHEMBL205,carbonic_anhydrase_II,False,False,False
O=C(NCCCCCCNS(=O)(=O)c1ccc(Oc2ccccc2)cc1)P(=O)(O)O,7.0,1,nM,CHEMBL2172744,-7.0,2.0,CHEMBL205,carbonic_anhydrase_II,False,False,False
O=C(NCCCCCNS(=O)(=O)c1ccc(Oc2ccccc2)cc1)P(=O)(O)O,6.51,1,nM,CHEMBL2170080,-6.51,2.49,CHEMBL205,carbonic_anhydrase_II,False,False,False
O=C(NCCCCNC(=O)P(=O)(O)O)P(=O)(O)O,5.05,1,nM,CHEMBL2172748,-5.05,3.95,CHEMBL205,carbonic_anhydrase_II,False,False,False
O=C(NCCCCNS(=O)(=O)c1ccc(Oc2ccccc2)cc1)P(=O)(O)O,7.0,1,nM,CHEMBL2170079,-7.0,2.0,CHEMBL205,carbonic_anhydrase_II,False,False,False
O=C(NCCCNS(=O)(=O)c1ccc(Oc2ccccc2)cc1)P(=O)(O)O,6.24,1,nM,CHEMBL2170078,-6.24,2.76,CHEMBL205,carbonic_anhydrase_II,False,False,False
O=C(NCCN1CCCC1)P(=O)(O)O,5.01,1,nM,CHEMBL1801472,-5.01,3.99,CHEMBL205,carbonic_anhydrase_II,False,False,False
O=C(NCCN1CCCCC1)P(=O)(O)O,5.07,1,nM,CHEMBL1801471,-5.07,3.9299999999999997,CHEMBL205,carbonic_anhydrase_II,False,False,False
O=C(NCCNC(=O)P(=O)(O)O)c1ccc(Oc2ccccc2)cc1,6.21,1,nM,CHEMBL2172745,-6.21,2.79,CHEMBL205,carbonic_anhydrase_II,False,False,False
O=C(NCCNS(=O)(=O)c1ccc(Oc2ccccc2)cc1)P(=O)(O)O,6.09,1,nM,CHEMBL2170077,-6.09,2.91,CHEMBL205,carbonic_anhydrase_II,False,False,False
O=C(NCCc1ccccc1)P(=O)(O)O,5.1,1,nM,CHEMBL24447,-5.1,3.9000000000000004,CHEMBL205,carbonic_anhydrase_II,False,False,False
O=C(NNC(=S)Nc1ccc(Cl)c(Cl)c1)c1ccccc1O,7.54,1,nM,CHEMBL4476621,-7.54,1.46,CHEMBL205,carbonic_anhydrase_II,False,False,False
O=C(NO)C(F)(F)F,5.42,2,nM,CHEMBL331715,-5.42,3.58,CHEMBL205,carbonic_anhydrase_II,False,False,False
O=C(Nc1ccc(OS(=O)(=O)c2ccccc2)cc1)C12CC3CC(CC(C3)C1)C2,6.06,1,nM,CHEMBL5404116,-6.06,2.9400000000000004,CHEMBL205,carbonic_anhydrase_II,False,False,False
O=C(O)c1c(O)cc([N+](=O)[O-])cc1[N+](=O)[O-],5.55,1,nM,CHEMBL447810,-5.55,3.45,CHEMBL205,carbonic_anhydrase_II,False,False,False
O=C(O)c1cc(-c2ccc(F)cc2F)ccc1O,5.57,1,nM,CHEMBL898,-5.57,3.4299999999999997,CHEMBL205,carbonic_anhydrase_II,False,False,False
O=C(O)c1cc(/N=N/c2ccc(S(=O)(=O)Nc3ccccn3)cc2)ccc1O,5.35,1,nM,CHEMBL421,-5.35,3.6500000000000004,CHEMBL205,carbonic_anhydrase_II,False,False,False
O=C(O)c1cc(Cl)ccc1O,6.14,1,nM,CHEMBL1375,-6.14,2.8600000000000003,CHEMBL205,carbonic_anhydrase_II,True,True,True
O=C1/C(=C\c2ccc(O)c(O)c2)S/C(=N/c2ccccc2)N1Cc1ccncc1,4.57,1,nM,CHEMBL4172916,-4.57,4.43,CHEMBL205,carbonic_anhydrase_II,False,False,False
O=C1/C(=C\c2ccc([N+](=O)[O-])cc2)S/C(=N/c2ccccc2)N1Cc1ccncc1,4.84,1,nM,CHEMBL4177384,-4.84,4.16,CHEMBL205,carbonic_anhydrase_II,False,False,False
O=P(O)(O)C(NS(=O)(=O)c1ccc(-c2ccc(Cl)cc2)cc1)P(=O)(O)O,5.58,1,nM,CHEMBL3291011,-5.58,3.42,CHEMBL205,carbonic_anhydrase_II,False,False,False
O=P(O)(O)C(NS(=O)(=O)c1ccc(-c2ccccc2)cc1)P(=O)(O)O,5.85,1,nM,CHEMBL3291009,-5.85,3.1500000000000004,CHEMBL205,carbonic_anhydrase_II,False,False,False
O=P(O)(O)C(NS(=O)(=O)c1ccc(-c2cccs2)cc1)P(=O)(O)O,6.3,1,nM,CHEMBL3291010,-6.3,2.7,CHEMBL205,carbonic_anhydrase_II,False,False,False
O=P(O)(O)C(NS(=O)(=O)c1ccc(Cl)cc1)P(=O)(O)O,5.21,1,nM,CHEMBL3291001,-5.21,3.79,CHEMBL205,carbonic_anhydrase_II,False,False,False
O=P(O)(O)C(Nc1ccc(O)cc1)P(=O)(O)O,5.09,1,nM,CHEMBL2440438,-5.09,3.91,CHEMBL205,carbonic_anhydrase_II,False,False,False
O=P(O)(O)C(Nc1ccc(Oc2ccc(Br)cc2)cc1)P(=O)(O)O,5.13,1,nM,CHEMBL2440432,-5.13,3.87,CHEMBL205,carbonic_anhydrase_II,False,False,False
O=P(O)(O)C(Nc1ccc(Oc2ccc(Cl)cc2)cc1)P(=O)(O)O,5.03,1,nM,CHEMBL2440431,-5.03,3.9699999999999998,CHEMBL205,carbonic_anhydrase_II,False,False,False
O=P(O)(O)C(Nc1cccc(-c2ccccc2)c1)P(=O)(O)O,5.03,1,nM,CHEMBL55371,-5.03,3.9699999999999998,CHEMBL205,carbonic_anhydrase_II,False,False,False
O=P(O)(O)C(Nc1cccc2ccccc12)P(=O)(O)O,5.04,1,nM,CHEMBL2440429,-5.04,3.96,CHEMBL205,carbonic_anhydrase_II,False,False,False
O=P(O)(O)C(O)(Cn1ccnc1)P(=O)(O)O,7.21,2,nM,CHEMBL4303669,-7.21,1.79,CHEMBL205,carbonic_anhydrase_II,False,False,False
O=S(=O)(Oc1ccc(-c2ccc3occc3c2)cc1)c1ccc(F)cc1,6.85,1,nM,CHEMBL4447079,-6.85,2.1500000000000004,CHEMBL205,carbonic_anhydrase_II,False,False,False
O=S(=O)(Oc1ccc(-c2ccc3occc3c2)cc1)c1ccccc1,6.39,1,nM,CHEMBL4554647,-6.39,2.6100000000000003,CHEMBL205,carbonic_anhydrase_II,False,False,False
O=S(=O)(Oc1ccc(-c2ccc3sccc3c2)cc1)c1ccc(F)cc1,5.68,1,nM,CHEMBL4528023,-5.68,3.3200000000000003,CHEMBL205,carbonic_anhydrase_II,False,False,False
O=S(=O)(Oc1ccc(-c2ccc3sccc3c2)cc1)c1ccccc1,5.83,1,nM,CHEMBL4540118,-5.83,3.17,CHEMBL205,carbonic_anhydrase_II,False,False,False
O=[N+]([O-])O[C@@H]1CC2CCC1[C@@H]2O,4.19,1,nM,CHEMBL1094857,-4.19,4.81,CHEMBL205,carbonic_anhydrase_II,False,False,False
O=[N+]([O-])O[C@@H]1CC2c3ccccc3C1[C@@H]2O,4.01,1,nM,CHEMBL1094528,-4.01,4.99,CHEMBL205,carbonic_anhydrase_II,False,False,False
O=[N+]([O-])O[C@H]1CC2CCC1[C@@H]2O,4.14,1,nM,CHEMBL1094856,-4.14,4.86,CHEMBL205,carbonic_anhydrase_II,False,False,False
O=[N+]([O-])O[C@H]1C[C@H](O[N+](=O)[O-])[C@@H](O)C[C@@H]1O,4.06,1,nM,CHEMBL1094530,-4.06,4.94,CHEMBL205,carbonic_anhydrase_II,False,False,False
O=[N+]([O-])c1ccc(-c2ccc(S(=O)(=O)NC(P(=O)(O)O)P(=O)(O)O)cc2)cc1,7.15,1,nM,CHEMBL3291013,-7.15,1.8499999999999996,CHEMBL205,carbonic_anhydrase_II,False,False,False
O=[N+]([O-])c1ccc(OP(=O)(O)O)cc1,7.2,1,nM,CHEMBL24231,-7.2,1.7999999999999998,CHEMBL205,carbonic_anhydrase_II,False,False,False
O=[N+]([O-])c1ccc(S(=O)(=O)NC(P(=O)(O)O)P(=O)(O)O)cc1,5.74,1,nM,CHEMBL3291007,-5.74,3.26,CHEMBL205,carbonic_anhydrase_II,False,False,False
O=[N+]([O-])c1ccc(S(=O)(=O)Nc2ccccc2)cc1,5.13,1,nM,CHEMBL362436,-5.13,3.87,CHEMBL205,carbonic_anhydrase_II,False,False,False
O=[N+]([O-])c1cccc(S(=O)(=O)NC(P(=O)(O)O)P(=O)(O)O)c1,5.42,1,nM,CHEMBL3291008,-5.42,3.58,CHEMBL205,carbonic_anhydrase_II,False,False,False
O=c1cc(C[n+]2cn(Cc3ccc4ccccc4c3)c3ccccc32)c2ccc(O)c(O)c2o1,5.22,1,nM,CHEMBL5180694,-5.22,3.7800000000000002,CHEMBL205,carbonic_anhydrase_II,False,False,False
O=c1cc(C[n+]2cn(Cc3ccc4ccccc4c3)c3ccccc32)c2ccc(O)cc2o1,5.22,1,nM,CHEMBL5194812,-5.22,3.7800000000000002,CHEMBL205,carbonic_anhydrase_II,False,False,False
O=c1cc(Cn2c[n+](CCCCCn3c[n+](Cc4cc(=O)oc5cc(O)ccc45)c4ccccc43)c3ccccc32)c2ccc(O)cc2o1,4.05,1,nM,CHEMBL5179974,-4.05,4.95,CHEMBL205,carbonic_anhydrase_II,False,False,False
O=c1cc(Cn2c[n+](CCCCn3c[n+](Cc4cc(=O)oc5cc(O)ccc45)c4ccccc43)c3ccccc32)c2ccc(O)cc2o1,4.03,1,nM,CHEMBL5174251,-4.03,4.97,CHEMBL205,carbonic_anhydrase_II,False,False,False
O=c1oc2cc(O)ccc2s1,5.75,1,nM,CHEMBL442687,-5.75,3.25,CHEMBL205,carbonic_anhydrase_II,False,False,False
O=c1oc2ccccc2c(Cl)c1/C=N/c1ccc(S(=O)(=O)Nc2nccs2)cc1,7.24,1,nM,CHEMBL2408075,-7.24,1.7599999999999998,CHEMBL205,carbonic_anhydrase_II,False,False,False
[Cl-],5.94,1,nM,CHEMBL1200679,-5.94,3.0599999999999996,CHEMBL205,carbonic_anhydrase_II,False,False,False
[NH-]S(=O)(=O)C(F)(F)C(F)(F)C(F)(F)C(F)(F)C(F)(F)C(F)(F)F,6.91,1,nM,CHEMBL1076889,-6.91,2.09,CHEMBL205,carbonic_anhydrase_II,False,False,False
