std_smiles,pchembl_median,n_measurements,any_units,any_mol_id,log_ic50_m,log_ic50_nM,target_chembl_id,target_name,leak_exact,leak_tani,leak_any
C#CCN(C)C(=O)CC1CN(S(=O)(=O)c2cc3cc(Cl)ccc3[nH]2)CCN1C(=O)c1ccc(C2=NCCN2C)cc1,7.85,1,nM,CHEMBL64904,-7.85,1.1500000000000004,CHEMBL244,coagulation_factor_X,False,False,False
C#CCN(C)C(=O)CC1CN(S(=O)(=O)c2cc3ccc(Cl)cc3s2)CCN1C(=O)c1ccc(C2=NCCN2C)cc1,7.72,1,nM,CHEMBL291644,-7.72,1.2800000000000002,CHEMBL244,coagulation_factor_X,False,False,False
C#CCO[C@@H]1C[C@]23CC[C@H]4[C@@](C)(CCC[C@@]4(C)C(=O)OCC)[C@@H]2CC[C@@]1(C)C3,4.49,1,nM,CHEMBL4639518,-4.49,4.51,CHEMBL244,coagulation_factor_X,False,False,False
C#Cc1ccc(-c2ccc(C(=O)NCC(C)C)cc2C(=O)O)c(C(=O)Nc2ccc(C(=N)N)cc2)c1,8.09,1,nM,CHEMBL487956,-8.09,0.9100000000000001,CHEMBL244,coagulation_factor_X,False,False,False
C#Cc1ccc(NC(=O)c2cc(Cl)ccc2NC(=O)c2ccc(C(=N)N(C)C)cc2)cc1,9.05,1,nM,CHEMBL470905,-9.05,-0.05000000000000071,CHEMBL244,coagulation_factor_X,False,False,False
C#Cc1ccc(NC(=O)c2cc(Cl)ccc2NC(=O)c2ccc(C(=N)N(C)C)cc2)nc1,9.1,1,nM,CHEMBL513218,-9.1,-0.09999999999999964,CHEMBL244,coagulation_factor_X,False,False,False
C#Cc1ccc(NC(=O)c2cc(OC)ccc2NC(=O)c2nc3c(s2)CN(C)CC3)cc1,7.7,1,nM,CHEMBL4530584,-7.7,1.2999999999999998,CHEMBL244,coagulation_factor_X,False,False,False
C/C(=C(/F)C(=O)Nc1ccc(-c2ccccc2S(N)(=O)=O)cc1)c1ccc2ccnc(N)c2c1,6.06,1,nM,CHEMBL62362,-6.06,2.9400000000000004,CHEMBL244,coagulation_factor_X,False,False,False
C/C(=C(/F)C(=O)Nc1ccc(-c2ccccc2S(N)(=O)=O)cc1)c1ccc2ncnc(N)c2c1,6.57,1,nM,CHEMBL303526,-6.57,2.4299999999999997,CHEMBL244,coagulation_factor_X,False,False,False
C/C(=C(\CC(=O)O)C(=O)Nc1ccc(-c2ccccc2S(N)(=O)=O)cc1)c1cccc(C(=N)N)c1,6.63,1,nM,CHEMBL39425,-6.63,2.37,CHEMBL244,coagulation_factor_X,False,False,False
C/C(=C(\CC(N)=O)C(=O)Nc1ccc(-c2ccccc2S(N)(=O)=O)cc1)c1cccc(C(=N)N)c1,7.0,2,nM,CHEMBL40162,-7.0,2.0,CHEMBL244,coagulation_factor_X,False,False,False
C/C(=C(\F)C(=O)Nc1ccc(-c2ccccc2C#N)cc1)c1ccc2ccnc(N)c2c1,6.72,1,nM,CHEMBL60097,-6.72,2.2800000000000002,CHEMBL244,coagulation_factor_X,False,False,False
C/C(=C(\F)C(=O)Nc1ccc(-c2ccccc2C(N)=O)cc1)c1ccc2ccnc(N)c2c1,6.66,1,nM,CHEMBL62959,-6.66,2.34,CHEMBL244,coagulation_factor_X,False,False,False
C/C(=C(\F)C(=O)Nc1ccc(-c2ccccc2S(N)(=O)=O)cc1)c1cc(Cl)ccc1C#N,5.02,1,nM,CHEMBL303776,-5.02,3.9800000000000004,CHEMBL244,coagulation_factor_X,False,False,False
C/C(=C(\F)C(=O)Nc1ccc(-c2ccccc2S(N)(=O)=O)cc1)c1cc(N)ccc1[N+](=O)[O-],6.6,1,nM,CHEMBL64942,-6.6,2.4000000000000004,CHEMBL244,coagulation_factor_X,False,False,False
C/C(=C(\F)C(=O)Nc1ccc(-c2ccccc2S(N)(=O)=O)cc1)c1ccc(F)c(C(=N)N)c1,8.44,1,nM,CHEMBL40074,-8.44,0.5600000000000005,CHEMBL244,coagulation_factor_X,False,False,False
C/C(=C(\F)C(=O)Nc1ccc(-c2ccccc2S(N)(=O)=O)cc1)c1ccc2[nH]nc(N)c2c1,5.23,1,nM,CHEMBL103041,-5.23,3.7699999999999996,CHEMBL244,coagulation_factor_X,False,False,False
C/C(=C(\F)C(=O)Nc1ccc(-c2ccccc2S(N)(=O)=O)cc1)c1ccc2ccnc(N)c2c1,7.85,1,nM,CHEMBL302841,-7.85,1.1500000000000004,CHEMBL244,coagulation_factor_X,False,False,False
C/C(=C(\F)C(=O)Nc1ccc(-c2ccccc2S(N)(=O)=O)cc1)c1cccc(C(=N)N)c1,9.0,2,nM,CHEMBL286915,-9.0,0.0,CHEMBL244,coagulation_factor_X,False,False,False
C/C(=C(\F)C(=O)Nc1ccc(-c2ccccc2S(N)(=O)=O)cc1)c1cccc(C(=N)N2CCC2)c1,6.05,1,nM,CHEMBL317054,-6.05,2.95,CHEMBL244,coagulation_factor_X,False,False,False
C/C(=C(\F)C(=O)Nc1ccc(-c2ccccc2S(N)(=O)=O)cc1)c1cccc(C(=N)NC#N)c1,6.6,1,nM,CHEMBL99691,-6.6,2.4000000000000004,CHEMBL244,coagulation_factor_X,False,False,False
C/C(=C(\F)C(=O)Nc1ccc(-c2ccccc2S(N)(=O)=O)cc1)c1cccc(C(=N)NC2CC2)c1,5.79,1,nM,CHEMBL102791,-5.79,3.21,CHEMBL244,coagulation_factor_X,False,False,False
C/C(=C(\F)C(=O)Nc1ccc(-c2ccccc2S(N)(=O)=O)cc1)c1cccc(C(=N)NN(C)C)c1,6.31,1,nM,CHEMBL419350,-6.31,2.6900000000000004,CHEMBL244,coagulation_factor_X,False,False,False
C/C(=C(\F)C(=O)Nc1ccc(-c2ccccc2S(N)(=O)=O)cc1)c1cccc(C(=N)NNCC(F)(F)F)c1,6.38,1,nM,CHEMBL103548,-6.38,2.62,CHEMBL244,coagulation_factor_X,False,False,False
C/C(=C(\F)C(=O)Nc1ccc(-c2ccccc2S(N)(=O)=O)cc1)c1cccc(C(=N)NNc2ccccc2)c1,6.12,1,nM,CHEMBL100059,-6.12,2.88,CHEMBL244,coagulation_factor_X,False,False,False
C/C(=C(\F)C(=O)Nc1ccc(-c2ccccc2S(N)(=O)=O)cc1)c1cccc(C(=N)NO)c1,6.36,1,nM,CHEMBL322375,-6.36,2.6399999999999997,CHEMBL244,coagulation_factor_X,False,False,False
C/C(=C(\F)C(=O)Nc1ccc(-c2ccccc2S(N)(=O)=O)cc1)c1cccc(C(N)=O)c1,6.04,1,nM,CHEMBL64448,-6.04,2.96,CHEMBL244,coagulation_factor_X,False,False,False
C/C(=C(\F)C(=O)Nc1ccc(-c2ccccc2S(N)(=O)=O)cc1)c1cccc(CN)c1,5.89,1,nM,CHEMBL62781,-5.89,3.1100000000000003,CHEMBL244,coagulation_factor_X,False,False,False
C/C(=C(\F)C(=O)Nc1ccc(-c2ccccc2S(N)(=O)=O)cc1Br)c1cc(Br)ccc1[N+](=O)[O-],5.54,1,nM,CHEMBL63074,-5.54,3.46,CHEMBL244,coagulation_factor_X,False,False,False
C/C(=C(\F)C(=O)Nc1ccc(-c2ccccc2S(N)(=O)=O)cc1Br)c1ccc(F)c(C(=N)N)c1,9.12,1,nM,CHEMBL288820,-9.12,-0.11999999999999922,CHEMBL244,coagulation_factor_X,False,False,False
C/C(=C(\F)C(=O)Nc1ccc(-c2ccccc2S(N)(=O)=O)cc1Br)c1ccc2ccnc(N)c2c1,8.15,1,nM,CHEMBL63088,-8.15,0.8499999999999996,CHEMBL244,coagulation_factor_X,False,False,False
C/C(=C(\F)C(=O)Nc1ccc(-c2ccccc2S(N)(=O)=O)cc1Br)c1cccc(C(=N)N)c1,9.3,2,nM,CHEMBL288232,-9.3,-0.3000000000000007,CHEMBL244,coagulation_factor_X,False,False,False
C/C(=C(\F)C(=O)Nc1ccc(-c2ccccc2S(N)(=O)=O)cc1Br)c1cccc(C(=N)NN)c1,7.24,1,nM,CHEMBL320865,-7.24,1.7599999999999998,CHEMBL244,coagulation_factor_X,False,False,False
C/C(=C(\F)C(=O)Nc1ccc(-c2ccccc2S(N)(=O)=O)cc1Br)c1cccc(C(=N)NO)c1,5.93,1,nM,CHEMBL99893,-5.93,3.0700000000000003,CHEMBL244,coagulation_factor_X,False,False,False
C/C(=C(\F)C(=O)Nc1ccc(-c2ccccc2S(N)(=O)=O)cc1C(N)=O)c1ccc2ccnc(N)c2c1,5.96,1,nM,CHEMBL65091,-5.96,3.04,CHEMBL244,coagulation_factor_X,False,False,False
C/C(=C(\F)C(=O)Nc1ccc(-c2ccccc2S(N)(=O)=O)cc1Cl)c1ccc(F)c(C(=N)N)c1,9.13,1,nM,CHEMBL39297,-9.13,-0.13000000000000078,CHEMBL244,coagulation_factor_X,False,False,False
C/C(=C(\F)C(=O)Nc1ccc(-c2ccccc2S(N)(=O)=O)cc1Cl)c1ccc2ccnc(N)c2c1,7.96,1,nM,CHEMBL63041,-7.96,1.04,CHEMBL244,coagulation_factor_X,False,False,False
C/C(=C(\F)C(=O)Nc1ccc(-c2ccccc2S(N)(=O)=O)cc1Cl)c1cccc(C(=N)N)c1,9.3,2,nM,CHEMBL38201,-9.3,-0.3000000000000007,CHEMBL244,coagulation_factor_X,False,False,False
C/C(=C(\F)C(=O)Nc1ccc(-c2ccccc2S(N)(=O)=O)cc1Cl)c1cccc(C(=N)NN)c1,7.39,1,nM,CHEMBL103744,-7.39,1.6100000000000003,CHEMBL244,coagulation_factor_X,False,False,False
C/C(=C(\F)C(=O)Nc1ccc(-c2ccccc2S(N)(=O)=O)cc1Cl)c1cccc(C(=N)NO)c1,6.12,1,nM,CHEMBL319565,-6.12,2.88,CHEMBL244,coagulation_factor_X,False,False,False
C/C(=C(\F)C(=O)Nc1ccc(-c2ccccc2S(N)(=O)=O)cc1F)c1cc(C(=N)N)ccc1N,8.59,1,nM,CHEMBL40129,-8.59,0.41000000000000014,CHEMBL244,coagulation_factor_X,False,False,False
C/C(=C(\F)C(=O)Nc1ccc(-c2ccccc2S(N)(=O)=O)cc1F)c1cc(C(=N)N)ccc1[N+](=O)[O-],7.82,1,nM,CHEMBL284541,-7.82,1.1799999999999997,CHEMBL244,coagulation_factor_X,False,False,False
C/C(=C(\F)C(=O)Nc1ccc(-c2ccccc2S(N)(=O)=O)cc1F)c1ccc(F)c(C(=N)N)c1,8.82,1,nM,CHEMBL36276,-8.82,0.17999999999999972,CHEMBL244,coagulation_factor_X,False,False,False
C/C(=C(\F)C(=O)Nc1ccc(-c2ccccc2S(N)(=O)=O)cc1F)c1ccc2ccnc(N)c2c1,8.3,1,nM,CHEMBL62288,-8.3,0.6999999999999993,CHEMBL244,coagulation_factor_X,False,False,False
C/C(=C(\F)C(=O)Nc1ccc(-c2ccccc2S(N)(=O)=O)cc1F)c1cccc(C(=N)N)c1,9.7,2,nM,CHEMBL287252,-9.7,-0.6999999999999993,CHEMBL244,coagulation_factor_X,False,False,False
C/C(=C(\F)C(=O)Nc1ccc(-c2ccccc2S(N)(=O)=O)cc1F)c1cccc(C(=N)NN)c1,6.96,1,nM,CHEMBL317638,-6.96,2.04,CHEMBL244,coagulation_factor_X,False,False,False
C/C(=C(\F)C(=O)Nc1ccc(-c2ccccc2S(N)(=O)=O)cc1F)c1cccc(C(=N)NO)c1,5.8,1,nM,CHEMBL103459,-5.8,3.2,CHEMBL244,coagulation_factor_X,False,False,False
C/C(=C(\F)C(=O)Nc1ccc(-c2ccccc2S(N)(=O)=O)cc1F)c1cccc(C(=N)S)c1,6.85,1,nM,CHEMBL303288,-6.85,2.1500000000000004,CHEMBL244,coagulation_factor_X,False,False,False
C/C(=C(\F)C(=O)Nc1ccc(-c2ccccc2S(N)(=O)=O)cn1)c1ccc2ccnc(N)c2c1,7.85,1,nM,CHEMBL291643,-7.85,1.1500000000000004,CHEMBL244,coagulation_factor_X,False,False,False
C/C(=C(\F)C(=O)Nc1ccc(-c2ccnc(C(N)=O)c2)cc1)c1ccc2ccnc(N)c2c1,5.82,1,nM,CHEMBL65550,-5.82,3.1799999999999997,CHEMBL244,coagulation_factor_X,False,False,False
C/C(=C(\F)C(=O)Nc1ccc(-c2ccncc2S(C)(=O)=O)cc1)c1ccc2ccnc(N)c2c1,8.15,1,nM,CHEMBL407973,-8.15,0.8499999999999996,CHEMBL244,coagulation_factor_X,False,False,False
C/C(=C(\F)C(=O)Nc1ccc(-c2ccncc2[S+](C)[O-])cc1F)c1ccc2ccnc(N)c2c1,5.82,1,nM,CHEMBL64620,-5.82,3.1799999999999997,CHEMBL244,coagulation_factor_X,False,False,False
C/C(=C/C(=O)Nc1ccc(-c2ccccc2S(N)(=O)=O)cc1)c1cccc(C(=N)N)c1,8.4,1,nM,CHEMBL264853,-8.4,0.5999999999999996,CHEMBL244,coagulation_factor_X,False,False,False
C/C(=C/c1cccc(C(=N)N)c1)C(=O)Nc1ccc(-c2ccccc2S(N)(=O)=O)cc1,6.44,1,nM,CHEMBL285725,-6.44,2.5599999999999996,CHEMBL244,coagulation_factor_X,False,False,False
C/C(=C1\CC(=O)N(c2ccc(-c3ccccc3S(N)(=O)=O)cc2)C1=O)c1cccc(C(=N)N)c1,8.7,1,nM,CHEMBL99629,-8.7,0.3000000000000007,CHEMBL244,coagulation_factor_X,False,False,False
C/C(=C1\CC(=O)N(c2ccc(-c3ccccc3S(N)(=O)=O)cc2)C1=O)c1cccc(C(=N)NN)c1,7.11,1,nM,CHEMBL99688,-7.11,1.8899999999999997,CHEMBL244,coagulation_factor_X,False,False,False
C/C(=C1\CC(=O)N(c2ccc(-c3ccccc3S(N)(=O)=O)cc2)C1=O)c1cccc(C(=N)NO)c1,6.15,1,nM,CHEMBL318187,-6.15,2.8499999999999996,CHEMBL244,coagulation_factor_X,False,False,False
C/C(=C1\CC(=O)N(c2ccc(C(=O)N3CCCC3)cc2)C1=O)c1cccc(C(=N)N)c1,6.75,1,nM,CHEMBL321526,-6.75,2.25,CHEMBL244,coagulation_factor_X,False,False,False
C/C(=C1\CC(=O)N(c2ccc(C(C)(C)C)cc2)C1=O)c1cccc(C(=N)N)c1,7.54,1,nM,CHEMBL99630,-7.54,1.46,CHEMBL244,coagulation_factor_X,False,False,False
C/C(Cc1ccc(Br)cc1)=C(\F)C(=O)Nc1ccc(-c2ccccc2S(N)(=O)=O)cc1,5.75,1,nM,CHEMBL62995,-5.75,3.25,CHEMBL244,coagulation_factor_X,False,False,False
C/C=C\Cc1ccc(-c2ccc(C(=O)NCC(C)C)cc2C(=O)O)c(C(=O)Nc2ccc(C(=N)N)cc2)c1,8.12,1,nM,CHEMBL484616,-8.12,0.8800000000000008,CHEMBL244,coagulation_factor_X,False,False,False
C/N=C(/N)c1cccc(C2Oc3ccccc3N(CCCCCN3C(C)CCCC3C)C2=O)c1,5.55,1,nM,CHEMBL131796,-5.55,3.45,CHEMBL244,coagulation_factor_X,False,False,False
C/N=C(/NC)N(C)Cc1ccc(C(=O)Nc2ccc(Cl)cc2C(=O)Nc2ccc(Cl)cn2)cc1,9.1,1,nM,CHEMBL435741,-9.1,-0.09999999999999964,CHEMBL244,coagulation_factor_X,False,False,False
C/N=C(\N(C)C)N(C)CCCC[C@H](NC(=O)OC(C)(C)C)C(=O)NCC(=O)NC(C=O)CCCN=C(N)N,5.52,1,nM,CHEMBL290061,-5.52,3.4800000000000004,CHEMBL244,coagulation_factor_X,False,False,False
C/N=C(\N)c1ccc(C(=O)N2CCN(S(=O)(=O)c3ccc4cc(Br)ccc4c3)CC2)cc1,6.64,1,nM,CHEMBL65637,-6.64,2.3600000000000003,CHEMBL244,coagulation_factor_X,False,False,False
C/N=C(\N)c1ccc(NC(=O)c2cc(C)nn2-c2cc3ccccc3cc2F)c(F)c1,6.94,1,nM,CHEMBL20420,-6.94,2.0599999999999996,CHEMBL244,coagulation_factor_X,False,False,False
C/N=C(\N)c1cccc(/C(C)=C(/F)C(=O)Nc2ccc(-c3ccccc3S(N)(=O)=O)cc2)c1,6.05,1,nM,CHEMBL322849,-6.05,2.95,CHEMBL244,coagulation_factor_X,False,False,False
C=C(C)/C=C\c1ccc(-c2ccc(C(=O)NCC(C)C)cc2C(=O)O)c(C(=O)Nc2ccc(C(=N)N)cc2)c1,9.51,1,nM,CHEMBL526193,-9.51,-0.5099999999999998,CHEMBL244,coagulation_factor_X,False,False,False
C=C(C)c1ccc(-c2ccc(C(=O)NCC(C)C)cc2C(=O)O)c(C(=O)Nc2ccc(C(=N)N)cc2)c1,8.93,1,nM,CHEMBL520364,-8.93,0.07000000000000028,CHEMBL244,coagulation_factor_X,False,False,False
C=C(CCO)c1ccc(-c2ccc(C(=O)NCC(C)C)cc2C(=O)O)c(C(=O)Nc2ccc(C(=N)N)cc2)c1,7.95,1,nM,CHEMBL507281,-7.95,1.0499999999999998,CHEMBL244,coagulation_factor_X,False,False,False
C=C(CO)c1ccc(-c2ccc(C(=O)NCC(C)C)cc2C(=O)O)c(C(=O)Nc2ccc(C(=N)N)cc2)c1,8.15,1,nM,CHEMBL523251,-8.15,0.8499999999999996,CHEMBL244,coagulation_factor_X,False,False,False
C=C=Cc1ccc(-c2ccc(C(=O)NCC(C)C)cc2C(=O)O)c(C(=O)Nc2ccc(C(=N)N)cc2)c1,8.82,1,nM,CHEMBL486112,-8.82,0.17999999999999972,CHEMBL244,coagulation_factor_X,False,False,False
C=CCc1ccc(-c2ccc(C(=O)NCC(C)C)cc2C(=O)O)c(C(=O)Nc2ccc(C(=N)N)cc2)c1,8.72,1,nM,CHEMBL487955,-8.72,0.27999999999999936,CHEMBL244,coagulation_factor_X,False,False,False
C=Cc1ccc(-c2ccc(C(=O)NCC(C)C)cc2C(=O)O)c(C(=O)Nc2ccc(C(=N)N)cc2)c1,8.78,1,nM,CHEMBL485704,-8.78,0.22000000000000064,CHEMBL244,coagulation_factor_X,False,False,False
CC#Cc1ccc(-c2ccc(C(=O)NCC(C)C)cc2C(=O)O)c(C(=O)Nc2ccc(C(=N)N)cc2)c1,8.28,1,nM,CHEMBL484615,-8.28,0.7200000000000006,CHEMBL244,coagulation_factor_X,False,False,False
CC(=N)N(C)CCN(C)Cc1ccc(C(=O)Nc2ccc(Cl)cc2C(=O)Nc2ccc(Cl)cn2)cc1,8.96,1,nM,CHEMBL174791,-8.96,0.03999999999999915,CHEMBL244,coagulation_factor_X,False,False,False
CC(=N)N(C)Cc1ccc(C(=O)Nc2ccc(Cl)cc2C(=O)Nc2ccc(Cl)cn2)cc1,9.05,1,nM,CHEMBL176243,-9.05,-0.05000000000000071,CHEMBL244,coagulation_factor_X,False,False,False
CC(=N)N(C)c1ccc(C(=O)Nc2ccc(C)cc2C(=O)Nc2ccc(Cl)cn2)cc1,9.3,1,nM,CHEMBL5201486,-9.3,-0.3000000000000007,CHEMBL244,coagulation_factor_X,False,False,False
CC(=N)N1CCC(COc2ccc3c(c2)CN(C(=N)N)CC3)CC1,6.29,1,nM,CHEMBL535595,-6.29,2.71,CHEMBL244,coagulation_factor_X,False,False,False
CC(=N)N1CCC(Oc2ccc(N(Cc3cc(-c4cccc(C(=N)N)c4)no3)S(C)(=O)=O)cc2)CC1,7.85,1,nM,CHEMBL345763,-7.85,1.1500000000000004,CHEMBL244,coagulation_factor_X,False,False,False
CC(=N)N1CCC(Oc2ccc(N(Cc3cc(C)n(-c4cccc(C(=N)N)c4)n3)S(C)(=O)=O)cc2)CC1,6.03,1,nM,CHEMBL152490,-6.03,2.9699999999999998,CHEMBL244,coagulation_factor_X,False,False,False
CC(=N)N1CCC(Oc2ccc(N(Cc3cc(C)nn3-c3cccc(C(=N)N)c3)S(C)(=O)=O)cc2)CC1,5.16,1,nM,CHEMBL152018,-5.16,3.84,CHEMBL244,coagulation_factor_X,False,False,False
CC(=N)N1CCC(Oc2ccc(N(Cc3cc4cc(C(=N)N)ccc4n3C)S(C)(=O)=O)cc2)CC1,7.51,1,nM,CHEMBL345785,-7.51,1.4900000000000002,CHEMBL244,coagulation_factor_X,False,False,False
CC(=N)N1CCC(Oc2ccc(N(Cc3cc4cc(C(=N)N)ccc4s3)S(=O)(=O)CC(=O)O)cc2)CC1,8.52,1,nM,CHEMBL423959,-8.52,0.4800000000000004,CHEMBL244,coagulation_factor_X,False,False,False
CC(=N)N1CCC(Oc2ccc(N(Cc3cc4cc(C(=N)N)ccc4s3)S(C)(=O)=O)cc2)CC1,8.22,2,nM,CHEMBL153713,-8.22,0.7799999999999994,CHEMBL244,coagulation_factor_X,False,False,False
CC(=N)N1CCC(Oc2ccc(N(Cc3cc4ccc(C(=N)N)cc4n3C)S(C)(=O)=O)cc2)CC1,9.1,1,nM,CHEMBL153134,-9.1,-0.09999999999999964,CHEMBL244,coagulation_factor_X,False,False,False
CC(=N)N1CCC(Oc2ccc(N(Cc3ccc(-c4cccc(C(=N)N)c4)cc3)S(C)(=O)=O)cc2)CC1,7.6,1,nM,CHEMBL152149,-7.6,1.4000000000000004,CHEMBL244,coagulation_factor_X,False,False,False
CC(=N)N1CCC(Oc2ccc(N(Cc3ccc4ccc(C(=N)N)cc4c3)S(=O)(=O)CC(=O)O)cc2)CC1,8.7,1,nM,CHEMBL20240,-8.7,0.3000000000000007,CHEMBL244,coagulation_factor_X,False,False,False
CC(=N)N1CCC(Oc2ccc(N(Cc3ccc4ccc(C(=N)N)cc4c3)S(C)(=O)=O)cc2)CC1,8.22,1,nM,CHEMBL152069,-8.22,0.7799999999999994,CHEMBL244,coagulation_factor_X,False,False,False
CC(=N)N1CCC(Oc2ccc(N(Cc3cccc(-c4cccc(C(=N)N)c4)c3)S(=O)(=O)CC(=O)O)cc2)CC1,8.52,1,nM,CHEMBL152631,-8.52,0.4800000000000004,CHEMBL244,coagulation_factor_X,False,False,False
CC(=N)N1CCC(Oc2ccc(N(Cc3cccc(-c4cccc(C(=N)N)c4)c3)S(C)(=O)=O)cc2)CC1,8.15,2,nM,CHEMBL152661,-8.15,0.8499999999999996,CHEMBL244,coagulation_factor_X,False,False,False
CC(=N)N1CCC(Oc2ccc(N(Cc3ccccc3-c3cccc(C(=N)N)c3)S(C)(=O)=O)cc2)CC1,5.16,1,nM,CHEMBL152344,-5.16,3.84,CHEMBL244,coagulation_factor_X,False,False,False
CC(=N)N1CCC(Oc2ccc(N(Cc3nc4cc(C(=N)N)ccc4n3CC(=O)NC(C)(C)c3ccccc3)C(=O)c3ccc(C(=O)O)cc3)cc2)CC1,6.7,1,nM,CHEMBL536488,-6.7,2.3,CHEMBL244,coagulation_factor_X,False,False,False
CC(=N)N1CCC(Oc2ccc(N(Cc3nc4cc(C(=N)N)ccc4n3CC(=O)NC3CCCCC3)C(=O)c3ccc(C(=O)O)cc3)cc2)C1,7.0,1,nM,CHEMBL553328,-7.0,2.0,CHEMBL244,coagulation_factor_X,False,False,False
CC(=N)N1CCC(Oc2ccc(N(Cc3nc4cc(C(=N)N)ccc4n3CC(=O)NC3CCCCC3)C(=O)c3ccc(C(=O)O)cc3)cc2)CC1,8.0,1,nM,CHEMBL536722,-8.0,1.0,CHEMBL244,coagulation_factor_X,False,False,False
CC(=N)N1CCC(Oc2ccc(N(Cc3nc4cc(C(=N)N)ccc4n3CC(=O)NCc3ccc(Cl)c(Cl)c3)C(=O)c3ccc(C(=O)O)cc3)cc2)CC1,8.22,1,nM,CHEMBL537184,-8.22,0.7799999999999994,CHEMBL244,coagulation_factor_X,False,False,False
CC(=N)N1CCC(Oc2ccc(N(Cc3nc4cc(C(=N)N)ccc4n3CC(=O)Nc3ccc(Cl)c(Cl)c3)C(=O)c3ccc(C(=O)O)cc3)cc2)CC1,6.7,1,nM,CHEMBL538077,-6.7,2.3,CHEMBL244,coagulation_factor_X,False,False,False
CC(=N)N1CCC(Oc2ccc(OCc3nc4cc(C(=N)N)ccc4n3CC(=O)N3CCCCC3)cc2)CC1,5.52,1,nM,CHEMBL556192,-5.52,3.4800000000000004,CHEMBL244,coagulation_factor_X,False,False,False
CC(=N)N1CCC(Oc2ccc(OCc3nc4cc(C(=N)N)ccc4n3CC(=O)NC(C)c3ccccc3)cc2)CC1,7.52,1,nM,CHEMBL536723,-7.52,1.4800000000000004,CHEMBL244,coagulation_factor_X,False,False,False
CC(=N)N1CCC(Oc2ccc(OCc3nc4cc(C(=N)N)ccc4n3CC(=O)NC3CCCCC3)cc2)CC1,7.4,1,nM,CHEMBL556778,-7.4,1.5999999999999996,CHEMBL244,coagulation_factor_X,False,False,False
CC(=N)N1CCC(Oc2ccc(OCc3nc4cc(C(=N)N)ccc4n3CC(=O)NCC3CCCCC3)cc2)CC1,6.52,1,nM,CHEMBL538315,-6.52,2.4800000000000004,CHEMBL244,coagulation_factor_X,False,False,False
CC(=N)N1CCC(Oc2ccc(OCc3nc4cc(C(=N)N)ccc4n3CC(=O)NCCCc3ccccc3)cc2)CC1,6.7,1,nM,CHEMBL538320,-6.7,2.3,CHEMBL244,coagulation_factor_X,False,False,False
CC(=N)N1CCC(Oc2ccc(OCc3nc4cc(C(=N)N)ccc4n3CC(=O)NCc3ccc(Cl)c(Cl)c3)cc2)CC1,7.52,1,nM,CHEMBL541371,-7.52,1.4800000000000004,CHEMBL244,coagulation_factor_X,False,False,False
CC(=N)N1CCC(Oc2ccc(OCc3nc4cc(C(=N)N)ccc4n3CC(=O)NCc3ccccc3)cc2)CC1,7.0,1,nM,CHEMBL556972,-7.0,2.0,CHEMBL244,coagulation_factor_X,False,False,False
CC(=N)N1CCC(Oc2ccc(OCc3nc4cc(C(=N)N)ccc4n3CC(=O)Nc3ccc(Cl)c(Cl)c3)cc2)CC1,7.22,1,nM,CHEMBL555005,-7.22,1.7800000000000002,CHEMBL244,coagulation_factor_X,False,False,False
CC(=N)N1CCC(Oc2ccc(OCc3nc4cc(C(=N)N)ccc4n3CC(=O)Nc3ccccc3)cc2)CC1,7.0,1,nM,CHEMBL557179,-7.0,2.0,CHEMBL244,coagulation_factor_X,False,False,False
CC(=N)N1CCC(Oc2ccc3c(c2)C(=O)NS(=O)(=O)N3Cc2ccc3ccc(C(=N)N)cc3c2)CC1,9.4,1,nM,CHEMBL4746164,-9.4,-0.40000000000000036,CHEMBL244,coagulation_factor_X,False,False,False
CC(=N)N1CCC(Oc2ccc3c(c2)CC(/C=C/c2cc(C(=N)N)ccc2O)N3S(=O)(=O)CC(=O)O)CC1,8.36,1,nM,CHEMBL1270852,-8.36,0.6400000000000006,CHEMBL244,coagulation_factor_X,False,False,False
CC(=N)N1CCC(Oc2ccc3c(c2)C[C@H](c2ccc4ccc(C(=N)N)cc4c2)N3S(=O)(=O)CC(=O)O)CC1,8.41,1,nM,CHEMBL1270751,-8.41,0.5899999999999999,CHEMBL244,coagulation_factor_X,False,False,False
CC(=N)N1CCC(Oc2ccc3c(c2)OCC(=O)N3Cc2cc(-c3cccc(C(=N)N)c3)no2)CC1,7.28,1,nM,CHEMBL155447,-7.28,1.7199999999999998,CHEMBL244,coagulation_factor_X,False,False,False
CC(=N)N1CCC(Oc2ccc3c(c2)OCC(=O)N3Cc2cc3ccc(C(=N)N)cc3n2C)CC1,8.7,1,nM,CHEMBL152599,-8.7,0.3000000000000007,CHEMBL244,coagulation_factor_X,False,False,False
CC(=N)N1CCC(Oc2ccc3c(c2)OCC(=O)N3Cc2ccc3ccc(C(=N)N)cc3c2)CC1,8.22,1,nM,CHEMBL153640,-8.22,0.7799999999999994,CHEMBL244,coagulation_factor_X,False,False,False
CC(=N)N1CCC(Oc2ccc3c(c2)OCC(=O)N3Cc2cccc(-c3cccc(C(=N)N)c3)c2)CC1,8.4,1,nM,CHEMBL152514,-8.4,0.5999999999999996,CHEMBL244,coagulation_factor_X,False,False,False
CC(=N)N1CCN(C(=O)c2ccc(N(Cc3ccc4ccc(C(=N)N)cc4c3)S(C)(=O)=O)cc2)CC1,5.8,1,nM,CHEMBL153482,-5.8,3.2,CHEMBL244,coagulation_factor_X,False,False,False
CC(=N)N1CCN(Cc2ccc(C(=O)Nc3ccc(Cl)cc3C(=O)Nc3ccc(Cl)cn3)cc2)CC1,8.3,1,nM,CHEMBL176210,-8.3,0.6999999999999993,CHEMBL244,coagulation_factor_X,False,False,False
CC(=N)N1CC[C@H](Oc2ccc(C(Cc3cc4cc(C(=N)N)ccc4o3)C(=O)O)cc2)C1,6.3,1,nM,CHEMBL279077,-6.3,2.7,CHEMBL244,coagulation_factor_X,False,False,False
CC(=N)N1CC[C@H](Oc2ccc(C(Cc3cc4ccc(C(=N)N)cc4o3)C(=O)O)cc2)C1,6.08,1,nM,CHEMBL277240,-6.08,2.92,CHEMBL244,coagulation_factor_X,False,False,False
CC(=N)N1CC[C@H](Oc2ccc(C(Cc3ccc4cc(C(=N)N)ccc4c3)C(=O)O)cc2)C1,6.44,1,nM,CHEMBL19594,-6.44,2.5599999999999996,CHEMBL244,coagulation_factor_X,False,False,False
CC(=N)N1CC[C@H](Oc2ccc(C(Cc3ccc4ccc(C(=N)N)cc4c3)C(=O)O)cc2)C1,6.8,1,nM,CHEMBL19660,-6.8,2.2,CHEMBL244,coagulation_factor_X,False,False,False
CC(=N)N1CC[C@H](Oc2ccc(CCc3cc4cc(C(=N)N)ccc4o3)cc2)C1,6.205,2,nM,CHEMBL19368,-6.205,2.795,CHEMBL244,coagulation_factor_X,False,False,False
CC(=N)N1CC[C@H](Oc2ccc([C@@H](Cc3ccc4ccc(C(=N)N)cc4c3)C(=O)O)cc2)C1,6.3,1,nM,CHEMBL19365,-6.3,2.7,CHEMBL244,coagulation_factor_X,False,False,False
CC(=N)N1CC[C@H](Oc2ccc([C@H](Cc3ccc4ccc(C(=N)N)cc4c3)C(=O)O)cc2)C1,7.16,7,nM,CHEMBL19902,-7.16,1.8399999999999999,CHEMBL244,coagulation_factor_X,False,False,False
CC(=N)NCCC[C@@H](NC(=O)OC(C)(C)C)C(=O)NCC(=O)N[C@H](C=O)CCCN=C(N)N,6.0,1,nM,CHEMBL2372431,-6.0,3.0,CHEMBL244,coagulation_factor_X,False,False,False
CC(=N)NCc1ccc(C(=O)Nc2ccc(Cl)cc2C(=O)Nc2ccc(Cl)cn2)cc1,8.44,1,nM,CHEMBL369015,-8.44,0.5600000000000005,CHEMBL244,coagulation_factor_X,False,False,False
CC(=O)/N=C(\Nc1ccc2oc(C)cc2c1)N[C@H]1CCCCN(CC(=O)N2CCCC2)C1=O,7.77,1,nM,CHEMBL567066,-7.77,1.2300000000000004,CHEMBL244,coagulation_factor_X,False,False,False
CC(=O)N(C)c1ccc2c(c1)OC[C@H]1[C@H](CNC(=O)c3ccc(Cl)s3)OC(=O)N21,7.06,1,nM,CHEMBL3330445,-7.06,1.9400000000000004,CHEMBL244,coagulation_factor_X,False,False,False
CC(=O)N(c1ccc(N2CC(CNC(=O)c3ccc(Cl)s3)OC2=O)cc1)C1CC1,7.3,1,nM,CHEMBL3671232,-7.3,1.7000000000000002,CHEMBL244,coagulation_factor_X,False,False,False
CC(=O)N1CC2CC(C1)CN(C(=O)CN1CCC[C@H](NS(=O)(=O)c3ccc4cc(Cl)ccc4c3)C1=O)C2,7.96,1,nM,CHEMBL1923469,-7.96,1.04,CHEMBL244,coagulation_factor_X,False,False,False
CC(=O)N1CCC(CCc2ccccc2)(OC(=O)N[C@@H](CC(C)C)C(=O)N[C@@H](CCCNC(=N)N)C(=O)c2nc3ccccc3s2)CC1,5.7,1,nM,CHEMBL4530678,-5.7,3.3,CHEMBL244,coagulation_factor_X,False,False,False
CC(=O)N1CCC(COc2ccc3c(c2)CN(C(=N)N)CC3)CC1,5.39,1,nM,CHEMBL534705,-5.39,3.6100000000000003,CHEMBL244,coagulation_factor_X,False,False,False
CC(=O)N1CCC(NC(=O)c2cc3cc(Cl)ccc3[nH]2)C(NC(=O)c2nc3c(s2)CN(C)CC3)C1,8.07,1,nM,CHEMBL256801,-8.07,0.9299999999999997,CHEMBL244,coagulation_factor_X,False,False,False
CC(=O)N1CCC(NC(=O)c2nc3c(s2)CN(C)CC3)C(NC(=O)c2cc3cc(Cl)ccc3[nH]2)C1,7.32,1,nM,CHEMBL257903,-7.32,1.6799999999999997,CHEMBL244,coagulation_factor_X,False,False,False
CC(=O)N1CCN(c2ccc3c(c2)OC[C@H]2[C@H](CNC(=O)c4ccc(Cl)s4)OC(=O)N32)C(=O)C1,7.13,1,nM,CHEMBL3330458,-7.13,1.87,CHEMBL244,coagulation_factor_X,False,False,False
CC(=O)N1CC[C@H](NC(=O)c2cc3cc(Cl)ccc3[nH]2)[C@H](NC(=O)c2nc3c(s2)CN(C)CC3)C1,8.07,1,nM,CHEMBL1270159,-8.07,0.9299999999999997,CHEMBL244,coagulation_factor_X,False,False,False
CC(=O)N1CCc2nc(C(=O)Nc3cc(C(=O)O)ccc3CNC(=O)c3ccc(Cl)s3)sc2C1,7.31,1,nM,CHEMBL1923883,-7.31,1.6900000000000004,CHEMBL244,coagulation_factor_X,False,False,False
CC(=O)NC[C@@H]1CCCN1C(=O)CN1CCCC[C@H](N/C(=N\C#N)Nc2ccc3oc(C)cc3c2)C1=O,7.27,1,nM,CHEMBL549972,-7.27,1.7300000000000004,CHEMBL244,coagulation_factor_X,False,False,False
CC(=O)NC[C@H]1CCCN1C(=O)CN1CCCC[C@H](N/C(=N\C#N)Nc2ccc3oc(C)cc3c2)C1=O,7.55,1,nM,CHEMBL550171,-7.55,1.4500000000000002,CHEMBL244,coagulation_factor_X,False,False,False
CC(=O)NCc1ccc(N2CC(CNC(=O)c3ccc(Cl)s3)OC2=O)cc1,6.22,1,nM,CHEMBL3671239,-6.22,2.7800000000000002,CHEMBL244,coagulation_factor_X,False,False,False
CC(=O)NNCc1ccc(C(=O)Nc2ccc(Cl)cc2C(=O)Nc2ccc(Cl)cn2)cc1,7.4,1,nM,CHEMBL368914,-7.4,1.5999999999999996,CHEMBL244,coagulation_factor_X,False,False,False
CC(=O)N[C@@H](CO)C(=O)N[C@@H](CCCCN)C(=O)N[C@@H](CC(C)C)C(=O)N[C@@H](CCCNC(=N)N)C(=O)c1nc2ccc(C(=O)N[C@H](C(N)=O)C(C)C)cc2s1,6.11,1,nM,CHEMBL5074750,-6.11,2.8899999999999997,CHEMBL244,coagulation_factor_X,False,False,False
CC(=O)N[C@H]1CC(=O)N(C)CCCC[C@@H](C(=O)N[C@@H](CCCNC(=N)N)C(=O)c2nc3ccccc3s2)NC(=O)[C@H](CC(C)C)NC1=O,6.17,1,nM,CHEMBL5091091,-6.17,2.83,CHEMBL244,coagulation_factor_X,False,False,False
CC(=O)N[C@H]1CC(=O)NCCCCC[C@@H](C(=O)N[C@@H](CCCNC(=N)N)C(=O)c2nc3ccccc3s2)NC(=O)[C@H](CC(C)C)NC1=O,5.77,1,nM,CHEMBL5081335,-5.77,3.2300000000000004,CHEMBL244,coagulation_factor_X,False,False,False
CC(=O)N[C@H]1CC(=O)NCCCC[C@@H](C(=O)N[C@@H](CCCNC(=N)N)C(=O)c2nc3ccc(N[C@H](C(N)=O)C(C)C)cc3s2)NC(=O)[C@H](CC(C)C)NC1=O,6.93,1,nM,CHEMBL5092327,-6.93,2.0700000000000003,CHEMBL244,coagulation_factor_X,False,False,False
CC(=O)N[C@H]1CC(=O)NCCCC[C@@H](C(=O)N[C@@H](CCCNC(=N)N)C(=O)c2nc3ccccc3s2)NC(=O)CNC1=O,5.21,1,nM,CHEMBL5081090,-5.21,3.79,CHEMBL244,coagulation_factor_X,False,False,False
CC(=O)N[C@H]1CC(=O)NCCCC[C@@H](C(=O)N[C@@H](CCCNC(=N)N)C(=O)c2nc3ccccc3s2)NC(=O)[C@H](C(C)C)NC1=O,5.82,1,nM,CHEMBL5084226,-5.82,3.1799999999999997,CHEMBL244,coagulation_factor_X,False,False,False
CC(=O)N[C@H]1CC(=O)NCCCC[C@@H](C(=O)N[C@@H](CCCNC(=N)N)C(=O)c2nc3ccccc3s2)NC(=O)[C@H](CC(C)C)NC1=O,5.69,1,nM,CHEMBL5081508,-5.69,3.3099999999999996,CHEMBL244,coagulation_factor_X,False,False,False
CC(=O)N[C@H]1CC(=O)NCCCC[C@@H](C(=O)N[C@@H](CCCNC(=N)N)C(=O)c2nc3ccccc3s2)NC(=O)[C@H](CC(N)=O)NC1=O,5.33,1,nM,CHEMBL5078472,-5.33,3.67,CHEMBL244,coagulation_factor_X,False,False,False
CC(=O)N[C@H]1CC(=O)NCCCC[C@@H](C(=O)N[C@@H](CCCNC(=N)N)C(=O)c2nc3ccccc3s2)NC(=O)[C@H](Cc2ccc(O)cc2)NC1=O,4.77,1,nM,CHEMBL5081851,-4.77,4.23,CHEMBL244,coagulation_factor_X,False,False,False
CC(=O)N[C@H]1CC(=O)NCCCC[C@@H](C(=O)N[C@@H](CCCNC(=N)N)C(=O)c2nc3ccccc3s2)NC(=O)[C@H](Cc2ccccc2)NC1=O,5.82,1,nM,CHEMBL5075134,-5.82,3.1799999999999997,CHEMBL244,coagulation_factor_X,False,False,False
CC(=O)N[C@H]1CC(=O)NCCCC[C@@H](C(=O)N[C@@H](CCCNC(=N)N)C(=O)c2nc3ccccc3s2)NC(=O)[C@H]([C@@H](C)O)NC1=O,4.88,1,nM,CHEMBL5088958,-4.88,4.12,CHEMBL244,coagulation_factor_X,False,False,False
CC(=O)N[C@H]1CC(=O)NCCCC[C@@H](C(=O)N[C@@H](CCCNC(=N)N)C(=O)c2nccs2)NC(=O)[C@H](CC(C)C)NC1=O,5.87,1,nM,CHEMBL5091873,-5.87,3.13,CHEMBL244,coagulation_factor_X,False,False,False
CC(=O)N[C@H]1CCCCNC(=O)CC[C@@H](C(=O)N[C@@H](CCCNC(=N)N)C(=O)c2nc3ccccc3s2)NC(=O)[C@H](CC(C)C)NC1=O,6.14,1,nM,CHEMBL5083517,-6.14,2.8600000000000003,CHEMBL244,coagulation_factor_X,False,False,False
CC(=O)N[C@H]1CCCCNC(=O)CC[C@@H](C(=O)N[C@@H](CCCNC(=N)N)C(=O)c2nc3ccccc3s2)NC(=O)[C@H](CCCNC(=N)N)NC1=O,6.81,1,nM,CHEMBL5081575,-6.81,2.1900000000000004,CHEMBL244,coagulation_factor_X,False,False,False
CC(=O)N[C@H]1CCCCNC(=O)C[C@@H](C(=O)N[C@@H](CCCNC(=N)N)C(=O)c2nc3ccccc3s2)NC(=O)[C@H](CC(C)C)NC1=O,5.93,1,nM,CHEMBL5075263,-5.93,3.0700000000000003,CHEMBL244,coagulation_factor_X,False,False,False
CC(=O)Nc1ccc(C(=O)Nc2cc(C(N)=O)ccc2NC(=O)c2ccc(-n3ccccc3=O)cc2)cc1,7.81,1,nM,CHEMBL3612128,-7.81,1.1900000000000004,CHEMBL244,coagulation_factor_X,False,False,False
CC(=O)Nc1ccc(C(=O)Nc2ccc(-c3ccccc3S(N)(=O)=O)cc2)c(Oc2cccc(C(=N)N)c2)c1,7.21,1,nM,CHEMBL45888,-7.21,1.79,CHEMBL244,coagulation_factor_X,False,False,False
CC(=O)Nc1ccc(C[C@H](NC(=O)[C@@H](Cc2ccccc2)NS(=O)(=O)Cc2ccccc2)C(=O)N[C@@H](CCCN=C(N)N)C(=O)c2nccs2)cc1,6.52,1,nM,CHEMBL130464,-6.52,2.4800000000000004,CHEMBL244,coagulation_factor_X,False,False,False
CC(=O)Nc1ccc(N2CC(CNC(=O)c3ccc(Cl)s3)OC2=O)cc1,5.92,1,nM,CHEMBL3671241,-5.92,3.08,CHEMBL244,coagulation_factor_X,False,False,False
CC(=O)Nc1ccc(NC(=O)c2ccc(-c3ccccc3S(N)(=O)=O)cc2)c(C(=O)Nc2ccc(Br)cn2)c1,6.43,1,nM,CHEMBL175183,-6.43,2.5700000000000003,CHEMBL244,coagulation_factor_X,False,False,False
CC(=O)Nc1ccc(OP(=O)(Oc2ccc(NC(C)=O)cc2)C(Cc2ccc(NC(=N)N)cc2)NC(=O)OCc2ccccc2)cc1,4.0,1,nM,CHEMBL391968,-4.0,5.0,CHEMBL244,coagulation_factor_X,False,False,False
CC(=O)Nc1ccc(Oc2cccc(C(=N)N)c2)c(C(=O)Nc2ccc(-c3ccccc3S(N)(=O)=O)cc2)c1,8.11,1,nM,CHEMBL295906,-8.11,0.8900000000000006,CHEMBL244,coagulation_factor_X,False,False,False
CC(=O)Nc1ccc(S(=O)(=O)N2CCN(CC(=O)NC(CCCN=C(N)N)C(=O)c3nccs3)C(=O)C2)cc1,6.94,1,nM,CHEMBL163062,-6.94,2.0599999999999996,CHEMBL244,coagulation_factor_X,False,False,False
CC(=O)Nc1cnc2cccc(N3CCN(C(=O)CCS(=O)(=O)c4ccc5cc(Cl)ccc5c4)CC3)n12,7.62,1,nM,CHEMBL258716,-7.62,1.38,CHEMBL244,coagulation_factor_X,False,False,False
CC(=O)Nc1nc(C)c(S(=O)(=O)N2CCN(CC(=O)NC(CCCN=C(N)N)C(=O)c3nccs3)C(=O)C2)s1,7.24,1,nM,CHEMBL162237,-7.24,1.7599999999999998,CHEMBL244,coagulation_factor_X,False,False,False
CC(=O)OCC(Cc1cccc(C(=N)N)c1)C(/C=C/c1ccccc1)NC(=O)c1ccc(-c2ccccc2)cc1,6.44,1,nM,CHEMBL138217,-6.44,2.5599999999999996,CHEMBL244,coagulation_factor_X,False,False,False
CC(=O)OC[C@]1(C)C[C@@H](OC(C)=O)C[C@@]2(C)[C@@H]3CC[C@](C)(CO)C=C3CC[C@H]12,5.97,1,nM,CHEMBL4289150,-5.97,3.0300000000000002,CHEMBL244,coagulation_factor_X,False,False,False
CC(=O)OC[C@]1(C)C[C@@H](OC(C)=O)C[C@@]2(C)[C@@H]3CC[C@](C)(O)CC=C3CC[C@H]12,7.09,1,nM,CHEMBL4278492,-7.09,1.9100000000000001,CHEMBL244,coagulation_factor_X,False,False,False
CC(=O)OC[C@]1(C)C[C@@H](OC(C)=O)C[C@@]2(C)[C@@H]3CC[C@](C)([C@@H](O)CO)C=C3CC[C@H]12,5.25,1,nM,CHEMBL4292565,-5.25,3.75,CHEMBL244,coagulation_factor_X,False,False,False
CC(=O)O[C@@H]1CC[C@@]2(C)[C@@H]3CC[C@](C)(CO)C=C3CC[C@@H]2C1(C)C,5.07,1,nM,CHEMBL4293958,-5.07,3.9299999999999997,CHEMBL244,coagulation_factor_X,False,False,False
CC(=O)O[C@@H]1CC[C@@]2(C)[C@@H]3CC[C@](C)(O)CC=C3CC[C@@H]2C1(C)C,5.24,1,nM,CHEMBL4286054,-5.24,3.76,CHEMBL244,coagulation_factor_X,False,False,False
CC(=O)O[C@@H]1CC[C@@]2(C)[C@@H]3CC[C@](C)([C@@H](O)CO)C=C3CC[C@@H]2C1(C)C,5.52,1,nM,CHEMBL4280434,-5.52,3.4800000000000004,CHEMBL244,coagulation_factor_X,False,False,False
CC(=O)[C@H]1CC[C@H](NC(=O)c2cc3cc(Cl)ccc3[nH]2)[C@H](NC(=O)c2nc3c(s2)CN(C)CC3)C1,8.27,1,nM,CHEMBL479662,-8.27,0.7300000000000004,CHEMBL244,coagulation_factor_X,False,False,False
CC(C(=O)N[C@H]1CCCC(C(=N)N)C1O)N1CCC[C@H](NS(=O)(=O)Cc2ccccc2)C1=O,5.6,1,nM,CHEMBL334454,-5.6,3.4000000000000004,CHEMBL244,coagulation_factor_X,False,False,False
CC(C(=O)O)c1ccc(NC(=O)c2cc3cc(Cl)ccc3[nH]2)c(NC(=O)c2nc3c(s2)CN(C)CC3)c1,8.96,1,nM,CHEMBL1761623,-8.96,0.03999999999999915,CHEMBL244,coagulation_factor_X,False,False,False
CC(C)(C)CC(=O)N[C@H](Cc1ccccc1)C(=O)N1CCC[C@H]1C(=O)N[C@@H](CCCNC(=N)N)C(=O)c1nc2ccccc2o1,6.96,1,nM,CHEMBL436851,-6.96,2.04,CHEMBL244,coagulation_factor_X,False,False,False
CC(C)(C)C[C@H](NC(=O)[C@@H](Cc1ccccc1)NS(=O)(=O)Cc1ccccc1)C(=O)N[C@@H](CCCN=C(N)N)C(=O)c1nccs1,5.99,1,nM,CHEMBL422974,-5.99,3.01,CHEMBL244,coagulation_factor_X,False,False,False
CC(C)(C)OC(=O)C1CCCN1C(=O)c1ccc(NC(=O)COc2cccc(C(=N)N)c2)cc1,5.53,1,nM,CHEMBL76344,-5.53,3.4699999999999998,CHEMBL244,coagulation_factor_X,False,False,False
CC(C)(C)OC(=O)N1CC(=O)N(c2ccc(N3CC(COC(=O)[n+]4ccc(Cl)s4)OC3=O)cc2)C(=O)C1,5.7,1,nM,CHEMBL4109072,-5.7,3.3,CHEMBL244,coagulation_factor_X,False,False,False
CC(C)(C)OC(=O)N1C[C@H]2[C@H](CNC(=O)c3ccc(Cl)s3)OC(=O)N2c2ccc(N3CCCCC3=O)cc21,5.09,1,nM,CHEMBL3330492,-5.09,3.91,CHEMBL244,coagulation_factor_X,False,False,False
CC(C)(C)OC(=O)NC(C(=O)N1CCC[C@H]1C(=O)NC(C=O)CCCN=C(N)N)c1ccc(Cl)c(Cl)c1,7.16,1,nM,CHEMBL108670,-7.16,1.8399999999999999,CHEMBL244,coagulation_factor_X,False,False,False
CC(C)(C)OC(=O)NC(C(=O)N1CCC[C@H]1C(=O)NC(C=O)CCCN=C(N)N)c1cccc(C(F)(F)F)c1,5.85,1,nM,CHEMBL320988,-5.85,3.1500000000000004,CHEMBL244,coagulation_factor_X,False,False,False
CC(C)(C)OC(=O)NC1CCCN(c2ccc(N3CC(CNC(=O)c4ccc(Cl)s4)OC3=O)cc2F)C1,5.96,1,nM,CHEMBL3671217,-5.96,3.04,CHEMBL244,coagulation_factor_X,False,False,False
CC(C)(C)OC(=O)N[C@@H](C(=O)N1CCC[C@H]1C(=O)NC(C=O)CCCN=C(N)N)c1ccc2ccccc2c1,7.3,1,nM,CHEMBL110780,-7.3,1.7000000000000002,CHEMBL244,coagulation_factor_X,False,False,False
CC(C)(C)OC(=O)N[C@@H](C(=O)N1CCC[C@H]1C(=O)NC(C=O)CCCN=C(N)N)c1cccc2ccccc12,5.85,1,nM,CHEMBL110898,-5.85,3.1500000000000004,CHEMBL244,coagulation_factor_X,False,False,False
CC(C)(C)OC(=O)N[C@@H](C(=O)N1CCC[C@H]1C(=O)N[C@H](C=O)CCCN=C(N)N)C1CCCCC1,7.09,1,nM,CHEMBL319930,-7.09,1.9100000000000001,CHEMBL244,coagulation_factor_X,False,False,False
CC(C)(C)OC(=O)N[C@@H](C(=O)N1CCC[C@H]1C(=O)N[C@H](C=O)CCCN=C(N)N)c1ccc(F)cc1,5.8,1,nM,CHEMBL102216,-5.8,3.2,CHEMBL244,coagulation_factor_X,False,False,False
CC(C)(C)OC(=O)N[C@@H](C(=O)N1CCC[C@H]1C(=O)N[C@H](C=O)CCCN=C(N)N)c1ccc(O)cc1,6.7,1,nM,CHEMBL321322,-6.7,2.3,CHEMBL244,coagulation_factor_X,False,False,False
CC(C)(C)OC(=O)N[C@@H](C(=O)N1CCC[C@H]1C(=O)N[C@H](C=O)CCCN=C(N)N)c1ccccc1,6.58,1,nM,CHEMBL318998,-6.58,2.42,CHEMBL244,coagulation_factor_X,False,False,False
CC(C)(C)OC(=O)N[C@@H](C(=O)N1CCC[C@H]1C(=O)N[C@H](C=O)CCCN=C(N)N)c1ccsc1,6.72,1,nM,CHEMBL2370418,-6.72,2.2800000000000002,CHEMBL244,coagulation_factor_X,False,False,False
CC(C)(C)OC(=O)N[C@@H](CC(=O)O)C(=O)N1CCCC1C(=O)N[C@@H](CCCN=C(N)N)C(=O)C(=O)NCCc1ccccc1,6.16,1,nM,CHEMBL106202,-6.16,2.84,CHEMBL244,coagulation_factor_X,False,False,False
CC(C)(C)OC(=O)N[C@@H](CCCN=C(N)N)C(=O)N1CCCC1C(=O)NC(C=O)CCCN=C(N)N,7.34,1,nM,CHEMBL40239,-7.34,1.6600000000000001,CHEMBL244,coagulation_factor_X,False,False,False
CC(C)(C)OC(=O)N[C@@H](CCCN=C(N)N)C(=O)N1CCC[C@H]1C(=O)NC(C=O)CCCN=C(N)N,4.22,1,nM,CHEMBL40765,-4.22,4.78,CHEMBL244,coagulation_factor_X,False,False,False
CC(C)(C)OC(=O)N[C@@H](CCCN=C(N)N)C(=O)NCC(=O)N[C@H](C=O)CCCN=C(N)N,5.7,1,nM,CHEMBL2372455,-5.7,3.3,CHEMBL244,coagulation_factor_X,False,False,False
CC(C)(C)OC(=O)N[C@@H](CCCN=C(N)N)C(=O)NCCC(=O)NC(C=O)CCCN=C(N)N,4.96,1,nM,CHEMBL41722,-4.96,4.04,CHEMBL244,coagulation_factor_X,False,False,False
CC(C)(C)OC(=O)N[C@@H](CCCN=C(N)N)C(=O)N[C@@H](Cc1cccc2ccccc12)C(=O)NC(C=O)CCCN=C(N)N,6.85,1,nM,CHEMBL289477,-6.85,2.1500000000000004,CHEMBL244,coagulation_factor_X,False,False,False
CC(C)(C)OC(=O)N[C@H](C(=O)N1CCC[C@H]1C(=O)NC(C=O)CCCN=C(N)N)c1cccc2ccccc12,6.68,1,nM,CHEMBL109109,-6.68,2.3200000000000003,CHEMBL244,coagulation_factor_X,False,False,False
CC(C)(C)OC(=O)N[C@H](C(=O)N1CCC[C@H]1C(=O)N[C@H](C=O)CCCN=C(N)N)c1ccc(F)cc1,5.17,1,nM,CHEMBL2370416,-5.17,3.83,CHEMBL244,coagulation_factor_X,False,False,False
CC(C)(C)OC(=O)N[C@H](CCCCN)C(=O)NCC(=O)N[C@H](C=O)CCCN=C(N)N,5.0,1,nM,CHEMBL2372511,-5.0,4.0,CHEMBL244,coagulation_factor_X,False,False,False
CC(C)(C)OC(=O)N[C@H](CCCCN=C(N)N)C(=O)NCC(=O)N[C@H](C=O)CCCN=C(N)N,7.0,1,nM,CHEMBL2372430,-7.0,2.0,CHEMBL244,coagulation_factor_X,False,False,False
CC(C)(C)OC(=O)N[C@H](CCCN)C(=O)NCC(=O)N[C@H](C=O)CCCN=C(N)N,4.92,1,nM,CHEMBL2372433,-4.92,4.08,CHEMBL244,coagulation_factor_X,False,False,False
CC(C)(C)OC(=O)N[C@H](CCCN=C(N)N)C(=O)NC(C)(C)C(=O)N[C@H](C=O)CCCN=C(N)N,6.26,1,nM,CHEMBL2372424,-6.26,2.74,CHEMBL244,coagulation_factor_X,False,False,False
CC(C)(C)OC(=O)N[C@H](CCCN=C(N)N)C(=O)NCC(=O)N[C@H](C=O)CCCN=C(N)N,7.3,1,nM,CHEMBL2372454,-7.3,1.7000000000000002,CHEMBL244,coagulation_factor_X,False,False,False
CC(C)(C)OC(=O)N[C@H](CCCNC(N)=O)C(=O)NCC(=O)N[C@H](C=O)CCCN=C(N)N,5.52,1,nM,CHEMBL2372432,-5.52,3.4800000000000004,CHEMBL244,coagulation_factor_X,False,False,False
CC(C)(C)OC(=O)N[C@H](Cc1ccccc1)C(=O)N1CCC[C@H]1C(=O)N[C@H](C=O)CCCN=C(N)N,5.8,1,nM,CHEMBL104472,-5.8,3.2,CHEMBL244,coagulation_factor_X,False,False,False
CC(C)(C)OC(=O)N[C@H]1CCCN(CC(=O)N[C@H]2CCCC(C(=N)N)C2O)C1=O,5.6,1,nM,CHEMBL140646,-5.6,3.4000000000000004,CHEMBL244,coagulation_factor_X,False,False,False
CC(C)(O)Cc1cn2c(N3CCN(C(=O)CCS(=O)(=O)c4ccc5cc(Cl)ccc5c4)CC3)cccc2n1,7.66,1,nM,CHEMBL410528,-7.66,1.3399999999999999,CHEMBL244,coagulation_factor_X,False,False,False
CC(C)(O)c1cn2c(N3CCN(C(=O)CCS(=O)(=O)c4ccc5cc(Cl)ccc5c4)CC3)cccc2n1,7.75,1,nM,CHEMBL260152,-7.75,1.25,CHEMBL244,coagulation_factor_X,False,False,False
CC(C)/C(=C/C(=O)Nc1ccc(-c2ccccc2S(N)(=O)=O)cc1)c1cccc(C(=N)N)c1,7.46,1,nM,CHEMBL35632,-7.46,1.54,CHEMBL244,coagulation_factor_X,False,False,False
CC(C)=CCc1ccc(-c2ccc(C(=O)NCC(C)C)cc2C(=O)O)c(C(=O)Nc2ccc(C(=N)N)cc2)c1,7.57,1,nM,CHEMBL505720,-7.57,1.4299999999999997,CHEMBL244,coagulation_factor_X,False,False,False
CC(C)C(=O)N1CC[C@H](NC(=O)c2cc3cc(Cl)ccc3[nH]2)[C@H](NC(=O)c2nc3c(s2)CN(C)CC3)C1,8.25,1,nM,CHEMBL256814,-8.25,0.75,CHEMBL244,coagulation_factor_X,False,False,False
CC(C)C/C(=C/C(=O)Nc1ccc(-c2ccccc2S(N)(=O)=O)cc1)c1cccc(C(=N)N)c1,8.3,1,nM,CHEMBL38069,-8.3,0.6999999999999993,CHEMBL244,coagulation_factor_X,False,False,False
CC(C)CNC(=O)c1ccc(-c2ccc(-c3ccc[nH]3)cc2C(=O)Nc2ccc(C(=N)N)cc2)c(C(=O)O)c1,10.3,1,nM,CHEMBL506772,-10.3,-1.3000000000000007,CHEMBL244,coagulation_factor_X,False,False,False
CC(C)CNC(=O)c1ccc(-c2ccc(-c3ccccc3)cc2C(=O)Nc2ccc(C(=N)N)cc2)c(C(=O)O)c1,9.46,1,nM,CHEMBL525274,-9.46,-0.46000000000000085,CHEMBL244,coagulation_factor_X,False,False,False
CC(C)CNC(=O)c1ccc(-c2ccc(-c3cccn3C)cc2C(=O)Nc2ccc(C(=N)N)cc2)c(C(=O)O)c1,10.3,1,nM,CHEMBL527118,-10.3,-1.3000000000000007,CHEMBL244,coagulation_factor_X,False,False,False
CC(C)CNC(=O)c1ccc(-c2ccc(-c3cccnc3)cc2C(=O)Nc2ccc(C(=N)N)cc2)c(C(=O)O)c1,7.44,1,nM,CHEMBL504657,-7.44,1.5599999999999996,CHEMBL244,coagulation_factor_X,False,False,False
CC(C)CNC(=O)c1ccc(-c2ccc(-c3ccco3)cc2C(=O)Nc2ccc(C(=N)N)cc2)c(C(=O)O)c1,8.89,1,nM,CHEMBL505455,-8.89,0.10999999999999943,CHEMBL244,coagulation_factor_X,False,False,False
CC(C)CNC(=O)c1ccc(-c2ccc(-c3cccs3)cc2C(=O)Nc2ccc(C(=N)N)cc2)c(C(=O)O)c1,9.82,1,nM,CHEMBL505189,-9.82,-0.8200000000000003,CHEMBL244,coagulation_factor_X,False,False,False
CC(C)CNC(=O)c1ccc(-c2ccc(-c3ccncc3)cc2C(=O)Nc2ccc(C(=N)N)cc2)c(C(=O)O)c1,7.71,1,nM,CHEMBL504391,-7.71,1.29,CHEMBL244,coagulation_factor_X,False,False,False
CC(C)CNC(=O)c1ccc(-c2ccc(-c3ccoc3)cc2C(=O)Nc2ccc(C(=N)N)cc2)c(C(=O)O)c1,9.92,1,nM,CHEMBL506771,-9.92,-0.9199999999999999,CHEMBL244,coagulation_factor_X,False,False,False
CC(C)CNC(=O)c1ccc(-c2ccc(-c3ccoc3CO)cc2C(=O)Nc2ccc(C(=N)N)cc2)c(C(=O)O)c1,10.7,1,nM,CHEMBL507279,-10.7,-1.6999999999999993,CHEMBL244,coagulation_factor_X,False,False,False
CC(C)CNC(=O)c1ccc(-c2ccc(-c3ccsc3)cc2C(=O)Nc2ccc(C(=N)N)cc2)c(C(=O)O)c1,10.4,1,nM,CHEMBL505190,-10.4,-1.4000000000000004,CHEMBL244,coagulation_factor_X,False,False,False
CC(C)CNC(=O)c1ccc(-c2ccc(-c3ccsc3CO)cc2C(=O)Nc2ccc(C(=N)N)cc2)c(C(=O)O)c1,9.35,1,nM,CHEMBL499632,-9.35,-0.34999999999999964,CHEMBL244,coagulation_factor_X,False,False,False
CC(C)CNC(=O)c1ccc(-c2ccc(-c3cocc3CO)cc2C(=O)Nc2ccc(C(=N)N)cc2)c(C(=O)O)c1,9.64,1,nM,CHEMBL524370,-9.64,-0.6400000000000006,CHEMBL244,coagulation_factor_X,False,False,False
CC(C)CNC(=O)c1ccc(-c2ccc(-c3cscc3CN)cc2C(=O)Nc2ccc(C(=N)N)cc2)c(C(=O)O)c1,11.0,1,nM,CHEMBL507020,-11.0,-2.0,CHEMBL244,coagulation_factor_X,False,False,False
CC(C)CNC(=O)c1ccc(-c2ccc(-c3cscc3CN=[N+]=[N-])cc2C(=O)Nc2ccc(C(=N)N)cc2)c(C(=O)O)c1,10.3,1,nM,CHEMBL451066,-10.3,-1.3000000000000007,CHEMBL244,coagulation_factor_X,False,False,False
CC(C)CNC(=O)c1ccc(-c2ccc(-c3cscc3CO)cc2C(=O)Nc2ccc(C(=N)N)cc2)c(C(=O)O)c1,9.89,1,nM,CHEMBL502293,-9.89,-0.8900000000000006,CHEMBL244,coagulation_factor_X,False,False,False
CC(C)CNC(=O)c1ccc(-c2ccc(-c3nccs3)cc2C(=O)Nc2ccc(C(=N)N)cc2)c(C(=O)O)c1,9.64,1,nM,CHEMBL524548,-9.64,-0.6400000000000006,CHEMBL244,coagulation_factor_X,False,False,False
CC(C)CNC(=O)c1ccc(-c2ccc(-c3occc3CO)cc2C(=O)Nc2ccc(C(=N)N)cc2)c(C(=O)O)c1,9.82,1,nM,CHEMBL503584,-9.82,-0.8200000000000003,CHEMBL244,coagulation_factor_X,False,False,False
CC(C)CNC(=O)c1ccc(-c2ccc(-c3sccc3CO)cc2C(=O)Nc2ccc(C(=N)N)cc2)c(C(=O)O)c1,9.19,1,nM,CHEMBL502292,-9.19,-0.1899999999999995,CHEMBL244,coagulation_factor_X,False,False,False
CC(C)CNC(=O)c1ccc(-c2ccc(/C=C/CO)cc2C(=O)Nc2ccc(C(=N)N)cc2)c(C(=O)O)c1,8.18,1,nM,CHEMBL497067,-8.18,0.8200000000000003,CHEMBL244,coagulation_factor_X,False,False,False
CC(C)CNC(=O)c1ccc(-c2ccc(C#CCCO)cc2C(=O)Nc2ccc(C(=N)N)cc2)c(C(=O)O)c1,7.23,1,nM,CHEMBL501749,-7.23,1.7699999999999996,CHEMBL244,coagulation_factor_X,False,False,False
CC(C)CNC(=O)c1ccc(-c2ccc(C(O)CO)cc2C(=O)Nc2ccc(C(=N)N)cc2)c(C(=O)O)c1,7.3,1,nM,CHEMBL498545,-7.3,1.7000000000000002,CHEMBL244,coagulation_factor_X,False,False,False
CC(C)CNC(=O)c1ccc(-c2ccc(Cc3ccccc3)cc2C(=O)Nc2ccc(C(=N)N)cc2)c(C(=O)O)c1,8.76,1,nM,CHEMBL524732,-8.76,0.2400000000000002,CHEMBL244,coagulation_factor_X,False,False,False
CC(C)CNC(=O)c1ccc(-c2ccc(Cc3cccs3)cc2C(=O)Nc2ccc(C(=N)N)cc2)c(C(=O)O)c1,8.09,1,nM,CHEMBL526504,-8.09,0.9100000000000001,CHEMBL244,coagulation_factor_X,False,False,False
CC(C)CNC(=O)c1ccc(-c2ccc(O)cc2C(=O)Nc2ccc(C(=N)N)cc2)c(C(=O)O)c1,7.3,1,nM,CHEMBL519886,-7.3,1.7000000000000002,CHEMBL244,coagulation_factor_X,False,False,False
CC(C)CNC(=O)c1ccc(-c2ccccc2C(=O)Nc2ccc(C(=N)N)cc2)c(C(=O)O)c1,6.525,2,nM,CHEMBL224485,-6.525,2.4749999999999996,CHEMBL244,coagulation_factor_X,False,False,False
CC(C)CNC(=O)c1ccc(Oc2nc(Oc3cccc(C(=N)N)c3)c(F)c(NC(C)CCc3ccccc3)c2F)c(C(=O)O)c1,5.02,1,nM,CHEMBL195837,-5.02,3.9800000000000004,CHEMBL244,coagulation_factor_X,False,False,False
CC(C)C[C@@H](NC(=O)c1ccc(Cl)s1)C(=O)Nc1ccc(-n2ccccc2=O)cc1,4.8,1,nM,CHEMBL361728,-4.8,4.2,CHEMBL244,coagulation_factor_X,False,False,False
CC(C)C[C@@H](NC(=O)c1ccc(Cl)s1)C(=O)Nc1ccc(-n2ccncc2=O)cc1,4.41,1,nM,CHEMBL362110,-4.41,4.59,CHEMBL244,coagulation_factor_X,False,False,False
CC(C)C[C@@H](NC(=O)c1ccc(Cl)s1)C(=O)Nc1ccc(N2CCOCC2=O)cc1,4.82,1,nM,CHEMBL185642,-4.82,4.18,CHEMBL244,coagulation_factor_X,False,False,False
CC(C)C[C@@H]1NC(=O)[C@H](Cc2ccc(O)cc2)NC(=O)CSC[C@@H](C(=O)N[C@@H](CCCNC(=N)N)C(=O)N[C@@H](CCCNC(=N)N)C(=O)N[C@@H](C)C(=O)N2CCC[C@H]2C(=O)N[C@@H](CC(N)=O)C(=O)N[C@@H](CO)C(N)=O)NC(=O)[C@H](CC(C)C)NC(=O)[C@H]([C@@H](C)O)NC(=O)[C@H](Cc2ccccc2)NC(=O)[C@H](CCCNC(=N)N)NC1=O,4.46,1,nM,CHEMBL5090804,-4.46,4.54,CHEMBL244,coagulation_factor_X,False,False,False
CC(C)C[C@@H]1NC(=O)[C@H](Cc2ccc(O)cc2)NC(=O)CSC[C@@H](C(N)=O)NC(=O)CNC(=O)CNC(=O)[C@H](CCCNC(=N)N)NC(=O)[C@H](CC(=O)O)NC(=O)[C@H](CCCCN)NC(=O)[C@@H]2CCCN2C(=O)[C@H](CCCNC(=N)N)NC(=O)[C@H](Cc2ccccc2)NC(=O)[C@H](CCCNC(=N)N)NC1=O,4.23,1,nM,CHEMBL5069416,-4.23,4.77,CHEMBL244,coagulation_factor_X,False,False,False
CC(C)C[C@H](NC(=O)NC(C)c1ccc(Br)cc1)C(=O)N[C@H](C(=O)N[C@@H](CCCNC(=N)N)C(=O)c1nccs1)C(C)C,4.82,1,nM,CHEMBL119057,-4.82,4.18,CHEMBL244,coagulation_factor_X,False,False,False
CC(C)C[C@H](NC(=O)NCc1ccc(Cl)c(Cl)c1)C(=O)N[C@@H](C)C(=O)N[C@@H](CCCNC(=N)N)C(=O)c1nccs1,4.66,1,nM,CHEMBL219354,-4.66,4.34,CHEMBL244,coagulation_factor_X,False,False,False
CC(C)C[C@H](NC(=O)NCc1ccc(Cl)c(Cl)c1)C(=O)N[C@@H](Cc1ccc(O)cc1)C(=O)N[C@@H](CCCNC(=N)N)C(=O)c1nccs1,5.77,1,nM,CHEMBL375597,-5.77,3.2300000000000004,CHEMBL244,coagulation_factor_X,False,False,False
CC(C)C[C@H](NC(=O)NCc1ccc(Cl)c(Cl)c1)C(=O)N[C@@H](Cc1ccccc1)C(=O)N[C@@H](CCCNC(=N)N)C(=O)c1nccs1,5.07,1,nM,CHEMBL375598,-5.07,3.9299999999999997,CHEMBL244,coagulation_factor_X,False,False,False
CC(C)C[C@H](NC(=O)NCc1ccc(Cl)cc1Cl)C(=O)N[C@H](C(=O)N[C@@H](CCCNC(=N)N)C(=O)c1nccs1)C(C)C,4.89,2,nM,CHEMBL375599,-4.89,4.11,CHEMBL244,coagulation_factor_X,False,False,False
CC(C)C[C@H](NC(=O)OC1(Cc2ccccc2)CCNCC1)C(=O)N[C@@H](CCCNC(=N)N)C(=O)c1nc2ccccc2s1,5.19,1,nM,CHEMBL4469962,-5.19,3.8099999999999996,CHEMBL244,coagulation_factor_X,False,False,False
CC(C)C[C@H](NC(=O)[C@H](C)NC(=O)[C@H](CO)NC(=O)[C@H](CCC(=O)O)NC(=O)[C@H](Cc1ccc(O)cc1)NC(=O)[C@H](CCCNC(=N)N)NC(=O)[C@@H]1CSCC(=O)N[C@@H](Cc2ccc(O)cc2)C(=O)N[C@@H](CC(C)C)C(=O)N[C@@H](CCCNC(=N)N)C(=O)N[C@@H](Cc2ccccc2)C(=O)N[C@@H]([C@@H](C)O)C(=O)N[C@@H](CC(C)C)C(=O)N1)C(=O)N[C@@H](CO)C(N)=O,5.66,1,nM,CHEMBL5087598,-5.66,3.34,CHEMBL244,coagulation_factor_X,False,False,False
CC(C)C[C@H](NC(=O)[C@H](Cc1ccccc1)NC(=O)CCCN=C(N)N)C(=O)N[C@@H](CC1CCCCC1)[C@@H](O)c1nccs1,5.22,1,nM,CHEMBL308232,-5.22,3.7800000000000002,CHEMBL244,coagulation_factor_X,False,False,False
CC(C)N(C(=O)[C@@H]1Cc2ccccc2CN1C(=O)OCc1ccccc1)c1ccc(N2CCCCC2=O)cc1,4.72,1,nM,CHEMBL2040949,-4.72,4.28,CHEMBL244,coagulation_factor_X,False,False,False
CC(C)N(CCCCCN1C(=O)C(c2cccc(C(=N)N)c2)Oc2ccccc21)C(C)C,6.92,1,nM,CHEMBL129854,-6.92,2.08,CHEMBL244,coagulation_factor_X,False,False,False
CC(C)N(CCCS(=O)(=O)c1ccc2cc(Cl)ccc2c1)C(=O)C1CCN(c2ccncc2)CC1,6.6,1,nM,CHEMBL272392,-6.6,2.4000000000000004,CHEMBL244,coagulation_factor_X,False,False,False
CC(C)N1CCC(C(=O)Nc2c(O)cc(Br)cc2C(=O)Nc2ccc(Cl)cn2)CC1,8.4,1,nM,CHEMBL3354239,-8.4,0.5999999999999996,CHEMBL244,coagulation_factor_X,False,False,False
CC(C)N1CCC(C(=O)Nc2c(O)cc(Cl)cc2C(=O)Nc2ccc(Cl)cn2)CC1,8.09,1,nM,CHEMBL3354237,-8.09,0.9100000000000001,CHEMBL244,coagulation_factor_X,False,False,False
CC(C)N1CCC(C(=O)Nc2c(O[C@@H]3O[C@H](C(=O)O)[C@@H](O)[C@H](O)[C@H]3O)cc(Br)cc2C(=O)Nc2ccc(Cl)cn2)CC1,8.31,1,nM,CHEMBL3354240,-8.31,0.6899999999999995,CHEMBL244,coagulation_factor_X,False,False,False
CC(C)N1CCC(C(=O)Nc2c(O[C@@H]3O[C@H](C(=O)O)[C@@H](O)[C@H](O)[C@H]3O)cc(Cl)cc2C(=O)Nc2ccc(Cl)cn2)CC1,7.82,1,nM,CHEMBL3354238,-7.82,1.1799999999999997,CHEMBL244,coagulation_factor_X,False,False,False
CC(C)N1CCC(C(=O)Nc2ccc(Cl)cc2C(=O)Nc2ccc(Cl)cn2)CC1,8.24,1,nM,CHEMBL3354236,-8.24,0.7599999999999998,CHEMBL244,coagulation_factor_X,False,False,False
CC(C)N1CCC(C(=O)Nc2ccccc2CNC(=O)c2ccc(Cl)s2)CC1,6.69,1,nM,CHEMBL1682884,-6.69,2.3099999999999996,CHEMBL244,coagulation_factor_X,False,False,False
CC(C)N1CCC(NC(=O)c2cc3ccccc3n2CC(=O)Nc2ccc(Br)cc2)CC1,8.62,12,nM,CHEMBL3904655,-8.62,0.3800000000000008,CHEMBL244,coagulation_factor_X,False,False,False
CC(C)N1CCC(NC(=O)c2ccccc2CNC(=O)c2ccc(Cl)s2)CC1,5.71,1,nM,CHEMBL1682885,-5.71,3.29,CHEMBL244,coagulation_factor_X,False,False,False
CC(C)N1CCC(NC(=O)c2nn(Cc3cc(-c4ccc(Cl)s4)on3)c3ccc(C(=O)NC#N)cc23)CC1,8.125,12,nM,CHEMBL3972969,-8.125,0.875,CHEMBL244,coagulation_factor_X,False,False,False
CC(C)N1CCc2nc(C(=O)N3CCN(S(=O)(=O)c4ccc5cc(Cl)ccc5c4)CC3C(N)=O)sc2C1,7.1,1,nM,CHEMBL435304,-7.1,1.9000000000000004,CHEMBL244,coagulation_factor_X,False,False,False
CC(C)N1CCc2nc(C(=O)Nc3c(CCC(=O)Nc4ccc(Cl)cc4)cccc3C(=O)O)sc2C1,8.82,1,nM,CHEMBL1923887,-8.82,0.17999999999999972,CHEMBL244,coagulation_factor_X,False,False,False
CC(C)N1CCc2nc(C(=O)Nc3c(CNC(=O)c4ccc(Cl)s4)cccc3C(=O)O)sc2C1,8.54,1,nM,CHEMBL1923875,-8.54,0.46000000000000085,CHEMBL244,coagulation_factor_X,False,False,False
CC(C)N1CCc2nc(C(=O)Nc3cc(C(=O)O)cc(C(F)(F)F)c3CCC(=O)Nc3ccc(Cl)cc3)sc2C1,9.32,1,nM,CHEMBL1923893,-9.32,-0.3200000000000003,CHEMBL244,coagulation_factor_X,False,False,False
CC(C)N1CCc2nc(C(=O)Nc3cc(C(=O)O)cc(Cl)c3CCC(=O)Nc3ccc(Cl)cc3)sc2C1,9.42,1,nM,CHEMBL1923892,-9.42,-0.41999999999999993,CHEMBL244,coagulation_factor_X,False,False,False
CC(C)N1CCc2nc(C(=O)Nc3cc(C(=O)O)cc(F)c3CCC(=O)Nc3ccc(Cl)cc3)sc2C1,9.1,1,nM,CHEMBL1923891,-9.1,-0.09999999999999964,CHEMBL244,coagulation_factor_X,False,False,False
CC(C)N1CCc2nc(C(=O)Nc3cc(C(=O)O)ccc3CCC(=O)Nc3ccc(Br)cc3)sc2C1,8.92,1,nM,CHEMBL1921822,-8.92,0.08000000000000007,CHEMBL244,coagulation_factor_X,False,False,False
CC(C)N1CCc2nc(C(=O)Nc3cc(C(=O)O)ccc3CCC(=O)Nc3ccc(Cl)cc3)sc2C1,8.89,1,nM,CHEMBL1923888,-8.89,0.10999999999999943,CHEMBL244,coagulation_factor_X,False,False,False
CC(C)N1CCc2nc(C(=O)Nc3cc(C(=O)O)ccc3CCC(=O)Nc3ccc(Cl)cn3)sc2C1,8.64,1,nM,CHEMBL1923889,-8.64,0.35999999999999943,CHEMBL244,coagulation_factor_X,False,False,False
CC(C)N1CCc2nc(C(=O)Nc3cc(C(=O)O)ccc3CCC(=O)Nc3ccc(F)cc3)sc2C1,8.0,1,nM,CHEMBL1923890,-8.0,1.0,CHEMBL244,coagulation_factor_X,False,False,False
CC(C)N1CCc2nc(C(=O)Nc3cc(C(=O)O)ccc3CNC(=O)c3ccc(Cl)s3)sc2C1,9.03,1,nM,CHEMBL1923876,-9.03,-0.02999999999999936,CHEMBL244,coagulation_factor_X,False,False,False
CC(C)NC(=O)C1CN(S(=O)(=O)c2ccc3cc(Cl)ccc3c2)CCN1C(=O)c1nc2c(s1)CN(C)CC2,7.35,1,nM,CHEMBL102186,-7.35,1.6500000000000004,CHEMBL244,coagulation_factor_X,False,False,False
CC(C)NC(=O)[C@H]1CC[C@H](NC(=O)c2cc3cc(Cl)ccc3[nH]2)[C@H](NC(=O)c2nc3c(s2)CN(C)CC3)C1,8.47,1,nM,CHEMBL516195,-8.47,0.5299999999999994,CHEMBL244,coagulation_factor_X,False,False,False
CC(C)NCC(=O)N=S(C)(=O)c1ccc(C(=O)Nc2ccc(Cl)cc2C(=O)Nc2ccc(Cl)cn2)cc1,8.4,1,nM,CHEMBL3392116,-8.4,0.5999999999999996,CHEMBL244,coagulation_factor_X,False,False,False
CC(C)OC(=O)c1ccccc1CS(=O)(=O)N[C@H]1CCCCN(CC(=O)N[C@H]2CCCN(C(=N)N)C2O)C1=O,6.43,1,nM,CHEMBL332537,-6.43,2.5700000000000003,CHEMBL244,coagulation_factor_X,False,False,False
CC(C)Oc1cc(C(=O)O)cc(NC(=O)c2nc3c(s2)CN(C(C)C)CC3)c1CCC(=O)Nc1ccc(Cl)cc1,8.8,1,nM,CHEMBL1923896,-8.8,0.1999999999999993,CHEMBL244,coagulation_factor_X,False,False,False
CC(C)Oc1cc(Cl)cc(C(=O)Nc2ccc(Cl)cn2)c1NC(=O)c1ccc(C(=N)N(C)C)cc1,9.3,1,nM,CHEMBL475551,-9.3,-0.3000000000000007,CHEMBL244,coagulation_factor_X,False,False,False
CC(C)[C@@H](NC(=O)c1ccc(Cl)s1)C(=O)Nc1ccc(N2CCOCC2=O)cc1,4.18,1,nM,CHEMBL360856,-4.18,4.82,CHEMBL244,coagulation_factor_X,False,False,False
CC(C)[C@@H](NC(=O)c1cccc(C(=N)N)c1)C(=O)Nc1ccc(-c2ccccc2S(N)(=O)=O)cc1,7.46,1,nM,CHEMBL101654,-7.46,1.54,CHEMBL244,coagulation_factor_X,False,False,False
CC(C)[C@H](NC(=O)[C@@H](NC(=O)N[C@@H](C)c1ccc(Br)cc1)C1CCCCC1)C(=O)N[C@@H](CCCNC(=N)N)C(=O)c1nccs1,4.83,1,nM,CHEMBL384693,-4.83,4.17,CHEMBL244,coagulation_factor_X,False,False,False
CC(C)[C@H](NC(=O)[C@@H](NC(=O)N[C@H](C)c1ccc(Br)cc1)C1CCCCC1)C(=O)N[C@@H](CCCNC(=N)N)C(=O)c1nccs1,5.57,1,nM,CHEMBL375816,-5.57,3.4299999999999997,CHEMBL244,coagulation_factor_X,False,False,False
CC(C)[C@H](NC(=O)[C@H](CC(N)=O)NC(=O)N[C@H](C)c1ccc(Br)cc1)C(=O)N[C@@H](CCCNC(=N)N)C(=O)c1nccs1,5.8,1,nM,CHEMBL265121,-5.8,3.2,CHEMBL244,coagulation_factor_X,False,False,False
CC(C)[C@H](NC(=O)[C@H](CC1CCCCC1)NC(=O)N[C@H](C)c1ccc(Br)cc1)C(=O)N[C@@H](CCCNC(=N)N)C(=O)c1nccs1,5.57,1,nM,CHEMBL269969,-5.57,3.4299999999999997,CHEMBL244,coagulation_factor_X,False,False,False
CC(C)[C@H](NC(=O)[C@H](CCCNC(=N)N)NC(=O)N[C@H](C)c1ccc(Br)cc1)C(=O)N[C@@H](CCCNC(=N)N)C(=O)c1nccs1,6.6,1,nM,CHEMBL384971,-6.6,2.4000000000000004,CHEMBL244,coagulation_factor_X,False,False,False
CC(C)[C@H](NC(=O)[C@H](CCCNC(N)=O)NC(=O)N[C@H](C)c1ccc(Br)cc1)C(=O)N[C@@H](CCCNC(=N)N)C(=O)c1nccs1,5.72,2,nM,CHEMBL273653,-5.72,3.2800000000000002,CHEMBL244,coagulation_factor_X,False,False,False
CC(C)[C@H](NC(=O)[C@H](Cc1c[nH]c2ccccc12)NC(=O)N[C@H](C)c1ccc(Br)cc1)C(=O)N[C@@H](CCCNC(=N)N)C(=O)c1nccs1,5.68,1,nM,CHEMBL412546,-5.68,3.3200000000000003,CHEMBL244,coagulation_factor_X,False,False,False
CC(C)[C@H](NC(=O)[C@H](Cc1ccc(O)cc1)NC(=O)N[C@H](C)c1ccc(Br)cc1)C(=O)N[C@@H](CCCNC(=N)N)C(=O)c1nccs1,5.8,2,nM,CHEMBL413155,-5.8,3.2,CHEMBL244,coagulation_factor_X,False,False,False
CC(C)[C@H](NC(=O)[C@H](Cc1ccccc1)NC(=O)NCc1ccc(Cl)c(Cl)c1)C(=O)N[C@@H](CCCNC(=N)N)C(=O)c1nccs1,4.85,1,nM,CHEMBL270204,-4.85,4.15,CHEMBL244,coagulation_factor_X,False,False,False
CC(C)[C@H](NC(=O)[C@H](Cc1ccccc1)NNC(=O)NCc1ccc(Cl)c(Cl)c1)C(=O)N[C@@H](CCCNC(=N)N)C(=O)c1nccs1,4.85,1,nM,CHEMBL219440,-4.85,4.15,CHEMBL244,coagulation_factor_X,False,False,False
CC(C)[C@H](NC(=O)[C@H](Cc1cccnc1)NC(=O)N[C@H](C)c1ccc(Br)cc1)C(=O)N[C@@H](CCCNC(=N)N)C(=O)c1nccs1,5.85,1,nM,CHEMBL264357,-5.85,3.1500000000000004,CHEMBL244,coagulation_factor_X,False,False,False
CC(C)[C@H](NC(=O)c1cccc(C(=N)N)c1)C(=O)Nc1ccc(-c2ccccc2S(N)(=O)=O)cc1,6.17,1,nM,CHEMBL330207,-6.17,2.83,CHEMBL244,coagulation_factor_X,False,False,False
CC(C)c1cc(C(C)C)c(S(=O)(=O)NC(Cc2ccc(NC(=N)N)cc2)P(=O)(Oc2ccccc2)Oc2ccccc2)c(C(C)C)c1,4.7,1,nM,CHEMBL391916,-4.7,4.3,CHEMBL244,coagulation_factor_X,False,False,False
CC(CCc1ccccc1)Nc1c(F)c(Oc2cccc(C(=N)N)c2)nc(Oc2ccc(-c3ccccc3)cc2C(=O)O)c1F,4.77,1,nM,CHEMBL194803,-4.77,4.23,CHEMBL244,coagulation_factor_X,False,False,False
CC(CCc1ccccc1)Nc1c(F)c(Oc2cccc(C(=N)N)c2)nc(Oc2ccc(C(=O)NC(C)(C)CO)cc2C(=O)O)c1F,4.23,1,nM,CHEMBL194618,-4.23,4.77,CHEMBL244,coagulation_factor_X,False,False,False
CC(CCc1ccccc1)Nc1c(F)c(Oc2cccc(C(=N)N)c2)nc(Oc2ccc(C(=O)NC(C)C(C)(C)C)cc2C(=O)O)c1F,5.37,1,nM,CHEMBL373163,-5.37,3.63,CHEMBL244,coagulation_factor_X,False,False,False
CC(CCc1ccccc1)Nc1c(F)c(Oc2cccc(C(=N)N)c2)nc(Oc2ccc(C(=O)NC(CO)CO)cc2C(=O)O)c1F,4.89,1,nM,CHEMBL372876,-4.89,4.11,CHEMBL244,coagulation_factor_X,False,False,False
CC(CCc1ccccc1)Nc1c(F)c(Oc2cccc(C(=N)N)c2)nc(Oc2ccc(C(=O)NCCCCO)cc2C(=O)O)c1F,4.7,1,nM,CHEMBL195889,-4.7,4.3,CHEMBL244,coagulation_factor_X,False,False,False
CC(CCc1ccccc1)Nc1c(F)c(Oc2cccc(C(=N)N)c2)nc(Oc2ccc(C(=O)NCc3cccc(O)c3)cc2C(=O)O)c1F,5.39,1,nM,CHEMBL193901,-5.39,3.6100000000000003,CHEMBL244,coagulation_factor_X,False,False,False
CC(CCc1ccccc1)Nc1c(F)c(Oc2cccc(C(=N)N)c2)nc(Oc2ccc(C(C)(C)C)cc2C(=O)O)c1F,5.48,1,nM,CHEMBL373185,-5.48,3.5199999999999996,CHEMBL244,coagulation_factor_X,False,False,False
CC(CCc1ccccc1)Nc1c(F)c(Oc2cccc(C(=N)N)c2)nc(Oc2ccc(C(C)C)cc2C(=O)O)c1F,5.32,1,nM,CHEMBL193985,-5.32,3.6799999999999997,CHEMBL244,coagulation_factor_X,False,False,False
CC(CCc1ccccc1)Nc1c(F)c(Oc2cccc(C(=N)N)c2)nc(Oc2ccc(N(C)C)cc2C(=O)O)c1F,5.26,2,nM,CHEMBL373187,-5.26,3.74,CHEMBL244,coagulation_factor_X,False,False,False
CC(CCc1ccccc1)Nc1c(F)c(Oc2cccc(C(=N)N)c2)nc(Oc2ccc(N)cc2C(=O)O)c1F,4.96,1,nM,CHEMBL373186,-4.96,4.04,CHEMBL244,coagulation_factor_X,False,False,False
CC(CCc1ccccc1)Nc1c(F)c(Oc2cccc(C(=N)N)c2)nc(Oc2ccc(O)cc2C(=O)O)c1F,4.96,1,nM,CHEMBL370887,-4.96,4.04,CHEMBL244,coagulation_factor_X,False,False,False
CC(CCc1ccccc1)Nc1c(F)c(Oc2cccc(C(=N)N)c2)nc(Oc2ccc(OC(C)C)cc2C(=O)O)c1F,4.92,1,nM,CHEMBL193542,-4.92,4.08,CHEMBL244,coagulation_factor_X,False,False,False
CC(CCc1ccccc1)Nc1c(F)c(Oc2cccc(C(=N)N)c2)nc(Oc2ccccc2C(=O)O)c1F,4.26,1,nM,CHEMBL364066,-4.26,4.74,CHEMBL244,coagulation_factor_X,False,False,False
CC(CF)N1CCc2nc(C(=O)Nc3cc(C(=O)O)ccc3CNC(=O)c3ccc(Cl)s3)sc2C1,8.54,1,nM,CHEMBL1923881,-8.54,0.46000000000000085,CHEMBL244,coagulation_factor_X,False,False,False
CC(COc1ccc2ccnc(N)c2c1)N1Cc2cc(-c3ccccc3S(N)(=O)=O)ccc2C1=O,7.6,1,nM,CHEMBL44917,-7.6,1.4000000000000004,CHEMBL244,coagulation_factor_X,False,False,False
CC(COc1cccc(C(=N)N)c1)NC(=O)c1ccc(-c2ccccc2S(N)(=O)=O)cc1,7.8,1,nM,CHEMBL46906,-7.8,1.2000000000000002,CHEMBL244,coagulation_factor_X,False,False,False
CC(O)Cc1cn2c(N3CCN(C(=O)CCS(=O)(=O)c4ccc5cc(Cl)ccc5c4)CC3)cccc2n1,7.75,1,nM,CHEMBL409115,-7.75,1.25,CHEMBL244,coagulation_factor_X,False,False,False
CC(O)[C@@H](C(=O)N[C@H](C)c1ccccc1)N(C)C(=O)[C@H](Cc1ccc([N+](=O)[O-])cc1)NC(=O)CCCN=C(N)N,8.34,1,nM,CHEMBL105819,-8.34,0.6600000000000001,CHEMBL244,coagulation_factor_X,False,False,False
CC(O)c1cn2c(N3CCN(C(=O)CCS(=O)(=O)c4ccc5cc(Cl)ccc5c4)CC3)cccc2n1,7.7,1,nM,CHEMBL265456,-7.7,1.2999999999999998,CHEMBL244,coagulation_factor_X,False,False,False
CC(Oc1ccc(NC(=O)c2cc3cc(Cl)ccc3[nH]2)c(NC(=O)c2nc3c(s2)CN(C)CC3)c1)C(=O)O,8.46,1,nM,CHEMBL1761627,-8.46,0.5399999999999991,CHEMBL244,coagulation_factor_X,False,False,False
CC(c1cccc(C(=N)N)c1)C1CC(=O)N(c2ccc(-c3ccccc3S(N)(=O)=O)cc2)C1=O,6.92,1,nM,CHEMBL430654,-6.92,2.08,CHEMBL244,coagulation_factor_X,False,False,False
CC/C(=C/C(=O)Nc1ccc(-c2ccccc2S(N)(=O)=O)cc1)c1cccc(C(=N)N)c1,8.15,1,nM,CHEMBL37034,-8.15,0.8499999999999996,CHEMBL244,coagulation_factor_X,False,False,False
CC1(C)OB(c2ccc(C(NC(=N)N)OC(=O)c3cccnc3)cc2)OC1(C)C,4.36,1,nM,CHEMBL211921,-4.36,4.64,CHEMBL244,coagulation_factor_X,False,False,False
CC1(C)OCC([C@]2(C)C=C3CC[C@@H]4C(C)(C)[C@H](O)CC[C@@]4(C)[C@@H]3CC2)O1,5.99,1,nM,CHEMBL4293622,-5.99,3.01,CHEMBL244,coagulation_factor_X,False,False,False
CC1(C)OCC([C@]2(C)C=C3CC[C@@H]4[C@](C)(CO)C[C@@H](O)C[C@@]4(C)[C@@H]3CC2)O1,5.14,1,nM,CHEMBL3315237,-5.14,3.8600000000000003,CHEMBL244,coagulation_factor_X,False,False,False
CC1(C)OC[C@@H]([C@@]2(C)CC[C@@H]3C4(CC[C@@H]5[C@](C)(CO)C[C@@H](O)C[C@@]35C)OC42)O1,4.73,1,nM,CHEMBL4464490,-4.73,4.27,CHEMBL244,coagulation_factor_X,False,False,False
CC1(C)OC[C@@H]([C@]2(C)C=C3CC[C@@H]4[C@](C)(CO)C[C@@H](O)C[C@@]4(C)[C@@H]3CC2)O1,5.14,1,nM,CHEMBL4577469,-5.14,3.8600000000000003,CHEMBL244,coagulation_factor_X,False,False,False
CC1(C)[C@H](O)CC[C@@]2(C)[C@@H]3CC[C@](C)([C@@H](O)CO)C=C3CC[C@H]12,4.94,1,nM,CHEMBL1076911,-4.94,4.06,CHEMBL244,coagulation_factor_X,False,False,False
CC1(N)CCN(c2ccc(N3CC(CNC(=O)c4ccc(Cl)s4)OC3=O)cc2F)CC1,5.92,1,nM,CHEMBL3671218,-5.92,3.08,CHEMBL244,coagulation_factor_X,False,False,False
CC1CC(=O)NN=C1c1ccc2[nH]c(-c3ccc(Cl)s3)nc2c1,5.96,2,nM,CHEMBL333113,-5.96,3.04,CHEMBL244,coagulation_factor_X,False,False,False
CC1CC(c2ccc3[nH]c(-c4ccc(Br)s4)nc3c2)=NNC1=O,6.01,1,nM,CHEMBL124427,-6.01,2.99,CHEMBL244,coagulation_factor_X,False,False,False
CC1CCC(C)N1CCCCCN1C(=O)C(c2cccc(C(=N)N)c2)Oc2ccccc21,7.32,1,nM,CHEMBL130569,-7.32,1.6799999999999997,CHEMBL244,coagulation_factor_X,False,False,False
CC1CCCC(C)N1CCCCCCN1C(=O)C(c2cccc(C(=N)N)c2)Oc2ccccc21,7.17,1,nM,CHEMBL424260,-7.17,1.83,CHEMBL244,coagulation_factor_X,False,False,False
CC1CCCC(C)N1CCCCCN1C(=O)C(c2ccc(C(=N)N)cc2)Oc2ccccc21,5.1,1,nM,CHEMBL130420,-5.1,3.9000000000000004,CHEMBL244,coagulation_factor_X,False,False,False
CC1CCCC(C)N1CCCCCN1C(=O)C(c2ccc(C(=N)NO)cc2)Oc2ccccc21,4.18,1,nM,CHEMBL130967,-4.18,4.82,CHEMBL244,coagulation_factor_X,False,False,False
CC1CCCC(C)N1CCCCCN1C(=O)C(c2ccc(C(=N)S)cc2)Oc2ccccc21,4.47,1,nM,CHEMBL131876,-4.47,4.53,CHEMBL244,coagulation_factor_X,False,False,False
CC1CCCC(C)N1CCCCCN1C(=O)C(c2ccc(Cl)c(Cl)c2)Oc2ccccc21,4.58,1,nM,CHEMBL130673,-4.58,4.42,CHEMBL244,coagulation_factor_X,False,False,False
CC1CCCC(C)N1CCCCCN1C(=O)C(c2ccc(Cl)cc2)Oc2ccccc21,4.64,1,nM,CHEMBL423160,-4.64,4.36,CHEMBL244,coagulation_factor_X,False,False,False
CC1CCCC(C)N1CCCCCN1C(=O)C(c2cccc(C(=N)N)c2)Oc2ccccc21,8.46,2,nM,CHEMBL133326,-8.46,0.5399999999999991,CHEMBL244,coagulation_factor_X,False,False,False
CC1CCCC(C)N1CCCCCN1C(=O)C(c2cccc(C(=N)NN3CCOCC3)c2)Oc2ccccc21,5.82,1,nM,CHEMBL336394,-5.82,3.1799999999999997,CHEMBL244,coagulation_factor_X,False,False,False
CC1CCCC(C)N1CCCCCN1C(=O)C(c2cccc(C(=N)NO)c2)Oc2ccccc21,5.25,1,nM,CHEMBL134137,-5.25,3.75,CHEMBL244,coagulation_factor_X,False,False,False
CC1CCCC(C)N1CCCCCN1C(=O)C(c2cccc(C(=N)S)c2)Oc2ccccc21,4.77,1,nM,CHEMBL338060,-4.77,4.23,CHEMBL244,coagulation_factor_X,False,False,False
CC1CCCC(C)N1CCCCCN1C(=O)C(c2cccc(CN)c2)Oc2ccccc21,6.08,1,nM,CHEMBL130491,-6.08,2.92,CHEMBL244,coagulation_factor_X,False,False,False
CC1CCCC(C)N1CCCCCN1C(=O)C(c2ccccc2)Oc2ccccc21,4.57,1,nM,CHEMBL132528,-4.57,4.43,CHEMBL244,coagulation_factor_X,False,False,False
CC1CCCC(C)N1CCCCCN1C(=O)C(c2ccccc2Cl)Oc2ccccc21,4.8,1,nM,CHEMBL423149,-4.8,4.2,CHEMBL244,coagulation_factor_X,False,False,False
CC1CCCC(C)N1CCCCN1C(=O)C(c2cccc(C(=N)N)c2)Oc2ccccc21,7.92,1,nM,CHEMBL130313,-7.92,1.08,CHEMBL244,coagulation_factor_X,False,False,False
CC1CCCN(C(=O)C(C)(C)c2ccc3c(c2)nc(Cc2ccc(C(=N)N)cc2)c(=O)n3C)C1,6.23,1,nM,CHEMBL73313,-6.23,2.7699999999999996,CHEMBL244,coagulation_factor_X,False,False,False
CC1CCCN1C(=O)CN1CCC[C@H](NS(=O)(=O)c2ccc3cc(Cl)ccc3c2)C1=O,6.89,1,nM,CHEMBL1923458,-6.89,2.1100000000000003,CHEMBL244,coagulation_factor_X,False,False,False
CC1CCN(Cc2cc3ccccc3n2-c2ccc(N3C[C@H](CNC(=O)c4ccc(Cl)s4)OC3=O)cc2)CC1,4.95,2,nM,CHEMBL3415993,-4.95,4.05,CHEMBL244,coagulation_factor_X,False,False,False
CC1CCN(Cc2cccn2-c2ccc(N3C[C@H](CNC(=O)c4ccc(Cl)s4)OC3=O)cc2)CC1,5.470000000000001,2,nM,CHEMBL3415981,-5.470000000000001,3.5299999999999994,CHEMBL244,coagulation_factor_X,False,False,False
CC1CCN(Cc2csc(-c3ccc(N4C[C@H](CNC(=O)c5ccc(Cl)s5)OC4=O)cc3)n2)CC1,5.494999999999999,2,nM,CHEMBL3416001,-5.494999999999999,3.505000000000001,CHEMBL244,coagulation_factor_X,False,False,False
CC1Oc2cc(N3C[C@H](CNC(=O)c4ccc(Cl)s4)OC3=O)ccc2N(C)C1=O,5.94,1,nM,CHEMBL3671200,-5.94,3.0599999999999996,CHEMBL244,coagulation_factor_X,False,False,False
CCC(=O)N1C(=O)[C@H](CCCCC(=N)N)[C@H]2c3cc(-c4cccc(C(=O)N(CC)CC)c4)ccc3C[C@@H]21,5.0,1,nM,CHEMBL47074,-5.0,4.0,CHEMBL244,coagulation_factor_X,False,False,False
CCC(=O)N1CC[C@H](NC(=O)c2cc3cc(Cl)ccc3[nH]2)[C@H](NC(=O)c2nc3c(s2)CN(C)CC3)C1,8.05,1,nM,CHEMBL271895,-8.05,0.9499999999999993,CHEMBL244,coagulation_factor_X,False,False,False
CCC(=O)n1nc(-c2ccccn2)nc1NCc1ccc(F)cc1,4.41,1,nM,CHEMBL5424957,-4.41,4.59,CHEMBL244,coagulation_factor_X,False,False,False
CCC(=O)n1nc(-c2ccccn2)nc1NCc1ccccc1,4.17,1,nM,CHEMBL5430930,-4.17,4.83,CHEMBL244,coagulation_factor_X,False,False,False
CCC(=O)n1nc(-c2cccnc2)nc1NCc1ccc(F)cc1,4.58,1,nM,CHEMBL1560937,-4.58,4.42,CHEMBL244,coagulation_factor_X,False,False,False
CCC(C)[C@H](NC(=O)[C@H](CC(C)C)NC(=O)NCc1ccc(Cl)c(Cl)c1)C(=O)N[C@@H](CCCNC(=N)N)C(=O)c1nccs1,4.07,1,nM,CHEMBL384603,-4.07,4.93,CHEMBL244,coagulation_factor_X,False,False,False
CCC(CO)NC(=O)c1ccc(Oc2nc(Oc3cccc(C(=N)N)c3)c(F)c(NC(C)CCc3ccccc3)c2F)c(C(=O)O)c1,5.24,1,nM,CHEMBL194673,-5.24,3.76,CHEMBL244,coagulation_factor_X,False,False,False
CCCC(CCC)C(=O)N[C@@H](CC(=O)OC)C(=O)N1CCCC1C(=O)N[C@H]1CCCN(C(=N)N)C1O,6.54,1,nM,CHEMBL112726,-6.54,2.46,CHEMBL244,coagulation_factor_X,False,False,False
CCCC(CCC)C(=O)N[C@@H](CC(=O)OC)C(=O)N1CCC[C@@H]1C(=O)N[C@H]1CCCC(C(=N)N)C1O,6.54,1,nM,CHEMBL141574,-6.54,2.46,CHEMBL244,coagulation_factor_X,False,False,False
CCCC(CCC)C(=O)N[C@@H](CC(=O)OC)C(=O)N1CCC[C@H]1C(=O)N[C@H](C=O)CCCN=C(N)N,6.52,1,nM,CHEMBL141676,-6.52,2.4800000000000004,CHEMBL244,coagulation_factor_X,False,False,False
CCCCCCN(CCCCCC)CCCCCN1C(=O)C(c2cccc(C(=N)N)c2)Oc2ccccc21,5.8,1,nM,CHEMBL133328,-5.8,3.2,CHEMBL244,coagulation_factor_X,False,False,False
CCCCCNC(=O)C(=O)[C@H](CC1CCCCC1)NC(=O)CN(C)C(=O)[C@@H](CCCN=C(N)N)NS(=O)(=O)Cc1ccccc1,8.73,1,nM,CHEMBL305646,-8.73,0.2699999999999996,CHEMBL244,coagulation_factor_X,False,False,False
CCCCOC(=O)[C@@H](Cc1cc2ccnc(N)c2cc1Cl)N1CC[C@H](NS(=O)(=O)c2cnc(N3CCCC3)s2)C1=O,6.0,1,nM,CHEMBL3909464,-6.0,3.0,CHEMBL244,coagulation_factor_X,False,False,False
CCCCS(=O)(=O)N[C@H]1CCCN(CC(=O)N[C@H]2CCCC(C(=N)N)C2O)C1=O,5.6,1,nM,CHEMBL140545,-5.6,3.4000000000000004,CHEMBL244,coagulation_factor_X,False,False,False
CCCN(C)C(=N)c1ccc(C(=O)Nc2ccccc2C(=O)Nc2ccc(Cl)cn2)cc1,8.05,1,nM,CHEMBL522407,-8.05,0.9499999999999993,CHEMBL244,coagulation_factor_X,False,False,False
CCCN(C)C(=N)c1ccc(NC(=O)c2cc(C)nn2-c2cc3ccccc3cc2F)c(F)c1,7.47,1,nM,CHEMBL21176,-7.47,1.5300000000000002,CHEMBL244,coagulation_factor_X,False,False,False
CCCN(CCC)C(=O)[C@H]1CC[C@H](NC(=O)c2cc3cc(Cl)ccc3[nH]2)[C@H](NC(=O)c2nc3c(s2)CN(C)CC3)C1,8.64,1,nM,CHEMBL508906,-8.64,0.35999999999999943,CHEMBL244,coagulation_factor_X,False,False,False
CCCN(NC(=O)Nc1ccc(Cl)cc1)C(=O)Nc1ccc(N2CCOCC2=O)cc1,7.07,2,nM,CHEMBL123381,-7.07,1.9299999999999997,CHEMBL244,coagulation_factor_X,False,False,False
CCCOC(=O)c1ccccc1CS(=O)(=O)N[C@H]1CCCCN(CC(=O)N[C@H]2CCCN(C(=N)N)C2O)C1=O,6.35,1,nM,CHEMBL122920,-6.35,2.6500000000000004,CHEMBL244,coagulation_factor_X,False,False,False
CCCOC[C@@H](NC(=O)c1ccc(Cl)s1)C(=O)Nc1ccc(N2CCOCC2=O)c(C)c1,4.92,1,nM,CHEMBL425889,-4.92,4.08,CHEMBL244,coagulation_factor_X,False,False,False
CCCOc1ccc(Oc2nc(Oc3cccc(C(=N)N)c3)c(F)c(NC(C)CCc3ccccc3)c2F)c(C(=O)O)c1,4.58,1,nM,CHEMBL195385,-4.58,4.42,CHEMBL244,coagulation_factor_X,False,False,False
CCC[C@@H](NC(=O)Nc1ccc(Cl)cc1)C(=O)Nc1ccc(N2CCOCC2=O)cc1,8.25,3,nM,CHEMBL122023,-8.25,0.75,CHEMBL244,coagulation_factor_X,False,False,False
CCC[C@@H](NC(=O)c1ccc(Cl)s1)C(=O)Nc1ccc(N2CCOCC2=O)c(C)c1,5.02,1,nM,CHEMBL184422,-5.02,3.9800000000000004,CHEMBL244,coagulation_factor_X,False,False,False
CCC[C@@H](NC(=O)c1ccc(Cl)s1)C(=O)Nc1ccc(N2CCOCC2=O)cc1,4.92,1,nM,CHEMBL187155,-4.92,4.08,CHEMBL244,coagulation_factor_X,False,False,False
CCC[C@H](NC(=O)Nc1ccc(Cl)cc1)C(=O)Nc1ccc(N2CCOCC2=O)cc1,6.33,1,nM,CHEMBL333264,-6.33,2.67,CHEMBL244,coagulation_factor_X,False,False,False
CCCc1ccc(-c2ccc(C(=O)NCC(C)C)cc2C(=O)O)c(C(=O)Nc2ccc(C(=N)N)cc2)c1,7.34,1,nM,CHEMBL500948,-7.34,1.6600000000000001,CHEMBL244,coagulation_factor_X,False,False,False
CCCc1nccn1C1CCN(C(=O)CCS(=O)(=O)c2ccc3cc(Cl)ccc3c2)CC1,6.64,1,nM,CHEMBL482684,-6.64,2.3600000000000003,CHEMBL244,coagulation_factor_X,False,False,False
CCN(C(=O)[C@@H]1Cc2ccccc2CN1C(=O)Cc1ccc(Cl)cc1)c1ccc(N2CCOCC2=O)cc1,5.8,1,nM,CHEMBL2040982,-5.8,3.2,CHEMBL244,coagulation_factor_X,False,False,False
CCN(C(=O)[C@@H]1Cc2ccccc2CN1C(=O)OCc1ccccc1)c1ccc(N2CCCCC2=O)cc1,4.7,1,nM,CHEMBL2040948,-4.7,4.3,CHEMBL244,coagulation_factor_X,False,False,False
CCN(C(=O)[C@@H]1Cc2ccccc2CN1C(=O)OCc1ccccc1)c1ccc(N2CCOCC2=O)cc1,4.72,1,nM,CHEMBL2040951,-4.72,4.28,CHEMBL244,coagulation_factor_X,False,False,False
CCN(C)C(=N)c1ccc(C(=O)N2CCN(S(=O)(=O)c3cc4cc(Cl)ccc4[nH]3)CC2)cc1,7.57,1,nM,CHEMBL65978,-7.57,1.4299999999999997,CHEMBL244,coagulation_factor_X,False,False,False
CCN(C)C(=N)c1ccc(C(=O)N2CCN(S(=O)(=O)c3cc4ccc(Cl)cc4s3)CC2)cc1,7.05,1,nM,CHEMBL65343,-7.05,1.9500000000000002,CHEMBL244,coagulation_factor_X,False,False,False
CCN(C)C(=N)c1ccc(C(=O)Nc2ccc(Cl)cc2C(=O)Nc2ccc(Cl)cn2)cc1,9.05,1,nM,CHEMBL515551,-9.05,-0.05000000000000071,CHEMBL244,coagulation_factor_X,False,False,False
CCN(C)C(=N)c1ccc(C(=O)Nc2ccccc2C(=O)Nc2ccc(Cl)cn2)cc1,8.22,1,nM,CHEMBL496895,-8.22,0.7799999999999994,CHEMBL244,coagulation_factor_X,False,False,False
CCN(C)C(=N)c1ccc(NC(=O)c2cc(C)nn2-c2cc3ccccc3cc2F)c(F)c1,7.66,1,nM,CHEMBL21506,-7.66,1.3399999999999999,CHEMBL244,coagulation_factor_X,False,False,False
CCN(C)C(=O)[C@H]1CC[C@H](NC(=O)c2cc3cc(Cl)ccc3[nH]2)[C@H](NC(=O)c2nc3c(s2)CN(C)CC3)C1,8.59,1,nM,CHEMBL515569,-8.59,0.41000000000000014,CHEMBL244,coagulation_factor_X,False,False,False
CCN(C)Cc1ccc(C(=O)Nc2ccc(Cl)cc2C(=O)Nc2ccc(Cl)cn2)cc1,7.92,1,nM,CHEMBL369177,-7.92,1.08,CHEMBL244,coagulation_factor_X,False,False,False
CCN(C)c1cc(Cl)cc(C(=O)Nc2ccc(Cl)cn2)c1NC(=O)c1ccc(C(=N)N(C)C)cc1,9.3,1,nM,CHEMBL472966,-9.3,-0.3000000000000007,CHEMBL244,coagulation_factor_X,False,False,False
CCN(CC)C(=N)c1ccc(C(=O)Nc2ccccc2C(=O)Nc2ccc(Cl)cn2)cc1,8.0,1,nM,CHEMBL497247,-8.0,1.0,CHEMBL244,coagulation_factor_X,False,False,False
CCN(CC)C(=O)[C@H]1CC[C@H](NC(=O)c2cc3cc(Cl)ccc3[nH]2)[C@H](NC(=O)c2nc3c(s2)CN(C)CC3)C1,8.54,1,nM,CHEMBL515895,-8.54,0.46000000000000085,CHEMBL244,coagulation_factor_X,False,False,False
CCN(CC)C(=O)c1cccc(-c2ccc3c(c2)C[C@H]2[C@H]3[C@@H](CCCCC(=N)N)C(=O)N2C(=O)OC)c1,6.92,1,nM,CHEMBL46845,-6.92,2.08,CHEMBL244,coagulation_factor_X,False,False,False
CCN(CC)C(=O)c1cccc(-c2ccc3c(c2)C[C@H]2[C@H]3[C@@H](CCCCC(=N)N)C(=O)N2C(=O)OCCCc2ccccc2)c1,5.44,1,nM,CHEMBL44710,-5.44,3.5599999999999996,CHEMBL244,coagulation_factor_X,False,False,False
CCN(CC)C(=O)c1cccc(-c2ccc3c(c2)C[C@H]2[C@H]3[C@@H](CCCCC(=N)N)C(=O)N2CCCCCc2ccccc2)c1,4.58,1,nM,CHEMBL44891,-4.58,4.42,CHEMBL244,coagulation_factor_X,False,False,False
CCN(CC)C(=O)c1cccc(-c2ccc3c(c2)[C@@H]2[C@@H](CCCCC(=N)N)C(=O)N(C(=O)OC)[C@H]2C3)c1,5.66,1,nM,CHEMBL295886,-5.66,3.34,CHEMBL244,coagulation_factor_X,False,False,False
CCN(CC)C(=O)c1cccc(-c2ccc3c(c2)[C@@H]2[C@@H](CCCCC(=N)N)C(=O)N(C(=O)OCCCc4ccccc4)[C@H]2C3)c1,5.43,1,nM,CHEMBL47102,-5.43,3.5700000000000003,CHEMBL244,coagulation_factor_X,False,False,False
CCN(CC)C(=O)c1cccc(-c2ccc3c(c2)[C@@H]2[C@@H](CCCCC(=N)N)C(=O)N(COC(C)=O)[C@H]2C3)c1,4.85,1,nM,CHEMBL46993,-4.85,4.15,CHEMBL244,coagulation_factor_X,False,False,False
CCN(CC)C(=O)c1cccc(-c2ccc3c(c2)[C@@H]2[C@@H](CCCCC(=N)N)C(=O)N(S(=O)(=O)c4ccccc4)[C@H]2C3)c1,7.13,1,nM,CHEMBL297169,-7.13,1.87,CHEMBL244,coagulation_factor_X,False,False,False
CCN(CC)CC(=O)N=S(C)(=O)c1ccc(C(=O)Nc2c(OC)cc(Cl)cc2C(=O)Nc2ccc(Cl)cn2)cc1,8.47,1,nM,CHEMBL3392131,-8.47,0.5299999999999994,CHEMBL244,coagulation_factor_X,False,False,False
CCN(CC)CC(=O)N=S(C)(=O)c1ccc(C(=O)Nc2ccc(Cl)cc2C(=O)Nc2ccc(Cl)cn2)cc1,8.68,1,nM,CHEMBL3392119,-8.68,0.3200000000000003,CHEMBL244,coagulation_factor_X,False,False,False
CCN(CC)Cc1cc2ccccc2n1-c1ccc(N2C[C@H](CNC(=O)c3ccc(Cl)s3)OC2=O)cc1,5.265,2,nM,CHEMBL3415990,-5.265,3.7350000000000003,CHEMBL244,coagulation_factor_X,False,False,False
CCN(CC)Cc1ccc(C(=O)N(CCc2ccccc2OC)[C@@H]2CCNC2)cc1,4.0,1,nM,CHEMBL233611,-4.0,5.0,CHEMBL244,coagulation_factor_X,False,False,False
CCN(CC)Cc1ccc(C(=O)Nc2ccc(Cl)cc2C(=O)Nc2ccc(Cl)cn2)cc1,7.46,1,nM,CHEMBL174870,-7.46,1.54,CHEMBL244,coagulation_factor_X,False,False,False
CCN(CC)Cc1cccn1-c1cc(F)c(N2C[C@H](CNC(=O)c3ccc(Cl)s3)OC2=O)c(F)c1,5.79,2,nM,CHEMBL3415987,-5.79,3.21,CHEMBL244,coagulation_factor_X,False,False,False
CCN(CC)Cc1cccn1-c1ccc(N2C[C@H](CNC(=O)c3ccc(Cl)s3)OC2=O)c(F)c1,6.46,3,nM,CHEMBL3415984,-6.46,2.54,CHEMBL244,coagulation_factor_X,False,False,False
CCN(CC)Cc1cccn1-c1ccc(N2C[C@H](CNC(=O)c3ccc(Cl)s3)OC2=O)cc1,6.82,3,nM,CHEMBL3415976,-6.82,2.1799999999999997,CHEMBL244,coagulation_factor_X,False,False,False
CCN(CC)Cc1csc(-c2ccc(N3C[C@H](CNC(=O)c4ccc(Cl)s4)OC3=O)cc2)n1,6.29,3,nM,CHEMBL3415998,-6.29,2.71,CHEMBL244,coagulation_factor_X,False,False,False
CCN(CC)c1ccc(N2C[C@H](CNC(=O)c3ccc(Cl)s3)OC2=O)cc1,6.57,1,nM,CHEMBL3671223,-6.57,2.4299999999999997,CHEMBL244,coagulation_factor_X,False,False,False
CCN(CC)c1ccc(Oc2nc(Oc3cccc(C(=N)N)c3)c(F)c(NC(C)CCc3ccccc3)c2F)c(C(=O)O)c1,5.02,1,nM,CHEMBL196652,-5.02,3.9800000000000004,CHEMBL244,coagulation_factor_X,False,False,False
CCN(CCCS(=O)(=O)c1ccc2cc(Cl)ccc2c1)C(=O)C1CCN(c2ccncc2)CC1,6.92,1,nM,CHEMBL271132,-6.92,2.08,CHEMBL244,coagulation_factor_X,False,False,False
CCN1CCN(c2ccc3c(c2)OC[C@H]2[C@H](CNC(=O)c4ccc(Cl)s4)OC(=O)N32)C(=O)C1,4.8,1,nM,CHEMBL3330456,-4.8,4.2,CHEMBL244,coagulation_factor_X,False,False,False
CCN1CCN=C1c1ccc(C(=O)N2CCN(S(=O)(=O)c3cc4cc(Cl)ccc4[nH]3)CC2)cc1,7.92,1,nM,CHEMBL65816,-7.92,1.08,CHEMBL244,coagulation_factor_X,False,False,False
CCN1CCN=C1c1ccc(C(=O)N2CCN(S(=O)(=O)c3cc4ccc(Cl)cc4s3)CC2)cc1,7.44,1,nM,CHEMBL436356,-7.44,1.5599999999999996,CHEMBL244,coagulation_factor_X,False,False,False
CCN1CCN=C1c1ccc(C(=O)N2CCN(S(=O)(=O)c3ccc4cc(Br)ccc4c3)CC2)cc1,7.17,1,nM,CHEMBL62758,-7.17,1.83,CHEMBL244,coagulation_factor_X,False,False,False
CCN1CCN=C1c1ccc(C(=O)Nc2ccc(Cl)cc2C(=O)Nc2ccc(Cl)cn2)cc1,8.22,1,nM,CHEMBL475186,-8.22,0.7799999999999994,CHEMBL244,coagulation_factor_X,False,False,False
CCN1CCN=C1c1ccc(C(=O)Nc2ccccc2C(=O)Nc2ccc(Cl)cn2)cc1,7.19,1,nM,CHEMBL471458,-7.19,1.8099999999999996,CHEMBL244,coagulation_factor_X,False,False,False
CCN1CCc2nc(C(=O)N3CCN(S(=O)(=O)c4ccc5cc(Cl)ccc5c4)CC3C(N)=O)sc2C1,6.96,1,nM,CHEMBL185084,-6.96,2.04,CHEMBL244,coagulation_factor_X,False,False,False
CCN1CCc2nc(C(=O)Nc3cc(C(=O)O)ccc3CNC(=O)c3ccc(Cl)s3)sc2C1,8.31,1,nM,CHEMBL1923879,-8.31,0.6899999999999995,CHEMBL244,coagulation_factor_X,False,False,False
CCNC(=N)c1ccc(C(=O)Nc2ccccc2C(=O)Nc2ccc(Cl)cn2)cc1,7.03,1,nM,CHEMBL497916,-7.03,1.9699999999999998,CHEMBL244,coagulation_factor_X,False,False,False
CCNC(=O)N1C(=O)[C@H](CCCCC(=N)N)[C@H]2c3ccc(-c4cccc(C(=O)N(CC)CC)c4)cc3C[C@@H]21,5.25,1,nM,CHEMBL296764,-5.25,3.75,CHEMBL244,coagulation_factor_X,False,False,False
CCNC(=O)N1CC[C@H](NC(=O)c2cc3cc(Cl)ccc3[nH]2)[C@H](NC(=O)c2nc3c(s2)CN(C)CC3)C1,8.11,1,nM,CHEMBL403904,-8.11,0.8900000000000006,CHEMBL244,coagulation_factor_X,False,False,False
CCNC(=O)[C@H]1CC[C@H](NC(=O)c2cc3cc(Cl)ccc3[nH]2)[C@H](NC(=O)c2nc3c(s2)CN(C)CC3)C1,8.46,1,nM,CHEMBL480637,-8.46,0.5399999999999991,CHEMBL244,coagulation_factor_X,False,False,False
CCNCC(=O)N=S(C)(=O)c1ccc(C(=O)Nc2c(OC)cc(Cl)cc2C(=O)Nc2ccc(Cl)cn2)cc1,8.62,1,nM,CHEMBL3392130,-8.62,0.3800000000000008,CHEMBL244,coagulation_factor_X,False,False,False
CCNCC(=O)N=S(C)(=O)c1ccc(C(=O)Nc2ccc(Cl)cc2C(=O)Nc2ccc(Cl)cn2)cc1,8.57,1,nM,CHEMBL3392115,-8.57,0.4299999999999997,CHEMBL244,coagulation_factor_X,False,False,False
CCNCc1csc(-c2ccc(N3C[C@H](CNC(=O)c4ccc(Cl)s4)OC3=O)cc2)n1,6.145,2,nM,CHEMBL3415997,-6.145,2.8550000000000004,CHEMBL244,coagulation_factor_X,False,False,False
CCO/C(O)=C(C#N)/C(=N\[C@H]1CCCCN(CC(=O)N2CCCC2)C1=O)Nc1ccc2oc(C)cc2c1,7.62,1,nM,CHEMBL196815,-7.62,1.38,CHEMBL244,coagulation_factor_X,False,False,False
CCOC(=O)/N=C(\Nc1ccc2oc(C)cc2c1)N[C@H]1CCCCN(CC(=O)N2CCCC2)C1=O,7.5,1,nM,CHEMBL565589,-7.5,1.5,CHEMBL244,coagulation_factor_X,False,False,False
CCOC(=O)C(C)(C)c1ccc(NC(=O)c2cc3cc(Cl)ccc3[nH]2)c(NC(=O)c2nc3c(s2)CN(C)CC3)c1,7.0,1,nM,CHEMBL1761624,-7.0,2.0,CHEMBL244,coagulation_factor_X,False,False,False
CCOC(=O)C(C)(C)c1ccc2c(C)cc(Oc3ccc(C(=N)N)cc3)nc2c1,4.92,1,nM,CHEMBL75255,-4.92,4.08,CHEMBL244,coagulation_factor_X,False,False,False
CCOC(=O)C(C)(C)c1ccc2c(c1)nc(Cc1ccc(C(=N)N)cc1)c(=O)n2C,4.97,1,nM,CHEMBL74701,-4.97,4.03,CHEMBL244,coagulation_factor_X,False,False,False
CCOC(=O)C(C)c1ccc(NC(=O)c2cc3cc(Cl)ccc3[nH]2)c(NC(=O)c2nc3c(s2)CN(C)CC3)c1,7.19,1,nM,CHEMBL1761622,-7.19,1.8099999999999996,CHEMBL244,coagulation_factor_X,False,False,False
CCOC(=O)C(CC(C)C)NC(=O)NN[C@@H](Cc1ccccc1)C(=O)N[C@H](C(=O)N[C@@H](CCCNC(=N)N)C(=O)c1nccs1)C(C)C,4.81,1,nM,CHEMBL384431,-4.81,4.19,CHEMBL244,coagulation_factor_X,False,False,False
CCOC(=O)C(Cc1cc2cc(C(=N)N)ccc2o1)c1ccc(O[C@H]2CCNC2)cc1,6.0,1,nM,CHEMBL280162,-6.0,3.0,CHEMBL244,coagulation_factor_X,False,False,False
CCOC(=O)C(Cc1cc2ccc(C(=N)N)cc2o1)c1ccc(O[C@H]2CCNC2)cc1,5.77,1,nM,CHEMBL19152,-5.77,3.2300000000000004,CHEMBL244,coagulation_factor_X,False,False,False
CCOC(=O)C(Cc1ccc(O[C@H]2CCNC2)cc1)c1cc2cc(C(=N)N)ccc2o1,4.28,1,nM,CHEMBL279367,-4.28,4.72,CHEMBL244,coagulation_factor_X,False,False,False
CCOC(=O)C(Cc1ccc2cc(C(=N)N)ccc2c1)c1ccc(O[C@H]2CCNC2)cc1,5.38,1,nM,CHEMBL279270,-5.38,3.62,CHEMBL244,coagulation_factor_X,False,False,False
CCOC(=O)C(Cc1ccc2ccc(C(=N)N)cc2c1)c1ccc(O[C@H]2CCNC2)cc1,6.51,1,nM,CHEMBL277267,-6.51,2.49,CHEMBL244,coagulation_factor_X,False,False,False
CCOC(=O)C(Cc1ccccc1)NC(=O)NN[C@@H](Cc1ccccc1)C(=O)N[C@H](C(=O)N[C@@H](CCCNC(=N)N)C(=O)c1nccs1)C(C)C,4.84,1,nM,CHEMBL191264,-4.84,4.16,CHEMBL244,coagulation_factor_X,False,False,False
CCOC(=O)C1(COc2ccc3c(c2)CN(C(=N)N)CC3)CCN(c2cc[n+](C)cc2)CC1,5.95,1,nM,CHEMBL195901,-5.95,3.05,CHEMBL244,coagulation_factor_X,False,False,False
CCOC(=O)C1(COc2ccc3c(c2)CN(C(=N)N)CC3)CCN(c2ccc(C(=N)N)cc2)CC1,6.4,1,nM,CHEMBL536961,-6.4,2.5999999999999996,CHEMBL244,coagulation_factor_X,False,False,False
CCOC(=O)C1(COc2ccc3c(c2)CN(C(=N)N)CC3)CCN(c2ccncc2)CC1,7.13,1,nM,CHEMBL537629,-7.13,1.87,CHEMBL244,coagulation_factor_X,False,False,False
CCOC(=O)C1(c2ccc3c(C)cc(Oc4ccc(C(=N)N)cc4)nc3c2)CCCC1,5.82,2,nM,CHEMBL75828,-5.82,3.1799999999999997,CHEMBL244,coagulation_factor_X,False,False,False
CCOC(=O)C1(c2ccc3c(c2)nc(Cc2ccc(C(=N)N)cc2)c(=O)n3C)CC1,4.34,1,nM,CHEMBL308600,-4.34,4.66,CHEMBL244,coagulation_factor_X,False,False,False
CCOC(=O)C1CCN(Cc2ccc(C(=O)Nc3ccc(Cl)cc3C(=O)Nc3ccc(Cl)cn3)cc2)CC1,6.77,1,nM,CHEMBL366647,-6.77,2.2300000000000004,CHEMBL244,coagulation_factor_X,False,False,False
CCOC(=O)CCN(C(=O)CCS(=O)(=O)c1ccc2cc(Cl)ccc2c1)C1CCN(c2ccncc2)CC1,7.43,1,nM,CHEMBL401529,-7.43,1.5700000000000003,CHEMBL244,coagulation_factor_X,False,False,False
CCOC(=O)CCc1cnccc1N1CCC(COc2ccc3c(c2)CN(C(=N)N)CC3)CC1,6.72,1,nM,CHEMBL540102,-6.72,2.2800000000000002,CHEMBL244,coagulation_factor_X,False,False,False
CCOC(=O)CN(C(=O)CCS(=O)(=O)c1ccc2cc(Cl)ccc2c1)C1CCN(c2ccncc2)CC1,7.22,1,nM,CHEMBL271366,-7.22,1.7800000000000002,CHEMBL244,coagulation_factor_X,False,False,False
CCOC(=O)CN(C)Cc1ccc(C(=O)Nc2ccc(Cl)cc2C(=O)Nc2ccc(Cl)cn2)cc1,6.75,1,nM,CHEMBL175125,-6.75,2.25,CHEMBL244,coagulation_factor_X,False,False,False
CCOC(=O)CN(CCCS(=O)(=O)c1ccc2cc(Cl)ccc2c1)C(=O)C1CCN(c2ccncc2)CC1,7.19,1,nM,CHEMBL272042,-7.19,1.8099999999999996,CHEMBL244,coagulation_factor_X,False,False,False
CCOC(=O)CNC(=O)C(=O)[C@H](CC1CCCCC1)NC(=O)CN(C)C(=O)[C@@H](CCCN=C(N)N)NS(=O)(=O)Cc1ccccc1,8.67,1,nM,CHEMBL306309,-8.67,0.33000000000000007,CHEMBL244,coagulation_factor_X,False,False,False
CCOC(=O)CNC(=O)C(=O)[C@H](Cc1ccc(O)cc1)NC(=O)CN(C)C(=O)[C@@H](CCCN=C(N)N)NS(=O)(=O)Cc1ccccc1,7.83,2,nM,CHEMBL432159,-7.83,1.17,CHEMBL244,coagulation_factor_X,False,False,False
CCOC(=O)CNC(=O)C(=O)[C@H](Cc1ccc(OC(C)(C)C)cc1)NC(=O)CN(C)C(=O)[C@@H](CCCN=C(N)N)NS(=O)(=O)Cc1ccccc1,6.61,1,nM,CHEMBL311152,-6.61,2.3899999999999997,CHEMBL244,coagulation_factor_X,False,False,False
CCOC(=O)CNC(=O)C(=O)[C@H](Cc1ccccc1)NC(=O)CN(C)C(=O)[C@@H](CCCN=C(N)N)NS(=O)(=O)Cc1ccccc1,7.89,2,nM,CHEMBL309068,-7.89,1.1100000000000003,CHEMBL244,coagulation_factor_X,False,False,False
CCOC(=O)CS(=O)(=O)N(Cc1cc2cc(C(=N)N)ccc2s1)c1ccc(OC2CCN(C(C)=N)CC2)cc1,8.05,1,nM,CHEMBL152881,-8.05,0.9499999999999993,CHEMBL244,coagulation_factor_X,False,False,False
CCOC(=O)CS(=O)(=O)N(Cc1ccc2ccc(C(=N)N)cc2c1)c1ccc(OC2CCN(C(C)=N)CC2)cc1,8.22,1,nM,CHEMBL356153,-8.22,0.7799999999999994,CHEMBL244,coagulation_factor_X,False,False,False
CCOC(=O)CS(=O)(=O)N(Cc1cccc(-c2cccc(C(=N)N)c2)c1)c1ccc(OC2CCN(C(C)=N)CC2)cc1,8.15,1,nM,CHEMBL151967,-8.15,0.8499999999999996,CHEMBL244,coagulation_factor_X,False,False,False
CCOC(=O)C[C@@H]1C(=O)N(CC(=O)N[C@@H](CCCN=C(N)N)C(=O)c2nccs2)CCN1S(=O)(=O)Cc1ccccc1,8.15,1,nM,CHEMBL351421,-8.15,0.8499999999999996,CHEMBL244,coagulation_factor_X,False,False,False
CCOC(=O)C[C@H]1C(=O)N(CC(=O)N[C@@H](CCCN=C(N)N)C(=O)c2nccs2)CCN1S(=O)(=O)Cc1ccccc1,7.5,1,nM,CHEMBL162599,-7.5,1.5,CHEMBL244,coagulation_factor_X,False,False,False
CCOC(=O)Cc1ccc(NC(=O)c2cc3cc(Cl)ccc3[nH]2)c(NC(=O)c2nc3c(s2)CN(C)CC3)c1,6.77,1,nM,CHEMBL1761620,-6.77,2.2300000000000004,CHEMBL244,coagulation_factor_X,False,False,False
CCOC(=O)Cc1cn2c(N3CCN(C(=O)CCS(=O)(=O)c4ccc5cc(Cl)ccc5c4)CC3)cccc2n1,7.03,1,nM,CHEMBL260360,-7.03,1.9699999999999998,CHEMBL244,coagulation_factor_X,False,False,False
CCOC(=O)N1CCC(NC(=O)c2cc3cc(Cl)ccc3[nH]2)C(NC(=O)c2nc3c(s2)CN(C)CC3)C1,8.35,1,nM,CHEMBL258328,-8.35,0.6500000000000004,CHEMBL244,coagulation_factor_X,False,False,False
CCOC(=O)N1CCC(NC(=O)c2nc3c(s2)CN(C)CC3)C(NC(=O)c2cc3cc(Cl)ccc3[nH]2)C1,6.96,1,nM,CHEMBL257268,-6.96,2.04,CHEMBL244,coagulation_factor_X,False,False,False
CCOC(=O)N[C@H](CCCN=C(N)N)C(=O)NCC(=O)N[C@H](C=O)CCCN=C(N)N,7.52,1,nM,CHEMBL2372447,-7.52,1.4800000000000004,CHEMBL244,coagulation_factor_X,False,False,False
CCOC(=O)[C@@H](Cc1cc2ccnc(N)c2cc1Cl)N1CC[C@H](NS(=O)(=O)c2cnc(N3CCCC3)s2)C1=O,6.03,1,nM,CHEMBL3948782,-6.03,2.9699999999999998,CHEMBL244,coagulation_factor_X,False,False,False
CCOC(=O)[C@@H](Cc1cc2ccnc(N)c2cc1OC)N1CC[C@H](NS(=O)(=O)c2ccc(N(C)C)nc2)C1=O,7.01,1,nM,CHEMBL3894663,-7.01,1.9900000000000002,CHEMBL244,coagulation_factor_X,False,False,False
CCOC(=O)[C@@H](Cc1cc2ccnc(N)c2cc1OC)N1CC[C@H](NS(=O)(=O)c2cnc(N(C)C)c(C)c2)C1=O,5.8,1,nM,CHEMBL3912446,-5.8,3.2,CHEMBL244,coagulation_factor_X,False,False,False
CCOC(=O)[C@@H](Cc1cc2ccnc(N)c2cc1OC)N1CC[C@H](NS(=O)(=O)c2cnc(N(C)C)s2)C1=O,7.68,1,nM,CHEMBL3984182,-7.68,1.3200000000000003,CHEMBL244,coagulation_factor_X,False,False,False
CCOC(=O)[C@@H](Cc1cc2ccnc(N)c2cc1OC)N1CC[C@H](NS(=O)(=O)c2cnc(N3CCC(F)(F)C3)s2)C1=O,6.92,1,nM,CHEMBL3922490,-6.92,2.08,CHEMBL244,coagulation_factor_X,False,False,False
CCOC(=O)[C@@H](Cc1cc2ccnc(N)c2cc1OC)N1CC[C@H](NS(=O)(=O)c2cnc(N3CCCC3)s2)C1=O,7.13,1,nM,CHEMBL3942679,-7.13,1.87,CHEMBL244,coagulation_factor_X,False,False,False
CCOC(=O)[C@@H](Cc1cc2ccnc(N)c2cc1OCCOC)N1CC[C@H](NS(=O)(=O)c2cnc(N(C)C)s2)C1=O,7.43,1,nM,CHEMBL3973454,-7.43,1.5700000000000003,CHEMBL244,coagulation_factor_X,False,False,False
CCOC(=O)[C@]1(C)CCC[C@@]2(C)[C@@H]3CC[C@@]4(C)C[C@]3(CC[C@@H]21)C/C4=N\N,5.55,1,nM,CHEMBL4643741,-5.55,3.45,CHEMBL244,coagulation_factor_X,False,False,False
CCOC(=O)[C@]1(C)CCC[C@@]2(C)[C@@H]3CC[C@@]4(C)C[C@]3(CC[C@@H]21)C/C4=N\NC(=S)Nc1ccc(Br)cc1,5.06,1,nM,CHEMBL4642689,-5.06,3.9400000000000004,CHEMBL244,coagulation_factor_X,False,False,False
CCOC(=O)[C@]1(C)CCC[C@@]2(C)[C@@H]3CC[C@@]4(C)C[C@]3(CC[C@@H]21)C/C4=N\NC(=S)Nc1ccc(C#N)cc1,4.87,1,nM,CHEMBL4642705,-4.87,4.13,CHEMBL244,coagulation_factor_X,False,False,False
CCOC(=O)[C@]1(C)CCC[C@@]2(C)[C@@H]3CC[C@@]4(C)C[C@]3(CC[C@@H]21)C/C4=N\NC(=S)Nc1ccc(C(C)(C)C)cc1,5.04,1,nM,CHEMBL4638258,-5.04,3.96,CHEMBL244,coagulation_factor_X,False,False,False
CCOC(=O)[C@]1(C)CCC[C@@]2(C)[C@@H]3CC[C@@]4(C)C[C@]3(CC[C@@H]21)C/C4=N\NC(=S)Nc1ccc(C(C)C)cc1,4.26,1,nM,CHEMBL4632627,-4.26,4.74,CHEMBL244,coagulation_factor_X,False,False,False
CCOC(=O)[C@]1(C)CCC[C@@]2(C)[C@@H]3CC[C@@]4(C)C[C@]3(CC[C@@H]21)C/C4=N\NC(=S)Nc1ccc(C(F)(F)F)cc1,5.06,1,nM,CHEMBL4642692,-5.06,3.9400000000000004,CHEMBL244,coagulation_factor_X,False,False,False
CCOC(=O)[C@]1(C)CCC[C@@]2(C)[C@@H]3CC[C@@]4(C)C[C@]3(CC[C@@H]21)C/C4=N\NC(=S)Nc1ccc(C)cc1,4.24,1,nM,CHEMBL4634142,-4.24,4.76,CHEMBL244,coagulation_factor_X,False,False,False
CCOC(=O)[C@]1(C)CCC[C@@]2(C)[C@@H]3CC[C@@]4(C)C[C@]3(CC[C@@H]21)C/C4=N\NC(=S)Nc1ccc(Cl)cc1,6.82,1,nM,CHEMBL4645930,-6.82,2.1799999999999997,CHEMBL244,coagulation_factor_X,False,False,False
CCOC(=O)[C@]1(C)CCC[C@@]2(C)[C@@H]3CC[C@@]4(C)C[C@]3(CC[C@@H]21)C/C4=N\NC(=S)Nc1ccc(F)cc1,4.56,1,nM,CHEMBL4638756,-4.56,4.44,CHEMBL244,coagulation_factor_X,False,False,False
CCOC(=O)[C@]1(C)CCC[C@@]2(C)[C@@H]3CC[C@@]4(C)C[C@]3(CC[C@@H]21)C/C4=N\NC(=S)Nc1ccc(OC)cc1,5.18,1,nM,CHEMBL4641025,-5.18,3.8200000000000003,CHEMBL244,coagulation_factor_X,False,False,False
CCOC(=O)[C@]1(C)CCC[C@@]2(C)[C@@H]3CC[C@@]4(C)C[C@]3(CC[C@@H]21)C/C4=N\NC(=S)Nc1ccc(OC)cc1OC,4.47,1,nM,CHEMBL4633908,-4.47,4.53,CHEMBL244,coagulation_factor_X,False,False,False
CCOC(=O)[C@]1(C)CCC[C@@]2(C)[C@@H]3CC[C@@]4(C)C[C@]3(CC[C@@H]21)C/C4=N\NC(=S)Nc1ccc([N+](=O)[O-])cc1,5.07,1,nM,CHEMBL4641614,-5.07,3.9299999999999997,CHEMBL244,coagulation_factor_X,False,False,False
CCOC(=O)[C@]1(C)CCC[C@@]2(C)[C@@H]3CC[C@@]4(C)C[C@]3(CC[C@@H]21)C/C4=N\NC(=S)Nc1cccc(C)c1,5.42,1,nM,CHEMBL4639304,-5.42,3.58,CHEMBL244,coagulation_factor_X,False,False,False
CCOC(=O)[C@]1(C)CCC[C@@]2(C)[C@@H]3CC[C@@]4(C)C[C@]3(CC[C@@H]21)C/C4=N\NC(=S)Nc1cccc(Cl)c1,6.71,1,nM,CHEMBL4635562,-6.71,2.29,CHEMBL244,coagulation_factor_X,False,False,False
CCOC(=O)[C@]1(C)CCC[C@@]2(C)[C@@H]3CC[C@@]4(C)C[C@]3(CC[C@@H]21)C/C4=N\NC(=S)Nc1cccc(Cl)c1Cl,5.11,1,nM,CHEMBL4644481,-5.11,3.8899999999999997,CHEMBL244,coagulation_factor_X,False,False,False
CCOC(=O)[C@]1(C)CCC[C@@]2(C)[C@@H]3CC[C@@]4(C)C[C@]3(CC[C@@H]21)C/C4=N\NC(=S)Nc1cccc(N(C)C)c1,4.53,1,nM,CHEMBL4639437,-4.53,4.47,CHEMBL244,coagulation_factor_X,False,False,False
CCOC(=O)[C@]1(C)CCC[C@@]2(C)[C@@H]3CC[C@@]4(C)C[C@]3(CC[C@@H]21)C/C4=N\NC(=S)Nc1cccc(OC)c1,4.74,1,nM,CHEMBL4645081,-4.74,4.26,CHEMBL244,coagulation_factor_X,False,False,False
CCOC(=O)[C@]1(C)CCC[C@@]2(C)[C@@H]3CC[C@@]4(C)C[C@]3(CC[C@@H]21)C/C4=N\NC(=S)Nc1cccc2ccccc12,6.02,1,nM,CHEMBL4639910,-6.02,2.9800000000000004,CHEMBL244,coagulation_factor_X,False,False,False
CCOC(=O)[C@]1(C)CCC[C@@]2(C)[C@@H]3CC[C@@]4(C)C[C@]3(CC[C@@H]21)C/C4=N\NC(=S)Nc1ccccc1,4.87,1,nM,CHEMBL4645685,-4.87,4.13,CHEMBL244,coagulation_factor_X,False,False,False
CCOC(=O)[C@]1(C)CCC[C@@]2(C)[C@@H]3CC[C@@]4(C)C[C@]3(CC[C@@H]21)C/C4=N\NC(=S)Nc1ccccc1C,5.38,1,nM,CHEMBL4648774,-5.38,3.62,CHEMBL244,coagulation_factor_X,False,False,False
CCOC(=O)[C@]1(C)CCC[C@@]2(C)[C@@H]3CC[C@@]4(C)C[C@]3(CC[C@@H]21)C/C4=N\NC(=S)Nc1ccccc1Cl,6.68,1,nM,CHEMBL4635937,-6.68,2.3200000000000003,CHEMBL244,coagulation_factor_X,False,False,False
CCOC(=O)[C@]1(C)CCC[C@@]2(C)[C@@H]3CC[C@@]4(C)C[C@]3(CC[C@@H]21)C[C@H]4OCc1cn(-c2cc(C)cc(C)c2)nn1,5.2,1,nM,CHEMBL4645925,-5.2,3.8,CHEMBL244,coagulation_factor_X,False,False,False
CCOC(=O)[C@]1(C)CCC[C@@]2(C)[C@@H]3CC[C@@]4(C)C[C@]3(CC[C@@H]21)C[C@H]4OCc1cn(-c2ccc(Br)cc2)nn1,5.48,1,nM,CHEMBL4639769,-5.48,3.5199999999999996,CHEMBL244,coagulation_factor_X,False,False,False
CCOC(=O)[C@]1(C)CCC[C@@]2(C)[C@@H]3CC[C@@]4(C)C[C@]3(CC[C@@H]21)C[C@H]4OCc1cn(-c2ccc(C(C)C)cc2)nn1,4.69,1,nM,CHEMBL4637320,-4.69,4.31,CHEMBL244,coagulation_factor_X,False,False,False
CCOC(=O)[C@]1(C)CCC[C@@]2(C)[C@@H]3CC[C@@]4(C)C[C@]3(CC[C@@H]21)C[C@H]4OCc1cn(-c2ccc(C)cc2)nn1,5.26,1,nM,CHEMBL4643987,-5.26,3.74,CHEMBL244,coagulation_factor_X,False,False,False
CCOC(=O)[C@]1(C)CCC[C@@]2(C)[C@@H]3CC[C@@]4(C)C[C@]3(CC[C@@H]21)C[C@H]4OCc1cn(-c2ccc(Cl)cc2)nn1,4.56,1,nM,CHEMBL4638079,-4.56,4.44,CHEMBL244,coagulation_factor_X,False,False,False
CCOC(=O)[C@]1(C)CCC[C@@]2(C)[C@@H]3CC[C@@]4(C)C[C@]3(CC[C@@H]21)C[C@H]4OCc1cn(-c2ccc(F)cc2)nn1,5.06,1,nM,CHEMBL4649385,-5.06,3.9400000000000004,CHEMBL244,coagulation_factor_X,False,False,False
CCOC(=O)[C@]1(C)CCC[C@@]2(C)[C@@H]3CC[C@@]4(C)C[C@]3(CC[C@@H]21)C[C@H]4OCc1cn(-c2ccc(OC)cc2)nn1,4.71,1,nM,CHEMBL4639084,-4.71,4.29,CHEMBL244,coagulation_factor_X,False,False,False
CCOC(=O)[C@]1(C)CCC[C@@]2(C)[C@@H]3CC[C@@]4(C)C[C@]3(CC[C@@H]21)C[C@H]4OCc1cn(-c2ccc3c(c2)OCO3)nn1,5.12,1,nM,CHEMBL4649869,-5.12,3.88,CHEMBL244,coagulation_factor_X,False,False,False
CCOC(=O)[C@]1(C)CCC[C@@]2(C)[C@@H]3CC[C@@]4(C)C[C@]3(CC[C@@H]21)C[C@H]4OCc1cn(-c2cccc(C)c2)nn1,4.38,1,nM,CHEMBL4647508,-4.38,4.62,CHEMBL244,coagulation_factor_X,False,False,False
CCOC(=O)[C@]1(C)CCC[C@@]2(C)[C@@H]3CC[C@@]4(C)C[C@]3(CC[C@@H]21)C[C@H]4OCc1cn(-c2cccc(Cl)c2)nn1,4.75,1,nM,CHEMBL4641576,-4.75,4.25,CHEMBL244,coagulation_factor_X,False,False,False
CCOC(=O)[C@]1(C)CCC[C@@]2(C)[C@@H]3CC[C@@]4(C)C[C@]3(CC[C@@H]21)C[C@H]4OCc1cn(-c2cccc3ccccc23)nn1,5.31,1,nM,CHEMBL4632364,-5.31,3.6900000000000004,CHEMBL244,coagulation_factor_X,False,False,False
CCOC(=O)[C@]1(C)CCC[C@@]2(C)[C@@H]3CC[C@@]4(C)C[C@]3(CC[C@@H]21)C[C@H]4OCc1cn(-c2ccccc2)nn1,4.98,1,nM,CHEMBL4640092,-4.98,4.02,CHEMBL244,coagulation_factor_X,False,False,False
CCOC(=O)[C@]1(C)CCC[C@@]2(C)[C@@H]3CC[C@@]4(C)C[C@]3(CC[C@@H]21)C[C@H]4OCc1cn(-c2ccccc2C)nn1,4.46,1,nM,CHEMBL4634094,-4.46,4.54,CHEMBL244,coagulation_factor_X,False,False,False
CCOC(=O)[C@]1(C)CCC[C@@]2(C)[C@@H]3CC[C@@]4(C)C[C@]3(CC[C@@H]21)C[C@H]4OCc1cn(Cc2ccccc2)nn1,4.53,1,nM,CHEMBL4641891,-4.53,4.47,CHEMBL244,coagulation_factor_X,False,False,False
CCOC(=O)[C@]1(NS(=O)(=O)Cc2ccccc2)CCCN(CC(=O)N[C@H]2CCCN(C(=N)N)[C@@H]2O)C1=O,8.24,1,nM,CHEMBL85282,-8.24,0.7599999999999998,CHEMBL244,coagulation_factor_X,False,False,False
CCOC(=O)[C@]1(NS(=O)(=O)Cc2ccccc2)CCCN(CC(=O)N[C@H]2CCCN(C(=N)N)[C@H]2O)C1=O,7.37,1,nM,CHEMBL421136,-7.37,1.63,CHEMBL244,coagulation_factor_X,False,False,False
CCOC(=O)c1ccc(NC(=O)c2cc3cc(Cl)ccc3[nH]2)c(NC(=O)c2nc3c(s2)CN(C)CC3)c1,6.16,1,nM,CHEMBL1760017,-6.16,2.84,CHEMBL244,coagulation_factor_X,False,False,False
CCOC(=O)c1ccc(OC(=O)CCCCCNC(=N)N)cc1,5.34,1,nM,CHEMBL87563,-5.34,3.66,CHEMBL244,coagulation_factor_X,False,False,False
CCOC(C(=O)NCc1ccc(C(=N)N)cc1OCC(N)=O)c1c(F)cc(OCc2ccccn2)cc1F,7.64,12,nM,CHEMBL3928201,-7.64,1.3600000000000003,CHEMBL244,coagulation_factor_X,False,False,False
CCOC[C@@H](NC(=O)c1ccc(Cl)s1)C(=O)Nc1ccc(N2CCOCC2=O)c(C)c1,5.0,1,nM,CHEMBL186545,-5.0,4.0,CHEMBL244,coagulation_factor_X,False,False,False
CCOP(=O)(OCC)/C(C#N)=C(\Nc1ccc2oc(C)cc2c1)N[C@H]1CCCCN(CC(=O)N2CCCC2)C1=O,6.18,1,nM,CHEMBL197337,-6.18,2.8200000000000003,CHEMBL244,coagulation_factor_X,False,False,False
CCOP(=O)(OCC)N1C(=O)[C@H](CCCCC(=N)N)[C@H]2c3ccc(-c4cccc(C(=O)N(CC)CC)c4)cc3C[C@@H]21,4.7,1,nM,CHEMBL46365,-4.7,4.3,CHEMBL244,coagulation_factor_X,False,False,False
CCO[C@@H]1C[C@H](C(=O)Nc2ccc(N3CCOCC3=O)cc2)N(C(=O)Nc2ccc(Cl)cc2)C1,9.145,12,nM,CHEMBL3972799,-9.145,-0.14499999999999957,CHEMBL244,coagulation_factor_X,False,False,False
CCO[C@]1(CC)C[C@H](C(=O)Nc2ccc(-n3ccccc3=O)cc2F)N(C(=O)Nc2ccc(Cl)cc2)C1,10.3,1,nM,CHEMBL476618,-10.3,-1.3000000000000007,CHEMBL244,coagulation_factor_X,False,False,False
CCOc1cc(C(=O)O)cc(NC(=O)c2nc3c(s2)CN(C(C)C)CC3)c1CCC(=O)Nc1ccc(Cl)cc1,9.13,1,nM,CHEMBL1923895,-9.13,-0.13000000000000078,CHEMBL244,coagulation_factor_X,False,False,False
CCOc1cc(Cl)cc(C(=O)Nc2ccc(Cl)cn2)c1NC(=O)c1ccc(C(=N)N(C)C)cc1,9.22,1,nM,CHEMBL472610,-9.22,-0.22000000000000064,CHEMBL244,coagulation_factor_X,False,False,False
CCOc1cc(OC2CCN(C)CC2)c(F)c([C@@H](Nc2ccc(C(=N)N)cc2)C(=O)O)c1,5.995,12,nM,CHEMBL3966335,-5.995,3.005,CHEMBL244,coagulation_factor_X,False,False,False
CCOc1cc2c(N)nccc2cc1C[C@H](C(=O)O)N1CC[C@H](NS(=O)(=O)c2cnc(N(C)C)s2)C1=O,7.17,1,nM,CHEMBL3919758,-7.17,1.83,CHEMBL244,coagulation_factor_X,False,False,False
CCOc1cc2c(N)nccc2cc1C[C@H](C(=O)O)N1CC[C@H](NS(=O)(=O)c2cnc(N3CCC(F)(F)C3)s2)C1=O,6.72,1,nM,CHEMBL3890582,-6.72,2.2800000000000002,CHEMBL244,coagulation_factor_X,False,False,False
CCOc1cc2c(N)nccc2cc1C[C@H](C(=O)O)N1CC[C@H](NS(=O)(=O)c2cnc(N3CCCC3)s2)C1=O,8.08,1,nM,CHEMBL3917751,-8.08,0.9199999999999999,CHEMBL244,coagulation_factor_X,False,False,False
CCOc1ccc(-c2ccc(C(=O)NC(/C=C/c3ccccc3)C(Cc3cccc(C(=N)N)c3)C(=O)OC)cc2)cc1,6.44,1,nM,CHEMBL140719,-6.44,2.5599999999999996,CHEMBL244,coagulation_factor_X,False,False,False
CCOc1ccc(Oc2nc(Oc3cccc(C(=N)N)c3)c(F)c(NC(C)CCc3ccccc3)c2F)c(C(=O)O)c1,4.77,1,nM,CHEMBL371439,-4.77,4.23,CHEMBL244,coagulation_factor_X,False,False,False
CCOc1cccc(-c2ccc(C(=O)NC(/C=C/c3ccccc3)C(Cc3cccc(C(=N)N)c3)C(=O)OC)cc2)c1,6.75,1,nM,CHEMBL139810,-6.75,2.25,CHEMBL244,coagulation_factor_X,False,False,False
CCOc1ccccc1-c1ccc(C(=O)NC(/C=C/c2ccccc2)C(Cc2cccc(C(=N)N)c2)C(=O)OC)cc1,7.22,1,nM,CHEMBL341808,-7.22,1.7800000000000002,CHEMBL244,coagulation_factor_X,False,False,False
CCS(=O)(=O)N1c2ccc(OC3CCN(C(C)=N)CC3)cc2C[C@@H]1c1ccc2ccc(C(=N)N)cc2c1,8.12,1,nM,CHEMBL1270650,-8.12,0.8800000000000008,CHEMBL244,coagulation_factor_X,False,False,False
CCS(=O)(=O)N[C@H](CC1CCCCC1)C(=O)N1CCC[C@H]1C(=O)NC(CC1CCNCC1)C(=O)C(=O)O,4.8,1,nM,CHEMBL21090,-4.8,4.2,CHEMBL244,coagulation_factor_X,False,False,False
CCS(=O)(=O)N[C@H](CC1CCCCC1)C(=O)N1CCC[C@H]1C(=O)NC(CC1CCNCC1)C(=O)c1nccs1,5.39,1,nM,CHEMBL20568,-5.39,3.6100000000000003,CHEMBL244,coagulation_factor_X,False,False,False
CCS(=O)(=O)N[C@H](CC1CCCCC1)C(=O)N1CCC[C@H]1C(=O)N[C@@H](CC1CCNCC1)C(=O)c1nccs1,5.6,1,nM,CHEMBL22100,-5.6,3.4000000000000004,CHEMBL244,coagulation_factor_X,False,False,False
CCSC/C(=C(\F)C(=O)Nc1ccc(-c2ccccc2S(N)(=O)=O)cc1)c1cccc(C(=N)N)c1,7.89,1,nM,CHEMBL36547,-7.89,1.1100000000000003,CHEMBL244,coagulation_factor_X,False,False,False
CCSc1ccc(NC(=O)c2ccc(C(=N)N(C)C)cc2)c(C(=O)Nc2ccc(Cl)cn2)c1,8.89,1,nM,CHEMBL471921,-8.89,0.10999999999999943,CHEMBL244,coagulation_factor_X,False,False,False
CC[C@@H](C)[C@@H](NC(C)C(F)F)C(=O)N1C[C@@](C)(O)C[C@H]1C(=O)NCc1ccc2c(N)nccc2c1,6.1,1,nM,CHEMBL4641777,-6.1,2.9000000000000004,CHEMBL244,coagulation_factor_X,False,False,False
CC[C@@H](C)[C@@H](NC1CCC(F)(F)CC1)C(=O)N1C[C@](O)(CC)C[C@H]1C(=O)NCc1ccc2c(N)nccc2c1,6.19,1,nM,CHEMBL4647326,-6.19,2.8099999999999996,CHEMBL244,coagulation_factor_X,False,False,False
CC[C@@H](C)[C@@H](NC1CCCCC1)C(=O)N1C[C@@H](O)C[C@H]1C(=O)NCc1ccc2c(N)nccc2c1,6.87,1,nM,CHEMBL4640835,-6.87,2.13,CHEMBL244,coagulation_factor_X,False,False,False
CC[C@@H](C)[C@@H](NC1CCCCC1)C(=O)N1C[C@@](C)(C#N)C[C@H]1C(=O)NCc1ccc2c(N)nccc2c1,5.56,1,nM,CHEMBL4635919,-5.56,3.4400000000000004,CHEMBL244,coagulation_factor_X,False,False,False
CC[C@@H](C)[C@@H](NC1CCCCC1)C(=O)N1C[C@@](C)(O)C[C@H]1C(=O)NCc1ccc2c(N)nccc2c1,7.31,1,nM,CHEMBL4646710,-7.31,1.6900000000000004,CHEMBL244,coagulation_factor_X,False,False,False
CC[C@@H](C)[C@@H](NC1CCCCC1)C(=O)N1C[C@](O)(CC)C[C@H]1C(=O)NCc1ccc2c(N)nccc2c1,7.03,1,nM,CHEMBL4634303,-7.03,1.9699999999999998,CHEMBL244,coagulation_factor_X,False,False,False
CC[C@@H](C)[C@@H](NS(=O)(=O)Cc1ccc(C(F)(F)F)cc1)C(=O)N1C[C@@](C)(O)C[C@H]1C(=O)NCc1ccc2c(N)nccc2c1,6.48,1,nM,CHEMBL4635580,-6.48,2.5199999999999996,CHEMBL244,coagulation_factor_X,False,False,False
CC[C@@H](C)[C@@H](NS(=O)(=O)Cc1ccc(Cl)cc1)C(=O)N1C[C@@](C)(C#N)C[C@H]1C(=O)NCc1ccc2c(N)nccc2c1,6.08,1,nM,CHEMBL4639651,-6.08,2.92,CHEMBL244,coagulation_factor_X,False,False,False
CC[C@@H](C)[C@@H](NS(=O)(=O)Cc1ccc(Cl)cc1)C(=O)N1C[C@@](C)(O)C[C@H]1C(=O)NCc1ccc2c(N)nccc2c1,7.11,1,nM,CHEMBL4646911,-7.11,1.8899999999999997,CHEMBL244,coagulation_factor_X,False,False,False
CC[C@@H](C)[C@H](NC(=O)[C@@H](Cc1ccccc1)NS(=O)(=O)Cc1ccccc1)C(=O)N[C@@H](CCCN=C(N)N)C(=O)c1nccs1,6.42,2,nM,CHEMBL1790570,-6.42,2.58,CHEMBL244,coagulation_factor_X,False,False,False
CC[C@@H](NC(=O)Nc1ccc(Cl)cc1)C(=O)Nc1ccc(N2CCOCC2=O)cc1,7.77,1,nM,CHEMBL122286,-7.77,1.2300000000000004,CHEMBL244,coagulation_factor_X,False,False,False
CC[C@@H](NC(=O)c1ccc(Cl)s1)C(=O)Nc1ccc(N2CCOCC2=O)c(C)c1,4.96,1,nM,CHEMBL187051,-4.96,4.04,CHEMBL244,coagulation_factor_X,False,False,False
CC[C@@H](NC(=O)c1ccc(Cl)s1)C(=O)Nc1ccc(N2CCOCC2=O)cc1,4.7,1,nM,CHEMBL362161,-4.7,4.3,CHEMBL244,coagulation_factor_X,False,False,False
CC[C@@]1(O)C[C@H](C(=O)Nc2ccc(-n3cccc(C)c3=O)cc2F)N(C(=O)Nc2ccc(Cl)cc2)C1,9.3,1,nM,CHEMBL515156,-9.3,-0.3000000000000007,CHEMBL244,coagulation_factor_X,False,False,False
CC[C@@]1(O)C[C@H](C(=O)Nc2ccc(-n3ccccc3=O)cc2F)N(C(=O)Nc2ccc(Cl)cc2)C1,9.74,1,nM,CHEMBL476412,-9.74,-0.7400000000000002,CHEMBL244,coagulation_factor_X,False,False,False
CC[C@@]1(OC)C[C@H](C(=O)Nc2ccc(-n3ccccc3=O)cc2F)N(C(=O)Nc2ccc(Cl)cc2)C1,9.66,1,nM,CHEMBL515941,-9.66,-0.6600000000000001,CHEMBL244,coagulation_factor_X,False,False,False
CC[C@H](C(=O)N1CCC[C@H]1C(=O)NC(C=O)CCCN=C(N)N)c1ccccc1,4.48,1,nM,CHEMBL327113,-4.48,4.52,CHEMBL244,coagulation_factor_X,False,False,False
CC[C@H](C)[C@@H]1NC(=O)[C@H](C)NC(=O)[C@H](CCCCN)NC(=O)[C@H](Cc2ccccc2)NC(=O)[C@H](CCCNC(=N)N)NC(=O)[C@H](CC(C)C)NC(=O)[C@H](Cc2ccc(O)cc2)NC(=O)CSC[C@@H](C(N)=O)NC(=O)CNC(=O)CNC(=O)[C@H](CC(C)C)NC(=O)[C@H](CO)NC1=O,4.39,1,nM,CHEMBL5079464,-4.39,4.61,CHEMBL244,coagulation_factor_X,False,False,False
CC[C@H](C)[C@@H]1NC(=O)[C@H](Cc2c[nH]cn2)NC(=O)[C@H](CCCCN)NC(=O)[C@H](Cc2ccccc2)NC(=O)[C@H](CCCNC(=N)N)NC(=O)[C@H](CC(C)C)NC(=O)[C@H](Cc2ccc(O)cc2)NC(=O)CSC[C@@H](C(N)=O)NC(=O)CNC(=O)CNC(=O)[C@H](CC(C)C)NC(=O)[C@H](CO)NC1=O,4.77,1,nM,CHEMBL5091473,-4.77,4.23,CHEMBL244,coagulation_factor_X,False,False,False
CC[C@H](C)[C@@H]1NC(=O)[C@H](NC(=O)N[C@@H](CCCNC(=N)N)C(=O)O)CCCCNC(=O)[C@H](Cc2ccccc2)NC(=O)[C@H](C)N(C)C(=O)[C@H](CCc2ccc(O)cc2)NC1=O,4.42,1,nM,CHEMBL175436,-4.42,4.58,CHEMBL244,coagulation_factor_X,False,False,False
CC[C@H](C)[C@H](NC(=O)[C@@H](Cc1ccccc1)NS(=O)(=O)Cc1ccccc1)C(=O)N[C@@H](CCCNC(=N)N)C(=O)c1nccs1,6.42,1,nM,CHEMBL402935,-6.42,2.58,CHEMBL244,coagulation_factor_X,False,False,False
CCc1c(-c2ccccn2)cccc1S(=O)(=O)N[C@@H](CNC(=O)c1ccc(Cl)s1)C(=O)N1CCOC[C@@H]1C,8.96,1,nM,CHEMBL3091525,-8.96,0.03999999999999915,CHEMBL244,coagulation_factor_X,False,False,False
CCc1c(-c2ccccn2)cccc1S(=O)(=O)N[C@@H](CNC(=O)c1csc(Cl)c1)C(=O)N1CCC(=C(F)F)CC1,7.41,1,nM,CHEMBL3091521,-7.41,1.5899999999999999,CHEMBL244,coagulation_factor_X,False,False,False
CCc1c(-c2ccccn2)cccc1S(=O)(=O)N[C@@H](CNC(=O)c1csc(Cl)c1)C(=O)N1CCOCC1,7.89,1,nM,CHEMBL3091524,-7.89,1.1100000000000003,CHEMBL244,coagulation_factor_X,False,False,False
CCc1c(N2CCCC2=O)cccc1S(=O)(=O)N[C@@H](CNC(=O)c1ccc(Cl)s1)C(=O)N1CCOC[C@@H]1C,9.3,1,nM,CHEMBL3091527,-9.3,-0.3000000000000007,CHEMBL244,coagulation_factor_X,False,False,False
CCc1c(N2CCCCC2=O)cccc1S(=O)(=O)N[C@@H](CNC(=O)c1ccc(Cl)s1)C(=O)N1CCOC[C@@H]1C,9.22,1,nM,CHEMBL3091526,-9.22,-0.22000000000000064,CHEMBL244,coagulation_factor_X,False,False,False
CCc1c(N2CCOCC2=O)cccc1S(=O)(=O)N[C@@H](CNC(=O)c1ccc(Cl)s1)C(=O)N1CCC(C)CC1,8.47,1,nM,CHEMBL3091508,-8.47,0.5299999999999994,CHEMBL244,coagulation_factor_X,False,False,False
CCc1c(N2CCOCC2=O)cccc1S(=O)(=O)N[C@@H](CNC(=O)c1ccc(Cl)s1)C(=O)N1CCC(O)CC1,8.85,1,nM,CHEMBL3091512,-8.85,0.15000000000000036,CHEMBL244,coagulation_factor_X,False,False,False
CCc1c(N2CCOCC2=O)cccc1S(=O)(=O)N[C@@H](CNC(=O)c1ccc(Cl)s1)C(=O)N1CCC(OC)CC1,8.85,1,nM,CHEMBL3091511,-8.85,0.15000000000000036,CHEMBL244,coagulation_factor_X,False,False,False
CCc1c(N2CCOCC2=O)cccc1S(=O)(=O)N[C@@H](CNC(=O)c1ccc(Cl)s1)C(=O)N1CCCCC1,8.96,1,nM,CHEMBL3091507,-8.96,0.03999999999999915,CHEMBL244,coagulation_factor_X,False,False,False
CCc1c(N2CCOCC2=O)cccc1S(=O)(=O)N[C@@H](CNC(=O)c1ccc(Cl)s1)C(=O)N1CCN(C)CC1,8.92,1,nM,CHEMBL3091509,-8.92,0.08000000000000007,CHEMBL244,coagulation_factor_X,False,False,False
CCc1c(N2CCOCC2=O)cccc1S(=O)(=O)N[C@@H](CNC(=O)c1ccc(Cl)s1)C(=O)N1CCOCC1,9.0,1,nM,CHEMBL3091506,-9.0,0.0,CHEMBL244,coagulation_factor_X,False,False,False
CCc1c(N2CCOCC2=O)cccc1S(=O)(=O)N[C@@H](CNC(=O)c1ccc(Cl)s1)C(=O)N1CCOC[C@@H]1C,8.74,1,nM,CHEMBL3091528,-8.74,0.2599999999999998,CHEMBL244,coagulation_factor_X,False,False,False
CCc1c(N2CCOCC2=O)cccc1S(=O)(=O)N[C@@H](Cc1cc(-c2ccc(Cl)s2)on1)C(=O)N1CCC(O)CC1,8.47,1,nM,CHEMBL3091504,-8.47,0.5299999999999994,CHEMBL244,coagulation_factor_X,False,False,False
CCc1c(N2CCOCC2=O)cccc1S(=O)(=O)N[C@@H](Cc1cc(-c2ccc(Cl)s2)on1)C(=O)N1CCC(OC)CC1,8.59,1,nM,CHEMBL3091505,-8.59,0.41000000000000014,CHEMBL244,coagulation_factor_X,False,False,False
CCc1cc2c(N)nccc2cc1C[C@H](C(=O)O)N1CC[C@H](NS(=O)(=O)c2ccc(N(C)C)nc2)C1=O,7.5,2,nM,CHEMBL3901847,-7.5,1.5,CHEMBL244,coagulation_factor_X,False,False,False
CCc1cc2c(N)nccc2cc1C[C@H](C(=O)O)N1CC[C@H](NS(=O)(=O)c2ccc(N3CCCC3)nc2)C1=O,6.33,1,nM,CHEMBL3970140,-6.33,2.67,CHEMBL244,coagulation_factor_X,False,False,False
CCc1cc2c(N)nccc2cc1C[C@H](C(=O)O)N1CC[C@H](NS(=O)(=O)c2cnc(N(C)C)s2)C1=O,7.92,1,nM,CHEMBL3934635,-7.92,1.08,CHEMBL244,coagulation_factor_X,False,False,False
CCc1cc2c(N)nccc2cc1C[C@H](C(=O)O)N1CC[C@H](NS(=O)(=O)c2cnc(N3CCCC3)s2)C1=O,7.32,1,nM,CHEMBL3958851,-7.32,1.6799999999999997,CHEMBL244,coagulation_factor_X,False,False,False
CCc1cc2cc(N/C(=N\C#N)N[C@H]3CCCCN(CC(=O)N4CCCC4)C3=O)ccc2o1,4.81,1,nM,CHEMBL556276,-4.81,4.19,CHEMBL244,coagulation_factor_X,False,False,False
CCc1ccc(-c2ccc(C(=O)NC(/C=C/c3ccccc3)C(Cc3cccc(C(=N)N)c3)C(=O)OC)cc2)cc1,6.05,1,nM,CHEMBL336440,-6.05,2.95,CHEMBL244,coagulation_factor_X,False,False,False
CCc1ccc(-c2ccc(C(=O)NCC(C)C)cc2C(=O)O)c(C(=O)Nc2ccc(C(=N)N)cc2)c1,7.3,1,nM,CHEMBL485705,-7.3,1.7000000000000002,CHEMBL244,coagulation_factor_X,False,False,False
CCc1ccc(NC(=O)c2ccc(C(=N)N(C)C)cc2)c(C(=O)Nc2ccc(Cl)cn2)c1,9.0,1,nM,CHEMBL475552,-9.0,0.0,CHEMBL244,coagulation_factor_X,False,False,False
CCc1cccc(-c2ccc(C(=O)NC(/C=C/c3ccccc3)C(Cc3cccc(C(=N)N)c3)C(=O)OC)cc2)c1,6.41,1,nM,CHEMBL342211,-6.41,2.59,CHEMBL244,coagulation_factor_X,False,False,False
CCc1ccccc1-c1ccc(C(=O)NC(/C=C/c2ccccc2)C(Cc2cccc(C(=N)N)c2)C(=O)OC)cc1,6.42,1,nM,CHEMBL139084,-6.42,2.58,CHEMBL244,coagulation_factor_X,False,False,False
CCc1nccn1C1CCN(C(=O)CCS(=O)(=O)c2ccc3cc(Cl)ccc3c2)CC1,6.8,1,nM,CHEMBL484098,-6.8,2.2,CHEMBL244,coagulation_factor_X,False,False,False
CCn1c(CN2C(=O)COc3cc(OC4CCN(C(C)=N)CC4)ccc32)cc2ccc(C(=N)N)cc21,8.7,1,nM,CHEMBL152049,-8.7,0.3000000000000007,CHEMBL244,coagulation_factor_X,False,False,False
CCn1c(COc2ccc(OC3CCN(C(C)=N)CC3)cc2)nc2cc(C(=N)N)ccc21,6.4,1,nM,CHEMBL556796,-6.4,2.5999999999999996,CHEMBL244,coagulation_factor_X,False,False,False
CN(C(=O)CCCS(=O)(=O)c1ccc2cc(Cl)ccc2c1)C1CCN(c2ccncc2)CC1,6.85,1,nM,CHEMBL270941,-6.85,2.1500000000000004,CHEMBL244,coagulation_factor_X,False,False,False
CN(C(=O)CCS(=O)(=O)c1ccc2cc(Cl)ccc2c1)C1CCN(c2cccc3nccn23)CC1,6.08,1,nM,CHEMBL428081,-6.08,2.92,CHEMBL244,coagulation_factor_X,False,False,False
CN(C(=O)CCS(=O)(=O)c1ccc2cc(Cl)ccc2c1)C1CCN(c2ccnc(CO)c2)CC1,6.96,1,nM,CHEMBL271944,-6.96,2.04,CHEMBL244,coagulation_factor_X,False,False,False
CN(C(=O)CCS(=O)(=O)c1ccc2cc(Cl)ccc2c1)C1CCN(c2ccnc(N)c2)CC1,7.1,1,nM,CHEMBL411027,-7.1,1.9000000000000004,CHEMBL244,coagulation_factor_X,False,False,False
CN(C(=O)CCS(=O)(=O)c1ccc2cc(Cl)ccc2c1)C1CCN(c2ccncc2)CC1,7.3,1,nM,CHEMBL271991,-7.3,1.7000000000000002,CHEMBL244,coagulation_factor_X,False,False,False
CN(C(=O)CS(=O)(=O)c1ccc2cc(Cl)ccc2c1)C1CCN(c2ccncc2)CC1,6.14,1,nM,CHEMBL271784,-6.14,2.8600000000000003,CHEMBL244,coagulation_factor_X,False,False,False
CN(C(=O)[C@@H]1CCCN(C(=O)c2ccc(Cl)s2)C1)c1ccc(N2CCCCC2=O)cc1,4.16,1,nM,CHEMBL2040989,-4.16,4.84,CHEMBL244,coagulation_factor_X,False,False,False
CN(C(=O)[C@@H]1Cc2ccccc2CN1C(=O)Cc1ccc(Cl)c(Cl)c1)c1ccc(N2CCCCC2=O)cc1,4.75,1,nM,CHEMBL2040969,-4.75,4.25,CHEMBL244,coagulation_factor_X,False,False,False
CN(C(=O)[C@@H]1Cc2ccccc2CN1C(=O)Cc1ccc(Cl)cc1)c1ccc(N2CCCCC2=O)cc1,5.89,1,nM,CHEMBL2040963,-5.89,3.1100000000000003,CHEMBL244,coagulation_factor_X,False,False,False
CN(C(=O)[C@@H]1Cc2ccccc2CN1C(=O)Cc1ccc(Cl)cc1)c1ccc(N2CCOCC2=O)cc1,5.96,1,nM,CHEMBL2040973,-5.96,3.04,CHEMBL244,coagulation_factor_X,False,False,False
CN(C(=O)[C@@H]1Cc2ccccc2CN1C(=O)Cc1ccc(Cl)cc1Cl)c1ccc(N2CCCCC2=O)cc1,5.89,1,nM,CHEMBL2040970,-5.89,3.1100000000000003,CHEMBL244,coagulation_factor_X,False,False,False
CN(C(=O)[C@@H]1Cc2ccccc2CN1C(=O)Cc1ccc([N+](=O)[O-])cc1)c1ccc(N2CCCCC2=O)cc1,4.07,1,nM,CHEMBL2040966,-4.07,4.93,CHEMBL244,coagulation_factor_X,False,False,False
CN(C(=O)[C@@H]1Cc2ccccc2CN1C(=O)OCc1ccccc1)c1ccc(N2CCCCC2=O)cc1,4.79,1,nM,CHEMBL2040947,-4.79,4.21,CHEMBL244,coagulation_factor_X,False,False,False
CN(C(=O)[C@@H]1Cc2ccccc2CN1C(=O)OCc1ccccc1)c1ccc(N2CCOCC2=O)cc1,4.89,1,nM,CHEMBL2040950,-4.89,4.11,CHEMBL244,coagulation_factor_X,False,False,False
CN(C(=O)[C@@H]1Cc2ccccc2CN1C(=O)c1ccc(Cl)s1)c1ccc(N2CCCCC2=O)cc1,4.25,1,nM,CHEMBL2040959,-4.25,4.75,CHEMBL244,coagulation_factor_X,False,False,False
CN(C(=O)[C@@H]1Cc2ccccc2CN1C(=O)c1ccc(Cl)s1)c1ccc(N2CCOCC2=O)cc1,4.44,1,nM,CHEMBL2040972,-4.44,4.56,CHEMBL244,coagulation_factor_X,False,False,False
CN(C(=O)[C@@H]1Cc2ccccc2CN1C(=O)c1cccs1)c1ccc(N2CCCCC2=O)cc1,4.38,1,nM,CHEMBL2040958,-4.38,4.62,CHEMBL244,coagulation_factor_X,False,False,False
CN(C(=O)[C@H](Cc1ccccc1)NC(=O)Cc1ccc(Cl)cc1)c1ccc(N2CCCCC2=O)cc1,4.27,1,nM,CHEMBL2040985,-4.27,4.73,CHEMBL244,coagulation_factor_X,False,False,False
CN(C(=O)[C@H]1CCCCN1C(=O)c1ccc(Cl)s1)c1ccc(N2CCCCC2=O)cc1,4.0,1,nM,CHEMBL2040988,-4.0,5.0,CHEMBL244,coagulation_factor_X,False,False,False
CN(C(=O)[C@H]1Cc2ccccc2CN1C(=O)Cc1ccc(Cl)cc1)c1ccc(N2CCCCC2=O)cc1,6.05,1,nM,CHEMBL2040979,-6.05,2.95,CHEMBL244,coagulation_factor_X,False,False,False
CN(C)C(=N)c1ccc(-c2ccc(C(=O)Nc3ccc(Cl)cc3C(=O)Nc3ccc(Cl)cn3)cc2)cc1,7.22,1,nM,CHEMBL369084,-7.22,1.7800000000000002,CHEMBL244,coagulation_factor_X,False,False,False
CN(C)C(=N)c1ccc(C(=O)N2CCN(S(=O)(=O)c3cc4cc(Cl)ccc4[nH]3)CC2)cc1,7.7,1,nM,CHEMBL293217,-7.7,1.2999999999999998,CHEMBL244,coagulation_factor_X,False,False,False
CN(C)C(=N)c1ccc(C(=O)N2CCN(S(=O)(=O)c3cc4ccc(Cl)cc4s3)CC2)cc1,7.57,1,nM,CHEMBL63475,-7.57,1.4299999999999997,CHEMBL244,coagulation_factor_X,False,False,False
CN(C)C(=N)c1ccc(C(=O)N2CCN(S(=O)(=O)c3ccc4cc(Br)ccc4c3)CC2)cc1,6.64,1,nM,CHEMBL65877,-6.64,2.3600000000000003,CHEMBL244,coagulation_factor_X,False,False,False
CN(C)C(=N)c1ccc(C(=O)Nc2c(C(=O)Nc3ccc(Cl)cn3)cc(Cl)cc2N(C)C)cc1,9.3,1,nM,CHEMBL513981,-9.3,-0.3000000000000007,CHEMBL244,coagulation_factor_X,False,False,False
CN(C)C(=N)c1ccc(C(=O)Nc2c(C(=O)Nc3ccc(Cl)cn3)cc(Cl)cc2N2CCCCC2)cc1,9.05,1,nM,CHEMBL473161,-9.05,-0.05000000000000071,CHEMBL244,coagulation_factor_X,False,False,False
CN(C)C(=N)c1ccc(C(=O)Nc2c(C(=O)Nc3ccc(Cl)cn3)cc(Cl)cc2N2CCOCC2)cc1,8.89,1,nM,CHEMBL514616,-8.89,0.10999999999999943,CHEMBL244,coagulation_factor_X,False,False,False
CN(C)C(=N)c1ccc(C(=O)Nc2c(Cl)cccc2C(=O)Nc2ccc(Cl)cn2)cc1,7.68,1,nM,CHEMBL471726,-7.68,1.3200000000000003,CHEMBL244,coagulation_factor_X,False,False,False
CN(C)C(=N)c1ccc(C(=O)Nc2cc(Cl)ccc2C(=O)Nc2ccc(Cl)cn2)cc1,8.7,1,nM,CHEMBL473359,-8.7,0.3000000000000007,CHEMBL244,coagulation_factor_X,False,False,False
CN(C)C(=N)c1ccc(C(=O)Nc2ccc(C#N)cc2C(=O)Nc2ccc(Cl)cn2)cc1,8.92,1,nM,CHEMBL516082,-8.92,0.08000000000000007,CHEMBL244,coagulation_factor_X,False,False,False
CN(C)C(=N)c1ccc(C(=O)Nc2ccc(C(F)(F)F)cc2C(=O)Nc2ccc(Cl)cn2)cc1,8.89,1,nM,CHEMBL514667,-8.89,0.10999999999999943,CHEMBL244,coagulation_factor_X,False,False,False
CN(C)C(=N)c1ccc(C(=O)Nc2ccc(Cl)cc2C(=O)Nc2ccc(Cl)cc2)cc1,9.15,1,nM,CHEMBL470721,-9.15,-0.15000000000000036,CHEMBL244,coagulation_factor_X,False,False,False
CN(C)C(=N)c1ccc(C(=O)Nc2ccc(Cl)cc2C(=O)Nc2ccc(Cl)cn2)c(N(C)C)c1,8.52,1,nM,CHEMBL473168,-8.52,0.4800000000000004,CHEMBL244,coagulation_factor_X,False,False,False
CN(C)C(=N)c1ccc(C(=O)Nc2ccc(Cl)cc2C(=O)Nc2ccc(Cl)cn2)c(N2CCC(C(=O)O)CC2)c1,9.15,1,nM,CHEMBL221956,-9.15,-0.15000000000000036,CHEMBL244,coagulation_factor_X,False,False,False
CN(C)C(=N)c1ccc(C(=O)Nc2ccc(Cl)cc2C(=O)Nc2ccc(Cl)cn2)c(N2CCOCC2)c1,9.15,1,nM,CHEMBL471774,-9.15,-0.15000000000000036,CHEMBL244,coagulation_factor_X,False,False,False
CN(C)C(=N)c1ccc(C(=O)Nc2ccc(Cl)cc2C(=O)Nc2ccc(Cl)cn2)cc1F,8.96,1,nM,CHEMBL471583,-8.96,0.03999999999999915,CHEMBL244,coagulation_factor_X,False,False,False
CN(C)C(=N)c1ccc(C(=O)Nc2ccc(Cl)cc2C(=O)Nc2ccc(Cl)cn2)cn1,8.52,1,nM,CHEMBL514501,-8.52,0.4800000000000004,CHEMBL244,coagulation_factor_X,False,False,False
CN(C)C(=N)c1ccc(C(=O)Nc2ccc(Cl)cc2C(=O)Nc2ccc(Cl)nc2)cc1,8.52,1,nM,CHEMBL470720,-8.52,0.4800000000000004,CHEMBL244,coagulation_factor_X,False,False,False
CN(C)C(=N)c1ccc(C(=O)Nc2ccc(Cl)cc2C(=O)Nc2ccc(Cl)s2)cc1,8.22,1,nM,CHEMBL470906,-8.22,0.7799999999999994,CHEMBL244,coagulation_factor_X,False,False,False
CN(C)C(=N)c1ccc(C(=O)Nc2ccc(Cl)cc2C(=O)Nc2ccc(F)cn2)cc1,8.52,1,nM,CHEMBL472973,-8.52,0.4800000000000004,CHEMBL244,coagulation_factor_X,False,False,False
CN(C)C(=N)c1ccc(C(=O)Nc2ccc(F)cc2C(=O)Nc2ccc(Cl)cn2)cc1,8.85,1,nM,CHEMBL511155,-8.85,0.15000000000000036,CHEMBL244,coagulation_factor_X,False,False,False
CN(C)C(=N)c1ccc(C(=O)Nc2ccc(OC(F)(F)F)cc2C(=O)Nc2ccc(Cl)cn2)cc1,7.77,1,nM,CHEMBL474650,-7.77,1.2300000000000004,CHEMBL244,coagulation_factor_X,False,False,False
CN(C)C(=N)c1ccc(C(=O)Nc2ccc(OCC(=O)NCCCCCCN)cc2C(=O)Nc2ccc(Cl)cn2)cc1,7.62,1,nM,CHEMBL3956854,-7.62,1.38,CHEMBL244,coagulation_factor_X,False,False,False
CN(C)C(=N)c1ccc(C(=O)Nc2ccc(OCC(=O)NCCCCCCN)cc2C(=O)Nc2ccccn2)cc1,6.64,1,nM,CHEMBL3973543,-6.64,2.3600000000000003,CHEMBL244,coagulation_factor_X,False,False,False
CN(C)C(=N)c1ccc(C(=O)Nc2ccc(OCC(=O)O)cc2C(=O)Nc2ccc(Cl)cn2)cc1,8.22,1,nM,CHEMBL221231,-8.22,0.7799999999999994,CHEMBL244,coagulation_factor_X,False,False,False
CN(C)C(=N)c1ccc(C(=O)Nc2ccc(OCC(F)(F)F)cc2C(=O)Nc2ccc(Cl)cn2)cc1,8.0,1,nM,CHEMBL475370,-8.0,1.0,CHEMBL244,coagulation_factor_X,False,False,False
CN(C)C(=N)c1ccc(C(=O)Nc2ccc(S(C)(=O)=O)cc2C(=O)Nc2ccc(Cl)cn2)cc1,8.82,1,nM,CHEMBL472599,-8.82,0.17999999999999972,CHEMBL244,coagulation_factor_X,False,False,False
CN(C)C(=N)c1ccc(C(=O)Nc2ccccc2C(=O)Nc2ccc(Cl)cn2)cc1,8.52,2,nM,CHEMBL471725,-8.52,0.4800000000000004,CHEMBL244,coagulation_factor_X,False,False,False
CN(C)C(=N)c1ccc(C(=O)Nc2ccsc2C(=O)Nc2ccc(Cl)cn2)cc1,8.7,1,nM,CHEMBL472609,-8.7,0.3000000000000007,CHEMBL244,coagulation_factor_X,False,False,False
CN(C)C(=N)c1ccc(CN2CCN(S(=O)(=O)c3cc4cc(Cl)ccc4[nH]3)CC2=O)cc1,7.43,1,nM,CHEMBL305379,-7.43,1.5700000000000003,CHEMBL244,coagulation_factor_X,False,False,False
CN(C)C(=N)c1ccc(CN2CCN(S(=O)(=O)c3cc4ccc(Cl)cc4s3)CC2=O)cc1,7.52,1,nM,CHEMBL65394,-7.52,1.4800000000000004,CHEMBL244,coagulation_factor_X,False,False,False
CN(C)C(=N)c1ccc(NC(=O)c2cc(C(F)(F)F)nn2-c2cc3ccccc3cc2F)c(F)c1,8.52,1,nM,CHEMBL279486,-8.52,0.4800000000000004,CHEMBL244,coagulation_factor_X,False,False,False
CN(C)C(=N)c1ccc(NC(=O)c2nnnn2-c2cc3ccccc3cc2F)c(F)c1,7.8,1,nM,CHEMBL417826,-7.8,1.2000000000000002,CHEMBL244,coagulation_factor_X,False,False,False
CN(C)C(=N)c1ccc(NC(=O)c2nnnn2-c2ccc3cc(Cl)ccc3c2)c(F)c1,8.7,1,nM,CHEMBL21250,-8.7,0.3000000000000007,CHEMBL244,coagulation_factor_X,False,False,False
CN(C)C(=N)c1csc(C(=O)Nc2ccc(Cl)cc2C(=O)Nc2ccc(Cl)cn2)c1,9.0,1,nM,CHEMBL475185,-9.0,0.0,CHEMBL244,coagulation_factor_X,False,False,False
CN(C)C(=O)/C(C#N)=C(\Nc1cccc2c(Br)c[nH]c12)N[C@H]1CCCCN(CC(=O)N2CCCC2)C1=O,8.05,1,nM,CHEMBL516174,-8.05,0.9499999999999993,CHEMBL244,coagulation_factor_X,False,False,False
CN(C)C(=O)/C(C#N)=C(\Nc1cccc2c(C#N)c[nH]c12)N[C@H]1CCCCN(CC(=O)N2CCCC2)C1=O,6.54,1,nM,CHEMBL458986,-6.54,2.46,CHEMBL244,coagulation_factor_X,False,False,False
CN(C)C(=O)/C(C#N)=C(\Nc1cccc2c(C(N)=O)c[nH]c12)N[C@H]1CCCCN(CC(=O)N2CCCC2)C1=O,4.77,1,nM,CHEMBL459160,-4.77,4.23,CHEMBL244,coagulation_factor_X,False,False,False
CN(C)C(=O)/C(C#N)=C(\Nc1cccc2c(Cl)c[nH]c12)N[C@H]1CCCCN(CC(=O)N2CCCC2)C1=O,8.62,1,nM,CHEMBL515520,-8.62,0.3800000000000008,CHEMBL244,coagulation_factor_X,False,False,False
CN(C)C(=O)C(C)(C)c1ccc2c(c1)nc(Cc1ccc(C(=N)N)cc1)c(=O)n2C,5.04,1,nM,CHEMBL308604,-5.04,3.96,CHEMBL244,coagulation_factor_X,False,False,False
CN(C)C(=O)C(Cc1cccc(C(=N)N)c1)C(/C=C/c1ccccc1)NC(=O)c1ccc(-c2ccccc2)cc1,5.36,1,nM,CHEMBL141164,-5.36,3.6399999999999997,CHEMBL244,coagulation_factor_X,False,False,False
CN(C)C(=O)CC1CN(S(=O)(=O)c2cc3cc(Cl)ccc3[nH]2)CCN1C(=O)c1ccc(C2=NCCN2C)cc1,8.0,1,nM,CHEMBL66030,-8.0,1.0,CHEMBL244,coagulation_factor_X,False,False,False
CN(C)C(=O)CC1CN(S(=O)(=O)c2cc3ccc(Cl)cc3s2)CCN1C(=O)c1ccc(C2=NCCN2C)cc1,8.15,1,nM,CHEMBL292305,-8.15,0.8499999999999996,CHEMBL244,coagulation_factor_X,False,False,False
CN(C)C(=O)Cc1cn2c(N3CCN(C(=O)CCS(=O)(=O)c4ccc5cc(Cl)ccc5c4)CC3)cccc2n1,7.24,1,nM,CHEMBL265455,-7.24,1.7599999999999998,CHEMBL244,coagulation_factor_X,False,False,False
CN(C)C/C(=C(\F)C(=O)Nc1ccc(-c2ccccc2S(N)(=O)=O)cc1F)c1cccc(C(=N)N)c1,6.72,1,nM,CHEMBL39880,-6.72,2.2800000000000002,CHEMBL244,coagulation_factor_X,False,False,False
CN(C)C1=NCCN1Cc1ccc(C(=O)Nc2ccc(Cl)cc2C(=O)Nc2ccc(Cl)cn2)cc1,8.89,1,nM,CHEMBL369023,-8.89,0.10999999999999943,CHEMBL244,coagulation_factor_X,False,False,False
CN(C)CC(=O)N=S(C)(=O)c1ccc(C(=O)Nc2ccc(Cl)cc2C(=O)Nc2ccc(Cl)cn2)cc1,8.05,1,nM,CHEMBL3392118,-8.05,0.9499999999999993,CHEMBL244,coagulation_factor_X,False,False,False
CN(C)CCCC[C@H](NC(=O)[C@@H](Cc1ccccc1)NS(=O)(=O)Cc1ccccc1)C(=O)N[C@@H](CCCN=C(N)N)C(=O)c1nccs1,5.77,1,nM,CHEMBL337654,-5.77,3.2300000000000004,CHEMBL244,coagulation_factor_X,False,False,False
CN(C)CCN(C)Cc1ccc(C(=O)Nc2ccc(Cl)cc2C(=O)Nc2ccc(Cl)cn2)cc1,8.16,1,nM,CHEMBL172256,-8.16,0.8399999999999999,CHEMBL244,coagulation_factor_X,False,False,False
CN(C)CCN=S(C)(=O)c1ccc(C(=O)Nc2ccc(Cl)cc2C(=O)Nc2ccc(Cl)cn2)cc1,7.94,1,nM,CHEMBL3392133,-7.94,1.0599999999999996,CHEMBL244,coagulation_factor_X,False,False,False
CN(C)Cc1cc2ccccc2n1-c1ccc(N2C[C@H](CNC(=O)c3ccc(Cl)s3)OC2=O)cc1,5.23,2,nM,CHEMBL3415989,-5.23,3.7699999999999996,CHEMBL244,coagulation_factor_X,False,False,False
CN(C)Cc1ccc(C(=O)Nc2ccc(Cl)cc2C(=O)Nc2ccc(Cl)cn2)cc1,8.4,1,nM,CHEMBL369086,-8.4,0.5999999999999996,CHEMBL244,coagulation_factor_X,False,False,False
CN(C)Cc1cccn1-c1cc(F)c(N2C[C@H](CNC(=O)c3ccc(Cl)s3)OC2=O)c(F)c1,5.6899999999999995,2,nM,CHEMBL3415986,-5.6899999999999995,3.3100000000000005,CHEMBL244,coagulation_factor_X,False,False,False
CN(C)Cc1cccn1-c1ccc(N2C[C@H](CNC(=O)c3ccc(Cl)s3)OC2=O)c(F)c1,6.19,3,nM,CHEMBL3415983,-6.19,2.8099999999999996,CHEMBL244,coagulation_factor_X,False,False,False
CN(C)Cc1cccn1-c1ccc(N2C[C@H](CNC(=O)c3ccc(Cl)s3)OC2=O)cc1,6.21,3,nM,CHEMBL3415975,-6.21,2.79,CHEMBL244,coagulation_factor_X,False,False,False
CN(C)Cc1csc(-c2ccc(N3C[C@H](CNC(=O)c4ccc(Cl)s4)OC3=O)cc2)n1,6.035,2,nM,CHEMBL3415996,-6.035,2.965,CHEMBL244,coagulation_factor_X,False,False,False
CN(C)NC(=N)c1ccc(C(=O)Nc2ccccc2C(=O)Nc2ccc(Cl)cn2)cc1,7.52,1,nM,CHEMBL470398,-7.52,1.4800000000000004,CHEMBL244,coagulation_factor_X,False,False,False
CN(C)S(=O)(=O)c1ccc(N2C[C@H](CNC(=O)c3ccc(Cl)s3)OC2=O)cc1Cl,7.05,1,nM,CHEMBL3671227,-7.05,1.9500000000000002,CHEMBL244,coagulation_factor_X,False,False,False
CN(C)[C@H]1CCN(C(=O)[C@H](CNC(=O)c2ccc(Cl)s2)NS(=O)(=O)c2cccc(N3CCCCC3=O)c2OC(F)F)C1,9.7,1,nM,CHEMBL3091501,-9.7,-0.6999999999999993,CHEMBL244,coagulation_factor_X,False,False,False
CN(C)c1ccc(C(=O)Nc2ccc(-c3ccccc3S(N)(=O)=O)cc2)c(Oc2cccc(C(=N)N)c2)c1,7.8,1,nM,CHEMBL47781,-7.8,1.2000000000000002,CHEMBL244,coagulation_factor_X,False,False,False
CN(C)c1ccc(N2C[C@H](CNC(=O)c3ccc(Cl)s3)OC2=O)cc1,8.26,14,nM,CHEMBL198654,-8.26,0.7400000000000002,CHEMBL244,coagulation_factor_X,False,False,False
CN(C)c1ccc(Oc2cccc(C(=N)N)c2)c(C(=O)Nc2ccc(-c3ccccc3S(N)(=O)=O)cc2)c1,8.0,1,nM,CHEMBL45030,-8.0,1.0,CHEMBL244,coagulation_factor_X,False,False,False
CN(C)c1ccc(S(=O)(=O)N[C@H]2CCN(C(Cc3cc4ccnc(N)c4cc3O)C(=O)O)C2=O)cn1,8.19,1,nM,CHEMBL3953301,-8.19,0.8100000000000005,CHEMBL244,coagulation_factor_X,False,False,False
CN(C)c1ccc(S(=O)(=O)N[C@H]2CCN([C@H](Cc3cc4ccnc(N)c4cc3C(F)(F)F)C(=O)O)C2=O)cn1,6.62,1,nM,CHEMBL3957319,-6.62,2.38,CHEMBL244,coagulation_factor_X,False,False,False
CN(C)c1ccc(S(=O)(=O)N[C@H]2CCN([C@H](Cc3cc4ccnc(N)c4cc3Cl)C(=O)O)C2=O)cn1,7.8,1,nM,CHEMBL3985466,-7.8,1.2000000000000002,CHEMBL244,coagulation_factor_X,False,False,False
CN(C)c1ccc(S(=O)(=O)N[C@H]2CCN([C@H](Cc3cc4ccnc(N)c4cc3F)C(=O)O)C2=O)cn1,7.38,1,nM,CHEMBL3953446,-7.38,1.62,CHEMBL244,coagulation_factor_X,False,False,False
CN(C)c1ccc(S(=O)(=O)N[C@H]2CCN([C@H](Cc3cc4ccnc(N)c4cc3OC(F)(F)F)C(=O)O)C2=O)cn1,7.47,1,nM,CHEMBL3956707,-7.47,1.5300000000000002,CHEMBL244,coagulation_factor_X,False,False,False
CN(C)c1cccc(-c2ccc(C(=O)Nc3ccc(Cl)cc3C(=O)Nc3ccc(Cl)cn3)cc2)c1,8.46,1,nM,CHEMBL176866,-8.46,0.5399999999999991,CHEMBL244,coagulation_factor_X,False,False,False
CN(C)c1cccc(N/C(=C\[N+](=O)[O-])N[C@H]2CCCCN(CC(=O)N3CCCC3)C2=O)c1,5.68,1,nM,CHEMBL381853,-5.68,3.3200000000000003,CHEMBL244,coagulation_factor_X,False,False,False
CN(C)c1ncc(S(=O)(=O)N[C@H]2CCN([C@H](Cc3cc4ccnc(N)c4cc3C(F)(F)F)C(=O)O)C2=O)s1,7.48,1,nM,CHEMBL3929605,-7.48,1.5199999999999996,CHEMBL244,coagulation_factor_X,False,False,False
CN(C)c1ncc(S(=O)(=O)N[C@H]2CCN([C@H](Cc3cc4ccnc(N)c4cc3Cl)C(=O)O)C2=O)cc1Cl,6.23,1,nM,CHEMBL3944249,-6.23,2.7699999999999996,CHEMBL244,coagulation_factor_X,False,False,False
CN(C)c1ncc(S(=O)(=O)N[C@H]2CCN([C@H](Cc3cc4ccnc(N)c4cc3Cl)C(=O)O)C2=O)s1,8.3,1,nM,CHEMBL3941147,-8.3,0.6999999999999993,CHEMBL244,coagulation_factor_X,False,False,False
CN(C)c1ncc(S(=O)(=O)N[C@H]2CCN([C@H](Cc3cc4ccnc(N)c4cc3F)C(=O)O)C2=O)cc1Cl,5.72,1,nM,CHEMBL3938852,-5.72,3.2800000000000002,CHEMBL244,coagulation_factor_X,False,False,False
CN(C)c1ncc(S(=O)(=O)N[C@H]2CCN([C@H](Cc3cc4ccnc(N)c4cc3F)C(=O)O)C2=O)s1,7.66,1,nM,CHEMBL3983257,-7.66,1.3399999999999999,CHEMBL244,coagulation_factor_X,False,False,False
CN(C)c1ncc(S(=O)(=O)N[C@H]2CCN([C@H](Cc3cc4ccnc(N)c4cc3OC(F)(F)F)C(=O)O)C2=O)cc1Cl,5.78,1,nM,CHEMBL3966253,-5.78,3.2199999999999998,CHEMBL244,coagulation_factor_X,False,False,False
CN(C)c1ncc(S(=O)(=O)N[C@H]2CCN([C@H](Cc3cc4ccnc(N)c4cc3OC(F)(F)F)C(=O)O)C2=O)s1,7.85,1,nM,CHEMBL3932132,-7.85,1.1500000000000004,CHEMBL244,coagulation_factor_X,False,False,False
CN(C)c1ncc(S(=O)(=O)N[C@H]2CCN([C@H](Cc3ccc4c(N)nccc4c3F)C(=O)O)C2=O)s1,6.7,1,nM,CHEMBL3954407,-6.7,2.3,CHEMBL244,coagulation_factor_X,False,False,False
CN(C)c1nccc2ccc(/C=C\C(=O)Nc3ccc(-c4ccccc4S(N)(=O)=O)cc3)cc12,7.11,1,nM,CHEMBL62875,-7.11,1.8899999999999997,CHEMBL244,coagulation_factor_X,False,False,False
CN(CC(=O)NC(C=O)CCCN=C(N)N)C(=O)[C@H](CCCN=C(N)N)NS(=O)(=O)Cc1ccccc1,7.7,1,nM,CHEMBL40927,-7.7,1.2999999999999998,CHEMBL244,coagulation_factor_X,False,False,False
CN(CC(=O)NC(CC1CCNCC1)C(=O)c1nccs1)C(=O)[C@@H](CC1CCCCC1)NCC(=O)O,6.37,1,nM,CHEMBL20442,-6.37,2.63,CHEMBL244,coagulation_factor_X,False,False,False
CN(CC(=O)N[C@@H](CC1CCCCC1)C(=O)C(=O)NCCc1ccccc1)C(=O)[C@@H](CCCN=C(N)N)NS(=O)(=O)Cc1ccccc1,7.88,1,nM,CHEMBL74955,-7.88,1.12,CHEMBL244,coagulation_factor_X,False,False,False
CN(CC(=O)N[C@@H](CC1CCCCC1)C(=O)C(=O)NCc1ccc2c(c1)OCO2)C(=O)[C@@H](CC/N=C(\N)N[N+](=O)[O-])NS(=O)(=O)Cc1ccccc1,7.33,1,nM,CHEMBL75006,-7.33,1.67,CHEMBL244,coagulation_factor_X,False,False,False
CN(CC(=O)N[C@@H](CC1CCCCC1)C(=O)C(=O)NCc1ccc2c(c1)OCO2)C(=O)[C@@H](CCN=C(N)N)NS(=O)(=O)Cc1ccccc1,8.58,2,nM,CHEMBL74023,-8.58,0.41999999999999993,CHEMBL244,coagulation_factor_X,False,False,False
CN(CC(=O)N[C@@H](CC1CCCCC1)C(=O)C(=O)NCc1ccccc1)C(=O)[C@@H](CCCN=C(N)N)NS(=O)(=O)Cc1ccccc1,8.49,1,nM,CHEMBL75017,-8.49,0.5099999999999998,CHEMBL244,coagulation_factor_X,False,False,False
CN(CC(=O)N[C@@H](CCCNC(=N)N)C(=O)c1nccs1)C(=O)CNS(=O)(=O)c1ccccc1,8.22,1,nM,CHEMBL403629,-8.22,0.7799999999999994,CHEMBL244,coagulation_factor_X,False,False,False
CN(CC(=O)N[C@@H](Cc1ccccc1)C(=O)C(=O)NCC(=O)NCCc1ccccc1)C(=O)[C@@H](CCCN=C(N)N)NS(=O)(=O)Cc1ccccc1,7.845,2,nM,CHEMBL74418,-7.845,1.1550000000000002,CHEMBL244,coagulation_factor_X,False,False,False
CN(CC(=O)N[C@H]1CCCC(C(=N)N)C1O)C(=O)[C@@H](CCCN=C(N)N)NS(=O)(=O)Cc1ccccc1,8.77,2,nM,CHEMBL431985,-8.77,0.23000000000000043,CHEMBL244,coagulation_factor_X,False,False,False
CN(CC(=O)O)Cc1ccc(C(=O)Nc2ccc(Cl)cc2C(=O)Nc2ccc(Cl)cn2)cc1,6.81,1,nM,CHEMBL175142,-6.81,2.1900000000000004,CHEMBL244,coagulation_factor_X,False,False,False
CN(CCCS(=O)(=O)c1ccc2cc(Cl)ccc2c1)C(=O)C1CCN(c2ccncc2)CC1,7.02,1,nM,CHEMBL273112,-7.02,1.9800000000000004,CHEMBL244,coagulation_factor_X,False,False,False
CN(CCN(C)C(=N)N)Cc1ccc(C(=O)Nc2ccc(Cl)cc2C(=O)Nc2ccc(Cl)cn2)cc1,8.7,1,nM,CHEMBL177109,-8.7,0.3000000000000007,CHEMBL244,coagulation_factor_X,False,False,False
CN(CCO)Cc1ccc(C(=O)Nc2ccc(Cl)cc2C(=O)Nc2ccc(Cl)cn2)cc1,7.09,1,nM,CHEMBL176856,-7.09,1.9100000000000001,CHEMBL244,coagulation_factor_X,False,False,False
CN(CCOc1cccc(C(=N)N)c1)C(=O)c1ccc(-c2ccccc2S(N)(=O)=O)cc1,7.62,1,nM,CHEMBL43039,-7.62,1.38,CHEMBL244,coagulation_factor_X,False,False,False
CN(CCS(=O)(=O)c1ccc2cc(Cl)ccc2c1)C(=O)C1CCN(c2ccncc2)CC1,6.08,1,nM,CHEMBL412049,-6.08,2.92,CHEMBL244,coagulation_factor_X,False,False,False
CN(C[C@H]1CN(c2ccc(N3CCOCC3=O)cc2)C(=O)O1)C(=O)c1ccc(Cl)s1,6.6,13,nM,CHEMBL198421,-6.6,2.4000000000000004,CHEMBL244,coagulation_factor_X,False,False,False
CN(Cc1ccc(C(=O)Nc2ccc(Cl)cc2C(=O)Nc2ccc(Cl)cn2)cc1)C(=N)c1ccccc1,7.96,1,nM,CHEMBL368126,-7.96,1.04,CHEMBL244,coagulation_factor_X,False,False,False
CN(Cc1ccc(C(=O)Nc2ccc(Cl)cc2C(=O)Nc2ccc(Cl)cn2)cc1)C1=NCCN1,8.7,1,nM,CHEMBL355807,-8.7,0.3000000000000007,CHEMBL244,coagulation_factor_X,False,False,False
CN(Cc1ccc(C(=O)Nc2ccc(Cl)cc2C(=O)Nc2ccc(Cl)cn2)cc1)C1=NCCO1,8.82,1,nM,CHEMBL366358,-8.82,0.17999999999999972,CHEMBL244,coagulation_factor_X,False,False,False
CN(Cc1ccc(C(=O)Nc2ccc(Cl)cc2C(=O)Nc2ccc(Cl)cn2)cc1)C1=NCCS1,8.0,1,nM,CHEMBL176757,-8.0,1.0,CHEMBL244,coagulation_factor_X,False,False,False
CN(c1ncc(S(=O)(=O)N[C@H]2CCN([C@H](Cc3cc4ccnc(N)c4cc3Cl)C(=O)O)C2=O)s1)C1CCC1,6.57,1,nM,CHEMBL3933418,-6.57,2.4299999999999997,CHEMBL244,coagulation_factor_X,False,False,False
CN1C(=O)COc2cc(N3C[C@H](CNC(=O)c4ccc(Cl)s4)OC3=O)ccc21,5.92,1,nM,CHEMBL3671201,-5.92,3.08,CHEMBL244,coagulation_factor_X,False,False,False
CN1CCC2N=C(C(=O)N[C@@H]3CCCC[C@@H]3CNC(=O)c3ccc(Cl)s3)SC2C1,7.57,1,nM,CHEMBL3409878,-7.57,1.4299999999999997,CHEMBL244,coagulation_factor_X,False,False,False
CN1CCCN(c2ccc(C(=O)Nc3c(O)cc(Cl)cc3C(=O)Nc3ccc(Cl)cn3)cc2)CC1,8.06,1,nM,CHEMBL3359574,-8.06,0.9399999999999995,CHEMBL244,coagulation_factor_X,False,False,False
CN1CCCN(c2ccc(C(=O)Nc3c(O)cccc3C(=O)Nc3ccc(Cl)cc3)cc2)CC1,8.16,1,nM,CHEMBL3359570,-8.16,0.8399999999999999,CHEMBL244,coagulation_factor_X,False,False,False
CN1CCCN(c2ccc(C(=O)Nc3c(O)cccc3C(=O)Nc3ccc(Cl)cn3)cc2)CC1,7.8,1,nM,CHEMBL3359573,-7.8,1.2000000000000002,CHEMBL244,coagulation_factor_X,False,False,False
CN1CCCN(c2ccc(C(=O)Nc3c(O)cccc3NC(=O)c3ccc(Br)cc3)cc2)CC1,7.22,1,nM,CHEMBL1922340,-7.22,1.7800000000000002,CHEMBL244,coagulation_factor_X,False,False,False
CN1CCCN(c2ccc(C(=O)Nc3c(O)cccc3NC(=O)c3ccc(Br)s3)cc2)CC1,7.38,1,nM,CHEMBL1922343,-7.38,1.62,CHEMBL244,coagulation_factor_X,False,False,False
CN1CCCN(c2ccc(C(=O)Nc3c(O)cccc3NC(=O)c3ccc(Cl)cc3)cc2)CC1,7.19,1,nM,CHEMBL1922339,-7.19,1.8099999999999996,CHEMBL244,coagulation_factor_X,False,False,False
CN1CCCN(c2ccc(C(=O)Nc3c(O)cccc3NC(=O)c3ccc(Cl)s3)cc2)CC1,7.38,1,nM,CHEMBL1922342,-7.38,1.62,CHEMBL244,coagulation_factor_X,False,False,False
CN1CCCN(c2ccc(C(=O)Nc3c(O)cccc3NC(=O)c3ccc(F)cc3)cc2)CC1,6.46,1,nM,CHEMBL1922338,-6.46,2.54,CHEMBL244,coagulation_factor_X,False,False,False
CN1CCCN(c2ccc(C(=O)Nc3c(O)cccc3NC(=O)c3ccc(O)cc3)cc2)CC1,5.21,1,nM,CHEMBL1922242,-5.21,3.79,CHEMBL244,coagulation_factor_X,False,False,False
CN1CCCN(c2ccc(C(=O)Nc3c(O[C@@H]4O[C@H](C(=O)O)[C@@H](O)[C@H](O)[C@H]4O)cc(Cl)cc3C(=O)Nc3ccc(Cl)cn3)cc2)CC1,8.82,1,nM,CHEMBL3359576,-8.82,0.17999999999999972,CHEMBL244,coagulation_factor_X,False,False,False
CN1CCCN(c2ccc(C(=O)Nc3cc(C(=O)O)ccc3CNc3cccc(C(=N)N)c3)cc2)CC1,8.46,1,nM,CHEMBL1270554,-8.46,0.5399999999999991,CHEMBL244,coagulation_factor_X,False,False,False
CN1CCCN(c2ccc(C(=O)Nc3ccc(Cl)cc3C(=O)Nc3ccc(Cl)cn3)cc2)CC1,8.44,1,nM,CHEMBL3359575,-8.44,0.5600000000000005,CHEMBL244,coagulation_factor_X,False,False,False
CN1CCCN(c2cccc(-c3ccc(C(=O)Nc4ccc(Cl)cc4C(=O)Nc4ccc(Cl)cn4)cc3)c2)CC1,7.66,1,nM,CHEMBL177865,-7.66,1.3399999999999999,CHEMBL244,coagulation_factor_X,False,False,False
CN1CCCN=C1c1ccc(C(=O)N2CCN(S(=O)(=O)c3ccc4cc(Br)ccc4c3)CC2)cc1,6.37,1,nM,CHEMBL63690,-6.37,2.63,CHEMBL244,coagulation_factor_X,False,False,False
CN1CCCN=C1c1ccc(C(=O)Nc2ccccc2C(=O)Nc2ccc(Cl)cn2)cc1,7.11,1,nM,CHEMBL471874,-7.11,1.8899999999999997,CHEMBL244,coagulation_factor_X,False,False,False
CN1CCN(C(=N)c2ccc(C(=O)Nc3ccccc3C(=O)Nc3ccc(Cl)cn3)cc2)CC1,6.15,1,nM,CHEMBL471456,-6.15,2.8499999999999996,CHEMBL244,coagulation_factor_X,False,False,False
CN1CCN(C(=O)CN2CCC[C@H](NS(=O)(=O)c3ccc4cc(Cl)ccc4c3)C2=O)CC1,5.71,1,nM,CHEMBL1923464,-5.71,3.29,CHEMBL244,coagulation_factor_X,False,False,False
CN1CCN(C(=O)[C@H](CNC(=O)c2ccc(Cl)s2)NS(=O)(=O)c2cc(F)cc(N3CCCCC3=O)c2Cl)CC1,9.3,1,nM,CHEMBL3091502,-9.3,-0.3000000000000007,CHEMBL244,coagulation_factor_X,False,False,False
CN1CCN(C(=O)[C@H](CNC(=O)c2ccc(Cl)s2)NS(=O)(=O)c2cccc(N3CCCC3=O)c2Cl)CC1,9.0,1,nM,CHEMBL3091515,-9.0,0.0,CHEMBL244,coagulation_factor_X,False,False,False
CN1CCN(C(=O)[C@H](CNC(=O)c2ccc(Cl)s2)NS(=O)(=O)c2cccc(N3CCOCC3=O)c2Cl)CC1,8.96,1,nM,CHEMBL3091514,-8.96,0.03999999999999915,CHEMBL244,coagulation_factor_X,False,False,False
CN1CCN(Cc2cc3ccccc3n2-c2ccc(N3C[C@H](CNC(=O)c4ccc(Cl)s4)OC3=O)cc2)CC1,4.95,1,nM,CHEMBL3415994,-4.95,4.05,CHEMBL244,coagulation_factor_X,False,False,False
CN1CCN(Cc2ccc(C(=O)Nc3ccc(Cl)cc3C(=O)Nc3ccc(Cl)cn3)cc2)CC1,7.82,1,nM,CHEMBL176268,-7.82,1.1799999999999997,CHEMBL244,coagulation_factor_X,False,False,False
CN1CCN(Cc2cccn2-c2ccc(N3C[C@H](CNC(=O)c4ccc(Cl)s4)OC3=O)cc2)CC1,5.41,2,nM,CHEMBL3415982,-5.41,3.59,CHEMBL244,coagulation_factor_X,False,False,False
CN1CCN(Cc2csc(-c3ccc(N4C[C@H](CNC(=O)c5ccc(Cl)s5)OC4=O)cc3)n2)CC1,5.4,2,nM,CHEMBL3416002,-5.4,3.5999999999999996,CHEMBL244,coagulation_factor_X,False,False,False
CN1CCN(c2ccc(NC(=O)c3ccc(-c4ccccc4S(N)(=O)=O)cc3)c(C(=O)Nc3ccc(Br)cn3)c2)CC1,5.81,1,nM,CHEMBL435525,-5.81,3.1900000000000004,CHEMBL244,coagulation_factor_X,False,False,False
CN1CCN(c2ccc3c(c2)OC[C@H]2[C@H](CNC(=O)c4ccc(Cl)s4)OC(=O)N32)C(=O)C1,5.66,1,nM,CHEMBL3330455,-5.66,3.34,CHEMBL244,coagulation_factor_X,False,False,False
CN1CCN(c2cccc(-c3ccc(C(=O)Nc4ccc(Cl)cc4C(=O)Nc4ccc(Cl)cn4)cc3)c2)CC1,7.64,1,nM,CHEMBL367472,-7.64,1.3600000000000003,CHEMBL244,coagulation_factor_X,False,False,False
CN1CCN=C1c1ccc(C(=O)N2CCN(S(=O)(=O)c3cc4cc(Cl)ccc4[nH]3)CC2)cc1,8.3,1,nM,CHEMBL294121,-8.3,0.6999999999999993,CHEMBL244,coagulation_factor_X,False,False,False
CN1CCN=C1c1ccc(C(=O)N2CCN(S(=O)(=O)c3cc4cc(Cl)ccc4[nH]3)CC2C(=O)O)cc1,7.92,1,nM,CHEMBL61950,-7.92,1.08,CHEMBL244,coagulation_factor_X,False,False,False
CN1CCN=C1c1ccc(C(=O)N2CCN(S(=O)(=O)c3cc4cc(Cl)ccc4[nH]3)CC2CC(=O)N2CCC2)cc1,8.3,1,nM,CHEMBL66583,-8.3,0.6999999999999993,CHEMBL244,coagulation_factor_X,False,False,False
CN1CCN=C1c1ccc(C(=O)N2CCN(S(=O)(=O)c3cc4cc(Cl)ccc4[nH]3)CC2CC(=O)N2CCCC2)cc1,8.15,1,nM,CHEMBL62279,-8.15,0.8499999999999996,CHEMBL244,coagulation_factor_X,False,False,False
CN1CCN=C1c1ccc(C(=O)N2CCN(S(=O)(=O)c3cc4cc(Cl)ccc4[nH]3)CC2CC(=O)N2CCCCC2)cc1,8.15,1,nM,CHEMBL291429,-8.15,0.8499999999999996,CHEMBL244,coagulation_factor_X,False,False,False
CN1CCN=C1c1ccc(C(=O)N2CCN(S(=O)(=O)c3cc4cc(Cl)ccc4[nH]3)CC2CC(=O)N2CCN(c3ccncc3)CC2)cc1,8.1,1,nM,CHEMBL63672,-8.1,0.9000000000000004,CHEMBL244,coagulation_factor_X,False,False,False
CN1CCN=C1c1ccc(C(=O)N2CCN(S(=O)(=O)c3cc4cc(Cl)ccc4[nH]3)CC2CC(=O)N2CCOCC2)cc1,7.96,1,nM,CHEMBL445616,-7.96,1.04,CHEMBL244,coagulation_factor_X,False,False,False
CN1CCN=C1c1ccc(C(=O)N2CCN(S(=O)(=O)c3cc4cc(Cl)ccc4[nH]3)CC2CC(=O)O)cc1,7.39,1,nM,CHEMBL292941,-7.39,1.6100000000000003,CHEMBL244,coagulation_factor_X,False,False,False
CN1CCN=C1c1ccc(C(=O)N2CCN(S(=O)(=O)c3cc4cc(Cl)ccc4[nH]3)CC2CC(N)=O)cc1,7.75,1,nM,CHEMBL293248,-7.75,1.25,CHEMBL244,coagulation_factor_X,False,False,False
CN1CCN=C1c1ccc(C(=O)N2CCN(S(=O)(=O)c3cc4cc(Cl)ccc4s3)CC2)cc1,6.57,1,nM,CHEMBL293682,-6.57,2.4299999999999997,CHEMBL244,coagulation_factor_X,False,False,False
CN1CCN=C1c1ccc(C(=O)N2CCN(S(=O)(=O)c3cc4ccc(Cl)cc4[nH]3)CC2)cc1,6.23,1,nM,CHEMBL293425,-6.23,2.7699999999999996,CHEMBL244,coagulation_factor_X,False,False,False
CN1CCN=C1c1ccc(C(=O)N2CCN(S(=O)(=O)c3cc4ccc(Cl)cc4s3)CC2)cc1,8.05,1,nM,CHEMBL293462,-8.05,0.9499999999999993,CHEMBL244,coagulation_factor_X,False,False,False
CN1CCN=C1c1ccc(C(=O)N2CCN(S(=O)(=O)c3cc4ccc(Cl)cc4s3)CC2CC(=O)N2CCC(C(=O)O)CC2)cc1,8.1,1,nM,CHEMBL303345,-8.1,0.9000000000000004,CHEMBL244,coagulation_factor_X,False,False,False
CN1CCN=C1c1ccc(C(=O)N2CCN(S(=O)(=O)c3cc4ccc(Cl)cc4s3)CC2CC(=O)N2CCC2)cc1,8.0,1,nM,CHEMBL63518,-8.0,1.0,CHEMBL244,coagulation_factor_X,False,False,False
CN1CCN=C1c1ccc(C(=O)N2CCN(S(=O)(=O)c3cc4ccc(Cl)cc4s3)CC2CC(=O)N2CCCC2)cc1,8.22,1,nM,CHEMBL304080,-8.22,0.7799999999999994,CHEMBL244,coagulation_factor_X,False,False,False
CN1CCN=C1c1ccc(C(=O)N2CCN(S(=O)(=O)c3cc4ccc(Cl)cc4s3)CC2CC(=O)N2CCCCC2)cc1,8.22,1,nM,CHEMBL65506,-8.22,0.7799999999999994,CHEMBL244,coagulation_factor_X,False,False,False
CN1CCN=C1c1ccc(C(=O)N2CCN(S(=O)(=O)c3cc4ccc(Cl)cc4s3)CC2CC(=O)N2CCN(c3ccncc3)CC2)cc1,8.1,1,nM,CHEMBL305394,-8.1,0.9000000000000004,CHEMBL244,coagulation_factor_X,False,False,False
CN1CCN=C1c1ccc(C(=O)N2CCN(S(=O)(=O)c3cc4ccc(Cl)cc4s3)CC2CC(=O)N2CCOCC2)cc1,7.82,1,nM,CHEMBL65219,-7.82,1.1799999999999997,CHEMBL244,coagulation_factor_X,False,False,False
CN1CCN=C1c1ccc(C(=O)N2CCN(S(=O)(=O)c3cc4ccc(Cl)cc4s3)CC2CC(=O)O)cc1,7.54,1,nM,CHEMBL291430,-7.54,1.46,CHEMBL244,coagulation_factor_X,False,False,False
CN1CCN=C1c1ccc(C(=O)N2CCN(S(=O)(=O)c3ccc4cc(Br)ccc4c3)CC2)cc1,7.51,1,nM,CHEMBL66535,-7.51,1.4900000000000002,CHEMBL244,coagulation_factor_X,False,False,False
CN1CCN=C1c1ccc(C(=O)Nc2ccc(Cl)cc2C(=O)Nc2ccc(Cl)cn2)cc1,8.82,1,nM,CHEMBL473969,-8.82,0.17999999999999972,CHEMBL244,coagulation_factor_X,False,False,False
CN1CCN=C1c1ccc(C(=O)Nc2ccccc2C(=O)Nc2ccc(Cl)cn2)cc1,7.7,1,nM,CHEMBL471457,-7.7,1.2999999999999998,CHEMBL244,coagulation_factor_X,False,False,False
CN1CCN=C1c1ccc(CN2CCN(S(=O)(=O)c3cc4cc(Cl)ccc4[nH]3)CC2=O)cc1,7.24,1,nM,CHEMBL294782,-7.24,1.7599999999999998,CHEMBL244,coagulation_factor_X,False,False,False
CN1CCN=C1c1ccc(CN2CCN(S(=O)(=O)c3cc4ccc(Cl)cc4s3)CC2=O)cc1,7.35,1,nM,CHEMBL302968,-7.35,1.6500000000000004,CHEMBL244,coagulation_factor_X,False,False,False
CN1CCN=C1c1ccc(NC(=O)c2cc(C(F)(F)F)nn2-c2cc3ccccc3cc2F)c(F)c1,7.51,1,nM,CHEMBL431693,-7.51,1.4900000000000002,CHEMBL244,coagulation_factor_X,False,False,False
CN1CCN=C1c1ccc(NC(=O)c2nnnn2-c2cc3ccccc3cc2F)c(F)c1,6.96,1,nM,CHEMBL20673,-6.96,2.04,CHEMBL244,coagulation_factor_X,False,False,False
CN1CCN=C1c1ccc(NC(=O)c2nnnn2-c2ccc3cc(Cl)ccc3c2)c(F)c1,7.82,1,nM,CHEMBL418558,-7.82,1.1799999999999997,CHEMBL244,coagulation_factor_X,False,False,False
CN1CCc2[nH]c(C(=O)N3CCN(S(=O)(=O)c4ccc5cc(Cl)ccc5c4)CC3)cc2C1,6.5,1,nM,CHEMBL365826,-6.5,2.5,CHEMBL244,coagulation_factor_X,False,False,False
CN1CCc2cc(C(=O)N3CCN(S(=O)(=O)c4ccc5cc(Cl)ccc5c4)CC3)ccc2C1,5.92,1,nM,CHEMBL184478,-5.92,3.08,CHEMBL244,coagulation_factor_X,False,False,False
CN1CCc2cc(C(=O)N3CCN(S(=O)(=O)c4ccc5cc(Cl)ccc5c4)CC3)oc2C1,6.26,1,nM,CHEMBL185141,-6.26,2.74,CHEMBL244,coagulation_factor_X,False,False,False
CN1CCc2cc(C(=O)N3CCN(S(=O)(=O)c4ccc5cc(Cl)ccc5c4)CC3)sc2C1,6.98,1,nM,CHEMBL365654,-6.98,2.0199999999999996,CHEMBL244,coagulation_factor_X,False,False,False
CN1CCc2nc(C(=O)N(C)CCN(C)C(=O)c3cc4cc(Cl)ccc4[nH]3)sc2C1,5.4,1,nM,CHEMBL1761605,-5.4,3.5999999999999996,CHEMBL244,coagulation_factor_X,False,False,False
CN1CCc2nc(C(=O)N(C)CCNC(=O)c3cc4cc(Cl)ccc4[nH]3)sc2C1,5.39,1,nM,CHEMBL1761604,-5.39,3.6100000000000003,CHEMBL244,coagulation_factor_X,False,False,False
CN1CCc2nc(C(=O)N3CCC(NC(=O)c4ccc(Cl)s4)CC3)sc2C1,5.99,1,nM,CHEMBL1682732,-5.99,3.01,CHEMBL244,coagulation_factor_X,False,False,False
CN1CCc2nc(C(=O)N3CCCC(CNC(=O)c4ccc(Cl)s4)C3)sc2C1,5.17,1,nM,CHEMBL1682733,-5.17,3.83,CHEMBL244,coagulation_factor_X,False,False,False
CN1CCc2nc(C(=O)N3CCN(S(=O)(=O)c4ccc5cc(Cl)ccc5c4)CC3)ccc2C1,5.66,1,nM,CHEMBL182374,-5.66,3.34,CHEMBL244,coagulation_factor_X,False,False,False
CN1CCc2nc(C(=O)N3CCN(S(=O)(=O)c4ccc5cc(Cl)ccc5c4)CC3)sc2C1,7.66,2,nM,CHEMBL100732,-7.66,1.3399999999999999,CHEMBL244,coagulation_factor_X,False,False,False
CN1CCc2nc(C(=O)N3CCN(S(=O)(=O)c4ccc5cc(Cl)ccc5c4)CC3C(=O)N(C)C)sc2C1,6.89,1,nM,CHEMBL441812,-6.89,2.1100000000000003,CHEMBL244,coagulation_factor_X,False,False,False
CN1CCc2nc(C(=O)N3CCN(S(=O)(=O)c4ccc5cc(Cl)ccc5c4)CC3C(=O)NCC(=O)N3CCOCC3)sc2C1,7.6,1,nM,CHEMBL101671,-7.6,1.4000000000000004,CHEMBL244,coagulation_factor_X,False,False,False
CN1CCc2nc(C(=O)N3CCN(S(=O)(=O)c4ccc5cc(Cl)ccc5c4)CC3C(=O)NCC(N)=O)sc2C1,7.64,1,nM,CHEMBL101040,-7.64,1.3600000000000003,CHEMBL244,coagulation_factor_X,False,False,False
CN1CCc2nc(C(=O)N3CCN(S(=O)(=O)c4ccc5cc(Cl)ccc5c4)CC3C(=O)NCc3ccccc3)sc2C1,6.19,1,nM,CHEMBL316646,-6.19,2.8099999999999996,CHEMBL244,coagulation_factor_X,False,False,False
CN1CCc2nc(C(=O)N3CCN(S(=O)(=O)c4ccc5cc(Cl)ccc5c4)CC3C(N)=O)sc2C1,7.62,2,nM,CHEMBL100751,-7.62,1.38,CHEMBL244,coagulation_factor_X,False,False,False
CN1CCc2nc(C(=O)NC3CCCCC3NC(=O)c3cc4cc(Cl)ccc4[nH]3)sc2C1,7.39,1,nM,CHEMBL257207,-7.39,1.6100000000000003,CHEMBL244,coagulation_factor_X,False,False,False
CN1CCc2nc(C(=O)NC3CCN(C(=O)OC(C)(C)C)CC3NC(=O)c3cc4cc(Cl)ccc4[nH]3)sc2C1,6.89,1,nM,CHEMBL270604,-6.89,2.1100000000000003,CHEMBL244,coagulation_factor_X,False,False,False
CN1CCc2nc(C(=O)NC3CCN(S(C)(=O)=O)CC3NC(=O)c3cc4cc(Cl)ccc4[nH]3)sc2C1,7.35,1,nM,CHEMBL401661,-7.35,1.6500000000000004,CHEMBL244,coagulation_factor_X,False,False,False
CN1CCc2nc(C(=O)NC3CCNCC3NC(=O)c3cc4cc(Cl)ccc4[nH]3)sc2C1,6.28,1,nM,CHEMBL401680,-6.28,2.7199999999999998,CHEMBL244,coagulation_factor_X,False,False,False
CN1CCc2nc(C(=O)NC3CN(C(=O)OC(C)(C)C)CCC3NC(=O)c3cc4cc(Cl)ccc4[nH]3)sc2C1,8.0,1,nM,CHEMBL271316,-8.0,1.0,CHEMBL244,coagulation_factor_X,False,False,False
CN1CCc2nc(C(=O)NC3CN(S(C)(=O)=O)CCC3NC(=O)c3cc4cc(Cl)ccc4[nH]3)sc2C1,7.55,1,nM,CHEMBL444898,-7.55,1.4500000000000002,CHEMBL244,coagulation_factor_X,False,False,False
CN1CCc2nc(C(=O)NC3CNCCC3NC(=O)c3cc4cc(Cl)ccc4[nH]3)sc2C1,7.21,1,nM,CHEMBL270391,-7.21,1.79,CHEMBL244,coagulation_factor_X,False,False,False
CN1CCc2nc(C(=O)NCCCNC(=O)c3ccc(Cl)s3)sc2C1,7.03,1,nM,CHEMBL1682731,-7.03,1.9699999999999998,CHEMBL244,coagulation_factor_X,False,False,False
CN1CCc2nc(C(=O)NCCN(C)C(=O)c3cc4cc(Cl)ccc4[nH]3)sc2C1,5.8,1,nM,CHEMBL1761603,-5.8,3.2,CHEMBL244,coagulation_factor_X,False,False,False
CN1CCc2nc(C(=O)NCCNC(=O)c3cc4cc(Cl)ccc4[nH]3)sc2C1,6.66,1,nM,CHEMBL1761602,-6.66,2.34,CHEMBL244,coagulation_factor_X,False,False,False
CN1CCc2nc(C(=O)NC[C@@H](CC(=O)O)NC(=O)c3cc4cc(Cl)ccc4[nH]3)sc2C1,6.21,1,nM,CHEMBL1761614,-6.21,2.79,CHEMBL244,coagulation_factor_X,False,False,False
CN1CCc2nc(C(=O)NC[C@H](CC(=O)O)NC(=O)c3cc4cc(Cl)ccc4[nH]3)sc2C1,6.34,1,nM,CHEMBL1761612,-6.34,2.66,CHEMBL244,coagulation_factor_X,False,False,False
CN1CCc2nc(C(=O)NCc3ccccc3NC(=O)c3ccc(Cl)s3)sc2C1,5.25,1,nM,CHEMBL1682734,-5.25,3.75,CHEMBL244,coagulation_factor_X,False,False,False
CN1CCc2nc(C(=O)N[C@@H](CNC(=O)c3cc4cc(Cl)ccc4[nH]3)CC(=O)O)sc2C1,5.68,1,nM,CHEMBL1761610,-5.68,3.3200000000000003,CHEMBL244,coagulation_factor_X,False,False,False
CN1CCc2nc(C(=O)N[C@@H]3CCCCC[C@@H]3NC(=O)c3cc4cc(Cl)ccc4[nH]3)sc2C1,6.76,1,nM,CHEMBL245679,-6.76,2.24,CHEMBL244,coagulation_factor_X,False,False,False
CN1CCc2nc(C(=O)N[C@@H]3CCCCC[C@H]3NC(=O)c3cc4cc(Cl)ccc4[nH]3)sc2C1,7.95,1,nM,CHEMBL439391,-7.95,1.0499999999999998,CHEMBL244,coagulation_factor_X,False,False,False
CN1CCc2nc(C(=O)N[C@@H]3CCCC[C@@H]3CNC(=O)c3ccc(Cl)s3)sc2C1,7.57,1,nM,CHEMBL1682736,-7.57,1.4299999999999997,CHEMBL244,coagulation_factor_X,False,False,False
CN1CCc2nc(C(=O)N[C@@H]3CCCC[C@@H]3NC(=O)c3cc4cc(Cl)ccc4[nH]3)sc2C1,7.8,6,nM,CHEMBL245678,-7.8,1.2000000000000002,CHEMBL244,coagulation_factor_X,False,False,False
CN1CCc2nc(C(=O)N[C@@H]3CCCC[C@@H]3NS(=O)(=O)c3cc4cc(Cl)ccc4[nH]3)sc2C1,5.36,1,nM,CHEMBL247118,-5.36,3.6399999999999997,CHEMBL244,coagulation_factor_X,False,False,False
CN1CCc2nc(C(=O)N[C@@H]3CCCC[C@H]3CNC(=O)c3ccc(Cl)s3)sc2C1,6.36,1,nM,CHEMBL1682735,-6.36,2.6399999999999997,CHEMBL244,coagulation_factor_X,False,False,False
CN1CCc2nc(C(=O)N[C@@H]3CCCC[C@H]3NC(=O)c3cc4cc(Cl)ccc4[nH]3)sc2C1,7.89,2,nM,CHEMBL391805,-7.89,1.1100000000000003,CHEMBL244,coagulation_factor_X,False,False,False
CN1CCc2nc(C(=O)N[C@@H]3CCC[C@@H]3NC(=O)c3cc4cc(Cl)ccc4[nH]3)sc2C1,6.93,1,nM,CHEMBL391804,-6.93,2.0700000000000003,CHEMBL244,coagulation_factor_X,False,False,False
CN1CCc2nc(C(=O)N[C@@H]3CCC[C@@H]3NS(=O)(=O)c3cc4cc(Cl)ccc4[nH]3)sc2C1,5.5,1,nM,CHEMBL247117,-5.5,3.5,CHEMBL244,coagulation_factor_X,False,False,False
CN1CCc2nc(C(=O)N[C@@H]3CCC[C@H]3NC(=O)c3cc4cc(Cl)ccc4[nH]3)sc2C1,7.07,1,nM,CHEMBL393873,-7.07,1.9299999999999997,CHEMBL244,coagulation_factor_X,False,False,False
CN1CCc2nc(C(=O)N[C@@H]3CC[C@@H](C(=O)N(C)C)C[C@@H]3NC(=O)C(=O)Nc3ccc(Cl)cn3)sc2C1,8.47,1,nM,CHEMBL4643136,-8.47,0.5299999999999994,CHEMBL244,coagulation_factor_X,False,False,False
CN1CCc2nc(C(=O)N[C@@H]3CC[C@@H](C(=O)N(C)C)C[C@@H]3NC(=O)c3cc4cc(Cl)ccc4[nH]3)sc2C1,6.08,1,nM,CHEMBL499862,-6.08,2.92,CHEMBL244,coagulation_factor_X,False,False,False
CN1CCc2nc(C(=O)N[C@@H]3CC[C@@H](C(=O)O)C[C@@H]3NC(=O)c3cc4cc(Cl)ccc4[nH]3)sc2C1,6.96,1,nM,CHEMBL496083,-6.96,2.04,CHEMBL244,coagulation_factor_X,False,False,False
CN1CCc2nc(C(=O)N[C@@H]3CC[C@@H]3NC(=O)c3cc4cc(Cl)ccc4[nH]3)sc2C1,6.58,1,nM,CHEMBL247525,-6.58,2.42,CHEMBL244,coagulation_factor_X,False,False,False
CN1CCc2nc(C(=O)N[C@@H]3CC[C@H](C(=O)N(C)C)C[C@@H]3NC(=O)c3cc4cc(Cl)ccc4[nH]3)sc2C1,7.92,1,nM,CHEMBL501184,-7.92,1.08,CHEMBL244,coagulation_factor_X,False,False,False
CN1CCc2nc(C(=O)N[C@@H]3CC[C@H](C(=O)O)C[C@@H]3NC(=O)c3cc4cc(Cl)ccc4[nH]3)sc2C1,7.8,1,nM,CHEMBL501183,-7.8,1.2000000000000002,CHEMBL244,coagulation_factor_X,False,False,False
CN1CCc2nc(C(=O)N[C@@H]3CC[C@H]3NC(=O)c3cc4cc(Cl)ccc4[nH]3)sc2C1,5.7,1,nM,CHEMBL391594,-5.7,3.3,CHEMBL244,coagulation_factor_X,False,False,False
CN1CCc2nc(C(=O)N[C@@H]3CN(C(=O)CO)CC[C@@H]3NC(=O)c3cc4cc(Cl)ccc4[nH]3)sc2C1,8.03,1,nM,CHEMBL257080,-8.03,0.9700000000000006,CHEMBL244,coagulation_factor_X,False,False,False
CN1CCc2nc(C(=O)N[C@@H]3CN(C(=O)N(C)C)CC[C@@H]3NC(=O)c3cc4cc(Cl)ccc4[nH]3)sc2C1,8.08,2,nM,CHEMBL430037,-8.08,0.9199999999999999,CHEMBL244,coagulation_factor_X,False,False,False
CN1CCc2nc(C(=O)N[C@@H]3CN(C(=O)NC(C)(C)C)CC[C@@H]3NC(=O)c3cc4cc(Cl)ccc4[nH]3)sc2C1,8.32,1,nM,CHEMBL271011,-8.32,0.6799999999999997,CHEMBL244,coagulation_factor_X,False,False,False
CN1CCc2nc(C(=O)N[C@@H]3CN(CC(=O)O)CC[C@@H]3NC(=O)c3cc4cc(Cl)ccc4[nH]3)sc2C1,7.58,1,nM,CHEMBL437213,-7.58,1.42,CHEMBL244,coagulation_factor_X,False,False,False
CN1CCc2nc(C(=O)N[C@@H]3C[C@@H](C(=O)N(C)C)CC[C@@H]3NC(=O)C(=O)Nc3ccc(Cl)cn3)sc2C1,8.47,2,nM,CHEMBL1269025,-8.47,0.5299999999999994,CHEMBL244,coagulation_factor_X,False,False,False
CN1CCc2nc(C(=O)N[C@@H]3C[C@@H](C(=O)N(C)C)CC[C@@H]3NC(=O)C3=Cc4ccc(Cl)cc4OC3)sc2C1,7.46,1,nM,CHEMBL596106,-7.46,1.54,CHEMBL244,coagulation_factor_X,False,False,False
CN1CCc2nc(C(=O)N[C@@H]3C[C@@H](C(=O)N(C)C)CC[C@@H]3NC(=O)C3=NS(=O)(=O)c4cc(Cl)ccc4N3)sc2C1,8.31,1,nM,CHEMBL594308,-8.31,0.6899999999999995,CHEMBL244,coagulation_factor_X,False,False,False
CN1CCc2nc(C(=O)N[C@@H]3C[C@@H](C(=O)N(C)C)CC[C@@H]3NC(=O)c3[nH]c4ccc(Cl)cc4c3Br)sc2C1,8.32,1,nM,CHEMBL594121,-8.32,0.6799999999999997,CHEMBL244,coagulation_factor_X,False,False,False
CN1CCc2nc(C(=O)N[C@@H]3C[C@@H](C(=O)N(C)C)CC[C@@H]3NC(=O)c3[nH]c4ccc(Cl)cc4c3C(=O)N(C)C)sc2C1,7.43,1,nM,CHEMBL594373,-7.43,1.5700000000000003,CHEMBL244,coagulation_factor_X,False,False,False
CN1CCc2nc(C(=O)N[C@@H]3C[C@@H](C(=O)N(C)C)CC[C@@H]3NC(=O)c3[nH]c4ccc(Cl)cc4c3C=O)sc2C1,8.68,1,nM,CHEMBL595725,-8.68,0.3200000000000003,CHEMBL244,coagulation_factor_X,False,False,False
CN1CCc2nc(C(=O)N[C@@H]3C[C@@H](C(=O)N(C)C)CC[C@@H]3NC(=O)c3[nH]c4ccc(Cl)cc4c3F)sc2C1,8.46,1,nM,CHEMBL595509,-8.46,0.5399999999999991,CHEMBL244,coagulation_factor_X,False,False,False
CN1CCc2nc(C(=O)N[C@@H]3C[C@@H](C(=O)N(C)C)CC[C@@H]3NC(=O)c3[nH]c4ccc(F)cc4c3Cl)sc2C1,8.24,1,nM,CHEMBL606154,-8.24,0.7599999999999998,CHEMBL244,coagulation_factor_X,False,False,False
CN1CCc2nc(C(=O)N[C@@H]3C[C@@H](C(=O)N(C)C)CC[C@@H]3NC(=O)c3cc(=O)c4cc(Cl)ccc4[nH]3)sc2C1,9.37,1,nM,CHEMBL596107,-9.37,-0.3699999999999992,CHEMBL244,coagulation_factor_X,False,False,False
CN1CCc2nc(C(=O)N[C@@H]3C[C@@H](C(=O)N(C)C)CC[C@@H]3NC(=O)c3cc4c(F)c(Cl)ccc4[nH]3)sc2C1,8.85,1,nM,CHEMBL604268,-8.85,0.15000000000000036,CHEMBL244,coagulation_factor_X,False,False,False
CN1CCc2nc(C(=O)N[C@@H]3C[C@@H](C(=O)N(C)C)CC[C@@H]3NC(=O)c3cc4cc(Br)ccc4[nH]3)sc2C1,8.49,1,nM,CHEMBL595283,-8.49,0.5099999999999998,CHEMBL244,coagulation_factor_X,False,False,False
CN1CCc2nc(C(=O)N[C@@H]3C[C@@H](C(=O)N(C)C)CC[C@@H]3NC(=O)c3cc4cc(Cl)cc(F)c4[nH]3)sc2C1,7.31,1,nM,CHEMBL603535,-7.31,1.6900000000000004,CHEMBL244,coagulation_factor_X,False,False,False
CN1CCc2nc(C(=O)N[C@@H]3C[C@@H](C(=O)N(C)C)CC[C@@H]3NC(=O)c3cc4cc(Cl)ccc4[nH]3)sc2C1,8.64,5,nM,CHEMBL479863,-8.64,0.35999999999999943,CHEMBL244,coagulation_factor_X,False,False,False
CN1CCc2nc(C(=O)N[C@@H]3C[C@@H](C(=O)N(C)C)CC[C@@H]3NC(=O)c3cc4cc(Cl)ccc4o3)sc2C1,5.96,1,nM,CHEMBL593396,-5.96,3.04,CHEMBL244,coagulation_factor_X,False,False,False
CN1CCc2nc(C(=O)N[C@@H]3C[C@@H](C(=O)N(C)C)CC[C@@H]3NC(=O)c3cc4cc(Cl)ncc4[nH]3)sc2C1,7.16,1,nM,CHEMBL595963,-7.16,1.8399999999999999,CHEMBL244,coagulation_factor_X,False,False,False
CN1CCc2nc(C(=O)N[C@@H]3C[C@@H](C(=O)N(C)C)CC[C@@H]3NC(=O)c3cc4cc(F)ccc4[nH]3)sc2C1,7.82,1,nM,CHEMBL594800,-7.82,1.1799999999999997,CHEMBL244,coagulation_factor_X,False,False,False
CN1CCc2nc(C(=O)N[C@@H]3C[C@@H](C(=O)N(C)C)CC[C@@H]3NC(=O)c3cc4ccc(Cl)cc4[nH]c3=O)sc2C1,7.92,1,nM,CHEMBL593326,-7.92,1.08,CHEMBL244,coagulation_factor_X,False,False,False
CN1CCc2nc(C(=O)N[C@@H]3C[C@@H](C(=O)N(C)C)CC[C@@H]3NC(=O)c3cc4ccc(Cl)cc4cn3)sc2C1,8.52,1,nM,CHEMBL605310,-8.52,0.4800000000000004,CHEMBL244,coagulation_factor_X,False,False,False
CN1CCc2nc(C(=O)N[C@@H]3C[C@@H](C(=O)N(C)C)CC[C@@H]3NC(=O)c3cc4ccc(Cl)cc4nn3)sc2C1,8.48,1,nM,CHEMBL595663,-8.48,0.5199999999999996,CHEMBL244,coagulation_factor_X,False,False,False
CN1CCc2nc(C(=O)N[C@@H]3C[C@@H](C(=O)N(C)C)CC[C@@H]3NC(=O)c3cc4ccc(Cl)cc4o3)sc2C1,5.72,1,nM,CHEMBL605316,-5.72,3.2800000000000002,CHEMBL244,coagulation_factor_X,False,False,False
CN1CCc2nc(C(=O)N[C@@H]3C[C@@H](C(=O)N(C)C)CC[C@@H]3NC(=O)c3cc4nc(Cl)ccc4[nH]3)sc2C1,7.26,1,nM,CHEMBL592945,-7.26,1.7400000000000002,CHEMBL244,coagulation_factor_X,False,False,False
CN1CCc2nc(C(=O)N[C@@H]3C[C@@H](C(=O)N(C)C)CC[C@@H]3NC(=O)c3ccc4cc(Cl)ccc4c3)sc2C1,8.24,1,nM,CHEMBL593315,-8.24,0.7599999999999998,CHEMBL244,coagulation_factor_X,False,False,False
CN1CCc2nc(C(=O)N[C@@H]3C[C@@H](C(=O)N(C)C)CC[C@@H]3NC(=O)c3ccc4cc(Cl)ccc4n3)sc2C1,5.4,1,nM,CHEMBL604884,-5.4,3.5999999999999996,CHEMBL244,coagulation_factor_X,False,False,False
CN1CCc2nc(C(=O)N[C@@H]3C[C@@H](C(=O)N(C)C)CC[C@@H]3NC(=O)c3cn4ccc(Cl)cc4n3)sc2C1,6.92,1,nM,CHEMBL605934,-6.92,2.08,CHEMBL244,coagulation_factor_X,False,False,False
CN1CCc2nc(C(=O)N[C@@H]3C[C@@H](C(=O)N(C)C)CC[C@@H]3NC(=O)c3cnc4cc(Cl)ccc4c3)sc2C1,8.39,1,nM,CHEMBL605507,-8.39,0.6099999999999994,CHEMBL244,coagulation_factor_X,False,False,False
CN1CCc2nc(C(=O)N[C@@H]3C[C@@H](C(=O)N(C)C)CC[C@@H]3NC(=O)c3nc(=O)c4cc(Cl)ccc4[nH]3)sc2C1,8.85,1,nM,CHEMBL593604,-8.85,0.15000000000000036,CHEMBL244,coagulation_factor_X,False,False,False
CN1CCc2nc(C(=O)N[C@@H]3C[C@@H](C(=O)N(C)C)CC[C@@H]3NC(=O)c3nc4cc(Cl)ccc4[nH]3)sc2C1,8.19,1,nM,CHEMBL595049,-8.19,0.8100000000000005,CHEMBL244,coagulation_factor_X,False,False,False
CN1CCc2nc(C(=O)N[C@@H]3C[C@@H](C(=O)N(C)C)CC[C@@H]3NC(=O)c3nc4cc(Cl)ccc4s3)sc2C1,5.64,1,nM,CHEMBL595032,-5.64,3.3600000000000003,CHEMBL244,coagulation_factor_X,False,False,False
CN1CCc2nc(C(=O)N[C@@H]3C[C@@H](C(=O)N(C)C)CC[C@@H]3NC(=O)c3ncc4cc(Cl)ccc4n3)sc2C1,6.06,1,nM,CHEMBL594487,-6.06,2.9400000000000004,CHEMBL244,coagulation_factor_X,False,False,False
CN1CCc2nc(C(=O)N[C@@H]3C[C@@H](C(=O)N(C)C)CC[C@H]3NC(=O)c3cc4cc(Cl)ccc4[nH]3)sc2C1,8.74,1,nM,CHEMBL516922,-8.74,0.2599999999999998,CHEMBL244,coagulation_factor_X,False,False,False
CN1CCc2nc(C(=O)N[C@@H]3C[C@@H](C(=O)N(C)CCO)CC[C@@H]3NC(=O)c3cc4cc(Cl)ccc4[nH]3)sc2C1,8.6,1,nM,CHEMBL474459,-8.6,0.40000000000000036,CHEMBL244,coagulation_factor_X,False,False,False
CN1CCc2nc(C(=O)N[C@@H]3C[C@@H](C(=O)N4CCCC4)CC[C@@H]3NC(=O)c3cc4cc(Cl)ccc4[nH]3)sc2C1,8.46,1,nM,CHEMBL514798,-8.46,0.5399999999999991,CHEMBL244,coagulation_factor_X,False,False,False
CN1CCc2nc(C(=O)N[C@@H]3C[C@@H](C(=O)NC(C)(C)C)CC[C@@H]3NC(=O)c3cc4cc(Cl)ccc4[nH]3)sc2C1,8.35,1,nM,CHEMBL473856,-8.35,0.6500000000000004,CHEMBL244,coagulation_factor_X,False,False,False
CN1CCc2nc(C(=O)N[C@@H]3C[C@@H](C(=O)O)CC[C@@H]3NC(=O)c3cc4cc(Cl)ccc4[nH]3)sc2C1,8.12,3,nM,CHEMBL538657,-8.12,0.8800000000000008,CHEMBL244,coagulation_factor_X,False,False,False
CN1CCc2nc(C(=O)N[C@@H]3C[C@@H](CO)CC[C@@H]3NC(=O)c3cc4cc(Cl)ccc4[nH]3)sc2C1,8.38,1,nM,CHEMBL479661,-8.38,0.6199999999999992,CHEMBL244,coagulation_factor_X,False,False,False
CN1CCc2nc(C(=O)N[C@@H]3C[C@@H](CS(C)(=O)=O)CC[C@@H]3NC(=O)c3cc4cc(Cl)ccc4[nH]3)sc2C1,7.92,1,nM,CHEMBL479860,-7.92,1.08,CHEMBL244,coagulation_factor_X,False,False,False
CN1CCc2nc(C(=O)N[C@@H]3C[C@@H]3NC(=O)c3cc4cc(Cl)ccc4[nH]3)sc2C1,6.73,1,nM,CHEMBL391593,-6.73,2.2699999999999996,CHEMBL244,coagulation_factor_X,False,False,False
CN1CCc2nc(C(=O)N[C@@H]3C[C@@H]3NS(=O)(=O)c3cc4cc(Cl)ccc4[nH]3)sc2C1,6.57,1,nM,CHEMBL246915,-6.57,2.4299999999999997,CHEMBL244,coagulation_factor_X,False,False,False
CN1CCc2nc(C(=O)N[C@@H]3C[C@H](C(=O)N(C)C)CC[C@@H]3NC(=O)c3cc4cc(Cl)ccc4[nH]3)sc2C1,7.06,1,nM,CHEMBL500916,-7.06,1.9400000000000004,CHEMBL244,coagulation_factor_X,False,False,False
CN1CCc2nc(C(=O)N[C@@H]3C[C@H](C(=O)O)CC[C@@H]3NC(=O)c3cc4cc(Cl)ccc4[nH]3)sc2C1,7.12,1,nM,CHEMBL503078,-7.12,1.88,CHEMBL244,coagulation_factor_X,False,False,False
CN1CCc2nc(C(=O)N[C@H](CNC(=O)c3cc4cc(Cl)ccc4[nH]3)CC(=O)N(C)C)sc2C1,7.33,1,nM,CHEMBL1761608,-7.33,1.67,CHEMBL244,coagulation_factor_X,False,False,False
CN1CCc2nc(C(=O)N[C@H](CNC(=O)c3cc4cc(Cl)ccc4[nH]3)CC(=O)O)sc2C1,6.7,1,nM,CHEMBL1761607,-6.7,2.3,CHEMBL244,coagulation_factor_X,False,False,False
CN1CCc2nc(C(=O)N[C@H]3CCCC[C@H]3NC(=O)c3cc4cc(Cl)ccc4[nH]3)sc2C1,6.12,1,nM,CHEMBL247732,-6.12,2.88,CHEMBL244,coagulation_factor_X,False,False,False
CN1CCc2nc(C(=O)Nc3c(CNC(=O)c4ccc(Cl)s4)cccc3C(=O)N(C)C)sc2C1,8.68,1,nM,CHEMBL1923801,-8.68,0.3200000000000003,CHEMBL244,coagulation_factor_X,False,False,False
CN1CCc2nc(C(=O)Nc3c(CNC(=O)c4ccc(Cl)s4)cccc3C(=O)O)sc2C1,8.21,1,nM,CHEMBL1923794,-8.21,0.7899999999999991,CHEMBL244,coagulation_factor_X,False,False,False
CN1CCc2nc(C(=O)Nc3c(CNC(=O)c4ccc(Cl)s4)cccc3C(N)=O)sc2C1,8.46,1,nM,CHEMBL1923797,-8.46,0.5399999999999991,CHEMBL244,coagulation_factor_X,False,False,False
CN1CCc2nc(C(=O)Nc3cc(-c4nnn[nH]4)ccc3CNC(=O)c3ccc(Cl)s3)sc2C1,8.33,1,nM,CHEMBL1923874,-8.33,0.6699999999999999,CHEMBL244,coagulation_factor_X,False,False,False
CN1CCc2nc(C(=O)Nc3cc(C(=O)N(C)C)ccc3CNC(=O)c3ccc(Cl)s3)sc2C1,8.2,1,nM,CHEMBL1923871,-8.2,0.8000000000000007,CHEMBL244,coagulation_factor_X,False,False,False
CN1CCc2nc(C(=O)Nc3cc(C(=O)N(C)C)ccc3NC(=O)c3cc4cc(Cl)ccc4[nH]3)sc2C1,8.11,1,nM,CHEMBL1761619,-8.11,0.8900000000000006,CHEMBL244,coagulation_factor_X,False,False,False
CN1CCc2nc(C(=O)Nc3cc(C(=O)NS(C)(=O)=O)ccc3CNC(=O)c3ccc(Cl)s3)sc2C1,8.22,1,nM,CHEMBL1923873,-8.22,0.7799999999999994,CHEMBL244,coagulation_factor_X,False,False,False
CN1CCc2nc(C(=O)Nc3cc(C(=O)O)ccc3CCC(=O)Nc3ccc(Cl)cc3)sc2C1,8.7,1,nM,CHEMBL1923885,-8.7,0.3000000000000007,CHEMBL244,coagulation_factor_X,False,False,False
CN1CCc2nc(C(=O)Nc3cc(C(=O)O)ccc3CCC(=O)Nc3ccc(Cl)cn3)sc2C1,8.62,1,nM,CHEMBL1923886,-8.62,0.3800000000000008,CHEMBL244,coagulation_factor_X,False,False,False
CN1CCc2nc(C(=O)Nc3cc(C(=O)O)ccc3CNC(=O)c3ccc(Cl)s3)sc2C1,8.7,1,nM,CHEMBL1923795,-8.7,0.3000000000000007,CHEMBL244,coagulation_factor_X,False,False,False
CN1CCc2nc(C(=O)Nc3cc(C(N)=O)ccc3CNC(=O)c3ccc(Cl)s3)sc2C1,8.32,1,nM,CHEMBL1923798,-8.32,0.6799999999999997,CHEMBL244,coagulation_factor_X,False,False,False
CN1CCc2nc(C(=O)Nc3cc(CC(=O)O)ccc3NC(=O)c3cc4cc(Cl)ccc4[nH]3)sc2C1,8.72,1,nM,CHEMBL1761621,-8.72,0.27999999999999936,CHEMBL244,coagulation_factor_X,False,False,False
CN1CCc2nc(C(=O)Nc3cc(OC(C)(C)C(=O)O)ccc3NC(=O)c3cc4cc(Cl)ccc4[nH]3)sc2C1,8.66,1,nM,CHEMBL1761629,-8.66,0.33999999999999986,CHEMBL244,coagulation_factor_X,False,False,False
CN1CCc2nc(C(=O)Nc3cc(OCC(=O)O)ccc3NC(=O)c3cc4cc(Cl)ccc4[nH]3)sc2C1,8.6,1,nM,CHEMBL1761625,-8.6,0.40000000000000036,CHEMBL244,coagulation_factor_X,False,False,False
CN1CCc2nc(C(=O)Nc3cc(OCC(C)(C)C(=O)O)ccc3NC(=O)c3cc4cc(Cl)ccc4[nH]3)sc2C1,8.72,1,nM,CHEMBL1761770,-8.72,0.27999999999999936,CHEMBL244,coagulation_factor_X,False,False,False
CN1CCc2nc(C(=O)Nc3cc(OCC4(C(=O)O)CC4)ccc3NC(=O)c3cc4cc(Cl)ccc4[nH]3)sc2C1,8.57,1,nM,CHEMBL1761772,-8.57,0.4299999999999997,CHEMBL244,coagulation_factor_X,False,False,False
CN1CCc2nc(C(=O)Nc3ccc(C(=O)O)cc3CNC(=O)c3ccc(Cl)s3)sc2C1,7.7,1,nM,CHEMBL1923796,-7.7,1.2999999999999998,CHEMBL244,coagulation_factor_X,False,False,False
CN1CCc2nc(C(=O)Nc3ccccc3CC(=O)Nc3ccc(Cl)cn3)sc2C1,6.21,1,nM,CHEMBL1682880,-6.21,2.79,CHEMBL244,coagulation_factor_X,False,False,False
CN1CCc2nc(C(=O)Nc3ccccc3CNC(=O)c3cc(Cl)c[nH]3)sc2C1,7.32,1,nM,CHEMBL1682745,-7.32,1.6799999999999997,CHEMBL244,coagulation_factor_X,False,False,False
CN1CCc2nc(C(=O)Nc3ccccc3CNC(=O)c3cc(Cl)ccn3)sc2C1,5.38,1,nM,CHEMBL1682743,-5.38,3.62,CHEMBL244,coagulation_factor_X,False,False,False
CN1CCc2nc(C(=O)Nc3ccccc3CNC(=O)c3ccc(Cl)cc3)sc2C1,6.19,1,nM,CHEMBL1682742,-6.19,2.8099999999999996,CHEMBL244,coagulation_factor_X,False,False,False
CN1CCc2nc(C(=O)Nc3ccccc3CNC(=O)c3ccc(Cl)cn3)sc2C1,5.61,1,nM,CHEMBL1682741,-5.61,3.3899999999999997,CHEMBL244,coagulation_factor_X,False,False,False
CN1CCc2nc(C(=O)Nc3ccccc3CNC(=O)c3ccc(Cl)s3)sc2C1,8.77,2,nM,CHEMBL1681798,-8.77,0.23000000000000043,CHEMBL244,coagulation_factor_X,False,False,False
CN1CCc2nc(C(=O)Nc3ccccc3CNC(=O)c3cccc(Cl)c3)sc2C1,5.79,1,nM,CHEMBL1682744,-5.79,3.21,CHEMBL244,coagulation_factor_X,False,False,False
CN1CCc2nc(C(=O)Nc3ccccc3NC(=O)c3cc4cc(Cl)ccc4[nH]3)sc2C1,8.13,1,nM,CHEMBL1761615,-8.13,0.8699999999999992,CHEMBL244,coagulation_factor_X,False,False,False
CN1CCc2nc(C(=O)Nc3cccnc3CNC(=O)c3ccc(Cl)s3)sc2C1,7.96,1,nM,CHEMBL1682740,-7.96,1.04,CHEMBL244,coagulation_factor_X,False,False,False
CN1CCc2nc(C(=O)Nc3ccncc3CNC(=O)c3ccc(Cl)s3)sc2C1,7.92,1,nM,CHEMBL1682739,-7.92,1.08,CHEMBL244,coagulation_factor_X,False,False,False
CN1CCc2nc(C(=O)Nc3cnccc3CNC(=O)c3ccc(Cl)s3)sc2C1,7.89,1,nM,CHEMBL1682738,-7.89,1.1100000000000003,CHEMBL244,coagulation_factor_X,False,False,False
CN1CCc2nc(C(=O)Nc3ncccc3CNC(=O)c3ccc(Cl)s3)sc2C1,7.75,1,nM,CHEMBL1682737,-7.75,1.25,CHEMBL244,coagulation_factor_X,False,False,False
CN1CCc2nc(NC(=O)c3ccccc3CNC(=O)c3ccc(Cl)s3)sc2C1,7.23,1,nM,CHEMBL1682881,-7.23,1.7699999999999996,CHEMBL244,coagulation_factor_X,False,False,False
CN1CCc2sc(C(=O)N3CCN(S(=O)(=O)c4ccc5cc(Cl)ccc5c4)CC3)cc2C1,6.72,1,nM,CHEMBL185539,-6.72,2.2800000000000002,CHEMBL244,coagulation_factor_X,False,False,False
CN1CCc2sc(C(=O)N3CCN(S(=O)(=O)c4ccc5cc(Cl)ccc5c4)CC3)nc2C1,6.68,1,nM,CHEMBL181749,-6.68,2.3200000000000003,CHEMBL244,coagulation_factor_X,False,False,False
CN1Cc2nc(C(=O)N[C@@H]3C[C@@H](C(=O)N(C)C)CC[C@@H]3NC(=O)c3cc4cc(Cl)ccc4[nH]3)sc2C1,8.47,1,nM,CHEMBL595710,-8.47,0.5299999999999994,CHEMBL244,coagulation_factor_X,False,False,False
CN1Cc2nc(C(=O)N[C@@H]3C[C@@H](C(=O)N(C)C)CC[C@@H]3NC(=O)c3cc4ccc(Cl)cc4cn3)sc2C1,8.02,1,nM,CHEMBL593603,-8.02,0.9800000000000004,CHEMBL244,coagulation_factor_X,False,False,False
CN1Cc2nc(C(=O)N[C@@H]3C[C@@H](C(=O)N(C)C)CC[C@@H]3NC(=O)c3ccc4cc(Cl)ccc4c3)sc2C1,7.92,1,nM,CHEMBL594532,-7.92,1.08,CHEMBL244,coagulation_factor_X,False,False,False
CNC(=N)c1ccc(C(=O)Nc2ccccc2C(=O)Nc2ccc(Cl)cn2)cc1,7.64,1,nM,CHEMBL523081,-7.64,1.3600000000000003,CHEMBL244,coagulation_factor_X,False,False,False
CNC(=N)c1cccc(/C(C)=C(/F)C(=O)Nc2ccc(-c3ccncc3S(N)(=O)=O)cc2)c1,9.0,1,nM,CHEMBL61951,-9.0,0.0,CHEMBL244,coagulation_factor_X,False,False,False
CNC(=O)C1CN(S(=O)(=O)c2ccc3cc(Cl)ccc3c2)CCN1C(=O)c1nc2c(s1)CN(C)CC2,7.57,1,nM,CHEMBL98276,-7.57,1.4299999999999997,CHEMBL244,coagulation_factor_X,False,False,False
CNC(=O)CC1CN(S(=O)(=O)c2cc3cc(Cl)ccc3[nH]2)CCN1C(=O)c1ccc(C2=NCCN2C)cc1,7.96,1,nM,CHEMBL303504,-7.96,1.04,CHEMBL244,coagulation_factor_X,False,False,False
CNC(=O)COc1cc(C(=N)N)ccc1CNC(=O)c1cc(Cl)cc(N(Cc2ccccc2)S(C)(=O)=O)c1,7.59,12,nM,CHEMBL3974641,-7.59,1.4100000000000001,CHEMBL244,coagulation_factor_X,False,False,False
CNC(=O)Cc1cn2c(N3CCN(C(=O)CCS(=O)(=O)c4ccc5cc(Cl)ccc5c4)CC3)cccc2n1,7.39,1,nM,CHEMBL261323,-7.39,1.6100000000000003,CHEMBL244,coagulation_factor_X,False,False,False
CNC(=O)c1ccc(C(=O)/N=C(\Nc2ccc3oc(C)cc3c2)N[C@H]2CCCCN(CC(=O)N3CCCC3)C2=O)cn1,8.22,1,nM,CHEMBL576094,-8.22,0.7799999999999994,CHEMBL244,coagulation_factor_X,False,False,False
CNC(=O)c1ccc(CNC(=O)c2ccc(Cl)s2)c(NC(=O)c2nc3c(s2)CN(C)CC3)c1,8.08,1,nM,CHEMBL1923800,-8.08,0.9199999999999999,CHEMBL244,coagulation_factor_X,False,False,False
CNC(=O)c1cccc(CNC(=O)c2ccc(Cl)s2)c1NC(=O)c1nc2c(s1)CN(C)CC2,8.25,1,nM,CHEMBL1923799,-8.25,0.75,CHEMBL244,coagulation_factor_X,False,False,False
CNC1=NCCN1Cc1ccc(C(=O)Nc2ccc(Cl)cc2C(=O)Nc2ccc(Cl)cn2)cc1,8.46,1,nM,CHEMBL368494,-8.46,0.5399999999999991,CHEMBL244,coagulation_factor_X,False,False,False
CNCC(=O)N=S(C)(=O)c1ccc(C(=O)Nc2c(OC)cc(Cl)cc2C(=O)Nc2ccc(Cl)cn2)cc1,8.25,1,nM,CHEMBL3392129,-8.25,0.75,CHEMBL244,coagulation_factor_X,False,False,False
CNCC(=O)N=S(C)(=O)c1ccc(C(=O)Nc2ccc(Cl)cc2C(=O)Nc2ccc(Cl)cn2)cc1,8.27,1,nM,CHEMBL3392114,-8.27,0.7300000000000004,CHEMBL244,coagulation_factor_X,False,False,False
CNCCN(C)Cc1ccc(C(=O)Nc2ccc(Cl)cc2C(=O)Nc2ccc(Cl)cn2)cc1,8.17,1,nM,CHEMBL175014,-8.17,0.8300000000000001,CHEMBL244,coagulation_factor_X,False,False,False
CNCc1ccc(C(=O)Nc2ccc(Cl)cc2C(=O)Nc2ccc(Cl)cn2)cc1,8.15,1,nM,CHEMBL425858,-8.15,0.8499999999999996,CHEMBL244,coagulation_factor_X,False,False,False
CNCc1csc(-c2ccc(N3C[C@H](CNC(=O)c4ccc(Cl)s4)OC3=O)cc2)n1,5.755000000000001,2,nM,CHEMBL3415995,-5.755000000000001,3.244999999999999,CHEMBL244,coagulation_factor_X,False,False,False
CNNC(=N)c1cccc(/C(C)=C(/F)C(=O)Nc2ccc(-c3ccccc3S(N)(=O)=O)cc2)c1,7.55,1,nM,CHEMBL101347,-7.55,1.4500000000000002,CHEMBL244,coagulation_factor_X,False,False,False
CNNC(=N)c1cccc(/C(C)=C2/CC(=O)N(c3ccc(-c4ccccc4S(N)(=O)=O)cc3)C2=O)c1,7.32,1,nM,CHEMBL103340,-7.32,1.6799999999999997,CHEMBL244,coagulation_factor_X,False,False,False
CNS(=O)(=O)Nc1c(CCc2ccccc2)ccn(CC(=O)N[C@H]2CCCN(C(=N)N)C2O)c1=O,5.6,1,nM,CHEMBL171271,-5.6,3.4000000000000004,CHEMBL244,coagulation_factor_X,False,False,False
CN[C@@H](C(=O)N1CCC[C@H]1C(=O)N[C@H](C=O)CCCN=C(N)N)c1ccccc1,5.66,1,nM,CHEMBL105205,-5.66,3.34,CHEMBL244,coagulation_factor_X,False,False,False
CN[C@H](Cc1ccccc1)C(=O)N1CCC[C@H]1C(=O)N[C@H](C=O)CCCN=C(N)N,6.6,2,nM,CHEMBL273196,-6.6,2.4000000000000004,CHEMBL244,coagulation_factor_X,False,False,False
CNc1ccc(C(=O)Nc2ccc(-c3ccccc3S(N)(=O)=O)cc2)c(Oc2cccc(C(=N)N)c2)c1,7.92,1,nM,CHEMBL48131,-7.92,1.08,CHEMBL244,coagulation_factor_X,False,False,False
CNc1ccc(N2CC(CNC(=O)c3ccc(Cl)s3)OC2=O)cc1F,5.66,1,nM,CHEMBL3671235,-5.66,3.34,CHEMBL244,coagulation_factor_X,False,False,False
CNc1ccc(Oc2nc(Oc3cccc(C(=N)N)c3)c(F)c(NC(C)CCc3ccccc3)c2F)c(C(=O)O)c1,5.1,1,nM,CHEMBL371034,-5.1,3.9000000000000004,CHEMBL244,coagulation_factor_X,False,False,False
CNc1cccc(-c2ccc(C(=O)Nc3ccc(Cl)cc3C(=O)Nc3ccc(Cl)cn3)cc2)c1,8.64,1,nM,CHEMBL177564,-8.64,0.35999999999999943,CHEMBL244,coagulation_factor_X,False,False,False
CNc1ccccc1-c1ccc(C(=O)Nc2ccc(Cl)cc2C(=O)Nc2ccc(Cl)cn2)cc1,8.39,1,nM,CHEMBL368089,-8.39,0.6099999999999994,CHEMBL244,coagulation_factor_X,False,False,False
CO/C(O)=C(C#N)/C(=N\[C@H]1CCCCN(CC(=O)N2CCCC2)C1=O)Nc1ccc2oc(C)cc2c1,7.7,1,nM,CHEMBL426468,-7.7,1.2999999999999998,CHEMBL244,coagulation_factor_X,False,False,False
COC(=O)/C(=C/c1cccc(C(=N)N)c1)C(=O)Nc1ccc(-c2ccccc2S(N)(=O)=O)cc1,6.12,1,nM,CHEMBL38231,-6.12,2.88,CHEMBL244,coagulation_factor_X,False,False,False
COC(=O)/C(C#N)=C(\Nc1ccc2oc(C)cc2c1)NC1CCCCN(CC(=O)N2CCCC2)C1=O,7.7,1,nM,CHEMBL2205020,-7.7,1.2999999999999998,CHEMBL244,coagulation_factor_X,False,False,False
COC(=O)/C(C#N)=C(\Nc1cccc2c(Cl)c[nH]c12)N[C@H]1CCCCN(CC(=O)N2CCCC2)C1=O,8.05,1,nM,CHEMBL459141,-8.05,0.9499999999999993,CHEMBL244,coagulation_factor_X,False,False,False
COC(=O)/C(C#N)=C(\Nc1cccc2cc[nH]c12)N[C@H]1CCCCN(CC(=O)N2CCCC2)C1=O,6.19,1,nM,CHEMBL457703,-6.19,2.8099999999999996,CHEMBL244,coagulation_factor_X,False,False,False
COC(=O)/C(C#N)=C(\Nc1cccc2cn[nH]c12)N[C@H]1CCCCN(CC(=O)N2CCCC2)C1=O,4.86,1,nM,CHEMBL459140,-4.86,4.14,CHEMBL244,coagulation_factor_X,False,False,False
COC(=O)C(C)(C)COc1ccc(NC(=O)c2cc3cc(Cl)ccc3[nH]2)c(NC(=O)c2nc3c(s2)CN(C)CC3)c1,6.92,1,nM,CHEMBL1761769,-6.92,2.08,CHEMBL244,coagulation_factor_X,False,False,False
COC(=O)C(C)(C)Oc1ccc(NC(=O)c2cc3cc(Cl)ccc3[nH]2)c(NC(=O)c2nc3c(s2)CN(C)CC3)c1,7.14,1,nM,CHEMBL1761628,-7.14,1.8600000000000003,CHEMBL244,coagulation_factor_X,False,False,False
COC(=O)C(C)Oc1ccc(NC(=O)c2cc3cc(Cl)ccc3[nH]2)c(NC(=O)c2nc3c(s2)CN(C)CC3)c1,7.54,1,nM,CHEMBL1761626,-7.54,1.46,CHEMBL244,coagulation_factor_X,False,False,False
COC(=O)C(Cc1cccc(C(=N)N)c1)C(/C=C/c1ccccc1)NC(=O)C1CCC(C2CCCCC2)CC1,5.95,1,nM,CHEMBL138378,-5.95,3.05,CHEMBL244,coagulation_factor_X,False,False,False
COC(=O)C(Cc1cccc(C(=N)N)c1)C(/C=C/c1ccccc1)NC(=O)Cc1ccc(-c2ccccc2)cc1,5.95,1,nM,CHEMBL138398,-5.95,3.05,CHEMBL244,coagulation_factor_X,False,False,False
COC(=O)C(Cc1cccc(C(=N)N)c1)C(/C=C/c1ccccc1)NC(=O)c1ccc(-c2ccc(C)cc2)cc1,6.62,1,nM,CHEMBL344831,-6.62,2.38,CHEMBL244,coagulation_factor_X,False,False,False
COC(=O)C(Cc1cccc(C(=N)N)c1)C(/C=C/c1ccccc1)NC(=O)c1ccc(-c2ccc(OC)c(OC)c2)cc1,7.52,1,nM,CHEMBL341970,-7.52,1.4800000000000004,CHEMBL244,coagulation_factor_X,False,False,False
COC(=O)C(Cc1cccc(C(=N)N)c1)C(/C=C/c1ccccc1)NC(=O)c1ccc(-c2ccc(OC)cc2)cc1,7.1,1,nM,CHEMBL342831,-7.1,1.9000000000000004,CHEMBL244,coagulation_factor_X,False,False,False
COC(=O)C(Cc1cccc(C(=N)N)c1)C(/C=C/c1ccccc1)NC(=O)c1ccc(-c2ccc(OC)cc2OC)cc1,7.05,1,nM,CHEMBL137858,-7.05,1.9500000000000002,CHEMBL244,coagulation_factor_X,False,False,False
COC(=O)C(Cc1cccc(C(=N)N)c1)C(/C=C/c1ccccc1)NC(=O)c1ccc(-c2cccc(C)c2)cc1,6.92,1,nM,CHEMBL341997,-6.92,2.08,CHEMBL244,coagulation_factor_X,False,False,False
COC(=O)C(Cc1cccc(C(=N)N)c1)C(/C=C/c1ccccc1)NC(=O)c1ccc(-c2cccc(OC)c2)cc1,6.96,1,nM,CHEMBL139561,-6.96,2.04,CHEMBL244,coagulation_factor_X,False,False,False
COC(=O)C(Cc1cccc(C(=N)N)c1)C(/C=C/c1ccccc1)NC(=O)c1ccc(-c2ccccc2)cc1,6.96,1,nM,CHEMBL138610,-6.96,2.04,CHEMBL244,coagulation_factor_X,False,False,False
COC(=O)C(Cc1cccc(C(=N)N)c1)C(/C=C/c1ccccc1)NC(=O)c1ccc(-c2ccccc2C)cc1,7.05,1,nM,CHEMBL138299,-7.05,1.9500000000000002,CHEMBL244,coagulation_factor_X,False,False,False
COC(=O)C(Cc1cccc(C(=N)N)c1)C(/C=C/c1ccccc1)NC(=O)c1ccc(-c2ccccc2OC)cc1,7.3,1,nM,CHEMBL138258,-7.3,1.7000000000000002,CHEMBL244,coagulation_factor_X,False,False,False
COC(=O)C(Cc1cccc(C(=N)N)c1)C(/C=C/c1ccccc1)NC(=O)c1ccc(C)cc1,6.22,1,nM,CHEMBL141983,-6.22,2.7800000000000002,CHEMBL244,coagulation_factor_X,False,False,False
COC(=O)C(Cc1cccc(C(=N)N)c1)C(/C=C/c1ccccc1)NC(=O)c1ccc(C2CCCCC2)cc1,6.24,1,nM,CHEMBL139008,-6.24,2.76,CHEMBL244,coagulation_factor_X,False,False,False
COC(=O)C(Cc1cccc(C(=N)N)c1)C(/C=C/c1ccccc1)NC(=O)c1ccc(Cc2ccccc2)cc1,6.34,1,nM,CHEMBL139105,-6.34,2.66,CHEMBL244,coagulation_factor_X,False,False,False
COC(=O)C(Cc1cccc(C(=N)N)c1)C(/C=C/c1ccccc1)NC(=O)c1ccc(Oc2ccccc2)cc1,5.91,1,nM,CHEMBL140293,-5.91,3.09,CHEMBL244,coagulation_factor_X,False,False,False
COC(=O)C(Cc1cccc(C(=N)N)c1)C(/C=C/c1ccccc1)NC(=O)c1ccc2ccccc2c1,6.8,1,nM,CHEMBL138063,-6.8,2.2,CHEMBL244,coagulation_factor_X,False,False,False
COC(=O)C(Cc1cccc(C(=N)N)c1)C(/C=C/c1ccccc1)NC(=O)c1cccc(C)c1,5.96,1,nM,CHEMBL343772,-5.96,3.04,CHEMBL244,coagulation_factor_X,False,False,False
COC(=O)C(Cc1cccc(C(=N)N)c1)C(/C=C/c1ccccc1)NC(=O)c1cccc2ccccc12,6.1,1,nM,CHEMBL344205,-6.1,2.9000000000000004,CHEMBL244,coagulation_factor_X,False,False,False
COC(=O)C(Cc1cccc(C(=N)N)c1)C(/C=C/c1ccccc1)NC(=O)c1ccccc1,6.16,1,nM,CHEMBL344149,-6.16,2.84,CHEMBL244,coagulation_factor_X,False,False,False
COC(=O)C(Cc1cccc(C(=N)N)c1)C(/C=C/c1ccccc1)NC(=O)c1ccccc1C,5.92,1,nM,CHEMBL137866,-5.92,3.08,CHEMBL244,coagulation_factor_X,False,False,False
COC(=O)C(Cc1cccc(C(=N)N)c1)C(/C=C/c1ccccc1)NS(=O)(=O)c1ccc(-c2ccccc2)cc1,5.71,1,nM,CHEMBL138449,-5.71,3.29,CHEMBL244,coagulation_factor_X,False,False,False
COC(=O)C(Cc1cccc(C(=N)N)c1)C(CCc1ccccc1)NC(=O)c1ccc(-c2ccccc2)cc1,6.865,2,nM,CHEMBL141532,-6.865,2.135,CHEMBL244,coagulation_factor_X,False,False,False
COC(=O)C1(COc2ccc(NC(=O)c3cc4cc(Cl)ccc4[nH]3)c(NC(=O)c3nc4c(s3)CN(C)CC4)c2)CC1,7.0,1,nM,CHEMBL1761771,-7.0,2.0,CHEMBL244,coagulation_factor_X,False,False,False
COC(=O)C1CCN(C(=O)CC2CN(S(=O)(=O)c3cc4ccc(Cl)cc4s3)CCN2C(=O)c2ccc(C3=NCCN3C)cc2)CC1,8.1,1,nM,CHEMBL64994,-8.1,0.9000000000000004,CHEMBL244,coagulation_factor_X,False,False,False
COC(=O)C1CN(S(=O)(=O)c2cc3cc(Cl)ccc3[nH]2)CCN1C(=O)c1ccc(C2=NCCN2C)cc1,7.57,1,nM,CHEMBL62870,-7.57,1.4299999999999997,CHEMBL244,coagulation_factor_X,False,False,False
COC(=O)CC1CN(S(=O)(=O)c2cc3cc(Cl)ccc3[nH]2)CCN1C(=O)c1ccc(C2=NCCN2C)cc1,8.52,1,nM,CHEMBL65146,-8.52,0.4800000000000004,CHEMBL244,coagulation_factor_X,False,False,False
COC(=O)CC1CN(S(=O)(=O)c2cc3ccc(Cl)cc3s2)CCN1C(=O)c1ccc(C2=NCCN2C)cc1,7.89,1,nM,CHEMBL63307,-7.89,1.1100000000000003,CHEMBL244,coagulation_factor_X,False,False,False
COC(=O)CC[C@@H]1C(=O)N(CC(=O)N[C@@H](CCCN=C(N)N)C(=O)c2nccs2)CCN1S(=O)(=O)Cc1ccccc1,9.0,1,nM,CHEMBL351312,-9.0,0.0,CHEMBL244,coagulation_factor_X,False,False,False
COC(=O)CN(CCOc1cccc(C(=N)N)c1)C(=O)c1ccc(-c2ccccc2S(N)(=O)=O)cc1,7.89,1,nM,CHEMBL47252,-7.89,1.1100000000000003,CHEMBL244,coagulation_factor_X,False,False,False
COC(=O)CN1CC[C@H](NC(=O)c2cc3cc(Cl)ccc3[nH]2)[C@H](NC(=O)c2nc3c(s2)CN(C)CC3)C1,7.25,1,nM,CHEMBL257284,-7.25,1.75,CHEMBL244,coagulation_factor_X,False,False,False
COC(=O)COc1ccc(NC(=O)c2cc3cc(Cl)ccc3[nH]2)c(NC(=O)c2nc3c(s2)CN(C)CC3)c1,8.25,1,nM,CHEMBL1761617,-8.25,0.75,CHEMBL244,coagulation_factor_X,False,False,False
COC(=O)COc1ccc(NC(=O)c2nc3c(s2)CN(C)CC3)c(NC(=O)c2cc3cc(Cl)ccc3[nH]2)c1,6.96,1,nM,CHEMBL1761618,-6.96,2.04,CHEMBL244,coagulation_factor_X,False,False,False
COC(=O)C[C@@H](CNC(=O)c1cc2cc(Cl)ccc2[nH]1)NC(=O)c1nc2c(s1)CN(C)CC2,7.16,1,nM,CHEMBL1761606,-7.16,1.8399999999999999,CHEMBL244,coagulation_factor_X,False,False,False
COC(=O)C[C@@H](CNC(=O)c1nc2c(s1)CN(C)CC2)NC(=O)c1cc2cc(Cl)ccc2[nH]1,6.11,1,nM,CHEMBL1761611,-6.11,2.8899999999999997,CHEMBL244,coagulation_factor_X,False,False,False
COC(=O)C[C@@H]1C(=O)N(CC(=O)N[C@@H](CCCNC(=N)N)C(=O)c2nccs2)CCN1S(=O)(=O)Cc1ccccc1,8.1,2,nM,CHEMBL272135,-8.1,0.9000000000000004,CHEMBL244,coagulation_factor_X,False,False,False
COC(=O)C[C@H](CNC(=O)c1cc2cc(Cl)ccc2[nH]1)NC(=O)c1nc2c(s1)CN(C)CC2,5.92,1,nM,CHEMBL1761609,-5.92,3.08,CHEMBL244,coagulation_factor_X,False,False,False
COC(=O)C[C@H](CNC(=O)c1nc2c(s1)CN(C)CC2)NC(=O)c1cc2cc(Cl)ccc2[nH]1,6.01,1,nM,CHEMBL1761613,-6.01,2.99,CHEMBL244,coagulation_factor_X,False,False,False
COC(=O)C[C@H](NS(=O)(=O)Cc1ccccc1)C(=O)N1CCCC1C(=O)N[C@H]1CCCN(C(=N)N)C1O,7.53,1,nM,CHEMBL112931,-7.53,1.4699999999999998,CHEMBL244,coagulation_factor_X,False,False,False
COC(=O)C[C@H]1C(=O)N(CC(=O)N[C@@H](CCCNC(=N)N)C(=O)c2nccs2)CCN1S(=O)(=O)Cc1ccccc1,7.07,2,nM,CHEMBL272961,-7.07,1.9299999999999997,CHEMBL244,coagulation_factor_X,False,False,False
COC(=O)NC(Cc1ccc(NC(=N)N)cc1)P(=O)(Oc1ccc(NC(C)=O)cc1)Oc1ccc(NC(C)=O)cc1,4.52,1,nM,CHEMBL393979,-4.52,4.48,CHEMBL244,coagulation_factor_X,False,False,False
COC(=O)NC1(Cc2ccccc2)CCCCN(CC(=O)N[C@H]2CCCN(C(=N)N)C2O)C1=O,5.6,1,nM,CHEMBL80128,-5.6,3.4000000000000004,CHEMBL244,coagulation_factor_X,False,False,False
COC(=O)[C@@H](Cc1cc2ccnc(N)c2cc1C#N)N1CC[C@H](NS(=O)(=O)c2cnc(N3CCCC3)s2)C1=O,5.97,1,nM,CHEMBL3936071,-5.97,3.0300000000000002,CHEMBL244,coagulation_factor_X,False,False,False
COC(=O)[C@@H](Cc1cc2ccnc(N)c2cc1C(F)(F)F)N1CC[C@H](NS(=O)(=O)c2ccc(N(C)C)nc2)C1=O,5.61,1,nM,CHEMBL3936148,-5.61,3.3899999999999997,CHEMBL244,coagulation_factor_X,False,False,False
COC(=O)[C@@H](Cc1cc2ccnc(N)c2cc1C(F)(F)F)N1CC[C@H](NS(=O)(=O)c2cnc(N(C)C)s2)C1=O,6.1,1,nM,CHEMBL3957169,-6.1,2.9000000000000004,CHEMBL244,coagulation_factor_X,False,False,False
COC(=O)[C@@H](Cc1cc2ccnc(N)c2cc1C(F)(F)F)N1CC[C@H](NS(=O)(=O)c2cnc(N3CCC3)s2)C1=O,5.51,1,nM,CHEMBL3899310,-5.51,3.49,CHEMBL244,coagulation_factor_X,False,False,False
COC(=O)[C@@H](Cc1cc2ccnc(N)c2cc1C(F)(F)F)N1CC[C@H](NS(=O)(=O)c2cnc(N3CCCC3)s2)C1=O,5.49,1,nM,CHEMBL3897180,-5.49,3.51,CHEMBL244,coagulation_factor_X,False,False,False
COC(=O)[C@@H](Cc1cc2ccnc(N)c2cc1Cl)N1CC[C@H](NS(=O)(=O)c2ccc(N(C)C)nc2)C1=O,6.33,1,nM,CHEMBL3929161,-6.33,2.67,CHEMBL244,coagulation_factor_X,False,False,False
COC(=O)[C@@H](Cc1cc2ccnc(N)c2cc1Cl)N1CC[C@H](NS(=O)(=O)c2cnc(N(C)C)c(Cl)c2)C1=O,5.42,1,nM,CHEMBL3965589,-5.42,3.58,CHEMBL244,coagulation_factor_X,False,False,False
COC(=O)[C@@H](Cc1cc2ccnc(N)c2cc1Cl)N1CC[C@H](NS(=O)(=O)c2cnc(N(C)C)s2)C1=O,6.62,1,nM,CHEMBL3978164,-6.62,2.38,CHEMBL244,coagulation_factor_X,False,False,False
COC(=O)[C@@H](Cc1cc2ccnc(N)c2cc1Cl)N1CC[C@H](NS(=O)(=O)c2cnc(N3CCC(F)(F)C3)s2)C1=O,5.26,1,nM,CHEMBL3964375,-5.26,3.74,CHEMBL244,coagulation_factor_X,False,False,False
COC(=O)[C@@H](Cc1cc2ccnc(N)c2cc1Cl)N1CC[C@H](NS(=O)(=O)c2cnc(N3CCC3)s2)C1=O,6.11,1,nM,CHEMBL3974747,-6.11,2.8899999999999997,CHEMBL244,coagulation_factor_X,False,False,False
COC(=O)[C@@H](Cc1cc2ccnc(N)c2cc1Cl)N1CC[C@H](NS(=O)(=O)c2cnc(N3CCCC3)s2)C1=O,6.39,1,nM,CHEMBL3969651,-6.39,2.6100000000000003,CHEMBL244,coagulation_factor_X,False,False,False
COC(=O)[C@@H](Cc1cc2ccnc(N)c2cc1F)N1CC[C@H](NS(=O)(=O)c2ccc(N(C)C)nc2)C1=O,6.4,1,nM,CHEMBL3953000,-6.4,2.5999999999999996,CHEMBL244,coagulation_factor_X,False,False,False
COC(=O)[C@@H](Cc1cc2ccnc(N)c2cc1F)N1CC[C@H](NS(=O)(=O)c2cnc(N(C)C)c(Cl)c2)C1=O,5.42,1,nM,CHEMBL3892704,-5.42,3.58,CHEMBL244,coagulation_factor_X,False,False,False
COC(=O)[C@@H](Cc1cc2ccnc(N)c2cc1OC(F)(F)F)N1CC[C@H](NS(=O)(=O)c2ccc(N(C)C)nc2)C1=O,5.96,1,nM,CHEMBL3941671,-5.96,3.04,CHEMBL244,coagulation_factor_X,False,False,False
COC(=O)[C@@H](Cc1cc2ccnc(N)c2cc1OC(F)(F)F)N1CC[C@H](NS(=O)(=O)c2cnc(N(C)C)c(C)c2)C1=O,5.26,1,nM,CHEMBL3919774,-5.26,3.74,CHEMBL244,coagulation_factor_X,False,False,False
COC(=O)[C@@H](Cc1cc2ccnc(N)c2cc1OC(F)(F)F)N1CC[C@H](NS(=O)(=O)c2cnc(N(C)C)c(Cl)c2)C1=O,5.55,1,nM,CHEMBL3936447,-5.55,3.45,CHEMBL244,coagulation_factor_X,False,False,False
COC(=O)[C@@H](Cc1cc2ccnc(N)c2cc1OC(F)(F)F)N1CC[C@H](NS(=O)(=O)c2cnc(N(C)C)s2)C1=O,7.09,2,nM,CHEMBL3969066,-7.09,1.9100000000000001,CHEMBL244,coagulation_factor_X,False,False,False
COC(=O)[C@@H](Cc1cc2ccnc(N)c2cc1OC(F)(F)F)N1CC[C@H](NS(=O)(=O)c2cnc(N3CCC(F)(F)C3)s2)C1=O,5.21,1,nM,CHEMBL3892100,-5.21,3.79,CHEMBL244,coagulation_factor_X,False,False,False
COC(=O)[C@@H](Cc1cc2ccnc(N)c2cc1OC(F)(F)F)N1CC[C@H](NS(=O)(=O)c2cnc(N3CCC3)s2)C1=O,5.71,1,nM,CHEMBL3984413,-5.71,3.29,CHEMBL244,coagulation_factor_X,False,False,False
COC(=O)[C@@H](Cc1cc2ccnc(N)c2cc1OC(F)(F)F)N1CC[C@H](NS(=O)(=O)c2cnc(N3CCCC3)s2)C1=O,5.95,1,nM,CHEMBL3954217,-5.95,3.05,CHEMBL244,coagulation_factor_X,False,False,False
COC(=O)[C@@H](Cc1cccc(C(=N)N)c1)[C@@H](/C=C/c1ccccc1)NC(=O)c1ccccc1,5.7,1,nM,CHEMBL140987,-5.7,3.3,CHEMBL244,coagulation_factor_X,False,False,False
COC(=O)[C@@H]1CCCN1C(=O)[C@@H](Cc1ccccc1)N(C)C(=O)[C@H](C)NC(=O)[C@@H](NC(=O)C[C@H](O)[C@H](CC(C)C)NC(=O)[C@H](CC(N)=O)NC(=O)[C@H](CC(C)C)NC(=O)[C@H](OC(=O)[C@@H](OC(=O)[C@H](C(C)C)N(C)C)C(C)C)C(C)C)[C@@H](C)O,5.0,1,nM,CHEMBL567893,-5.0,4.0,CHEMBL244,coagulation_factor_X,False,False,False
COC(=O)[C@H](Cc1cccc(C(=N)N)c1)[C@@H](/C=C/c1ccccc1)NC(=O)c1ccc(-c2ccc(OC)c(OC)c2)cc1,7.52,1,nM,CHEMBL324058,-7.52,1.4800000000000004,CHEMBL244,coagulation_factor_X,False,False,False
COC(=O)[C@H](Cc1cccc(C(=N)N)c1)[C@@H](/C=C/c1ccccc1)NC(=O)c1ccccc1,6.16,1,nM,CHEMBL138704,-6.16,2.84,CHEMBL244,coagulation_factor_X,False,False,False
COC(=O)[C@H](Cc1cccc(C(=N)N)c1)[C@@H](CCc1ccccc1)NC(=O)c1ccc(-c2ccccc2)cc1,7.22,1,nM,CHEMBL45407,-7.22,1.7800000000000002,CHEMBL244,coagulation_factor_X,False,False,False
COC(=O)c1cc2ccccc2cc1-n1nc(C)cc1C(=O)Nc1ccc(-c2ccccc2S(N)(=O)=O)cc1,6.26,1,nM,CHEMBL298259,-6.26,2.74,CHEMBL244,coagulation_factor_X,False,False,False
COC(=O)c1ccc(C(=O)/N=C(\Nc2ccc3oc(C)cc3c2)N[C@H]2CCCCN(CC(=O)N3CCCC3)C2=O)cc1,8.22,1,nM,CHEMBL577961,-8.22,0.7799999999999994,CHEMBL244,coagulation_factor_X,False,False,False
COC(=O)c1ccc(C(=O)/N=C(\Nc2ccc3oc(C)cc3c2)N[C@H]2CCCCN(CC(=O)N3CCCC3)C2=O)nc1,7.26,1,nM,CHEMBL577964,-7.26,1.7400000000000002,CHEMBL244,coagulation_factor_X,False,False,False
COC(=O)c1ccc(CNC(=O)c2ccc(Cl)s2)c(NC(=O)c2nc3c(s2)CN(C)CC3)c1,8.3,1,nM,CHEMBL1923872,-8.3,0.6999999999999993,CHEMBL244,coagulation_factor_X,False,False,False
COC(=O)c1ccc(Oc2cccc(C(=N)N)c2)c(NC(=O)c2ccc(-c3ccccc3S(N)(=O)=O)cc2)c1,8.6,1,nM,CHEMBL47939,-8.6,0.40000000000000036,CHEMBL244,coagulation_factor_X,False,False,False
COC(=O)c1cccc(C(=O)/N=C(\Nc2ccc3oc(C)cc3c2)N[C@H]2CCCCN(CC(=O)N3CCCC3)C2=O)c1,8.3,1,nM,CHEMBL570636,-8.3,0.6999999999999993,CHEMBL244,coagulation_factor_X,False,False,False
COC(=O)c1cccc(CS(=O)(=O)N[C@H](CC2CCN(C(=N)N)CC2)C(=O)NCC(=O)N[C@H]2CCCN(C(=N)N)C2O)c1,8.66,1,nM,CHEMBL163338,-8.66,0.33999999999999986,CHEMBL244,coagulation_factor_X,False,False,False
COC(=O)c1ccccc1CS(=O)(=O)N[C@H](CC1CCCN(C(=N)N)C1)C(=O)NCC(=O)N[C@H]1CCCN(C(=N)N)C1O,8.915,2,nM,CHEMBL352119,-8.915,0.08500000000000085,CHEMBL244,coagulation_factor_X,False,False,False
COC(=O)c1ccccc1CS(=O)(=O)N[C@H](CC1CCN(C(=N)N)CC1)C(=O)NCC(=O)N[C@H]1CCCN(C(=N)N)C1O,9.03,1,nM,CHEMBL351978,-9.03,-0.02999999999999936,CHEMBL244,coagulation_factor_X,False,False,False
COC(=O)c1ccccc1CS(=O)(=O)N[C@H]1CCCCN(CC(=O)N[C@H]2CCCC(C(=N)N)C2O)C1=O,6.33,1,nM,CHEMBL337365,-6.33,2.67,CHEMBL244,coagulation_factor_X,False,False,False
COC(=O)c1ccccc1CS(=O)(=O)N[C@H]1CCCCN(CC(=O)N[C@H]2CCCN(C(=N)N)C2O)C1=O,6.48,1,nM,CHEMBL125988,-6.48,2.5199999999999996,CHEMBL244,coagulation_factor_X,False,False,False
COC(=O)c1cnccc1N1CCC(COc2ccc3c(c2)CN(C(=N)N)CC3)CC1,6.57,1,nM,CHEMBL535369,-6.57,2.4299999999999997,CHEMBL244,coagulation_factor_X,False,False,False
COC/C(=C/C(=O)Nc1ccc(-c2ccccc2S(N)(=O)=O)cc1)c1cccc(C(=N)N)c1,8.15,1,nM,CHEMBL39482,-8.15,0.8499999999999996,CHEMBL244,coagulation_factor_X,False,False,False
COC1CN(CC(=O)Nc2ccc(-n3ccccc3=O)cc2F)CC1NC(=O)c1ccc(Cl)s1,8.975000000000001,12,nM,CHEMBL3979386,-8.975000000000001,0.02499999999999858,CHEMBL244,coagulation_factor_X,False,False,False
COCC(=O)N1CC[C@H](NC(=O)c2cc3cc(Cl)ccc3[nH]2)[C@H](NC(=O)c2nc3c(s2)CN(C)CC3)C1,8.24,1,nM,CHEMBL402343,-8.24,0.7599999999999998,CHEMBL244,coagulation_factor_X,False,False,False
COCC(=O)Nc1ccc(N2CC(CNC(=O)c3ccc(Cl)s3)OC2=O)cc1,6.14,1,nM,CHEMBL3671243,-6.14,2.8600000000000003,CHEMBL244,coagulation_factor_X,False,False,False
COCC(C)N1CCc2nc(C(=O)Nc3cc(C(=O)O)ccc3CNC(=O)c3ccc(Cl)s3)sc2C1,8.31,1,nM,CHEMBL1923880,-8.31,0.6899999999999995,CHEMBL244,coagulation_factor_X,False,False,False
COCC(Cc1cccc(C(=N)N)c1)C(/C=C/c1ccccc1)NC(=O)c1ccc(-c2ccccc2)cc1,6.27,1,nM,CHEMBL422819,-6.27,2.7300000000000004,CHEMBL244,coagulation_factor_X,False,False,False
COCCN(C)C(=N)c1ccc(NC(=O)c2cc(C)nn2-c2cc3ccccc3cc2F)c(F)c1,6.96,1,nM,CHEMBL20567,-6.96,2.04,CHEMBL244,coagulation_factor_X,False,False,False
COCCN(C)C(=O)[C@H]1CC[C@H](NC(=O)c2cc3cc(Cl)ccc3[nH]2)[C@H](NC(=O)c2nc3c(s2)CN(C)CC3)C1,8.66,1,nM,CHEMBL473243,-8.66,0.33999999999999986,CHEMBL244,coagulation_factor_X,False,False,False
COCCN(C)Cc1ccc(C(=O)Nc2ccc(Cl)cc2C(=O)Nc2ccc(Cl)cn2)cc1,7.28,1,nM,CHEMBL176451,-7.28,1.7199999999999998,CHEMBL244,coagulation_factor_X,False,False,False
COCCN(C)c1cc(C(=N)N(C)C)ccc1C(=O)Nc1ccc(Cl)cc1C(=O)Nc1ccc(Cl)cn1,9.3,1,nM,CHEMBL515254,-9.3,-0.3000000000000007,CHEMBL244,coagulation_factor_X,False,False,False
COCCN(C)c1cc(Cl)cc(C(=O)Nc2ccc(Cl)cn2)c1NC(=O)c1ccc(C(=N)N(C)C)cc1,8.92,1,nM,CHEMBL472968,-8.92,0.08000000000000007,CHEMBL244,coagulation_factor_X,False,False,False
COCCN1CC[C@H](NC(=O)c2cc3cc(Cl)ccc3[nH]2)[C@H](NC(=O)c2nc3c(s2)CN(C)CC3)C1,7.33,1,nM,CHEMBL270797,-7.33,1.67,CHEMBL244,coagulation_factor_X,False,False,False
COCCOC[C@@H](NC(=O)c1ccc(Cl)s1)C(=O)Nc1ccc(N2CCOCC2=O)c(C)c1,4.96,1,nM,CHEMBL361870,-4.96,4.04,CHEMBL244,coagulation_factor_X,False,False,False
COCCOc1cc(C(=N)N(C)C)ccc1C(=O)Nc1ccc(Cl)cc1C(=O)Nc1ccc(Cl)cn1,8.92,1,nM,CHEMBL472779,-8.92,0.08000000000000007,CHEMBL244,coagulation_factor_X,False,False,False
COCCOc1cc2c(N)nccc2cc1C[C@H](C(=O)O)N1CC[C@H](NS(=O)(=O)c2cnc(N(C)C)s2)C1=O,8.85,1,nM,CHEMBL3947338,-8.85,0.15000000000000036,CHEMBL244,coagulation_factor_X,False,False,False
COCCOc1cc2cc(C(=O)NC3CCN(C(C)C)CC3)n(CC(=O)Nc3ccc(Cl)cn3)c2cn1,8.285,12,nM,CHEMBL3304291,-8.285,0.7149999999999999,CHEMBL244,coagulation_factor_X,False,False,False
COCCOc1ccc(C(=N)N)cc1/C=C\C(=O)Nc1ccc(-c2ccccc2S(N)(=O)=O)cc1,8.05,1,nM,CHEMBL416413,-8.05,0.9499999999999993,CHEMBL244,coagulation_factor_X,False,False,False
COC[C@@H](NC(=O)c1ccc(Cl)s1)C(=O)Nc1ccc(N2CCOCC2=O)c(C(F)(F)F)c1,4.85,1,nM,CHEMBL184956,-4.85,4.15,CHEMBL244,coagulation_factor_X,False,False,False
COC[C@@H](NC(=O)c1ccc(Cl)s1)C(=O)Nc1ccc(N2CCOCC2=O)c(C)c1,5.26,1,nM,CHEMBL364838,-5.26,3.74,CHEMBL244,coagulation_factor_X,False,False,False
COC[C@@H](NC(=O)c1ccc(Cl)s1)C(=O)Nc1ccc(N2CCOCC2=O)c(Cl)c1,4.89,1,nM,CHEMBL186686,-4.89,4.11,CHEMBL244,coagulation_factor_X,False,False,False
COC[C@@H](NC(=O)c1ccc(Cl)s1)C(=O)Nc1ccc(N2CCOCC2=O)c(F)c1,4.66,1,nM,CHEMBL187423,-4.66,4.34,CHEMBL244,coagulation_factor_X,False,False,False
COCc1cc(N2C[C@H](CNC(=O)c3ccc(Cl)s3)OC2=O)ccc1-n1cccc(CCO)c1=O,6.78,1,nM,CHEMBL3659627,-6.78,2.2199999999999998,CHEMBL244,coagulation_factor_X,False,False,False
CONC(=N)c1ccc(C(=O)Nc2ccccc2C(=O)Nc2ccc(Cl)cn2)cc1,6.54,1,nM,CHEMBL470186,-6.54,2.46,CHEMBL244,coagulation_factor_X,False,False,False
CO[C@@H]1CCN(c2ccc3c(c2)OC[C@H]2[C@H](CNC(=O)c4ccc(Cl)s4)OC(=O)N32)C(=O)C1,6.23,1,nM,CHEMBL3330448,-6.23,2.7699999999999996,CHEMBL244,coagulation_factor_X,False,False,False
CO[C@@H]1CN(C(=O)Nc2ccc(-n3ccccc3=O)cc2F)C[C@H]1CNC(=O)c1ccc(Cl)s1,8.495000000000001,12,nM,CHEMBL3958789,-8.495000000000001,0.504999999999999,CHEMBL244,coagulation_factor_X,False,False,False
CO[C@@H]1C[C@H](C(=O)Nc2ccc(-c3ccccc3S(C)(=O)=O)cc2F)N(C(=O)Nc2ccc(Cl)cc2)C1,9.8,1,nM,CHEMBL1229814,-9.8,-0.8000000000000007,CHEMBL244,coagulation_factor_X,False,False,False
CO[C@@H]1C[C@H](C(=O)Nc2ccc(-n3ccccc3=O)cc2F)N(C(=O)Nc2ccc(Cl)cc2)C1,9.365,2,nM,CHEMBL476186,-9.365,-0.3650000000000002,CHEMBL244,coagulation_factor_X,False,False,False
CO[C@@H]1C[C@H](C(=O)Nc2ccc(-n3ccccc3=O)cn2)N(C(=O)Nc2ccc(Cl)cc2)C1,8.34,1,nM,CHEMBL476187,-8.34,0.6600000000000001,CHEMBL244,coagulation_factor_X,False,False,False
CO[C@H](C(=O)N1CCC[C@H]1C(=O)NC(C=O)CCCN=C(N)N)c1ccccc1,4.57,1,nM,CHEMBL107598,-4.57,4.43,CHEMBL244,coagulation_factor_X,False,False,False
CO[C@H]1CCN(c2ccc3c(c2)OC[C@H]2[C@H](CNC(=O)c4ccc(Cl)s4)OC(=O)N32)C(=O)C1,5.73,1,nM,CHEMBL3330449,-5.73,3.2699999999999996,CHEMBL244,coagulation_factor_X,False,False,False
CO[C@H]1C[C@H](C(=O)Nc2ccc(-n3ccccc3=O)cc2F)C[C@@H]1NC(=O)c1ccc(Cl)s1,8.555,12,nM,CHEMBL3968842,-8.555,0.4450000000000003,CHEMBL244,coagulation_factor_X,False,False,False
CO[C@H]1O[C@H](COS(=O)(=O)[O-])[C@@H](O[C@@H]2O[C@@H](C(=O)[O-])[C@@H](O[C@H]3O[C@H](COS(=O)(=O)[O-])[C@@H](O[C@@H]4O[C@H](C(=O)[O-])[C@@H](O[C@H]5O[C@H](COS(=O)(=O)[O-])[C@@H](O)[C@H](O)[C@H]5NS(=O)(=O)[O-])[C@H](O)[C@H]4O)[C@H](OS(=O)(=O)[O-])[C@H]3NS(=O)(=O)[O-])[C@H](O)[C@H]2OS(=O)(=O)[O-])[C@H](O)[C@H]1NS(=O)(=O)[O-],5.859999999999999,2,nM,CHEMBL1200644,-5.859999999999999,3.1400000000000006,CHEMBL244,coagulation_factor_X,False,False,False
CO[C@H]1O[C@H](COS(=O)(=O)[O-])[C@@H](O[C@@H]2O[C@@H](C(=O)[O-])[C@@H](O[C@H]3O[C@H](COS(=O)(=O)[O-])[C@@H](O[C@@H]4O[C@H](C(=O)[O-])[C@@H](O[C@H]5O[C@H](COS(=O)(=O)[O-])[C@@H](O)[C@H](O)[C@H]5OS(=O)(=O)[O-])[C@H](OC)[C@H]4O)[C@H](OS(=O)(=O)[O-])[C@H]3OS(=O)(=O)[O-])[C@H](OC)[C@H]2OS(=O)(=O)[O-])[C@H](OS(=O)(=O)[O-])[C@H]1OS(=O)(=O)[O-],6.494999999999999,2,nM,CHEMBL5180987,-6.494999999999999,2.505000000000001,CHEMBL244,coagulation_factor_X,False,False,False
CO[C@H]1O[C@H](COS(=O)(=O)[O-])[C@@H](O[C@@H]2O[C@@H](C(=O)[O-])[C@@H](O[C@H]3O[C@H](COS(=O)(=O)[O-])[C@@H](O[C@@H]4O[C@H](C(=O)[O-])[C@@H](O[C@H]5O[C@H](COS(=O)(=O)[O-])[C@@H](O)[C@H](OC)[C@H]5OS(=O)(=O)[O-])[C@H](OC)[C@H]4O)[C@H](OS(=O)(=O)[O-])[C@H]3OS(=O)(=O)[O-])[C@H](OC)[C@H]2OS(=O)(=O)[O-])[C@H](OS(=O)(=O)[O-])[C@H]1OS(=O)(=O)[O-],6.535,2,nM,CHEMBL5176075,-6.535,2.465,CHEMBL244,coagulation_factor_X,False,False,False
CO[C@H]1O[C@H](COS(=O)(=O)[O-])[C@@H](O[C@@H]2O[C@@H](C(=O)[O-])[C@@H](O[C@H]3O[C@H](COS(=O)(=O)[O-])[C@@H](O[C@@H]4O[C@H](C(=O)[O-])[C@@H](O[C@H]5O[C@H](COS(=O)(=O)[O-])[C@@H](O)[C@H](OS(=O)(=O)[O-])[C@H]5OS(=O)(=O)[O-])[C@H](OC)[C@H]4O)[C@H](OS(=O)(=O)[O-])[C@H]3OS(=O)(=O)[O-])[C@H](OC)[C@H]2OS(=O)(=O)[O-])[C@H](OS(=O)(=O)[O-])[C@H]1OS(=O)(=O)[O-],6.5649999999999995,2,nM,CHEMBL5203721,-6.5649999999999995,2.4350000000000005,CHEMBL244,coagulation_factor_X,False,False,False
CO[C@H]1O[C@H](COS(=O)(=O)[O-])[C@@H](O[C@@H]2O[C@@H](C(=O)[O-])[C@@H](O[C@H]3O[C@H](COS(=O)(=O)[O-])[C@@H](O[C@@H]4O[C@H](C(=O)[O-])[C@@H](O[C@H]5O[C@H](COS(=O)(=O)[O-])[C@@H](OC)[C@H](OS(=O)(=O)[O-])[C@H]5OS(=O)(=O)[O-])[C@H](OC)[C@H]4OC(C)=O)[C@H](OS(=O)(=O)[O-])[C@H]3OS(=O)(=O)[O-])[C@H](OC)[C@H]2OS(=O)(=O)[O-])[C@H](OS(=O)(=O)[O-])[C@H]1OS(=O)(=O)[O-],6.5,2,nM,CHEMBL5207683,-6.5,2.5,CHEMBL244,coagulation_factor_X,False,False,False
CO[C@]1(C)C[C@H](C(=O)Nc2ccc(-n3ccccc3=O)cc2F)N(C(=O)Nc2ccc(Cl)cc2)C1,9.51,1,nM,CHEMBL477229,-9.51,-0.5099999999999998,CHEMBL244,coagulation_factor_X,False,False,False
COc1cc(-c2noc3ncn(-c4ccc(N5CCOCC5=O)cc4)c(=O)c23)ccc1OC(C)=O,7.89,1,nM,CHEMBL3397685,-7.89,1.1100000000000003,CHEMBL244,coagulation_factor_X,False,False,False
COc1cc(C(=N)N(C)C)ccc1C(=O)Nc1ccc(Cl)cc1C(=O)Nc1ccc(Cl)cn1,9.3,1,nM,CHEMBL472778,-9.3,-0.3000000000000007,CHEMBL244,coagulation_factor_X,False,False,False
COc1cc(C(=O)N2C[C@@H](n3cc(C4CC4)nn3)C[C@H]2C(=O)NCC(c2ccccc2)c2ccccc2)ccc1CN,4.51,1,nM,CHEMBL4476255,-4.51,4.49,CHEMBL244,coagulation_factor_X,False,False,False
COc1cc(C(=O)N2C[C@@H](n3cc(C4CC4)nn3)C[C@H]2C(=O)N[C@H]2CCCC[C@@H]2c2ccccc2)ccc1CN,4.14,1,nM,CHEMBL4441232,-4.14,4.86,CHEMBL244,coagulation_factor_X,False,False,False
COc1cc(C(=O)Nc2cc(C(N)=O)ccc2NC(=O)c2ccc(-n3ccccc3=O)cc2)cc(OC)c1OC,7.54,1,nM,CHEMBL3612123,-7.54,1.46,CHEMBL244,coagulation_factor_X,False,False,False
COc1cc(C(=O)Nc2ccc(Cl)cc2C(=O)Nc2ccc(Cl)cn2)ccc1C(=N)N(C)C,8.15,1,nM,CHEMBL470734,-8.15,0.8499999999999996,CHEMBL244,coagulation_factor_X,False,False,False
COc1cc(C(=O)O)cc(NC(=O)c2nc3c(s2)CN(C(C)C)CC3)c1CCC(=O)Nc1ccc(Cl)cc1,9.27,1,nM,CHEMBL1923894,-9.27,-0.2699999999999996,CHEMBL244,coagulation_factor_X,False,False,False
COc1cc(Cl)cc(C(=O)Nc2ccc(Cl)cn2)c1NC(=O)c1ccc(C(=N)N(C)C)cc1,9.22,1,nM,CHEMBL515545,-9.22,-0.22000000000000064,CHEMBL244,coagulation_factor_X,False,False,False
COc1cc(Cl)cc(C(=O)Nc2ccc(Cl)cn2)c1NC(=O)c1ccc(S(C)(=O)=NC(=O)CN2CCCC2)cc1,8.19,1,nM,CHEMBL3392132,-8.19,0.8100000000000005,CHEMBL244,coagulation_factor_X,False,False,False
COc1cc(N/C(=N\C#N)N[C@H]2CCCCN(CC(=O)N3CCCC3)C2=O)cc2cc(C)oc12,4.83,1,nM,CHEMBL557300,-4.83,4.17,CHEMBL244,coagulation_factor_X,False,False,False
COc1cc(OC)cc(C(=O)/N=C(\Nc2cccc(C)c2)N[C@H]2CCCCN(CC(=O)N3CCCC3)C2=O)c1,5.94,1,nM,CHEMBL469207,-5.94,3.0599999999999996,CHEMBL244,coagulation_factor_X,False,False,False
COc1cc2c(N)nccc2cc1C[C@H](C(=O)O)N1CC[C@H](NS(=O)(=O)c2ccc(N(C)C)nc2)C1=O,8.7,1,nM,CHEMBL3894215,-8.7,0.3000000000000007,CHEMBL244,coagulation_factor_X,False,False,False
COc1cc2c(N)nccc2cc1C[C@H](C(=O)O)N1CC[C@H](NS(=O)(=O)c2cnc(N(C)C)c(C)c2)C1=O,7.14,1,nM,CHEMBL3973493,-7.14,1.8600000000000003,CHEMBL244,coagulation_factor_X,False,False,False
COc1cc2c(N)nccc2cc1C[C@H](C(=O)O)N1CC[C@H](NS(=O)(=O)c2cnc(N(C)C)c(Cl)c2)C1=O,7.0,1,nM,CHEMBL3965151,-7.0,2.0,CHEMBL244,coagulation_factor_X,False,False,False
COc1cc2c(N)nccc2cc1C[C@H](C(=O)O)N1CC[C@H](NS(=O)(=O)c2cnc(N(C)C)s2)C1=O,5.7,1,nM,CHEMBL3965470,-5.7,3.3,CHEMBL244,coagulation_factor_X,False,False,False
COc1cc2c(N)nccc2cc1C[C@H](C(=O)O)N1CC[C@H](NS(=O)(=O)c2cnc(N3CCC(F)(F)C3)s2)C1=O,7.77,1,nM,CHEMBL3970200,-7.77,1.2300000000000004,CHEMBL244,coagulation_factor_X,False,False,False
COc1cc2c(N)nccc2cc1C[C@H](C(=O)O)N1CC[C@H](NS(=O)(=O)c2cnc(N3CCCC3)s2)C1=O,8.4,1,nM,CHEMBL3903289,-8.4,0.5999999999999996,CHEMBL244,coagulation_factor_X,False,False,False
COc1cc2c(N)nccc2cc1C[C@H](C(=O)O)N1CC[C@H](NS(=O)(=O)c2cnc(N3CC[C@@H](F)C3)s2)C1=O,8.1,1,nM,CHEMBL4112015,-8.1,0.9000000000000004,CHEMBL244,coagulation_factor_X,False,False,False
COc1cc2c(N)nccc2cc1C[C@H](C(=O)OC(C)C)N1CC[C@H](NS(=O)(=O)c2cnc(N(C)C)s2)C1=O,7.68,1,nM,CHEMBL3898854,-7.68,1.3200000000000003,CHEMBL244,coagulation_factor_X,False,False,False
COc1cc2c(N)nccc2cc1C[C@H](C(=O)OC(C)C)N1CC[C@H](NS(=O)(=O)c2cnc(N3CCC(F)(F)C3)s2)C1=O,6.2,1,nM,CHEMBL3913495,-6.2,2.8,CHEMBL244,coagulation_factor_X,False,False,False
COc1cc2c(N)nccc2cc1C[C@H](C(=O)OC1CCCC1)N1CC[C@H](NS(=O)(=O)c2cnc(N(C)C)s2)C1=O,7.37,1,nM,CHEMBL3958963,-7.37,1.63,CHEMBL244,coagulation_factor_X,False,False,False
COc1cc2c(N)nccc2cc1C[C@H](C(=O)OCC(C)C)N1CC[C@H](NS(=O)(=O)c2cnc(N(C)C)s2)C1=O,7.0,1,nM,CHEMBL3975197,-7.0,2.0,CHEMBL244,coagulation_factor_X,False,False,False
COc1cc2c(N)nccc2cc1C[C@H](C(=O)OCC1CC1)N1CC[C@H](NS(=O)(=O)c2cnc(N(C)C)s2)C1=O,7.54,1,nM,CHEMBL3902346,-7.54,1.46,CHEMBL244,coagulation_factor_X,False,False,False
COc1cc2c(N)nccc2cc1C[C@H](C(=O)OCC1CC1)N1CC[C@H](NS(=O)(=O)c2cnc(N3CCC(F)(F)C3)s2)C1=O,6.0,1,nM,CHEMBL3940564,-6.0,3.0,CHEMBL244,coagulation_factor_X,False,False,False
COc1cc2c(N)nccc2cc1C[C@H](C(=O)OCC1CC1)N1CC[C@H](NS(=O)(=O)c2cnc(N3CCCC3)s2)C1=O,6.92,1,nM,CHEMBL3975332,-6.92,2.08,CHEMBL244,coagulation_factor_X,False,False,False
COc1cc2c(N)nccc2cc1C[C@H](C(=O)OCC1CCC1)N1CC[C@H](NS(=O)(=O)c2cnc(N(C)C)s2)C1=O,7.07,1,nM,CHEMBL3970060,-7.07,1.9299999999999997,CHEMBL244,coagulation_factor_X,False,False,False
COc1cc2c(cc1OC)CN(C(=O)Cc1ccc(Cl)cc1)[C@H](C(=O)N(C)c1ccc(N3CCCCC3=O)cc1)C2,5.11,1,nM,CHEMBL2040984,-5.11,3.8899999999999997,CHEMBL244,coagulation_factor_X,False,False,False
COc1ccc(-c2ccc(C(=O)NCC(C)(C)C)cc2C(=O)O)c(C(=O)Nc2ccc(C(=N)N)cc2)n1,7.0,1,nM,CHEMBL2417905,-7.0,2.0,CHEMBL244,coagulation_factor_X,False,False,False
COc1ccc(-c2ccc(C(=O)NCC(C)(C)C)cc2C(=O)O)c(C(=O)Nc2ccc3c(N)nccc3c2)n1,5.77,1,nM,CHEMBL2417907,-5.77,3.2300000000000004,CHEMBL244,coagulation_factor_X,False,False,False
COc1ccc(-c2ccc(C(=O)NCC(C)C)cc2C(=O)O)c(C(=O)Nc2ccc(C(=N)N)cc2)c1,8.18,1,nM,CHEMBL488778,-8.18,0.8200000000000003,CHEMBL244,coagulation_factor_X,False,False,False
COc1ccc(-c2ccc(C(=O)N[C@H](CO)C(C)(C)C)cc2C(=O)O)c(C(=O)Nc2ccc(C(=N)N)cc2)n1,7.46,1,nM,CHEMBL2417904,-7.46,1.54,CHEMBL244,coagulation_factor_X,False,False,False
COc1ccc(-c2ccc(C(=O)N[C@H](CO)C(C)(C)C)cc2C(=O)O)c(C(=O)Nc2ccc3c(N)nccc3c2)n1,6.57,1,nM,CHEMBL2417906,-6.57,2.4299999999999997,CHEMBL244,coagulation_factor_X,False,False,False
COc1ccc(-c2noc3ncn(-c4ccc(C(=O)Nc5ccccn5)cc4)c(=O)c23)cc1,7.75,1,nM,CHEMBL3397706,-7.75,1.25,CHEMBL244,coagulation_factor_X,False,False,False
COc1ccc(-n2cc(C#N)c3ncn(-c4ccc(N5CCC[C@H]5C(N)=O)cc4)c(=O)c32)cc1,8.43,1,nM,CHEMBL5285200,-8.43,0.5700000000000003,CHEMBL244,coagulation_factor_X,False,False,False
COc1ccc(-n2cc(C(N)=O)c3ncn(-c4ccc(N5CCOCC5=O)cc4)c(=O)c32)cc1,8.8,1,nM,CHEMBL5286692,-8.8,0.1999999999999993,CHEMBL244,coagulation_factor_X,False,False,False
COc1ccc(-n2nc(-c3n[nH]c(C(C)(C)C)n3)c3c2C(=O)N(c2ccc(N4CCCCC4=O)cc2)CC3)cc1,6.07,1,nM,CHEMBL3984710,-6.07,2.9299999999999997,CHEMBL244,coagulation_factor_X,False,False,False
COc1ccc(-n2nc(-c3nc[nH]n3)c3c2C(=O)N(c2ccc(N4CCCCC4=O)cc2)CC3)cc1,6.82,1,nM,CHEMBL3891522,-6.82,2.1799999999999997,CHEMBL244,coagulation_factor_X,False,False,False
COc1ccc(-n2nc(-c3ncn(C)n3)c3c2CCN(c2ccc(N4CCCCC4=O)cc2)C3=O)cc1,5.62,1,nM,CHEMBL3970347,-5.62,3.38,CHEMBL244,coagulation_factor_X,False,False,False
COc1ccc(-n2nc(-n3cccc3CN3CCOCC3)c3c2C(=O)N(c2ccc(N4CCCCC4=O)cc2)CC3)cc1,5.62,1,nM,CHEMBL3935430,-5.62,3.38,CHEMBL244,coagulation_factor_X,False,False,False
COc1ccc(-n2nc(-n3cnnc3CN3CCOCC3)c3c2C(=O)N(c2ccc(N4CCCCC4=O)cc2)CC3)cc1,6.85,1,nM,CHEMBL4091325,-6.85,2.1500000000000004,CHEMBL244,coagulation_factor_X,False,False,False
COc1ccc(-n2nc(C(N)=O)c3c2C(=O)N(c2ccc(C4=NCCCN4)cc2)CC3)cc1,6.46,1,nM,CHEMBL3985923,-6.46,2.54,CHEMBL244,coagulation_factor_X,False,False,False
COc1ccc(-n2nc(C(N)=O)c3c2C(=O)N(c2ccc(C4=NCCN4)cc2)CC3)cc1,5.7,1,nM,CHEMBL3965535,-5.7,3.3,CHEMBL244,coagulation_factor_X,False,False,False
COc1ccc(-n2nc(Cn3cc(C#N)nn3)c3c2C(=O)N(c2ccc(N4CCCCC4=O)cc2)CC3)cc1,6.44,1,nM,CHEMBL4073592,-6.44,2.5599999999999996,CHEMBL244,coagulation_factor_X,False,False,False
COc1ccc(/C(C)=C(/F)C(=O)Nc2ccc(-c3ccccc3S(N)(=O)=O)cc2)c(C#N)c1,5.24,1,nM,CHEMBL62682,-5.24,3.76,CHEMBL244,coagulation_factor_X,False,False,False
COc1ccc(/C(O)=C(C#N)/C(=N\[C@H]2CCCCN(CC(=O)N3CCCC3)C2=O)Nc2ccc3oc(C)cc3c2)cc1,7.89,1,nM,CHEMBL382091,-7.89,1.1100000000000003,CHEMBL244,coagulation_factor_X,False,False,False
COc1ccc(/C=C\C(=O)Nc2ccc(-c3ccccc3S(N)(=O)=O)cc2)cc1C(=N)N,5.19,1,nM,CHEMBL449082,-5.19,3.8099999999999996,CHEMBL244,coagulation_factor_X,False,False,False
COc1ccc(C(=N)N)cc1/C=C\C(=O)Nc1ccc(-c2ccccc2S(N)(=O)=O)cc1,6.67,1,nM,CHEMBL287973,-6.67,2.33,CHEMBL244,coagulation_factor_X,False,False,False
COc1ccc(C(=O)/N=C(\Nc2cccc(C)c2)N[C@H]2CCCCN(CC(=O)N3CCCC3)C2=O)cc1,6.15,1,nM,CHEMBL513010,-6.15,2.8499999999999996,CHEMBL244,coagulation_factor_X,False,False,False
COc1ccc(C(=O)/N=C(\Nc2cccc(C)c2)N[C@H]2CCCCN(CC(=O)N3CCCC3)C2=O)cc1OC,6.4,1,nM,CHEMBL469042,-6.4,2.5999999999999996,CHEMBL244,coagulation_factor_X,False,False,False
COc1ccc(C(=O)N2Cc3ccccc3C[C@H]2C(=O)N(C)c2ccc(N3CCCCC3=O)cc2)cc1,4.72,1,nM,CHEMBL2040962,-4.72,4.28,CHEMBL244,coagulation_factor_X,False,False,False
COc1ccc(C(=O)NC[C@@H]2OC(=O)N3c4ccc(N5CCOCC5=O)cc4OC[C@@H]23)cc1,5.32,1,nM,CHEMBL3330465,-5.32,3.6799999999999997,CHEMBL244,coagulation_factor_X,False,False,False
COc1ccc(C(=O)Nc2c(NC(=O)c3ccc(N4CCCN(C)CC4)cc3)cccc2OC)cc1,6.67,1,nM,CHEMBL1922232,-6.67,2.33,CHEMBL244,coagulation_factor_X,False,False,False
COc1ccc(C(=O)Nc2cc(C(N)=O)ccc2NC(=O)c2ccc(-n3ccccc3=O)cc2)cc1OC,7.77,1,nM,CHEMBL3612122,-7.77,1.2300000000000004,CHEMBL244,coagulation_factor_X,False,False,False
COc1ccc(C(=O)Nc2cc(O)ccc2NC(=O)c2ccc(N3CCCN(C)CC3)cc2)cc1,6.8,1,nM,CHEMBL1922237,-6.8,2.2,CHEMBL244,coagulation_factor_X,False,False,False
COc1ccc(C(=O)Nc2cc(OC)ccc2NC(=O)c2ccc(N3CCCN(C)CC3)cc2)cc1,6.93,1,nM,CHEMBL1922231,-6.93,2.0700000000000003,CHEMBL244,coagulation_factor_X,False,False,False
COc1ccc(C(=O)Nc2ccc(C(=O)O)cc2NC(=O)c2ccc(N3CCCN(C)CC3)cc2)cc1,7.51,1,nM,CHEMBL1922234,-7.51,1.4900000000000002,CHEMBL244,coagulation_factor_X,False,False,False
COc1ccc(C(=O)Nc2ccc(O)cc2NC(=O)c2ccc(N3CCCN(C)CC3)cc2)cc1,7.3,1,nM,CHEMBL1922236,-7.3,1.7000000000000002,CHEMBL244,coagulation_factor_X,False,False,False
COc1ccc(C(=O)Nc2ccc(OC)cc2C(=O)Nc2ccc(N3CCCCC3=O)cc2)cc1,6.54,1,nM,CHEMBL3409892,-6.54,2.46,CHEMBL244,coagulation_factor_X,False,False,False
COc1ccc(C(=O)Nc2ccc(OC)cc2NC(=O)c2ccc(N3CCCN(C)CC3)cc2)cc1,7.13,1,nM,CHEMBL1922230,-7.13,1.87,CHEMBL244,coagulation_factor_X,False,False,False
COc1ccc(C(=O)Nc2ccc(OC)cc2NC(=O)c2ccc(OC)cc2)cc1,5.21,1,nM,CHEMBL172511,-5.21,3.79,CHEMBL244,coagulation_factor_X,False,False,False
COc1ccc(C(=O)Nc2cccc(C(=O)O)c2NC(=O)c2ccc(N3CCCN(C)CC3)cc2)cc1,7.0,1,nM,CHEMBL1922233,-7.0,2.0,CHEMBL244,coagulation_factor_X,False,False,False
COc1ccc(C(=O)Nc2cccc(F)c2NC(=O)c2ccc(N3CCCN(C)CC3)cc2)cc1,6.81,1,nM,CHEMBL1922238,-6.81,2.1900000000000004,CHEMBL244,coagulation_factor_X,False,False,False
COc1ccc(C(=O)Nc2cccc(O)c2NC(=O)c2ccc(N3CCCN(C)CC3)cc2)cc1,7.26,1,nM,CHEMBL1922235,-7.26,1.7400000000000002,CHEMBL244,coagulation_factor_X,False,False,False
COc1ccc(C(=O)Nc2cccc(O)c2NC(=O)c2ccc(N3CCCN(C)CC3)cc2)s1,7.07,1,nM,CHEMBL1922341,-7.07,1.9299999999999997,CHEMBL244,coagulation_factor_X,False,False,False
COc1ccc(C(=O)Nc2cccc(OC)c2NC(=O)c2ccc(N3CCCN(C)CC3)cc2)cc1,7.2,1,nM,CHEMBL1922229,-7.2,1.7999999999999998,CHEMBL244,coagulation_factor_X,False,False,False
COc1ccc(C(=O)Nc2cccc(OCC(=O)O)c2NC(=O)c2ccc(N3CCCN(C)CC3)cc2)cc1,6.91,1,nM,CHEMBL1922239,-6.91,2.09,CHEMBL244,coagulation_factor_X,False,False,False
COc1ccc(C(=O)Nc2cccc(OCCO)c2NC(=O)c2ccc(N3CCCN(C)CC3)cc2)cc1,6.97,1,nM,CHEMBL1922240,-6.97,2.0300000000000002,CHEMBL244,coagulation_factor_X,False,False,False
COc1ccc(C(=O)Nc2cccc(O[C@@H]3O[C@H](C(=O)O)[C@@H](O)[C@H](O)[C@H]3O)c2NC(=O)c2ccc(N3CCCN(C)CC3)cc2)cc1,7.54,1,nM,CHEMBL1922344,-7.54,1.46,CHEMBL244,coagulation_factor_X,False,False,False
COc1ccc(C(=O)Nc2ccccc2C(=O)Nc2ccc(N3CCCN(C)CC3)cc2)cc1,6.27,1,nM,CHEMBL1922227,-6.27,2.7300000000000004,CHEMBL244,coagulation_factor_X,False,False,False
COc1ccc(C(=O)Nc2ccccc2NC(=O)c2ccc(N3CCCN(C)CC3)cc2)cc1,6.99,1,nM,CHEMBL1922226,-6.99,2.01,CHEMBL244,coagulation_factor_X,False,False,False
COc1ccc(C(=O)Nc2ccccc2NC(=O)c2ccc(OC)cc2)cc1,5.37,1,nM,CHEMBL168946,-5.37,3.63,CHEMBL244,coagulation_factor_X,False,False,False
COc1ccc(C)cc1S(=O)(=O)N1CCC(N(Cc2ccc3ccc(C(=N)N)cc3c2)S(C)(=O)=O)CC1,7.24,1,nM,CHEMBL244015,-7.24,1.7599999999999998,CHEMBL244,coagulation_factor_X,False,False,False
COc1ccc(C2Oc3ccccc3N(CCCCCN3C(C)CCCC3C)C2=O)cc1,5.31,1,nM,CHEMBL131448,-5.31,3.6900000000000004,CHEMBL244,coagulation_factor_X,False,False,False
COc1ccc(CC(=O)N2CN(c3ccc(N4CCCCC4=O)cc3)C(=O)c3cc(OC)ccc32)c(OC)c1,5.9,1,nM,CHEMBL4093380,-5.9,3.0999999999999996,CHEMBL244,coagulation_factor_X,False,False,False
COc1ccc(CC(=O)N2CN(c3ccc(N4CCCCC4=O)cc3)C(=O)c3cc(OC)ccc32)cc1,6.05,1,nM,CHEMBL4067693,-6.05,2.95,CHEMBL244,coagulation_factor_X,False,False,False
COc1ccc(CC(=O)N2CN(c3ccc(N4CCOCC4=O)cc3)C(=O)c3cc(OC)ccc32)cc1,6.14,1,nM,CHEMBL4070862,-6.14,2.8600000000000003,CHEMBL244,coagulation_factor_X,False,False,False
COc1ccc(CC(=O)N2Cc3ccccc3C[C@H]2C(=O)N(C)c2ccc(N3CCCCC3=O)cc2)cc1,4.47,1,nM,CHEMBL2040965,-4.47,4.53,CHEMBL244,coagulation_factor_X,False,False,False
COc1ccc(Cl)cc1S(=O)(=O)N1CCC(N(Cc2ccc3ccc(C(=N)N)cc3c2)S(C)(=O)=O)CC1,7.41,1,nM,CHEMBL244014,-7.41,1.5899999999999999,CHEMBL244,coagulation_factor_X,False,False,False
COc1ccc(N/C(=C\[N+](=O)[O-])N[C@H]2CCCCN(CC(=O)N3CCCC3)C2=O)cc1,5.51,1,nM,CHEMBL380571,-5.51,3.49,CHEMBL244,coagulation_factor_X,False,False,False
COc1ccc(N/C(=C\[N+](=O)[O-])N[C@H]2CCCCN(CC(=O)N3CCCC3)C2=O)cc1C,5.47,1,nM,CHEMBL197708,-5.47,3.5300000000000002,CHEMBL244,coagulation_factor_X,False,False,False
COc1ccc(N/C(=N\C(=O)C2CCN(C(=O)c3ccccc3)CC2)N[C@H]2CCCCN(CC(=O)N3CCCC3)C2=O)cc1,6.3,1,nM,CHEMBL443648,-6.3,2.7,CHEMBL244,coagulation_factor_X,False,False,False
COc1ccc(N/C(=N\C(=O)c2cc(Cl)cc(Cl)c2)N[C@H]2CCCCN(CC(=O)N3CCCC3)C2=O)cc1,6.26,1,nM,CHEMBL467996,-6.26,2.74,CHEMBL244,coagulation_factor_X,False,False,False
COc1ccc(N/C(=N\C(=O)c2cc(F)cc(F)c2)N[C@H]2CCCCN(CC(=O)N3CCCC3)C2=O)cc1,6.68,1,nM,CHEMBL512292,-6.68,2.3200000000000003,CHEMBL244,coagulation_factor_X,False,False,False
COc1ccc(N/C(=N\C(=O)c2cc(OC)cc(OC)c2)N[C@H]2CCCCN(CC(=O)N3CCCC3)C2=O)cc1,6.06,1,nM,CHEMBL463925,-6.06,2.9400000000000004,CHEMBL244,coagulation_factor_X,False,False,False
COc1ccc(N/C(=N\C(=O)c2ccc(Cl)cc2)N[C@H]2CCCCN(CC(=O)N3CCCC3)C2=O)cc1,6.53,1,nM,CHEMBL467995,-6.53,2.4699999999999998,CHEMBL244,coagulation_factor_X,False,False,False
COc1ccc(N/C(=N\C(=O)c2ccc(F)c(F)c2)N[C@H]2CCCCN(CC(=O)N3CCCC3)C2=O)cc1,6.57,1,nM,CHEMBL466970,-6.57,2.4299999999999997,CHEMBL244,coagulation_factor_X,False,False,False
COc1ccc(N/C(=N\C(=O)c2ccc(F)cc2)N[C@H]2CCCCN(CC(=O)N3CCCC3)C2=O)cc1,6.43,1,nM,CHEMBL513334,-6.43,2.5700000000000003,CHEMBL244,coagulation_factor_X,False,False,False
COc1ccc(N/C(=N\C(=O)c2ccc(N(C)C)cc2)N[C@H]2CCCCN(CC(=O)N3CCCC3)C2=O)cc1,6.39,1,nM,CHEMBL463720,-6.39,2.6100000000000003,CHEMBL244,coagulation_factor_X,False,False,False
COc1ccc(N/C(=N\C(=O)c2ccc(OC)c(OC)c2)N[C@H]2CCCCN(CC(=O)N3CCCC3)C2=O)cc1,6.31,1,nM,CHEMBL518385,-6.31,2.6900000000000004,CHEMBL244,coagulation_factor_X,False,False,False
COc1ccc(N/C(=N\C(=O)c2ccc(OC)cc2)N[C@H]2CCCCN(CC(=O)N3CCCC3)C2=O)cc1,6.64,1,nM,CHEMBL511737,-6.64,2.3600000000000003,CHEMBL244,coagulation_factor_X,False,False,False
COc1ccc(N/C(=N\C(=O)c2cccc(Cl)c2)N[C@H]2CCCCN(CC(=O)N3CCCC3)C2=O)cc1,6.57,1,nM,CHEMBL469021,-6.57,2.4299999999999997,CHEMBL244,coagulation_factor_X,False,False,False
COc1ccc(N/C(=N\C(=O)c2cccc(F)c2)N[C@H]2CCCCN(CC(=O)N3CCCC3)C2=O)cc1,6.59,1,nM,CHEMBL513137,-6.59,2.41,CHEMBL244,coagulation_factor_X,False,False,False
COc1ccc(N/C(=N\C(=O)c2cccc(OC)c2)N[C@H]2CCCCN(CC(=O)N3CCCC3)C2=O)cc1,6.71,1,nM,CHEMBL467150,-6.71,2.29,CHEMBL244,coagulation_factor_X,False,False,False
COc1ccc(N/C(=N\C(=O)c2ccccc2)N[C@H]2CCCCN(CC(=O)N3CCCC3)C2=O)cc1,6.61,1,nM,CHEMBL468351,-6.61,2.3899999999999997,CHEMBL244,coagulation_factor_X,False,False,False
COc1ccc(N/C(=N\C(=O)c2ccno2)N[C@H]2CCCCN(CC(=O)N3CCCC3)C2=O)cc1,6.42,1,nM,CHEMBL512471,-6.42,2.58,CHEMBL244,coagulation_factor_X,False,False,False
COc1ccc(N/C(=N\C(=O)c2sc(C)nc2C)N[C@H]2CCCCN(CC(=O)N3CCCC3)C2=O)cc1,6.41,1,nM,CHEMBL511562,-6.41,2.59,CHEMBL244,coagulation_factor_X,False,False,False
COc1ccc(NC(=O)C(=O)Nc2ccc(Cl)cc2)c(C(=O)Nc2ccc(N3CCOCC3=O)cc2)c1,6.34,1,nM,CHEMBL3409884,-6.34,2.66,CHEMBL244,coagulation_factor_X,False,False,False
COc1ccc(NC(=O)C(=O)Nc2ccc(Cl)cn2)c(C(=O)Nc2ccc(N3CCOCC3=O)cc2)c1,6.53,1,nM,CHEMBL3409880,-6.53,2.4699999999999998,CHEMBL244,coagulation_factor_X,False,False,False
COc1ccc(NC(=O)C(=O)Nc2ccc(F)cc2)c(C(=O)Nc2ccc(N3CCOCC3=O)cc2)c1,6.17,1,nM,CHEMBL3409885,-6.17,2.83,CHEMBL244,coagulation_factor_X,False,False,False
COc1ccc(NC(=O)C(=O)Nc2ccc(OC)cc2C(=O)Nc2ccc(N3CCOCC3=O)cc2)cc1,6.21,1,nM,CHEMBL3409887,-6.21,2.79,CHEMBL244,coagulation_factor_X,False,False,False
COc1ccc(NC(=O)C(=O)Nc2cccc(Cl)c2)c(C(=O)Nc2ccc(N3CCOCC3=O)cc2)c1,6.21,1,nM,CHEMBL3409883,-6.21,2.79,CHEMBL244,coagulation_factor_X,False,False,False
COc1ccc(NC(=O)C(=O)Nc2ccccc2)c(C(=O)Nc2ccc(N3CCOCC3=O)cc2)c1,5.95,1,nM,CHEMBL3409881,-5.95,3.05,CHEMBL244,coagulation_factor_X,False,False,False
COc1ccc(NC(=O)C(=O)Nc2ccccc2Cl)c(C(=O)Nc2ccc(N3CCOCC3=O)cc2)c1,6.1,1,nM,CHEMBL3409882,-6.1,2.9000000000000004,CHEMBL244,coagulation_factor_X,False,False,False
COc1ccc(NC(=O)C(=O)Nc2ccccc2OC)c(C(=O)Nc2ccc(N3CCOCC3=O)cc2)c1,6.08,1,nM,CHEMBL3409886,-6.08,2.92,CHEMBL244,coagulation_factor_X,False,False,False
COc1ccc(NC(=O)c2cc(Cl)cc(O)c2NC(=O)c2ccc(N3CCCN(C)CC3)cc2)cc1,7.17,1,nM,CHEMBL3359545,-7.17,1.83,CHEMBL244,coagulation_factor_X,False,False,False
COc1ccc(NC(=O)c2cc(OC)ccc2NC(=O)c2ccc(N3CCCCC3=O)cc2)cc1,6.29,1,nM,CHEMBL4572670,-6.29,2.71,CHEMBL244,coagulation_factor_X,False,False,False
COc1ccc(NC(=O)c2cc(OC)ccc2NC(=O)c2ccc(N3CCOCC3=O)cc2)cc1,7.11,1,nM,CHEMBL4450264,-7.11,1.8899999999999997,CHEMBL244,coagulation_factor_X,False,False,False
COc1ccc(NC(=O)c2cc(OC)ccc2NC(=O)c2nc3c(s2)CN(C)CC3)cc1,6.63,1,nM,CHEMBL4459345,-6.63,2.37,CHEMBL244,coagulation_factor_X,False,False,False
COc1ccc(NC(=O)c2ccc(-c3ccccc3S(N)(=O)=O)cc2)c(Oc2cccc(C(=N)N)c2)c1,8.8,1,nM,CHEMBL44111,-8.8,0.1999999999999993,CHEMBL244,coagulation_factor_X,False,False,False
COc1ccc(NC(=O)c2ccc(-n3ccccc3=O)cc2)c(C(=O)Nc2ccc(Cl)cc2)c1,6.75,1,nM,CHEMBL4530694,-6.75,2.25,CHEMBL244,coagulation_factor_X,False,False,False
COc1ccc(NC(=O)c2ccc(C(=N)N(C)C)cc2N2CCC(C(=O)O)CC2)c(C(=O)Nc2ccc(Cl)cn2)c1,9.05,1,nM,CHEMBL218315,-9.05,-0.05000000000000071,CHEMBL244,coagulation_factor_X,False,False,False
COc1ccc(NC(=O)c2ccc(C)c(O)c2NC(=O)c2ccc(N3CCCN(C)CC3)cc2)cc1,7.21,1,nM,CHEMBL3359544,-7.21,1.79,CHEMBL244,coagulation_factor_X,False,False,False
COc1ccc(NC(=O)c2ccc(Cl)cc2)c(C(=O)Nc2ccc(N3CCCCC3=O)cc2)c1,7.64,1,nM,CHEMBL3409890,-7.64,1.3600000000000003,CHEMBL244,coagulation_factor_X,False,False,False
COc1ccc(NC(=O)c2ccc(Cl)s2)c(C(=O)Nc2ccc(N3CCCCC3=O)cc2)c1,7.17,1,nM,CHEMBL3409888,-7.17,1.83,CHEMBL244,coagulation_factor_X,False,False,False
COc1ccc(NC(=O)c2ccc(N3CCCC3=O)cc2)c(C(=O)Nc2ccc(Cl)cc2)c1,6.18,1,nM,CHEMBL4470300,-6.18,2.8200000000000003,CHEMBL244,coagulation_factor_X,False,False,False
COc1ccc(NC(=O)c2ccc(N3CCCCC3=O)cc2)c(C(=O)Nc2ccc(C(C)(C)C)cc2)c1,6.57,1,nM,CHEMBL4438123,-6.57,2.4299999999999997,CHEMBL244,coagulation_factor_X,False,False,False
COc1ccc(NC(=O)c2ccc(N3CCCCC3=O)cc2)c(C(=O)Nc2ccc(Cl)cc2)c1,6.61,1,nM,CHEMBL4543553,-6.61,2.3899999999999997,CHEMBL244,coagulation_factor_X,False,False,False
COc1ccc(NC(=O)c2ccc(N3CCCCC3=O)cc2)c(C(=O)Nc2ccc(F)cc2)c1,5.97,1,nM,CHEMBL4448395,-5.97,3.0300000000000002,CHEMBL244,coagulation_factor_X,False,False,False
COc1ccc(NC(=O)c2ccc(N3CCCCC3=O)cc2)c(C(=O)Nc2cccc(F)c2)c1,7.35,1,nM,CHEMBL4514976,-7.35,1.6500000000000004,CHEMBL244,coagulation_factor_X,False,False,False
COc1ccc(NC(=O)c2ccc(N3CCCCC3=O)cc2)c(C(=O)Nc2ccccc2OC)c1,5.5,1,nM,CHEMBL4439648,-5.5,3.5,CHEMBL244,coagulation_factor_X,False,False,False
COc1ccc(NC(=O)c2ccc(N3CCOCC3=O)cc2)c(C(=O)Nc2ccc(C(C)(C)C)cc2)c1,5.68,1,nM,CHEMBL4472318,-5.68,3.3200000000000003,CHEMBL244,coagulation_factor_X,False,False,False
COc1ccc(NC(=O)c2ccc(N3CCOCC3=O)cc2)c(C(=O)Nc2ccc(Cl)cc2)c1,7.75,1,nM,CHEMBL4439939,-7.75,1.25,CHEMBL244,coagulation_factor_X,False,False,False
COc1ccc(NC(=O)c2ccc(N3CCOCC3=O)cc2)c(C(=O)Nc2ccccc2OC)c1,5.81,1,nM,CHEMBL4472454,-5.81,3.1900000000000004,CHEMBL244,coagulation_factor_X,False,False,False
COc1ccc(NC(=O)c2cccc(Cl)c2)c(C(=O)Nc2ccc(N3CCCCC3=O)cc2)c1,6.74,1,nM,CHEMBL3409891,-6.74,2.26,CHEMBL244,coagulation_factor_X,False,False,False
COc1ccc(NC(=O)c2cccc(O)c2NC(=O)c2ccc(N3CCCN(C)CC3)cc2)cc1,6.82,1,nM,CHEMBL3359542,-6.82,2.1799999999999997,CHEMBL244,coagulation_factor_X,False,False,False
COc1ccc(NC(=O)c2cccc(O)c2NC(=O)c2ccc(N3CCCN(C)CC3)cc2)nc1,6.66,1,nM,CHEMBL3359571,-6.66,2.34,CHEMBL244,coagulation_factor_X,False,False,False
COc1ccc(NC(=O)c2cccc(O[C@@H]3O[C@H](C(=O)O)[C@@H](O)[C@H](O)[C@H]3O)c2NC(=O)c2ccc(N3CCCN(C)CC3)cc2)cc1,7.18,1,nM,CHEMBL3359543,-7.18,1.8200000000000003,CHEMBL244,coagulation_factor_X,False,False,False
COc1ccc(NC(=O)c2ccccc2)c(C(=O)Nc2ccc(N3CCCCC3=O)cc2)c1,6.28,1,nM,CHEMBL3409889,-6.28,2.7199999999999998,CHEMBL244,coagulation_factor_X,False,False,False
COc1ccc(NC(=O)c2ccccc2NC(=O)c2ccc(N3CCCN(C)CC3)cc2)cc1,6.85,2,nM,CHEMBL1922228,-6.85,2.1500000000000004,CHEMBL244,coagulation_factor_X,False,False,False
COc1ccc(NC(=O)c2nc3c(s2)CN(C)CC3)c(C(=O)Nc2ccc(C)cc2)c1,7.52,1,nM,CHEMBL4586397,-7.52,1.4800000000000004,CHEMBL244,coagulation_factor_X,False,False,False
COc1ccc(NC(=O)c2nc3c(s2)CN(C)CC3)c(C(=O)Nc2ccc(C)cn2)c1,8.0,1,nM,CHEMBL4469308,-8.0,1.0,CHEMBL244,coagulation_factor_X,False,False,False
COc1ccc(NC(=O)c2nc3c(s2)CN(C)CC3)c(C(=O)Nc2ccc(Cl)cc2)c1,8.32,1,nM,CHEMBL4469752,-8.32,0.6799999999999997,CHEMBL244,coagulation_factor_X,False,False,False
COc1ccc(NC(=O)c2nc3c(s2)CN(C)CC3)c(C(=O)Nc2ccc(Cl)cn2)c1,8.46,1,nM,CHEMBL4441346,-8.46,0.5399999999999991,CHEMBL244,coagulation_factor_X,False,False,False
COc1ccc(NC(=O)c2nc3c(s2)CN(C)CC3)c(C(=O)Nc2ccc(Cl)s2)c1,5.86,1,nM,CHEMBL4525969,-5.86,3.1399999999999997,CHEMBL244,coagulation_factor_X,False,False,False
COc1ccc(NC(=O)c2nc3c(s2)CN(C)CC3)c(C(=O)Nc2ccc(F)cn2)c1,7.62,1,nM,CHEMBL4574442,-7.62,1.38,CHEMBL244,coagulation_factor_X,False,False,False
COc1ccc(NC(=O)c2nc3c(s2)CN(C)CC3)c(C(=O)Nc2cccc(Cl)c2)c1,6.5,1,nM,CHEMBL4445604,-6.5,2.5,CHEMBL244,coagulation_factor_X,False,False,False
COc1ccc(OC)c(S(=O)(=O)N2CCC(N(C)Cc3ccc4ccc(C(=N)N)cc4c3)CC2)c1,6.23,1,nM,CHEMBL244435,-6.23,2.7699999999999996,CHEMBL244,coagulation_factor_X,False,False,False
COc1ccc(OC)c(S(=O)(=O)N2CCC(N(C/C=C/c3cccc(C(=N)N)c3)C(=O)CC(=O)O)CC2)c1,7.89,1,nM,CHEMBL244641,-7.89,1.1100000000000003,CHEMBL244,coagulation_factor_X,False,False,False
COc1ccc(OC)c(S(=O)(=O)N2CCC(N(C/C=C/c3cccc(C(=N)N)c3)S(=O)(=O)CC(=O)O)CC2)c1,8.0,1,nM,CHEMBL390266,-8.0,1.0,CHEMBL244,coagulation_factor_X,False,False,False
COc1ccc(OC)c(S(=O)(=O)N2CCC(N(Cc3ccc4ccc(C(=N)N)cc4c3)C(=O)CC(=O)O)CC2)c1,8.09,1,nM,CHEMBL244640,-8.09,0.9100000000000001,CHEMBL244,coagulation_factor_X,False,False,False
COc1ccc(OC)c(S(=O)(=O)N2CCC(N(Cc3ccc4ccc(C(=N)N)cc4c3)C(C)=O)CC2)c1,7.92,1,nM,CHEMBL244221,-7.92,1.08,CHEMBL244,coagulation_factor_X,False,False,False
COc1ccc(OC)c(S(=O)(=O)N2CCC(N(Cc3ccc4ccc(C(=N)N)cc4c3)S(=O)(=O)CC(=O)O)CC2)c1,7.89,1,nM,CHEMBL244436,-7.89,1.1100000000000003,CHEMBL244,coagulation_factor_X,False,False,False
COc1ccc(OC)c(S(=O)(=O)N2CCC(N(Cc3ccc4ccc(C(=N)N)cc4c3)S(C)(=O)=O)CC2)c1,7.96,1,nM,CHEMBL244219,-7.96,1.04,CHEMBL244,coagulation_factor_X,False,False,False
COc1ccc(Oc2nc(Oc3cccc(C(=N)N)c3)c(F)c(NC(C)CCc3ccccc3)c2F)c(C(=O)O)c1,4.96,1,nM,CHEMBL194769,-4.96,4.04,CHEMBL244,coagulation_factor_X,False,False,False
COc1ccc(S(=O)(=O)N2CCN(CC(=O)NC(CCCN=C(N)N)C(=O)c3nccs3)C(=O)C2)cc1,9.05,1,nM,CHEMBL406940,-9.05,-0.05000000000000071,CHEMBL244,coagulation_factor_X,False,False,False
COc1ccc2c(c1)C(=O)N(c1ccc(-n3ccccc3=O)cc1)CN2C(=O)Cc1ccc(Cl)cc1,6.78,1,nM,CHEMBL4059479,-6.78,2.2199999999999998,CHEMBL244,coagulation_factor_X,False,False,False
COc1ccc2c(c1)C(=O)N(c1ccc(N3CCCCC3=O)cc1)CN2C(=O)Cc1ccc(Cl)cc1,6.9,1,nM,CHEMBL4063484,-6.9,2.0999999999999996,CHEMBL244,coagulation_factor_X,False,False,False
COc1ccc2c(c1)C(=O)N(c1ccc(N3CCCCC3=O)cc1)CN2C(=O)Cc1ccc(NC(C)=O)cc1,6.63,1,nM,CHEMBL4071434,-6.63,2.37,CHEMBL244,coagulation_factor_X,False,False,False
COc1ccc2c(c1)C(=O)N(c1ccc(N3CCCCC3=O)cc1)CN2C(=O)Cc1cccc(Cl)c1,6.27,1,nM,CHEMBL4066602,-6.27,2.7300000000000004,CHEMBL244,coagulation_factor_X,False,False,False
COc1ccc2c(c1)C(=O)N(c1ccc(N3CCCCC3=O)cc1)CN2C(=O)Cc1ccccc1,5.39,1,nM,CHEMBL4089030,-5.39,3.6100000000000003,CHEMBL244,coagulation_factor_X,False,False,False
COc1ccc2c(c1)C(=O)N(c1ccc(N3CCCCC3=O)cc1)CN2C(=O)Cc1ccccc1Cl,5.87,1,nM,CHEMBL4097741,-5.87,3.13,CHEMBL244,coagulation_factor_X,False,False,False
COc1ccc2c(c1)C(=O)N(c1ccc(N3CCCCC3=O)cc1)CN2C(=O)c1ccc(Cl)cc1,4.28,1,nM,CHEMBL4084611,-4.28,4.72,CHEMBL244,coagulation_factor_X,False,False,False
COc1ccc2c(c1)C(=O)N(c1ccc(N3CCOCC3=O)cc1)CN2C(=O)CCc1ccc(Cl)cc1,5.66,1,nM,CHEMBL4097963,-5.66,3.34,CHEMBL244,coagulation_factor_X,False,False,False
COc1ccc2c(c1)C(=O)N(c1ccc(N3CCOCC3=O)cc1)CN2C(=O)Cc1ccc(Cl)c(Cl)c1,6.46,1,nM,CHEMBL4082407,-6.46,2.54,CHEMBL244,coagulation_factor_X,False,False,False
COc1ccc2c(c1)C(=O)N(c1ccc(N3CCOCC3=O)cc1)CN2C(=O)Cc1ccc(Cl)cc1,7.38,1,nM,CHEMBL4076970,-7.38,1.62,CHEMBL244,coagulation_factor_X,False,False,False
COc1ccc2c(c1)C(=O)N(c1ccc(N3CCOCC3=O)cc1)CN2C(=O)Cc1ccc(Cl)cc1Cl,6.3,1,nM,CHEMBL4100421,-6.3,2.7,CHEMBL244,coagulation_factor_X,False,False,False
COc1ccc2c(c1)C(=O)N(c1ccc(N3CCOCC3=O)cc1)CN2C(=O)Cc1ccc(Cl)cn1,6.8,1,nM,CHEMBL4062243,-6.8,2.2,CHEMBL244,coagulation_factor_X,False,False,False
COc1ccc2c(c1)C(=O)N(c1ccc(N3CCOCC3=O)cc1)CN2C(=O)Cc1ccc(Cl)s1,7.68,1,nM,CHEMBL4090253,-7.68,1.3200000000000003,CHEMBL244,coagulation_factor_X,False,False,False
COc1ccc2c(c1)C(=O)N(c1ccc(N3CCOCC3=O)cc1)CN2C(=O)c1ccc(CCl)cc1,5.85,1,nM,CHEMBL4081450,-5.85,3.1500000000000004,CHEMBL244,coagulation_factor_X,False,False,False
COc1ccc2c(c1)CC[C@H](NS(=O)(=O)CC1CCCCC1)C(=O)N2CC(=O)N[C@H]1CCCN(C(=N)N)C1O,8.36,2,nM,CHEMBL85238,-8.36,0.6400000000000006,CHEMBL244,coagulation_factor_X,False,False,False
COc1ccc2c(c1)CC[C@H](NS(=O)(=O)Cc1ccccc1)C(=O)N2CC(=O)N[C@H]1CCCN(C(=N)N)C1O,7.800000000000001,2,nM,CHEMBL87947,-7.800000000000001,1.1999999999999993,CHEMBL244,coagulation_factor_X,False,False,False
COc1ccc2c(c1)CC[C@H](NS(=O)(=O)c1ccc3ccccc3c1)C(=O)N2CC(=O)N[C@H]1CCCN(C(=N)N)C1O,8.08,2,nM,CHEMBL316213,-8.08,0.9199999999999999,CHEMBL244,coagulation_factor_X,False,False,False
COc1ccc2c(c1)N(CC(=O)N[C@H]1CCCN(C(=N)N)C1O)C(=O)[C@@H](NS(=O)(=O)Cc1ccccc1)CC2,7.365,2,nM,CHEMBL315454,-7.365,1.6349999999999998,CHEMBL244,coagulation_factor_X,False,False,False
COc1ccc2cc(-n3nc(C)cc3C(=O)Nc3ccc(-c4ccccc4S(N)(=O)=O)cc3)ccc2c1,5.48,1,nM,CHEMBL435765,-5.48,3.5199999999999996,CHEMBL244,coagulation_factor_X,False,False,False
COc1ccc2ccc(S(=O)(=O)N[C@H]3CCN(Cc4ccc5nc(N)[nH]c5c4)C3=O)cc2c1,5.43,12,nM,CHEMBL3942651,-5.43,3.5700000000000003,CHEMBL244,coagulation_factor_X,False,False,False
COc1cccc(C(=O)/N=C(\Nc2cccc(C)c2)N[C@H]2CCCCN(CC(=O)N3CCCC3)C2=O)c1,6.56,1,nM,CHEMBL469213,-6.56,2.4400000000000004,CHEMBL244,coagulation_factor_X,False,False,False
COc1cccc(C(=O)Nc2ccc(OC)cc2C(=O)Nc2ccc(N3CCCCC3=O)cc2)c1,6.42,1,nM,CHEMBL3409893,-6.42,2.58,CHEMBL244,coagulation_factor_X,False,False,False
COc1cccc(CNC(=O)c2ccc(Oc3nc(Oc4cccc(C(=N)N)c4)c(F)c(NC(C)CCc4ccccc4)c3F)c(C(=O)O)c2)c1,5.02,1,nM,CHEMBL195720,-5.02,3.9800000000000004,CHEMBL244,coagulation_factor_X,False,False,False
COc1cccc(N/C(=C\[N+](=O)[O-])N[C@H]2CCCCN(CC(=O)N3CCCC3)C2=O)c1,5.17,1,nM,CHEMBL382917,-5.17,3.83,CHEMBL244,coagulation_factor_X,False,False,False
COc1cccc(NC(=O)c2cc(OC)ccc2NC(=O)c2nc3c(s2)CN(C)CC3)c1,6.01,1,nM,CHEMBL4439436,-6.01,2.99,CHEMBL244,coagulation_factor_X,False,False,False
COc1cccc2c1CC[C@H](NS(=O)(=O)Cc1ccccc1)C(=O)N2CC(=O)N[C@H]1CCCN(C(=N)N)C1O,7.82,2,nM,CHEMBL87502,-7.82,1.1799999999999997,CHEMBL244,coagulation_factor_X,False,False,False
COc1ccccc1C(=O)n1nc(-c2ccccc2)nc1NCc1ccc(Cl)s1,5.64,1,nM,CHEMBL5409763,-5.64,3.3600000000000003,CHEMBL244,coagulation_factor_X,False,False,False
COc1ccccc1C(=O)n1nc(-c2ccccc2)nc1NCc1cccs1,5.0,1,nM,CHEMBL5440166,-5.0,4.0,CHEMBL244,coagulation_factor_X,False,False,False
COc1ccccc1C(=O)n1nc(-c2ccccn2)nc1NCc1ccc(Cl)s1,7.0,1,nM,CHEMBL5424963,-7.0,2.0,CHEMBL244,coagulation_factor_X,False,False,False
COc1ccccc1C(=O)n1nc(-c2ccccn2)nc1NCc1ccc(F)cc1,5.17,1,nM,CHEMBL5423783,-5.17,3.83,CHEMBL244,coagulation_factor_X,False,False,False
COc1ccccc1C(=O)n1nc(-c2ccccn2)nc1NCc1ccccc1,5.19,1,nM,CHEMBL5425205,-5.19,3.8099999999999996,CHEMBL244,coagulation_factor_X,False,False,False
COc1ccccc1C(=O)n1nc(-c2ccccn2)nc1NCc1cccs1,5.03,1,nM,CHEMBL5418843,-5.03,3.9699999999999998,CHEMBL244,coagulation_factor_X,False,False,False
COc1ccccc1C(=O)n1nc(-c2cccnc2)nc1NCc1ccc(F)cc1,4.65,1,nM,CHEMBL5438252,-4.65,4.35,CHEMBL244,coagulation_factor_X,False,False,False
COc1ccccc1C(=O)n1nc(-c2cccnc2)nc1NCc1ccccc1,5.1,1,nM,CHEMBL1373768,-5.1,3.9000000000000004,CHEMBL244,coagulation_factor_X,False,False,False
COc1ccccc1C(=O)n1nc(-c2cccnc2)nc1SCc1ccc(F)cc1,5.62,1,nM,CHEMBL5413299,-5.62,3.38,CHEMBL244,coagulation_factor_X,False,False,False
CS(=O)(=NC(=O)CN1CCCC1)c1ccc(C(=O)Nc2ccc(Cl)cc2C(=O)Nc2ccc(Cl)cn2)cc1,8.49,1,nM,CHEMBL3392121,-8.49,0.5099999999999998,CHEMBL244,coagulation_factor_X,False,False,False
CS(=O)(=O)C/C(=C(\F)C(=O)Nc1ccc(-c2ccccc2S(N)(=O)=O)cc1)c1cccc(C(=N)N)c1,8.0,1,nM,CHEMBL290361,-8.0,1.0,CHEMBL244,coagulation_factor_X,False,False,False
CS(=O)(=O)CC[C@H](NC(=O)[C@@H](Cc1ccccc1)NS(=O)(=O)Cc1ccccc1)C(=O)N[C@@H](CCCN=C(N)N)C(=O)c1nccs1,5.7,1,nM,CHEMBL128019,-5.7,3.3,CHEMBL244,coagulation_factor_X,False,False,False
CS(=O)(=O)N(Cc1ccc2ccc(C(=N)N)cc2c1)C1CCN(Cc2cccc(C#N)c2)CC1,5.64,1,nM,CHEMBL243154,-5.64,3.3600000000000003,CHEMBL244,coagulation_factor_X,False,False,False
CS(=O)(=O)N(Cc1ccc2ccc(C(=N)N)cc2c1)C1CCN(Cc2cccc(Cl)c2)CC1,5.77,1,nM,CHEMBL243153,-5.77,3.2300000000000004,CHEMBL244,coagulation_factor_X,False,False,False
CS(=O)(=O)N(Cc1ccc2ccc(C(=N)N)cc2c1)C1CCN(S(=O)(=O)c2cc(Cl)ccc2Cl)CC1,7.19,1,nM,CHEMBL243804,-7.19,1.8099999999999996,CHEMBL244,coagulation_factor_X,False,False,False
CS(=O)(=O)N(Cc1ccc2ccc(C(=N)N)cc2c1)C1CCN(S(=O)(=O)c2cc(Cl)sc2Cl)CC1,7.0,1,nM,CHEMBL243805,-7.0,2.0,CHEMBL244,coagulation_factor_X,False,False,False
CS(=O)(=O)N(Cc1ccc2ccc(C(=N)N)cc2c1)C1CCN(S(=O)(=O)c2ccc(Cl)c(Cl)c2)CC1,6.72,1,nM,CHEMBL389976,-6.72,2.2800000000000002,CHEMBL244,coagulation_factor_X,False,False,False
CS(=O)(=O)N(Cc1ccc2ccc(C(=N)N)cc2c1)C1CCN(S(=O)(=O)c2ccc(Cl)cc2)CC1,5.8,1,nM,CHEMBL242715,-5.8,3.2,CHEMBL244,coagulation_factor_X,False,False,False
CS(=O)(=O)N(Cc1ccc2ccc(C(=N)N)cc2c1)C1CCN(S(=O)(=O)c2cccc(-c3ccccc3)c2)CC1,6.7,1,nM,CHEMBL242929,-6.7,2.3,CHEMBL244,coagulation_factor_X,False,False,False
CS(=O)(=O)N(Cc1ccc2ccc(C(=N)N)cc2c1)C1CCN(S(=O)(=O)c2cccc(C#N)c2)CC1,6.77,1,nM,CHEMBL242928,-6.77,2.2300000000000004,CHEMBL244,coagulation_factor_X,False,False,False
CS(=O)(=O)N(Cc1ccc2ccc(C(=N)N)cc2c1)C1CCN(S(=O)(=O)c2cccc(Cl)c2)CC1,7.31,1,nM,CHEMBL242500,-7.31,1.6900000000000004,CHEMBL244,coagulation_factor_X,False,False,False
CS(=O)(=O)N(Cc1ccc2ccc(C(=N)N)cc2c1)C1CCN(S(=O)(=O)c2cccc(Cl)c2Cl)CC1,6.25,1,nM,CHEMBL243592,-6.25,2.75,CHEMBL244,coagulation_factor_X,False,False,False
CS(=O)(=O)N(Cc1ccc2ccc(C(=N)N)cc2c1)C1CCN(S(=O)(=O)c2cccc(F)c2)CC1,6.1,1,nM,CHEMBL387790,-6.1,2.9000000000000004,CHEMBL244,coagulation_factor_X,False,False,False
CS(=O)(=O)N(Cc1ccc2ccc(C(=N)N)cc2c1)C1CCN(S(=O)(=O)c2ccccc2)CC1,6.07,1,nM,CHEMBL241911,-6.07,2.9299999999999997,CHEMBL244,coagulation_factor_X,False,False,False
CS(=O)(=O)N(Cc1ccc2ccc(C(=N)N)cc2c1)C1CCN(S(=O)(=O)c2ccccc2Cl)CC1,6.46,1,nM,CHEMBL242125,-6.46,2.54,CHEMBL244,coagulation_factor_X,False,False,False
CS(=O)(=O)N(Cc1ccc2ccc(C(=N)N)cc2c1)C1CCN(c2ccncc2)CC1,7.05,1,nM,CHEMBL243402,-7.05,1.9500000000000002,CHEMBL244,coagulation_factor_X,False,False,False
CS(=O)(=O)N(Cc1ccc2ccc(C(=N)N)cc2c1)c1ccc(-c2ccccc2S(N)(=O)=O)cc1,6.82,1,nM,CHEMBL153317,-6.82,2.1799999999999997,CHEMBL244,coagulation_factor_X,False,False,False
CS(=O)(=O)N(Cc1ccc2ccc(C(=N)N)cc2c1)c1ccc(C(=O)N2CCCC2)cc1,5.98,1,nM,CHEMBL356879,-5.98,3.0199999999999996,CHEMBL244,coagulation_factor_X,False,False,False
CS(=O)(=O)N(Cc1ccc2ccc(C(=N)N)cc2c1)c1ccc(C(=O)N2CCC[C@@H]2C(N)=O)cc1,4.83,1,nM,CHEMBL152792,-4.83,4.17,CHEMBL244,coagulation_factor_X,False,False,False
CS(=O)(=O)N(Cc1ccc2ccc(C(=N)N)cc2c1)c1ccc(C(=O)N2CCC[C@H]2C(N)=O)cc1,5.39,1,nM,CHEMBL357976,-5.39,3.6100000000000003,CHEMBL244,coagulation_factor_X,False,False,False
CS(=O)(=O)N(Cc1cccc(-c2cccc(C(=N)N)c2)c1)c1ccc(-c2ccccc2S(N)(=O)=O)cc1,6.72,1,nM,CHEMBL152245,-6.72,2.2800000000000002,CHEMBL244,coagulation_factor_X,False,False,False
CS(=O)(=O)N1CC2CC(CN(C(=O)CN3CCC[C@H](NS(=O)(=O)c4ccc5cc(Cl)ccc5c4)C3=O)C2)C1,8.0,1,nM,CHEMBL1923561,-8.0,1.0,CHEMBL244,coagulation_factor_X,False,False,False
CS(=O)(=O)N1CCN(CC(=O)N[C@@H](CCCN=C(N)N)C(=O)c2nccs2)C(=O)[C@@H]1Cc1ccccc1,6.34,1,nM,CHEMBL162855,-6.34,2.66,CHEMBL244,coagulation_factor_X,False,False,False
CS(=O)(=O)N1CCN(CC(=O)N[C@@H](CCCN=C(N)N)C(=O)c2nccs2)C(=O)[C@H]1Cc1ccccc1,6.84,1,nM,CHEMBL350513,-6.84,2.16,CHEMBL244,coagulation_factor_X,False,False,False
CS(=O)(=O)N1CCN(c2ccc3c(c2)OC[C@H]2[C@H](CNC(=O)c4ccc(Cl)s4)OC(=O)N32)C(=O)C1,5.38,1,nM,CHEMBL3330459,-5.38,3.62,CHEMBL244,coagulation_factor_X,False,False,False
CS(=O)(=O)N1CCc2nc(C(=O)Nc3cc(C(=O)O)ccc3CNC(=O)c3ccc(Cl)s3)sc2C1,8.04,1,nM,CHEMBL1923884,-8.04,0.9600000000000009,CHEMBL244,coagulation_factor_X,False,False,False
CS(=O)(=O)N[C@H](CCCNC(=N)N)C(=O)NCC(=O)N[C@@H](CCCNC(=N)N)C(=O)c1nccs1,8.7,1,nM,CHEMBL404058,-8.7,0.3000000000000007,CHEMBL244,coagulation_factor_X,False,False,False
CS(=O)(=O)Nc1c(CCC2CCCCC2)ccn(CC(=O)N[C@H]2CCCN(C(=N)N)C2O)c1=O,5.6,1,nM,CHEMBL170338,-5.6,3.4000000000000004,CHEMBL244,coagulation_factor_X,False,False,False
CS(=O)(=O)Nc1ccc(C(=O)Nc2ccc(-c3ccccc3S(N)(=O)=O)cc2)c(Oc2cccc(C(=N)N)c2)c1,7.51,1,nM,CHEMBL46410,-7.51,1.4900000000000002,CHEMBL244,coagulation_factor_X,False,False,False
CS(=O)(=O)Nc1ccc(Oc2cccc(C(=N)N)c2)c(C(=O)Nc2ccc(-c3ccccc3S(N)(=O)=O)cc2)c1,8.27,1,nM,CHEMBL46727,-8.27,0.7300000000000004,CHEMBL244,coagulation_factor_X,False,False,False
CS(=O)(=O)c1ccc(C(=O)Nc2ccc(Cl)cc2C(=O)Nc2ccc(Cl)cn2)c(NCCCCCCCN)c1,6.5,1,nM,CHEMBL3979495,-6.5,2.5,CHEMBL244,coagulation_factor_X,False,False,False
CS(=O)(=O)c1ccc(C(=O)Nc2ccc(Cl)cc2C(=O)Nc2ccc(Cl)cn2)c(NCCCCCCN)c1,6.8,1,nM,CHEMBL3950497,-6.8,2.2,CHEMBL244,coagulation_factor_X,False,False,False
CS(=O)(=O)c1ccc(Oc2ccc3ccnc(N)c3c2)c(NC(=O)c2ccc(-c3ccccc3S(N)(=O)=O)cc2)c1,5.22,1,nM,CHEMBL45378,-5.22,3.7800000000000002,CHEMBL244,coagulation_factor_X,False,False,False
CS(=O)(=O)c1ccc(Oc2cccc(C(=N)N)c2)c(NC(=O)c2ccc(-c3ccccc3S(N)(=O)=O)cc2)c1,8.74,1,nM,CHEMBL48725,-8.74,0.2599999999999998,CHEMBL244,coagulation_factor_X,False,False,False
CS(=O)(=O)c1ccc(S(=O)(=O)N2CCN(CC(=O)NC(CCCN=C(N)N)C(=O)c3nccs3)C(=O)C2)cc1,7.07,1,nM,CHEMBL159716,-7.07,1.9299999999999997,CHEMBL244,coagulation_factor_X,False,False,False
CS(=O)(=O)c1ccccc1-c1ccc(NC(=O)CN(CC2CC2)C(=O)Nc2ccc(Cl)cc2)c(F)c1,8.4,1,nM,CHEMBL1271372,-8.4,0.5999999999999996,CHEMBL244,coagulation_factor_X,False,False,False
CS(=O)(=O)c1ccccc1-c1ccc(NC(=O)Cc2ccc3[nH]c(-c4ccc(Cl)s4)nc3c2)cc1,6.31,1,nM,CHEMBL331231,-6.31,2.6900000000000004,CHEMBL244,coagulation_factor_X,False,False,False
CS(=O)(=O)c1ccccc1-c1ccc(NC(=O)[C@H]2C[C@@H](O)CN2C(=O)Nc2ccc(Cl)cc2)c(F)c1,9.42,1,nM,CHEMBL1269832,-9.42,-0.41999999999999993,CHEMBL244,coagulation_factor_X,False,False,False
CS(=O)(=O)c1ccccc1-c1ccc2c(c1)OC[C@H]1[C@H](CNC(=O)c3ccc(Cl)s3)OC(=O)N21,7.42,1,nM,CHEMBL3330461,-7.42,1.58,CHEMBL244,coagulation_factor_X,False,False,False
CS(=O)(=O)c1ccccc1-c1ccc2c(c1)SC[C@H]1[C@H](CNC(=O)c3ccc(Cl)cc3)OC(=O)N21,5.79,1,nM,CHEMBL3330489,-5.79,3.21,CHEMBL244,coagulation_factor_X,False,False,False
CS(=O)(=O)c1ccccc1-c1ccc2c(c1)SC[C@H]1[C@H](CNC(=O)c3ccc(Cl)s3)OC(=O)N21,7.68,1,nM,CHEMBL3330488,-7.68,1.3200000000000003,CHEMBL244,coagulation_factor_X,False,False,False
CSCC[C@@H]1NC(=O)[C@@H](NC(C)=O)CC(=O)NCCCC[C@@H](C(=O)N[C@@H](CCCNC(=N)N)C(=O)c2nc3ccccc3s2)NC1=O,5.86,1,nM,CHEMBL5086585,-5.86,3.1399999999999997,CHEMBL244,coagulation_factor_X,False,False,False
CSc1ccc(C(=O)Nc2cccc(O)c2NC(=O)c2ccc(N3CCCN(C)CC3)cc2)cc1,5.84,1,nM,CHEMBL1922241,-5.84,3.16,CHEMBL244,coagulation_factor_X,False,False,False
C[C@@H](C(=O)N1CCC[C@H]1C(=O)NC(C=O)CCCN=C(N)N)c1ccccc1,4.09,1,nM,CHEMBL320098,-4.09,4.91,CHEMBL244,coagulation_factor_X,False,False,False
C[C@@H](NC(=O)Cn1c(CN(C(=O)c2ccc(C(=O)O)cc2)c2ccc(OC3CCN(C(=N)N)CC3)cc2)nc2cc(C(=N)N)ccc21)c1ccccc1,7.1,1,nM,CHEMBL2093954,-7.1,1.9000000000000004,CHEMBL244,coagulation_factor_X,False,False,False
C[C@@H](NC(=O)Nc1ccc(Cl)cc1)C(=O)Nc1ccc(N2CCOCC2=O)cc1,7.11,1,nM,CHEMBL121917,-7.11,1.8899999999999997,CHEMBL244,coagulation_factor_X,False,False,False
C[C@@H](NC(=O)[C@@H](CCCN=C(N)N)NC(=O)OC(C)(C)C)C(=O)N[C@H](C=O)CCCN=C(N)N,6.64,1,nM,CHEMBL2372425,-6.64,2.3600000000000003,CHEMBL244,coagulation_factor_X,False,False,False
C[C@@H](NC(=O)c1ccc(Cl)s1)C(=O)Nc1ccc(N2CCOCC2=O)cc1,4.23,1,nM,CHEMBL184686,-4.23,4.77,CHEMBL244,coagulation_factor_X,False,False,False
C[C@@H]1CNc2c(cccc2S(=O)(=O)N[C@@H](CCCNC(=N)N)C(=O)N2CC[C@@H](C)C[C@@H]2C(=O)O)C1,4.15,1,nM,CHEMBL502016,-4.15,4.85,CHEMBL244,coagulation_factor_X,False,False,False
C[C@@]1(CO)C=C2CC[C@@H]3[C@](C)(CO)C[C@@H](O)C[C@@]3(C)[C@@H]2CC1,6.02,1,nM,CHEMBL4561623,-6.02,2.9800000000000004,CHEMBL244,coagulation_factor_X,False,False,False
C[C@@]1(CO)C[C@@H](O)C[C@@]2(C)C3=C(CC[C@H]12)[C@H]1OC[C@H](O)[C@@]1(C)CC3,4.55,1,nM,CHEMBL4468511,-4.55,4.45,CHEMBL244,coagulation_factor_X,False,False,False
C[C@@]1(CO)C[C@@H](O)C[C@@]2(C)[C@@H]3CC[C@@]4(C)[C@H](OC[C@@H]4O)C3=CC[C@H]12,4.75,1,nM,CHEMBL4560959,-4.75,4.25,CHEMBL244,coagulation_factor_X,False,False,False
C[C@@]1(CO)C[C@@H](O)C[C@@]2(C)[C@@H]3CC[C@](C)(C(=O)O)C=C3CC[C@H]12,6.66,1,nM,CHEMBL4526357,-6.66,2.34,CHEMBL244,coagulation_factor_X,False,False,False
C[C@@]1(CO)C[C@@H](O)C[C@@]2(C)[C@@H]3CC[C@](C)([C@@H](O)CO)C=C3CC[C@H]12,5.595,2,nM,CHEMBL1089731,-5.595,3.4050000000000002,CHEMBL244,coagulation_factor_X,False,False,False
C[C@@]1(CO)C[C@@H](O)C[C@]2(C)[C@@H]1CC[C@@]13O[C@@H](CO)[C@@](C)(CC[C@@H]21)[C@H]3Br,5.33,1,nM,CHEMBL4555342,-5.33,3.67,CHEMBL244,coagulation_factor_X,False,False,False
C[C@@]1(CO)C[C@@H](O)C[C@]2(C)[C@@H]1CC[C@@]13O[C@H](CO)[C@@](C)(CC[C@@H]21)[C@H]3Br,5.1,1,nM,CHEMBL4455162,-5.1,3.9000000000000004,CHEMBL244,coagulation_factor_X,False,False,False
C[C@H](C(=O)N1CCC[C@H]1C(=O)NC(C=O)CCCN=C(N)N)c1ccccc1,4.51,1,nM,CHEMBL323963,-4.51,4.49,CHEMBL244,coagulation_factor_X,False,False,False
C[C@H](CCc1ccccc1)Nc1c(F)c(Oc2cccc(C(=N)N)c2)nc(Oc2ccccc2C(=O)O)c1F,4.29,1,nM,CHEMBL193709,-4.29,4.71,CHEMBL244,coagulation_factor_X,False,False,False
C[C@H](NC(=O)Cn1c(CN(C(=O)c2ccc(C(=O)O)cc2)c2ccc(OC3CCN(C(=N)N)CC3)cc2)nc2cc(C(=N)N)ccc21)c1ccccc1,8.52,1,nM,CHEMBL2094062,-8.52,0.4800000000000004,CHEMBL244,coagulation_factor_X,False,False,False
C[C@H](NC(=O)[C@@H](CCCN=C(N)N)NC(=O)OC(C)(C)C)C(=O)N[C@H](C=O)CCCN=C(N)N,6.78,1,nM,CHEMBL2372426,-6.78,2.2199999999999998,CHEMBL244,coagulation_factor_X,False,False,False
C[C@H](NC(=O)[C@@H](CO)NC(=O)OCc1ccccc1)C(=O)NC(CCCN=C(N)N)P(=O)(Oc1ccccc1)Oc1ccccc1,4.19,1,nM,CHEMBL311067,-4.19,4.81,CHEMBL244,coagulation_factor_X,False,False,False
C[C@H](NC(=O)[C@@H](CO)NC(=O)OCc1ccccc1)C(=O)NC(Cc1ccc(NC(=N)N)cc1)P(=O)(Oc1ccccc1)Oc1ccccc1,4.1,1,nM,CHEMBL80844,-4.1,4.9,CHEMBL244,coagulation_factor_X,False,False,False
C[C@H](NC(=O)[C@@H](CO)NS(=O)(=O)Cc1ccccc1)C(=O)NC(Cc1ccc(NC(=N)N)cc1)P(=O)(Oc1ccccc1)Oc1ccccc1,4.47,1,nM,CHEMBL214814,-4.47,4.53,CHEMBL244,coagulation_factor_X,False,False,False
C[C@]12CC[C@@H]3[C@](CC[C@@H]4[C@](C)(CO)C[C@@H](O)C[C@]43C)(C1)OC2,5.13,1,nM,CHEMBL4581081,-5.13,3.87,CHEMBL244,coagulation_factor_X,False,False,False
C[C@]12CC[C@@H]3[C@](CC[C@@H]4[C@](C)(CO)C[C@@H](O)C[C@]43C)(C1)OC2=O,5.77,1,nM,CHEMBL4474248,-5.77,3.2300000000000004,CHEMBL244,coagulation_factor_X,False,False,False
C[C@]12CC[C@@H]3[C@](CC[C@@H]4[C@](C)(CO)C[C@@H](O)C[C@]43C)(C1)O[C@H]2CO,5.21,1,nM,CHEMBL4452613,-5.21,3.79,CHEMBL244,coagulation_factor_X,False,False,False
C[N+]1(C)CCc2nc(C(=O)N3CCN(S(=O)(=O)c4ccc5cc(Cl)ccc5c4)CC3)sc2C1,8.11,1,nM,CHEMBL318566,-8.11,0.8900000000000006,CHEMBL244,coagulation_factor_X,False,False,False
C[N+]1(Cc2ccc(C(=O)Nc3ccc(Cl)cc3C(=O)Nc3ccc(Cl)cn3)cc2)CCCC1,8.64,1,nM,CHEMBL426416,-8.64,0.35999999999999943,CHEMBL244,coagulation_factor_X,False,False,False
Cc1c(-c2ccccn2)cccc1S(=O)(=O)N[C@@H](CC(=O)Nc1ccc(Cl)s1)C(=O)N1CCC(=C(F)F)CC1,5.52,1,nM,CHEMBL3091523,-5.52,3.4800000000000004,CHEMBL244,coagulation_factor_X,False,False,False
Cc1c(-c2ccccn2)cccc1S(=O)(=O)N[C@@H](CCCc1ccc(N)cn1)C(=O)N1CCC(=C(F)F)CC1,5.46,1,nM,CHEMBL3091518,-5.46,3.54,CHEMBL244,coagulation_factor_X,False,False,False
Cc1c(-c2ccccn2)cccc1S(=O)(=O)N[C@@H](CNC(=O)c1csc(Cl)c1)C(=O)N1CCC(=C(F)F)CC1,6.84,1,nM,CHEMBL3091520,-6.84,2.16,CHEMBL244,coagulation_factor_X,False,False,False
Cc1c(C(=O)N2Cc3ccccc3C[C@H]2C(=O)Nc2ccc(N3CCOCC3=O)cc2)sc2ccc(Cl)cc12,5.27,1,nM,CHEMBL2040974,-5.27,3.7300000000000004,CHEMBL244,coagulation_factor_X,False,False,False
Cc1c(N2CCCC2=O)cccc1S(=O)(=O)N[C@@H](CNC(=O)c1ccc(Cl)s1)C(=O)N1CCN(C)CC1,9.0,1,nM,CHEMBL3091519,-9.0,0.0,CHEMBL244,coagulation_factor_X,False,False,False
Cc1c(N2CCOCC2=O)cccc1S(=O)(=O)N[C@@H](CNC(=O)c1ccc(Cl)s1)C(=O)N1CCN(C)CC1,8.74,1,nM,CHEMBL3091503,-8.74,0.2599999999999998,CHEMBL244,coagulation_factor_X,False,False,False
Cc1c(N2CCOCC2=O)cccc1S(=O)(=O)N[C@@H](CNC(=O)c1ccc(Cl)s1)C(=O)N1CCOC[C@@H]1C,8.72,1,nM,CHEMBL3091510,-8.72,0.27999999999999936,CHEMBL244,coagulation_factor_X,False,False,False
Cc1c(S(=O)(=O)N2CCN(CC(=O)NC(CCCN=C(N)N)C(=O)c3nccs3)C(=O)C2)sc2ccc(Cl)cc12,9.29,1,nM,CHEMBL423810,-9.29,-0.28999999999999915,CHEMBL244,coagulation_factor_X,False,False,False
Cc1c[nH]c2c(N/C(=C\C#N)N[C@H]3CCCCN(CC(=O)N4CCCC4)C3=O)cccc12,6.47,1,nM,CHEMBL514445,-6.47,2.5300000000000002,CHEMBL244,coagulation_factor_X,False,False,False
Cc1c[nH]c2c(N/C(N[C@H]3CCCCN(CC(=O)N4CCCC4)C3=O)=C(/C#N)C(=O)N(C)C)cccc12,6.93,1,nM,CHEMBL1163006,-6.93,2.0700000000000003,CHEMBL244,coagulation_factor_X,False,False,False
Cc1c[nH]c2c(NC(N[C@H]3CCCCN(CC(=O)N4CCCC4)C3=O)=C(C#N)C#N)cccc12,6.94,1,nM,CHEMBL458942,-6.94,2.0599999999999996,CHEMBL244,coagulation_factor_X,False,False,False
Cc1cc(C(=O)Nc2cc(C(=N)N(C)C)cs2)n(-c2cc3ccccc3cc2F)n1,6.42,1,nM,CHEMBL280214,-6.42,2.58,CHEMBL244,coagulation_factor_X,False,False,False
Cc1cc(C(=O)Nc2ccc(-c3cccc(C(=N)N(C)C)c3)cc2)n(-c2ccc3cc(Cl)ccc3c2)n1,6.42,1,nM,CHEMBL21092,-6.42,2.58,CHEMBL244,coagulation_factor_X,False,False,False
Cc1cc(C(=O)Nc2ccc(-c3cccc(C(=N)N)c3)cc2)n(-c2ccc3cc(Cl)ccc3c2)n1,7.12,1,nM,CHEMBL21197,-7.12,1.88,CHEMBL244,coagulation_factor_X,False,False,False
Cc1cc(C(=O)Nc2ccc(-c3cccc(CN)c3)cc2)n(-c2ccc3cc(Cl)ccc3c2)n1,7.16,1,nM,CHEMBL278311,-7.16,1.8399999999999999,CHEMBL244,coagulation_factor_X,False,False,False
Cc1cc(C(=O)Nc2ccc(-c3ccccc3C(=N)N(C)C)cc2)n(-c2ccc3cc(Cl)ccc3c2)n1,7.58,1,nM,CHEMBL21039,-7.58,1.42,CHEMBL244,coagulation_factor_X,False,False,False
Cc1cc(C(=O)Nc2ccc(-c3ccccc3C(F)(F)F)cc2)n(-c2cccc(C(=N)N)c2)n1,10.4,1,nM,CHEMBL154512,-10.4,-1.4000000000000004,CHEMBL244,coagulation_factor_X,False,False,False
Cc1cc(C(=O)Nc2ccc(-c3ccccc3CN(C)C)cc2)n(-c2ccc3cc(Cl)ccc3c2)n1,8.3,1,nM,CHEMBL20832,-8.3,0.6999999999999993,CHEMBL244,coagulation_factor_X,False,False,False
Cc1cc(C(=O)Nc2ccc(-c3ccccc3CN(C)C)cc2F)n(-c2cc3ccccc3cc2S(C)(=O)=O)n1,8.15,1,nM,CHEMBL20766,-8.15,0.8499999999999996,CHEMBL244,coagulation_factor_X,False,False,False
Cc1cc(C(=O)Nc2ccc(-c3ccccc3CN(C)C)cc2F)n(-c2ccc3cc(Cl)ccc3c2)n1,8.7,1,nM,CHEMBL277949,-8.7,0.3000000000000007,CHEMBL244,coagulation_factor_X,False,False,False
Cc1cc(C(=O)Nc2ccc(-c3ccccc3CN)cc2)n(-c2ccc3cc(Cl)ccc3c2)n1,7.41,1,nM,CHEMBL20281,-7.41,1.5899999999999999,CHEMBL244,coagulation_factor_X,False,False,False
Cc1cc(C(=O)Nc2ccc(-c3ccccc3CN)cc2F)n(-c2cc3ccccc3cc2F)n1,8.7,1,nM,CHEMBL20934,-8.7,0.3000000000000007,CHEMBL244,coagulation_factor_X,False,False,False
Cc1cc(C(=O)Nc2ccc(-c3ccccc3S(C)(=O)=O)cc2)n(-c2ccc3cc(Cl)ccc3c2)n1,8.4,1,nM,CHEMBL280696,-8.4,0.5999999999999996,CHEMBL244,coagulation_factor_X,False,False,False
Cc1cc(C(=O)Nc2ccc(-c3ccccc3S(C)(=O)=O)cc2F)n(-c2cc3ccccc3cc2F)n1,7.85,1,nM,CHEMBL22115,-7.85,1.1500000000000004,CHEMBL244,coagulation_factor_X,False,False,False
Cc1cc(C(=O)Nc2ccc(-c3ccccc3S(C)(=O)=O)cc2F)n(-c2cc3ccccc3cc2S(C)(=O)=O)n1,8.05,1,nM,CHEMBL20604,-8.05,0.9499999999999993,CHEMBL244,coagulation_factor_X,False,False,False
Cc1cc(C(=O)Nc2ccc(-c3ccccc3S(C)(=O)=O)cc2F)n(-c2ccc3cc(Cl)ccc3c2)n1,8.22,1,nM,CHEMBL20536,-8.22,0.7799999999999994,CHEMBL244,coagulation_factor_X,False,False,False
Cc1cc(C(=O)Nc2ccc(-c3ccccc3S(N)(=O)=O)cc2)n(-c2cc3ccccc3cc2Br)n1,6.84,1,nM,CHEMBL44897,-6.84,2.16,CHEMBL244,coagulation_factor_X,False,False,False
Cc1cc(C(=O)Nc2ccc(-c3ccccc3S(N)(=O)=O)cc2)n(-c2cc3ccccc3cc2C#N)n1,8.22,1,nM,CHEMBL297251,-8.22,0.7799999999999994,CHEMBL244,coagulation_factor_X,False,False,False
Cc1cc(C(=O)Nc2ccc(-c3ccccc3S(N)(=O)=O)cc2)n(-c2cc3ccccc3cc2C(=N)N(C)C)n1,5.78,1,nM,CHEMBL416820,-5.78,3.2199999999999998,CHEMBL244,coagulation_factor_X,False,False,False
Cc1cc(C(=O)Nc2ccc(-c3ccccc3S(N)(=O)=O)cc2)n(-c2cc3ccccc3cc2C(=N)N)n1,7.68,1,nM,CHEMBL44764,-7.68,1.3200000000000003,CHEMBL244,coagulation_factor_X,False,False,False
Cc1cc(C(=O)Nc2ccc(-c3ccccc3S(N)(=O)=O)cc2)n(-c2cc3ccccc3cc2C(=O)O)n1,6.42,1,nM,CHEMBL42702,-6.42,2.58,CHEMBL244,coagulation_factor_X,False,False,False
Cc1cc(C(=O)Nc2ccc(-c3ccccc3S(N)(=O)=O)cc2)n(-c2cc3ccccc3cc2C(N)=O)n1,7.62,1,nM,CHEMBL44859,-7.62,1.38,CHEMBL244,coagulation_factor_X,False,False,False
Cc1cc(C(=O)Nc2ccc(-c3ccccc3S(N)(=O)=O)cc2)n(-c2cc3ccccc3cc2C2=NCCN2)n1,5.11,1,nM,CHEMBL295297,-5.11,3.8899999999999997,CHEMBL244,coagulation_factor_X,False,False,False
Cc1cc(C(=O)Nc2ccc(-c3ccccc3S(N)(=O)=O)cc2)n(-c2cc3ccccc3cc2CN)n1,7.42,1,nM,CHEMBL297423,-7.42,1.58,CHEMBL244,coagulation_factor_X,False,False,False
Cc1cc(C(=O)Nc2ccc(-c3ccccc3S(N)(=O)=O)cc2)n(-c2cc3ccccc3cc2CO)n1,6.32,1,nM,CHEMBL416097,-6.32,2.6799999999999997,CHEMBL244,coagulation_factor_X,False,False,False
Cc1cc(C(=O)Nc2ccc(-c3ccccc3S(N)(=O)=O)cc2)n(-c2cc3ccccc3cc2F)n1,8.05,1,nM,CHEMBL41982,-8.05,0.9499999999999993,CHEMBL244,coagulation_factor_X,False,False,False
Cc1cc(C(=O)Nc2ccc(-c3ccccc3S(N)(=O)=O)cc2)n(-c2cc3ccccc3cc2S(C)(=O)=O)n1,7.35,1,nM,CHEMBL44830,-7.35,1.6500000000000004,CHEMBL244,coagulation_factor_X,False,False,False
Cc1cc(C(=O)Nc2ccc(-c3ccccc3S(N)(=O)=O)cc2)n(-c2cc3ccccc3cc2S(N)(=O)=O)n1,7.62,1,nM,CHEMBL295034,-7.62,1.38,CHEMBL244,coagulation_factor_X,False,False,False
Cc1cc(C(=O)Nc2ccc(-c3ccccc3S(N)(=O)=O)cc2)n(-c2ccc3cc(Br)ccc3c2)n1,7.75,1,nM,CHEMBL297616,-7.75,1.25,CHEMBL244,coagulation_factor_X,False,False,False
Cc1cc(C(=O)Nc2ccc(-c3ccccc3S(N)(=O)=O)cc2)n(-c2ccc3cc(Cl)ccc3c2)n1,7.96,2,nM,CHEMBL279519,-7.96,1.04,CHEMBL244,coagulation_factor_X,False,False,False
Cc1cc(C(=O)Nc2ccc(-c3ccccc3S(N)(=O)=O)cc2)n(-c2ccc3cc(O)ccc3c2)n1,5.46,1,nM,CHEMBL44753,-5.46,3.54,CHEMBL244,coagulation_factor_X,False,False,False
Cc1cc(C(=O)Nc2ccc(-c3ccccc3S(N)(=O)=O)cc2)n(-c2ccc3ccccc3c2)n1,6.98,1,nM,CHEMBL47250,-6.98,2.0199999999999996,CHEMBL244,coagulation_factor_X,False,False,False
Cc1cc(C(=O)Nc2ccc(-c3ccccc3S(N)(=O)=O)cc2F)n(-c2cc3ccccc3cc2F)n1,7.54,1,nM,CHEMBL278128,-7.54,1.46,CHEMBL244,coagulation_factor_X,False,False,False
Cc1cc(C(=O)Nc2ccc(-c3ccccc3S(N)(=O)=O)cc2F)n(-c2cc3ccccc3cc2S(C)(=O)=O)n1,8.3,1,nM,CHEMBL279091,-8.3,0.6999999999999993,CHEMBL244,coagulation_factor_X,False,False,False
Cc1cc(C(=O)Nc2ccc(-c3ccccc3S(N)(=O)=O)cc2F)n(-c2ccc3cc(Cl)ccc3c2)n1,8.52,1,nM,CHEMBL21027,-8.52,0.4800000000000004,CHEMBL244,coagulation_factor_X,False,False,False
Cc1cc(C(=O)Nc2ccc(-c3ccccc3S(N)(=O)=O)cn2)n(-c2cc3ccccc3cc2F)n1,7.09,1,nM,CHEMBL21013,-7.09,1.9100000000000001,CHEMBL244,coagulation_factor_X,False,False,False
Cc1cc(C(=O)Nc2ccc(-c3ccccc3S(N)(=O)=O)cn2)n(-c2cc3ccccc3cc2S(C)(=O)=O)n1,7.34,1,nM,CHEMBL283585,-7.34,1.6600000000000001,CHEMBL244,coagulation_factor_X,False,False,False
Cc1cc(C(=O)Nc2ccc(-c3ccccc3S(N)(=O)=O)cn2)n(-c2ccc3cc(Cl)ccc3c2)n1,8.3,1,nM,CHEMBL277679,-8.3,0.6999999999999993,CHEMBL244,coagulation_factor_X,False,False,False
Cc1cc(C(=O)Nc2ccc(-c3ccccn3)cc2F)n(-c2ccc3cc(Cl)ccc3c2)n1,7.03,1,nM,CHEMBL20476,-7.03,1.9699999999999998,CHEMBL244,coagulation_factor_X,False,False,False
Cc1cc(C(=O)Nc2ccc(-c3cccnc3)cc2F)n(-c2ccc3cc(Cl)ccc3c2)n1,7.04,1,nM,CHEMBL20815,-7.04,1.96,CHEMBL244,coagulation_factor_X,False,False,False
Cc1cc(C(=O)Nc2ccc(-c3ccncc3)cc2F)n(-c2ccc3cc(Cl)ccc3c2)n1,7.4,1,nM,CHEMBL280725,-7.4,1.5999999999999996,CHEMBL244,coagulation_factor_X,False,False,False
Cc1cc(C(=O)Nc2ccc(-n3cccn3)cc2)n(-c2ccc3cc(Cl)ccc3c2)n1,6.67,1,nM,CHEMBL20475,-6.67,2.33,CHEMBL244,coagulation_factor_X,False,False,False
Cc1cc(C(=O)Nc2ccc(-n3ccnc3)cc2)n(-c2ccc3cc(Cl)ccc3c2)n1,6.97,1,nM,CHEMBL20258,-6.97,2.0300000000000002,CHEMBL244,coagulation_factor_X,False,False,False
Cc1cc(C(=O)Nc2ccc(-n3ccnc3C)cc2)n(-c2ccc3cc(Cl)ccc3c2)n1,8.1,1,nM,CHEMBL20603,-8.1,0.9000000000000004,CHEMBL244,coagulation_factor_X,False,False,False
Cc1cc(C(=O)Nc2ccc(-n3ccnc3C)cc2F)n(-c2ccc3cc(Cl)ccc3c2)n1,7.82,1,nM,CHEMBL282459,-7.82,1.1799999999999997,CHEMBL244,coagulation_factor_X,False,False,False
Cc1cc(C(=O)Nc2ccc(-n3ccnc3CN(C)C)cc2)n(-c2ccc3cc(Cl)ccc3c2)n1,8.1,1,nM,CHEMBL280947,-8.1,0.9000000000000004,CHEMBL244,coagulation_factor_X,False,False,False
Cc1cc(C(=O)Nc2ccc(-n3ccnc3CN(C)C)cc2F)n(-c2cc3ccccc3cc2S(C)(=O)=O)n1,8.1,1,nM,CHEMBL20561,-8.1,0.9000000000000004,CHEMBL244,coagulation_factor_X,False,False,False
Cc1cc(C(=O)Nc2ccc(-n3ccnc3CN(C)C)cc2F)n(-c2ccc3cc(Cl)ccc3c2)n1,8.4,1,nM,CHEMBL279287,-8.4,0.5999999999999996,CHEMBL244,coagulation_factor_X,False,False,False
Cc1cc(C(=O)Nc2ccc(-n3ccnc3CN)cc2F)n(-c2cc3ccccc3cc2F)n1,7.89,1,nM,CHEMBL21312,-7.89,1.1100000000000003,CHEMBL244,coagulation_factor_X,False,False,False
Cc1cc(C(=O)Nc2ccc(-n3ccnn3)cc2)n(-c2ccc3cc(Cl)ccc3c2)n1,6.95,1,nM,CHEMBL21154,-6.95,2.05,CHEMBL244,coagulation_factor_X,False,False,False
Cc1cc(C(=O)Nc2ccc(-n3nccn3)cc2)n(-c2ccc3cc(Cl)ccc3c2)n1,5.68,1,nM,CHEMBL416180,-5.68,3.3200000000000003,CHEMBL244,coagulation_factor_X,False,False,False
Cc1cc(C(=O)Nc2ccc(C(=N)N(C)C)cc2)n(-c2cc3ccccc3cc2F)n1,7.75,1,nM,CHEMBL277943,-7.75,1.25,CHEMBL244,coagulation_factor_X,False,False,False
Cc1cc(C(=O)Nc2ccc(C(=N)N(C)C)s2)n(-c2cc3ccccc3cc2F)n1,6.29,1,nM,CHEMBL20651,-6.29,2.71,CHEMBL244,coagulation_factor_X,False,False,False
Cc1cc(C(=O)Nc2ccc(C(=N)N(C)CCN(C)C)cc2F)n(-c2cc3ccccc3cc2F)n1,7.32,1,nM,CHEMBL418559,-7.32,1.6799999999999997,CHEMBL244,coagulation_factor_X,False,False,False
Cc1cc(C(=O)Nc2ccc(C(=N)N(C)Cc3ccccc3)cc2F)n(-c2cc3ccccc3cc2F)n1,7.1,1,nM,CHEMBL280336,-7.1,1.9000000000000004,CHEMBL244,coagulation_factor_X,False,False,False
Cc1cc(C(=O)Nc2ccc(C(=N)N)cc2F)n(-c2cc3ccccc3cc2F)n1,6.11,1,nM,CHEMBL20396,-6.11,2.8899999999999997,CHEMBL244,coagulation_factor_X,False,False,False
Cc1cc(C(=O)Nc2ccc(C(=N)N3CCCC3)cc2F)n(-c2cc3ccccc3cc2S(C)(=O)=O)n1,7.82,1,nM,CHEMBL281186,-7.82,1.1799999999999997,CHEMBL244,coagulation_factor_X,False,False,False
Cc1cc(C(=O)Nc2ccc(C(=N)N3CCCC3)cc2F)n(-c2ccc3cc(Cl)ccc3c2)n1,8.15,1,nM,CHEMBL20932,-8.15,0.8499999999999996,CHEMBL244,coagulation_factor_X,False,False,False
Cc1cc(C(=O)Nc2ccc(C(=N)N3CCCCC3)cc2F)n(-c2cc3ccccc3cc2S(C)(=O)=O)n1,7.55,1,nM,CHEMBL281801,-7.55,1.4500000000000002,CHEMBL244,coagulation_factor_X,False,False,False
Cc1cc(C(=O)Nc2ccc(C(=N)N3CCCCC3)cc2F)n(-c2ccc3cc(Cl)ccc3c2)n1,8.15,1,nM,CHEMBL20390,-8.15,0.8499999999999996,CHEMBL244,coagulation_factor_X,False,False,False
Cc1cc(C(=O)Nc2ccc(C(=N)N3CCOCC3)cc2F)n(-c2cc3ccccc3cc2F)n1,6.87,1,nM,CHEMBL282703,-6.87,2.13,CHEMBL244,coagulation_factor_X,False,False,False
Cc1cc(C(=O)Nc2ccc(C(=O)N(C)C)cc2)n(-c2ccc3cc(Cl)ccc3c2)n1,7.89,1,nM,CHEMBL20639,-7.89,1.1100000000000003,CHEMBL244,coagulation_factor_X,False,False,False
Cc1cc(C(=O)Nc2ccc(C(=O)N3CCCC3)cc2)n(-c2ccc3cc(Cl)ccc3c2)n1,8.22,1,nM,CHEMBL21065,-8.22,0.7799999999999994,CHEMBL244,coagulation_factor_X,False,False,False
Cc1cc(C(=O)Nc2ccc(C(=O)N3CCCCC3)cc2)n(-c2ccc3cc(Cl)ccc3c2)n1,7.18,1,nM,CHEMBL20629,-7.18,1.8200000000000003,CHEMBL244,coagulation_factor_X,False,False,False
Cc1cc(C(=O)Nc2ccc(N3CCCC3=O)cc2F)n(-c2cc3ccccc3cc2S(C)(=O)=O)n1,7.24,1,nM,CHEMBL281581,-7.24,1.7599999999999998,CHEMBL244,coagulation_factor_X,False,False,False
Cc1cc(C(=O)Nc2ccc(N3CCCCC3)cc2)n(-c2ccc3cc(Cl)ccc3c2)n1,6.88,1,nM,CHEMBL20708,-6.88,2.12,CHEMBL244,coagulation_factor_X,False,False,False
Cc1cc(C(=O)Nc2ccc(N3CCCCC3=O)cc2)n(-c2ccc3cc(Cl)ccc3c2)n1,8.52,1,nM,CHEMBL20660,-8.52,0.4800000000000004,CHEMBL244,coagulation_factor_X,False,False,False
Cc1cc(C(=O)Nc2ccc(N3CCCCC3=O)cc2F)n(-c2cc3ccccc3cc2S(C)(=O)=O)n1,7.57,1,nM,CHEMBL21820,-7.57,1.4299999999999997,CHEMBL244,coagulation_factor_X,False,False,False
Cc1cc(C(=O)Nc2ccc(N3CCCCCC3=O)cc2F)n(-c2cc3ccccc3cc2S(C)(=O)=O)n1,7.33,1,nM,CHEMBL20794,-7.33,1.67,CHEMBL244,coagulation_factor_X,False,False,False
Cc1cc(C(=O)Nc2ccc(N3CCCN(C)CC3)cc2)n(-c2ccc3cc(Cl)ccc3c2)n1,7.66,1,nM,CHEMBL416733,-7.66,1.3399999999999999,CHEMBL244,coagulation_factor_X,False,False,False
Cc1cc(C(=O)Nc2ccc(N3CCCNCC3)cc2)n(-c2ccc3cc(Cl)ccc3c2)n1,7.44,1,nM,CHEMBL277028,-7.44,1.5599999999999996,CHEMBL244,coagulation_factor_X,False,False,False
Cc1cc(C(=O)Nc2ccc(N3CCN(C)CC3)cc2)n(-c2ccc3cc(Cl)ccc3c2)n1,6.78,1,nM,CHEMBL21064,-6.78,2.2199999999999998,CHEMBL244,coagulation_factor_X,False,False,False
Cc1cc(C(=O)Nc2ccc(N3CCNCC3=O)cc2F)n(-c2cc3ccccc3cc2S(C)(=O)=O)n1,7.39,1,nM,CHEMBL20961,-7.39,1.6100000000000003,CHEMBL244,coagulation_factor_X,False,False,False
Cc1cc(C(=O)Nc2ccc(N3CCNCCC3=O)cc2)n(-c2ccc3cc(Cl)ccc3c2)n1,6.89,1,nM,CHEMBL20413,-6.89,2.1100000000000003,CHEMBL244,coagulation_factor_X,False,False,False
Cc1cc(C(=O)Nc2ccc(N3CCNCCC3=O)cc2F)n(-c2cc3ccccc3cc2S(C)(=O)=O)n1,6.17,1,nM,CHEMBL277184,-6.17,2.83,CHEMBL244,coagulation_factor_X,False,False,False
Cc1cc(C(=O)Nc2ccc(N3CCOCC3)cc2)n(-c2ccc3cc(Cl)ccc3c2)n1,7.06,1,nM,CHEMBL20821,-7.06,1.9400000000000004,CHEMBL244,coagulation_factor_X,False,False,False
Cc1cc(C(=O)Nc2ccc(N3CCOCC3=O)cc2)n(-c2ccc3cc(Cl)ccc3c2)n1,9.0,1,nM,CHEMBL279212,-9.0,0.0,CHEMBL244,coagulation_factor_X,False,False,False
Cc1cc(C(=O)Nc2ccc(N3CCOCC3=O)cc2F)n(-c2cc3ccccc3cc2F)n1,8.7,1,nM,CHEMBL21125,-8.7,0.3000000000000007,CHEMBL244,coagulation_factor_X,False,False,False
Cc1cc(C(=O)Nc2ccc(N3CCOCC3=O)cc2F)n(-c2cc3ccccc3cc2S(C)(=O)=O)n1,8.7,1,nM,CHEMBL281175,-8.7,0.3000000000000007,CHEMBL244,coagulation_factor_X,False,False,False
Cc1cc(C(=O)Nc2ccc(N3CCOCC3=O)cc2F)n(-c2ccc3cc(Cl)ccc3c2)n1,9.0,1,nM,CHEMBL20714,-9.0,0.0,CHEMBL244,coagulation_factor_X,False,False,False
Cc1cc(C(=O)Nc2ccc(N3CCOCCC3=O)cc2F)n(-c2cc3ccccc3cc2S(C)(=O)=O)n1,7.64,1,nM,CHEMBL19990,-7.64,1.3600000000000003,CHEMBL244,coagulation_factor_X,False,False,False
Cc1cc(C(=O)Nc2cccc(C(=N)N(C)C)c2)n(-c2cc3ccccc3cc2F)n1,6.32,1,nM,CHEMBL279487,-6.32,2.6799999999999997,CHEMBL244,coagulation_factor_X,False,False,False
Cc1cc(C(=O)Nc2ncc(-c3ccccc3S(N)(=O)=O)cn2)n(-c2cc3ccccc3cc2F)n1,7.41,1,nM,CHEMBL282010,-7.41,1.5899999999999999,CHEMBL244,coagulation_factor_X,False,False,False
Cc1cc(C(=O)Nc2ncc(-c3ccccc3S(N)(=O)=O)cn2)n(-c2cc3ccccc3cc2S(C)(=O)=O)n1,7.44,1,nM,CHEMBL278842,-7.44,1.5599999999999996,CHEMBL244,coagulation_factor_X,False,False,False
Cc1cc(C(=O)Nc2ncc(-c3ccccc3S(N)(=O)=O)cn2)n(-c2ccc3cc(Cl)ccc3c2)n1,8.15,1,nM,CHEMBL20299,-8.15,0.8499999999999996,CHEMBL244,coagulation_factor_X,False,False,False
Cc1cc(C)cc(CNC(=O)c2cc3c(C)cccc3n2Cc2cccc(C(=N)N)c2)c1,7.15,12,nM,CHEMBL93087,-7.15,1.8499999999999996,CHEMBL244,coagulation_factor_X,False,False,False
Cc1cc(CN(c2ccc(-c3ccccc3S(N)(=O)=O)cc2)S(C)(=O)=O)n(-c2cccc(C(=N)N)c2)n1,6.3,1,nM,CHEMBL356416,-6.3,2.7,CHEMBL244,coagulation_factor_X,False,False,False
Cc1cc(CN(c2ccc(-c3ccccc3S(N)(=O)=O)cc2)S(C)(=O)=O)nn1-c1cccc(C(=N)N)c1,5.41,1,nM,CHEMBL152516,-5.41,3.59,CHEMBL244,coagulation_factor_X,False,False,False
Cc1cc(N2CCC(COc3ccc4c(c3)CN(C(=N)N)CC4)(C(=O)O)CC2)ccn1,6.64,1,nM,CHEMBL537188,-6.64,2.3600000000000003,CHEMBL244,coagulation_factor_X,False,False,False
Cc1cc(N2CCC(N(C)C(=O)CCS(=O)(=O)c3ccc4cc(Cl)ccc4c3)CC2)cc(C)n1,7.2,1,nM,CHEMBL272783,-7.2,1.7999999999999998,CHEMBL244,coagulation_factor_X,False,False,False
Cc1cc(N2CCC(N(C)C(=O)CCS(=O)(=O)c3ccc4cc(Cl)ccc4c3)CC2)ccn1,7.21,2,nM,CHEMBL261646,-7.21,1.79,CHEMBL244,coagulation_factor_X,False,False,False
Cc1cc(N2CCOCC2)ccc1N1C[C@H](CNC(=O)c2ccc(Cl)s2)OC1=O,7.04,14,nM,CHEMBL196589,-7.04,1.96,CHEMBL244,coagulation_factor_X,False,False,False
Cc1cc(N2CC[C@@H](NC(=O)c3ccc(-n4cnnc4)cc3Cl)C2)c2onc(N)c2c1Cl,4.66,1,nM,CHEMBL4099310,-4.66,4.34,CHEMBL244,coagulation_factor_X,False,False,False
Cc1cc(N2C[C@H](CNC(=O)c3ccc(Cl)s3)OC2=O)ccc1-n1cccc(CCCO)c1=O,7.4,1,nM,CHEMBL3659628,-7.4,1.5999999999999996,CHEMBL244,coagulation_factor_X,False,False,False
Cc1cc(N2C[C@H](CNC(=O)c3ccc(Cl)s3)OC2=O)ccc1-n1cccc(CCO)c1=O,7.16,1,nM,CHEMBL3659626,-7.16,1.8399999999999999,CHEMBL244,coagulation_factor_X,False,False,False
Cc1cc(N2C[C@H](CNC(=O)c3ccc(Cl)s3)OC2=O)ccc1-n1cccc(CO)c1=O,7.68,1,nM,CHEMBL3659625,-7.68,1.3200000000000003,CHEMBL244,coagulation_factor_X,False,False,False
Cc1cc(NC(=O)CCc2ccc3[nH]c(-c4ccc(Br)s4)nc3c2)ccc1N1CCOCC1=O,8.08,1,nM,CHEMBL122329,-8.08,0.9199999999999999,CHEMBL244,coagulation_factor_X,False,False,False
Cc1cc(NC(=O)CCc2ccc3[nH]c(-c4ccc(Cl)s4)nc3c2)ccc1N1CCOCC1=O,8.09,1,nM,CHEMBL124370,-8.09,0.9100000000000001,CHEMBL244,coagulation_factor_X,False,False,False
Cc1cc(NC(=O)COc2ccc3[nH]c(-c4ccc(Cl)s4)nc3c2)ccc1N1CCOCC1=O,7.7,1,nM,CHEMBL123150,-7.7,1.2999999999999998,CHEMBL244,coagulation_factor_X,False,False,False
Cc1cc(NC(=O)Cc2ccc3[nH]c(-c4ccc(Br)s4)nc3c2)ccc1N1CCOCC1=O,7.39,1,nM,CHEMBL420338,-7.39,1.6100000000000003,CHEMBL244,coagulation_factor_X,False,False,False
Cc1cc(NC(=O)Cc2ccc3[nH]c(-c4ccc(Cl)s4)nc3c2)ccc1-n1ccccc1=O,6.75,1,nM,CHEMBL337921,-6.75,2.25,CHEMBL244,coagulation_factor_X,False,False,False
Cc1cc(NC(=O)Cc2ccc3[nH]c(-c4ccc(Cl)s4)nc3c2)ccc1N1CCOCC1=O,6.92,1,nM,CHEMBL340500,-6.92,2.08,CHEMBL244,coagulation_factor_X,False,False,False
Cc1cc(NC(=O)[C@@H](C)NC(=O)c2ccc(Cl)s2)ccc1N1CCOCC1=O,4.82,1,nM,CHEMBL187102,-4.82,4.18,CHEMBL244,coagulation_factor_X,False,False,False
Cc1cc(NC(=O)[C@@H](CC(C)C)NC(=O)c2ccc(Cl)s2)ccc1N1CCOCC1=O,5.14,1,nM,CHEMBL427333,-5.14,3.8600000000000003,CHEMBL244,coagulation_factor_X,False,False,False
Cc1cc(NC(=O)[C@@H](CO)NC(=O)c2ccc(Cl)s2)ccc1N1CCOCC1=O,4.54,1,nM,CHEMBL364422,-4.54,4.46,CHEMBL244,coagulation_factor_X,False,False,False
Cc1cc(S(=O)(=O)N[C@H]2CCN([C@H](Cc3cc4ccnc(N)c4cc3Cl)C(=O)O)C2=O)cnc1N(C)C,6.19,1,nM,CHEMBL3911675,-6.19,2.8099999999999996,CHEMBL244,coagulation_factor_X,False,False,False
Cc1cc(S(=O)(=O)N[C@H]2CCN([C@H](Cc3cc4ccnc(N)c4cc3F)C(=O)O)C2=O)cnc1N(C)C,5.56,1,nM,CHEMBL3947561,-5.56,3.4400000000000004,CHEMBL244,coagulation_factor_X,False,False,False
Cc1cc(S(=O)(=O)N[C@H]2CCN([C@H](Cc3cc4ccnc(N)c4cc3OC(F)(F)F)C(=O)O)C2=O)cnc1N(C)C,6.09,1,nM,CHEMBL3902666,-6.09,2.91,CHEMBL244,coagulation_factor_X,False,False,False
Cc1cc2c(F)c(N/C(=N\C#N)N[C@H]3CCCCN(CC(=O)N4CCCC4)C3=O)ccc2o1,5.56,1,nM,CHEMBL556693,-5.56,3.4400000000000004,CHEMBL244,coagulation_factor_X,False,False,False
Cc1cc2c(N)nccc2cc1C[C@H](C(=O)O)N1CC[C@H](NS(=O)(=O)c2cnc(N(C)C)s2)C1=O,7.47,1,nM,CHEMBL3932753,-7.47,1.5300000000000002,CHEMBL244,coagulation_factor_X,False,False,False
Cc1cc2c(N)nccc2cc1C[C@H](C(=O)O)N1CC[C@H](NS(=O)(=O)c2cnc(N3CCCC3)s2)C1=O,6.82,1,nM,CHEMBL3959693,-6.82,2.1799999999999997,CHEMBL244,coagulation_factor_X,False,False,False
Cc1cc2cc(/N=C(/NC#N)N[C@H]3CCCCN(CC(=O)N4CCCC4)C3=O)ccc2o1,8.055,2,nM,CHEMBL551991,-8.055,0.9450000000000003,CHEMBL244,coagulation_factor_X,False,False,False
Cc1cc2cc(/N=C(/NC(=O)c3cccnc3)N[C@H]3CCCCN(CC(=O)N4CCCC4)C3=O)ccc2o1,8.4,1,nM,CHEMBL567904,-8.4,0.5999999999999996,CHEMBL244,coagulation_factor_X,False,False,False
Cc1cc2cc(N/C(=C\[N+](=O)[O-])N[C@H]3CCCCN(CC(=O)N4CCCC4)C3=O)ccc2o1,7.29,1,nM,CHEMBL200768,-7.29,1.71,CHEMBL244,coagulation_factor_X,False,False,False
Cc1cc2cc(N/C(=N/C#N)N[C@H]3CCCCN(CC(=O)N4CCCC4)C3=O)c(F)cc2o1,7.12,1,nM,CHEMBL565082,-7.12,1.88,CHEMBL244,coagulation_factor_X,False,False,False
Cc1cc2cc(N/C(=N/[N+](=O)[O-])N[C@H]3CCCCN(CC(=O)N4CCCC4)C3=O)ccc2o1,7.6,1,nM,CHEMBL584489,-7.6,1.4000000000000004,CHEMBL244,coagulation_factor_X,False,False,False
Cc1cc2cc(N/C(=N\C#N)NC3CCCCCN(CC(=O)N4CCCC4)C3=O)ccc2o1,6.71,1,nM,CHEMBL564521,-6.71,2.29,CHEMBL244,coagulation_factor_X,False,False,False
Cc1cc2cc(N/C(=N\C#N)N[C@@H]3CCCCN(CC(=O)N4CCCC4)C3=O)ccc2o1,6.03,1,nM,CHEMBL563705,-6.03,2.9699999999999998,CHEMBL244,coagulation_factor_X,False,False,False
Cc1cc2cc(N/C(=N\C#N)N[C@@H]3CCN(CC(=O)N4CCCC4)C3=O)ccc2o1,4.52,1,nM,CHEMBL563794,-4.52,4.48,CHEMBL244,coagulation_factor_X,False,False,False
Cc1cc2cc(N/C(=N\C#N)N[C@H]3CCCCN(CC(=O)N4C5CCC4CNC5)C3=O)ccc2o1,8.3,1,nM,CHEMBL552166,-8.3,0.6999999999999993,CHEMBL244,coagulation_factor_X,False,False,False
Cc1cc2cc(N/C(=N\C#N)N[C@H]3CCCCN(CC(=O)N4CC5CC5C4)C3=O)ccc2o1,7.82,1,nM,CHEMBL559785,-7.82,1.1799999999999997,CHEMBL244,coagulation_factor_X,False,False,False
Cc1cc2cc(N/C(=N\C#N)N[C@H]3CCCCN(CC(=O)N4CCC(Cc5ccccc5)C4)C3=O)ccc2o1,7.28,1,nM,CHEMBL562316,-7.28,1.7199999999999998,CHEMBL244,coagulation_factor_X,False,False,False
Cc1cc2cc(N/C(=N\C#N)N[C@H]3CCCCN(CC(=O)N4CCCC4)C3=O)cc(C(F)(F)F)c2o1,6.78,1,nM,CHEMBL551915,-6.78,2.2199999999999998,CHEMBL244,coagulation_factor_X,False,False,False
Cc1cc2cc(N/C(=N\C#N)N[C@H]3CCCCN(CC(=O)N4CCCC4)C3=O)cc(C)c2o1,7.68,1,nM,CHEMBL560255,-7.68,1.3200000000000003,CHEMBL244,coagulation_factor_X,False,False,False
Cc1cc2cc(N/C(=N\C#N)N[C@H]3CCCCN(CC(=O)N4CCCC4)C3=O)cc(Cl)c2o1,7.57,1,nM,CHEMBL556896,-7.57,1.4299999999999997,CHEMBL244,coagulation_factor_X,False,False,False
Cc1cc2cc(N/C(=N\C#N)N[C@H]3CCCCN(CC(=O)N4CCCC4)C3=O)cc(F)c2o1,7.96,1,nM,CHEMBL561517,-7.96,1.04,CHEMBL244,coagulation_factor_X,False,False,False
Cc1cc2cc(N/C(=N\C#N)N[C@H]3CCCCN(CC(=O)N4CCCC4)C3=O)ccc2s1,5.54,1,nM,CHEMBL562452,-5.54,3.46,CHEMBL244,coagulation_factor_X,False,False,False
Cc1cc2cc(N/C(=N\C#N)N[C@H]3CCCCN(CC(=O)N4CCCC4Cc4ccccc4)C3=O)ccc2o1,7.72,1,nM,CHEMBL549836,-7.72,1.2800000000000002,CHEMBL244,coagulation_factor_X,False,False,False
Cc1cc2cc(N/C(=N\C#N)N[C@H]3CCCCN(CC(=O)N4CCC[C@@H]4CN)C3=O)ccc2o1,7.66,1,nM,CHEMBL550040,-7.66,1.3399999999999999,CHEMBL244,coagulation_factor_X,False,False,False
Cc1cc2cc(N/C(=N\C#N)N[C@H]3CCCCN(CC(=O)N4CCC[C@H]4CN)C3=O)ccc2o1,6.41,1,nM,CHEMBL558403,-6.41,2.59,CHEMBL244,coagulation_factor_X,False,False,False
Cc1cc2cc(N/C(=N\C#N)N[C@H]3CCCN(CC(=O)N4CCCC4)C3=O)ccc2o1,6.03,1,nM,CHEMBL560457,-6.03,2.9699999999999998,CHEMBL244,coagulation_factor_X,False,False,False
Cc1cc2cc(N/C(=N\C(=O)C3CCN(C(=O)c4ccccc4)CC3)N[C@H]3CCCCN(CC(=O)N4CCCC4)C3=O)ccc2o1,8.0,1,nM,CHEMBL451280,-8.0,1.0,CHEMBL244,coagulation_factor_X,False,False,False
Cc1cc2cc(N/C(=N\C(=O)N(C)C)N[C@H]3CCCCN(CC(=O)N4CCCC4)C3=O)ccc2o1,7.82,1,nM,CHEMBL567065,-7.82,1.1799999999999997,CHEMBL244,coagulation_factor_X,False,False,False
Cc1cc2cc(N/C(=N\C(=O)c3ccc(C(=O)N(C)C)cc3)N[C@H]3CCCCN(CC(=O)N4CCCC4)C3=O)ccc2o1,8.52,1,nM,CHEMBL577963,-8.52,0.4800000000000004,CHEMBL244,coagulation_factor_X,False,False,False
Cc1cc2cc(N/C(=N\C(=O)c3ccc(C(=O)N(C)C)nc3)N[C@H]3CCCCN(CC(=O)N4CCCC4)C3=O)ccc2o1,8.05,3,nM,CHEMBL570867,-8.05,0.9499999999999993,CHEMBL244,coagulation_factor_X,False,False,False
Cc1cc2cc(N/C(=N\C(=O)c3ccc(C(=O)O)cc3)N[C@H]3CCCCN(CC(=O)N4CCCC4)C3=O)ccc2o1,8.7,1,nM,CHEMBL577962,-8.7,0.3000000000000007,CHEMBL244,coagulation_factor_X,False,False,False
Cc1cc2cc(N/C(=N\C(=O)c3ccc(C(=O)O)nc3)N[C@H]3CCCCN(CC(=O)N4CCCC4)C3=O)ccc2o1,8.48,1,nM,CHEMBL570639,-8.48,0.5199999999999996,CHEMBL244,coagulation_factor_X,False,False,False
Cc1cc2cc(N/C(=N\C(=O)c3ccc(C(N)=O)cc3)N[C@H]3CCCCN(CC(=O)N4CCCC4)C3=O)ccc2o1,8.52,1,nM,CHEMBL572054,-8.52,0.4800000000000004,CHEMBL244,coagulation_factor_X,False,False,False
Cc1cc2cc(N/C(=N\C(=O)c3ccc(C(N)=O)nc3)N[C@H]3CCCCN(CC(=O)N4CCCC4)C3=O)ccc2o1,7.92,1,nM,CHEMBL576093,-7.92,1.08,CHEMBL244,coagulation_factor_X,False,False,False
Cc1cc2cc(N/C(=N\C(=O)c3ccc(Cl)nc3)N[C@H]3CCCCN(CC(=O)N4CCCC4)C3=O)ccc2o1,8.3,1,nM,CHEMBL567487,-8.3,0.6999999999999993,CHEMBL244,coagulation_factor_X,False,False,False
Cc1cc2cc(N/C(=N\C(=O)c3ccc[n+]([O-])c3)N[C@H]3CCCCN(CC(=O)N4CCCC4)C3=O)ccc2o1,8.0,1,nM,CHEMBL565383,-8.0,1.0,CHEMBL244,coagulation_factor_X,False,False,False
Cc1cc2cc(N/C(=N\C(=O)c3cccc(C(=O)N(C)C)c3)N[C@H]3CCCCN(CC(=O)N4CCCC4)C3=O)ccc2o1,8.0,1,nM,CHEMBL577960,-8.0,1.0,CHEMBL244,coagulation_factor_X,False,False,False
Cc1cc2cc(N/C(=N\C(=O)c3cccc(C(N)=O)c3)N[C@H]3CCCCN(CC(=O)N4CCCC4)C3=O)ccc2o1,7.75,1,nM,CHEMBL577751,-7.75,1.25,CHEMBL244,coagulation_factor_X,False,False,False
Cc1cc2cc(N/C(=N\C(=O)c3cccc(Cl)c3)N[C@H]3CCCCN(CC(=O)N4CCCC4)C3=O)ccc2o1,8.15,1,nM,CHEMBL566210,-8.15,0.8499999999999996,CHEMBL244,coagulation_factor_X,False,False,False
Cc1cc2cc(N/C(=N\C(=O)c3ccccc3)N[C@H]3CCCCN(CC(=O)N4CCCC4)C3=O)ccc2o1,8.22,2,nM,CHEMBL466965,-8.22,0.7799999999999994,CHEMBL244,coagulation_factor_X,False,False,False
Cc1cc2cc(N/C(=N\C(=O)c3ccncc3)N[C@H]3CCCCN(CC(=O)N4CCCC4)C3=O)ccc2o1,8.52,1,nM,CHEMBL565788,-8.52,0.4800000000000004,CHEMBL244,coagulation_factor_X,False,False,False
Cc1cc2cc(N/C(=N\C(=O)c3ccno3)N[C@H]3CCCCN(CC(=O)N4CCCC4)C3=O)ccc2o1,7.85,1,nM,CHEMBL469237,-7.85,1.1500000000000004,CHEMBL244,coagulation_factor_X,False,False,False
Cc1cc2cc(N/C(=N\C(=O)c3ccoc3)N[C@H]3CCCCN(CC(=O)N4CCCC4)C3=O)ccc2o1,8.4,1,nM,CHEMBL585283,-8.4,0.5999999999999996,CHEMBL244,coagulation_factor_X,False,False,False
Cc1cc2cc(N/C(=N\C(=O)c3ccsc3)N[C@H]3CCCCN(CC(=O)N4CCCC4)C3=O)ccc2o1,8.22,1,nM,CHEMBL565588,-8.22,0.7799999999999994,CHEMBL244,coagulation_factor_X,False,False,False
Cc1cc2cc(N/C(=N\C(=O)c3cncc(C(N)=O)c3)N[C@H]3CCCCN(CC(=O)N4CCCC4)C3=O)ccc2o1,7.77,1,nM,CHEMBL577965,-7.77,1.2300000000000004,CHEMBL244,coagulation_factor_X,False,False,False
Cc1cc2cc(N/C(=N\C(=O)c3cnccn3)N[C@H]3CCCCN(CC(=O)N4CCCC4)C3=O)ccc2o1,7.3,1,nM,CHEMBL567275,-7.3,1.7000000000000002,CHEMBL244,coagulation_factor_X,False,False,False
Cc1cc2cc(N/C(=N\C(=O)c3cnn(C)c3)N[C@H]3CCCCN(CC(=O)N4CCCC4)C3=O)ccc2o1,8.05,1,nM,CHEMBL567048,-8.05,0.9499999999999993,CHEMBL244,coagulation_factor_X,False,False,False
Cc1cc2cc(N/C(=N\C(=O)c3nnn(C)n3)N[C@H]3CCCCN(CC(=O)N4CCCC4)C3=O)ccc2o1,7.25,1,nM,CHEMBL585396,-7.25,1.75,CHEMBL244,coagulation_factor_X,False,False,False
Cc1cc2cc(N/C(=N\C(=O)c3sc(C)nc3C)N[C@H]3CCCCN(CC(=O)N4CCCC4)C3=O)ccc2o1,7.77,1,nM,CHEMBL463719,-7.77,1.2300000000000004,CHEMBL244,coagulation_factor_X,False,False,False
Cc1cc2cc(N/C(=N\C(N)=O)N[C@H]3CCCCN(CC(=O)N4CCCC4)C3=O)ccc2o1,7.55,1,nM,CHEMBL566852,-7.55,1.4500000000000002,CHEMBL244,coagulation_factor_X,False,False,False
Cc1cc2cc(N/C(=N\S(=O)(=O)c3ccccc3)N[C@H]3CCCCN(CC(=O)N4CCCC4)C3=O)ccc2o1,7.62,1,nM,CHEMBL585096,-7.62,1.38,CHEMBL244,coagulation_factor_X,False,False,False
Cc1cc2cc(N/C(=N\S(C)(=O)=O)N[C@H]3CCCCN(CC(=O)N4CCCC4)C3=O)ccc2o1,8.0,1,nM,CHEMBL584912,-8.0,1.0,CHEMBL244,coagulation_factor_X,False,False,False
Cc1cc2cc(N/C(=N\S(N)(=O)=O)N[C@H]3CCCCN(CC(=O)N4CCCC4)C3=O)ccc2o1,7.92,1,nM,CHEMBL567693,-7.92,1.08,CHEMBL244,coagulation_factor_X,False,False,False
Cc1cc2cc(N/C(N[C@H]3CCCCN(CC(=O)N4CCCC4)C3=O)=C(/C#N)C(=O)N3CCC(C)CC3)ccc2o1,7.24,1,nM,CHEMBL200961,-7.24,1.7599999999999998,CHEMBL244,coagulation_factor_X,False,False,False
Cc1cc2cc(N/C(N[C@H]3CCCCN(CC(=O)N4CCCC4)C3=O)=C(/C#N)C(=O)NC(N)=O)ccc2o1,7.89,1,nM,CHEMBL381003,-7.89,1.1100000000000003,CHEMBL244,coagulation_factor_X,False,False,False
Cc1cc2cc(N/C(N[C@H]3CCCCN(CC(=O)N4CCCC4)C3=O)=C(/C#N)C(N)=O)ccc2o1,7.77,1,nM,CHEMBL382324,-7.77,1.2300000000000004,CHEMBL244,coagulation_factor_X,False,False,False
Cc1cc2cc(N/C(N[C@H]3CCCCN(CC(=O)N4CCCC4)C3=O)=C(/C#N)S(=O)(=O)C(C)C)ccc2o1,6.19,1,nM,CHEMBL370231,-6.19,2.8099999999999996,CHEMBL244,coagulation_factor_X,False,False,False
Cc1cc2cc(N/C(N[C@H]3CCCCN(CC(=O)N4CCCC4)C3=O)=C(/C#N)S(C)(=O)=O)ccc2o1,7.34,1,nM,CHEMBL197426,-7.34,1.6600000000000001,CHEMBL244,coagulation_factor_X,False,False,False
Cc1cc2cc(NC(/C=C(\O)c3nccs3)=N/[C@H]3CCCCN(CC(=O)N4CCCC4)C3=O)ccc2o1,8.0,1,nM,CHEMBL197542,-8.0,1.0,CHEMBL244,coagulation_factor_X,False,False,False
Cc1cc2cc(NC(=N/[C@H]3CCCCN(CC(=O)N4CCCC4)C3=O)/C(C#N)=C(\O)OC(C)(C)C)ccc2o1,7.24,1,nM,CHEMBL381657,-7.24,1.7599999999999998,CHEMBL244,coagulation_factor_X,False,False,False
Cc1cc2cc(NC(=N/[C@H]3CCCCN(CC(=O)N4CCCC4)C3=O)/C(C#N)=C(\O)OCCCCO)ccc2o1,8.0,1,nM,CHEMBL198629,-8.0,1.0,CHEMBL244,coagulation_factor_X,False,False,False
Cc1cc2cc(NC(=N/[C@H]3CCCCN(CC(=O)N4CCCC4)C3=O)/C(C#N)=C(\O)c3ccc(Cl)cc3)ccc2o1,7.89,1,nM,CHEMBL198970,-7.89,1.1100000000000003,CHEMBL244,coagulation_factor_X,False,False,False
Cc1cc2cc(NC(N[C@H]3CCCCN(CC(=O)N4CCCC4)C3=O)=C(C#N)C#N)ccc2o1,7.52,4,nM,CHEMBL196803,-7.52,1.4800000000000004,CHEMBL244,coagulation_factor_X,False,False,False
Cc1cc2cc(S(=O)(=O)N[C@H]3CCCN(CC(=O)N4CCCC4)C3=O)ccc2o1,5.96,1,nM,CHEMBL1923441,-5.96,3.04,CHEMBL244,coagulation_factor_X,False,False,False
Cc1cc2ccc(N/C(=N\C#N)N[C@H]3CCCCN(CC(=O)N4CCCC4)C3=O)cc2[nH]1,5.89,1,nM,CHEMBL562816,-5.89,3.1100000000000003,CHEMBL244,coagulation_factor_X,False,False,False
Cc1ccc(/C=C/S(=O)(=O)N[C@H]2CCCN(CC(=O)N3CCCC3)C2=O)s1,5.99,1,nM,CHEMBL1923445,-5.99,3.01,CHEMBL244,coagulation_factor_X,False,False,False
Cc1ccc(C(=O)/N=C(\Nc2ccc3oc(C)cc3c2)N[C@H]2CCCCN(CC(=O)N3CCCC3)C2=O)cn1,8.4,1,nM,CHEMBL565390,-8.4,0.5999999999999996,CHEMBL244,coagulation_factor_X,False,False,False
Cc1ccc(C(=O)NCC2CN(c3ccc(N4CCCC4=O)cc3)C(=O)O2)s1,6.8,1,nM,CHEMBL3671229,-6.8,2.2,CHEMBL244,coagulation_factor_X,False,False,False
Cc1ccc(C(=O)NC[C@H]2CN(c3ccc(N4CCCC4=O)cc3)C(=O)O2)s1,6.24,1,nM,CHEMBL3671207,-6.24,2.76,CHEMBL244,coagulation_factor_X,False,False,False
Cc1ccc(C(=O)NC[C@H]2CN(c3ccc(N4CCOCC4=O)cc3)C(=O)O2)s1,8.985,14,nM,CHEMBL370614,-8.985,0.015000000000000568,CHEMBL244,coagulation_factor_X,False,False,False
Cc1ccc(C2Oc3ccccc3N(CCCCCN3C(C)CCCC3C)C2=O)cc1,4.55,1,nM,CHEMBL130507,-4.55,4.45,CHEMBL244,coagulation_factor_X,False,False,False
Cc1ccc(CC(=O)N2Cc3ccccc3C[C@H]2C(=O)N(C)c2ccc(N3CCCCC3=O)cc2)cc1,4.85,1,nM,CHEMBL2040964,-4.85,4.15,CHEMBL244,coagulation_factor_X,False,False,False
Cc1ccc(C[C@H](NC(=O)[C@@H](Cc2ccccc2)NS(=O)(=O)Cc2ccccc2)C(=O)N[C@@H](CCCN=C(N)N)C(=O)c2nccs2)cc1,6.24,1,nM,CHEMBL131192,-6.24,2.76,CHEMBL244,coagulation_factor_X,False,False,False
Cc1ccc(NC(=O)c2cc(Cl)ccc2NC(=O)c2ccc(C(=N)N(C)C)cc2)nc1,8.96,1,nM,CHEMBL470719,-8.96,0.03999999999999915,CHEMBL244,coagulation_factor_X,False,False,False
Cc1ccc(NC(=O)c2ccc(-c3ccccc3S(N)(=O)=O)cc2)c(Oc2cccc(C(=N)N)c2)c1,8.0,1,nM,CHEMBL44591,-8.0,1.0,CHEMBL244,coagulation_factor_X,False,False,False
Cc1ccc(NC(=O)c2ccc(C(=N)N(C)C)cc2)c(C(=O)Nc2ccc(Cl)cn2)c1,9.15,1,nM,CHEMBL475356,-9.15,-0.15000000000000036,CHEMBL244,coagulation_factor_X,False,False,False
Cc1ccc(NC(=O)c2cccc(O)c2NC(=O)c2ccc(N3CCCN(C)CC3)cc2)cc1,7.17,1,nM,CHEMBL3359569,-7.17,1.83,CHEMBL244,coagulation_factor_X,False,False,False
Cc1ccc(NC(=O)c2cccc(O)c2NC(=O)c2ccc(N3CCCN(C)CC3)cc2)nc1,6.54,1,nM,CHEMBL3359572,-6.54,2.46,CHEMBL244,coagulation_factor_X,False,False,False
Cc1ccc(NS(=O)(=O)Cc2ccccc2)c(=O)n1CC(=O)N[C@H]1CCCN(C(=N)N)C1O,6.35,1,nM,CHEMBL289389,-6.35,2.6500000000000004,CHEMBL244,coagulation_factor_X,False,False,False
Cc1ccc(Oc2nc(Oc3cccc(C(=N)N)c3)c(F)c(NC(C)CCc3ccccc3)c2F)c(C(=O)O)c1,4.54,1,nM,CHEMBL193933,-4.54,4.46,CHEMBL244,coagulation_factor_X,False,False,False
Cc1ccc([C@@]2(O)C[C@H](C(=O)Nc3ccc(-n4ccccc4=O)cn3)N(C(=O)Nc3ccc(Cl)cc3)C2)cc1,9.74,1,nM,CHEMBL475280,-9.74,-0.7400000000000002,CHEMBL244,coagulation_factor_X,False,False,False
Cc1ccc2cc(S(=O)(=O)CCC(=O)N(C)C3CCN(c4ccnc(C)c4)CC3)ccc2c1,6.14,1,nM,CHEMBL270526,-6.14,2.8600000000000003,CHEMBL244,coagulation_factor_X,False,False,False
Cc1ccc2sc(S(=O)(=O)N[C@H]3CCCN(CC(=O)N4CCCC4)C3=O)cc2c1,5.71,1,nM,CHEMBL1923449,-5.71,3.29,CHEMBL244,coagulation_factor_X,False,False,False
Cc1cccc(C)c1C[C@H](NC(=O)[C@@H](Cc1ccccc1)NS(=O)(=O)Cc1ccccc1)C(=O)N[C@@H](CCCN=C(N)N)C(=O)c1nccs1,5.56,1,nM,CHEMBL422973,-5.56,3.4400000000000004,CHEMBL244,coagulation_factor_X,False,False,False
Cc1cccc(C[C@H](NC(=O)[C@@H](Cc2ccccc2)NS(=O)(=O)Cc2ccccc2)C(=O)N[C@@H](CCCN=C(N)N)C(=O)c2nccs2)c1,6.8,2,nM,CHEMBL78057,-6.8,2.2,CHEMBL244,coagulation_factor_X,False,False,False
Cc1cccc(N/C(=C\[N+](=O)[O-])NC2CCCCN(CC(=O)N3CCCC3)C2=O)c1,5.19,1,nM,CHEMBL2205019,-5.19,3.8099999999999996,CHEMBL244,coagulation_factor_X,False,False,False
Cc1cccc(N/C(=C\[N+](=O)[O-])N[C@H]2CCCCN(CC(=O)N3CCCC3)C2=O)c1,5.19,1,nM,CHEMBL196762,-5.19,3.8099999999999996,CHEMBL244,coagulation_factor_X,False,False,False
Cc1cccc(N/C(=N\C(=O)C2CCN(C(=O)c3ccccc3)CC2)N[C@H]2CCCCN(CC(=O)N3CCCC3)C2=O)c1,5.97,1,nM,CHEMBL506308,-5.97,3.0300000000000002,CHEMBL244,coagulation_factor_X,False,False,False
Cc1cccc(N/C(=N\C(=O)c2cc(Cl)cc(Cl)c2)N[C@H]2CCCCN(CC(=O)N3CCCC3)C2=O)c1,6.08,1,nM,CHEMBL512125,-6.08,2.92,CHEMBL244,coagulation_factor_X,False,False,False
Cc1cccc(N/C(=N\C(=O)c2cc(F)cc(F)c2)N[C@H]2CCCCN(CC(=O)N3CCCC3)C2=O)c1,6.4,1,nM,CHEMBL513693,-6.4,2.5999999999999996,CHEMBL244,coagulation_factor_X,False,False,False
Cc1cccc(N/C(=N\C(=O)c2ccc(Cl)cc2)N[C@H]2CCCCN(CC(=O)N3CCCC3)C2=O)c1,6.7,1,nM,CHEMBL469174,-6.7,2.3,CHEMBL244,coagulation_factor_X,False,False,False
Cc1cccc(N/C(=N\C(=O)c2ccc(F)c(F)c2)N[C@H]2CCCCN(CC(=O)N3CCCC3)C2=O)c1,6.57,1,nM,CHEMBL468850,-6.57,2.4299999999999997,CHEMBL244,coagulation_factor_X,False,False,False
Cc1cccc(N/C(=N\C(=O)c2ccc(F)cc2)N[C@H]2CCCCN(CC(=O)N3CCCC3)C2=O)c1,6.65,1,nM,CHEMBL467807,-6.65,2.3499999999999996,CHEMBL244,coagulation_factor_X,False,False,False
Cc1cccc(N/C(=N\C(=O)c2ccc(N(C)C)cc2)N[C@H]2CCCCN(CC(=O)N3CCCC3)C2=O)c1,6.29,1,nM,CHEMBL467967,-6.29,2.71,CHEMBL244,coagulation_factor_X,False,False,False
Cc1cccc(N/C(=N\C(=O)c2cccc(Cl)c2)N[C@H]2CCCCN(CC(=O)N3CCCC3)C2=O)c1,6.43,1,nM,CHEMBL512808,-6.43,2.5700000000000003,CHEMBL244,coagulation_factor_X,False,False,False
Cc1cccc(N/C(=N\C(=O)c2cccc(F)c2)N[C@H]2CCCCN(CC(=O)N3CCCC3)C2=O)c1,6.43,1,nM,CHEMBL467806,-6.43,2.5700000000000003,CHEMBL244,coagulation_factor_X,False,False,False
Cc1cccc(N/C(=N\C(=O)c2ccccc2)N[C@H]2CCCCN(CC(=O)N3CCCC3)C2=O)c1,6.61,1,nM,CHEMBL469047,-6.61,2.3899999999999997,CHEMBL244,coagulation_factor_X,False,False,False
Cc1cccc(N/C(=N\C(=O)c2ccno2)N[C@H]2CCCCN(CC(=O)N3CCCC3)C2=O)c1,6.2,1,nM,CHEMBL469060,-6.2,2.8,CHEMBL244,coagulation_factor_X,False,False,False
Cc1cccc(N/C(=N\C(=O)c2sc(C)nc2C)N[C@H]2CCCCN(CC(=O)N3CCCC3)C2=O)c1,6.33,1,nM,CHEMBL467144,-6.33,2.67,CHEMBL244,coagulation_factor_X,False,False,False
Cc1cccc(NC(=S)NC2CCCCN(CC(=O)N3CCCC3)C2=O)c1,6.96,1,nM,CHEMBL2205018,-6.96,2.04,CHEMBL244,coagulation_factor_X,False,False,False
Cc1cccc(NC(=S)N[C@H]2CCCCN(CC(=O)N3CCCC3)C2=O)c1,6.96,3,nM,CHEMBL198694,-6.96,2.04,CHEMBL244,coagulation_factor_X,False,False,False
Cc1cccc(S(=O)(=O)N2CCC(N(Cc3ccc4ccc(C(=N)N)cc4c3)S(C)(=O)=O)CC2)c1,6.6,1,nM,CHEMBL397489,-6.6,2.4000000000000004,CHEMBL244,coagulation_factor_X,False,False,False
Cc1cccc(S(=O)(=O)Nc2ccc(C)n(CC(=O)NCCONC(=N)N)c2=O)c1,6.64,1,nM,CHEMBL256941,-6.64,2.3600000000000003,CHEMBL244,coagulation_factor_X,False,False,False
Cc1cccc([C@@]2(O)C[C@H](C(=O)Nc3ccc(-n4ccccc4=O)cn3)N(C(=O)Nc3ccc(Cl)cc3)C2)c1,8.92,1,nM,CHEMBL475481,-8.92,0.08000000000000007,CHEMBL244,coagulation_factor_X,False,False,False
Cc1ccccc1C[C@H](NC(=O)[C@@H](Cc1ccccc1)NS(=O)(=O)Cc1ccccc1)C(=O)N[C@@H](CCCN=C(N)N)C(=O)c1nccs1,6.48,2,nM,CHEMBL77742,-6.48,2.5199999999999996,CHEMBL244,coagulation_factor_X,False,False,False
Cc1ccccc1S(=O)(=O)N1CCC(N(Cc2ccc3ccc(C(=N)N)cc3c2)S(C)(=O)=O)CC1,6.02,1,nM,CHEMBL242124,-6.02,2.9800000000000004,CHEMBL244,coagulation_factor_X,False,False,False
Cc1ccccc1[C@@]1(O)C[C@H](C(=O)Nc2ccc(-n3ccccc3=O)cn2)N(C(=O)Nc2ccc(Cl)cc2)C1,9.96,1,nM,CHEMBL514510,-9.96,-0.9600000000000009,CHEMBL244,coagulation_factor_X,False,False,False
Cc1cccn(-c2ccc(NC(=O)[C@H]3C[C@@](C)(O)CN3C(=O)Nc3ccc(Cl)cc3)c(F)c2)c1=O,9.27,1,nM,CHEMBL477228,-9.27,-0.2699999999999996,CHEMBL244,coagulation_factor_X,False,False,False
Cc1cn2c(N3CCN(C(=O)CCS(=O)(=O)c4ccc5cc(Cl)ccc5c4)CC3)cccc2n1,7.92,1,nM,CHEMBL405361,-7.92,1.08,CHEMBL244,coagulation_factor_X,False,False,False
Cc1cnc(C(=O)NCC[C@@H](NC(=O)OCc2ccccc2)C(=O)NCC(=O)N[C@H]2CCCN(C(=N)N)C2O)cn1,6.97,1,nM,CHEMBL115707,-6.97,2.0300000000000002,CHEMBL244,coagulation_factor_X,False,False,False
Cc1coc2ccc(N/C(=N\C#N)N[C@H]3CCCCN(CC(=O)N4CCCC4)C3=O)cc12,5.53,1,nM,CHEMBL565018,-5.53,3.4699999999999998,CHEMBL244,coagulation_factor_X,False,False,False
Cc1nc(C)n2c1CN(C1CCN(C(=O)CCS(=O)(=O)c3ccc4cc(Cl)ccc4c3)CC1)C2=O,8.28,1,nM,CHEMBL487306,-8.28,0.7200000000000006,CHEMBL244,coagulation_factor_X,False,False,False
Cc1nc2cc(N/C(=N\C#N)N[C@H]3CCCCN(CC(=O)N4CCCC4)C3=O)ccc2[nH]1,4.92,1,nM,CHEMBL561575,-4.92,4.08,CHEMBL244,coagulation_factor_X,False,False,False
Cc1nc2cc(N/C(=N\C#N)N[C@H]3CCCCN(CC(=O)N4CCCC4)C3=O)ccc2o1,5.57,1,nM,CHEMBL562453,-5.57,3.4299999999999997,CHEMBL244,coagulation_factor_X,False,False,False
Cc1nc2ccc(N/C(=N\C#N)N[C@H]3CCCCN(CC(=O)N4CCCC4)C3=O)cc2o1,4.73,1,nM,CHEMBL550364,-4.73,4.27,CHEMBL244,coagulation_factor_X,False,False,False
Cc1ncc(C2CCN(C(=O)CCS(=O)(=O)c3ccc4cc(Cl)ccc4c3)CC2)[nH]1,6.92,1,nM,CHEMBL483135,-6.92,2.08,CHEMBL244,coagulation_factor_X,False,False,False
Cc1ncc(C2CCN(C(=O)CCS(=O)(=O)c3ccc4cc(Cl)ccc4c3)CC2)n1C,7.51,1,nM,CHEMBL484097,-7.51,1.4900000000000002,CHEMBL244,coagulation_factor_X,False,False,False
Cc1ncc(NS(=O)(=O)Cc2ccccc2)c(=O)n1CC(=O)N[C@H]1CCCN(C(=N)N)C1O,6.04,1,nM,CHEMBL39475,-6.04,2.96,CHEMBL244,coagulation_factor_X,False,False,False
Cc1ncc2n1C(=O)N(C1CCN(C(=O)C(=O)CS(=O)(=O)c3ccc4cc(Cl)ccc4c3)CC1)C2,6.03,1,nM,CHEMBL593723,-6.03,2.9699999999999998,CHEMBL244,coagulation_factor_X,False,False,False
Cc1ncc2n1C(=O)N(C1CCN(C(=O)CCS(=O)(=O)c3ccc4cc(Cl)ccc4c3)CC1)C2,8.32,3,nM,CHEMBL487105,-8.32,0.6799999999999997,CHEMBL244,coagulation_factor_X,False,False,False
Cc1ncc2n1C(=O)N(C1CCN(C(=O)[C@@H](O)CS(=O)(=O)c3ccc4cc(Cl)ccc4c3)CC1)C2,7.68,2,nM,CHEMBL593236,-7.68,1.3200000000000003,CHEMBL244,coagulation_factor_X,False,False,False
Cc1ncc2n1C(=O)N(C1CCN(C(=O)[C@H](O)CS(=O)(=O)c3ccc4cc(Cl)ccc4c3)CC1)C2,8.68,2,nM,CHEMBL593461,-8.68,0.3200000000000003,CHEMBL244,coagulation_factor_X,False,False,False
Cc1ncc2n1C(=O)N(N1CCN(C(=O)CCS(=O)(=O)c3ccc4cc(Cl)ccc4c3)CC1)C2,8.16,1,nM,CHEMBL485876,-8.16,0.8399999999999999,CHEMBL244,coagulation_factor_X,False,False,False
Cc1nccc(N2CCC(C(=O)N3CC[C@@H](CNS(=O)(=O)/C=C/c4ccc(Cl)s4)C3)CC2)n1,6.64,1,nM,CHEMBL250645,-6.64,2.3600000000000003,CHEMBL244,coagulation_factor_X,False,False,False
Cc1nccc(N2CCC(C(=O)N3CC[C@@H](CNS(=O)(=O)c4ccc(-c5ccc(Cl)s5)s4)C3)CC2)n1,7.21,1,nM,CHEMBL401481,-7.21,1.79,CHEMBL244,coagulation_factor_X,False,False,False
Cc1nccc(N2CCC(C(=O)N3CC[C@H](CNS(=O)(=O)/C=C/c4ccc(Cl)s4)C3)CC2)n1,6.14,1,nM,CHEMBL400050,-6.14,2.8600000000000003,CHEMBL244,coagulation_factor_X,False,False,False
Cc1nccn1C1CCN(C(=O)CCS(=O)(=O)c2ccc3cc(Cl)ccc3c2)CC1,6.77,1,nM,CHEMBL482889,-6.77,2.2300000000000004,CHEMBL244,coagulation_factor_X,False,False,False
Cc1nccn1CC1CCN(C(=O)CCS(=O)(=O)c2ccc3cc(Cl)ccc3c2)CC1,6.04,1,nM,CHEMBL514224,-6.04,2.96,CHEMBL244,coagulation_factor_X,False,False,False
Cc1nccn1CCC1CCN(C(=O)CCS(=O)(=O)c2ccc3cc(Cl)ccc3c2)CC1,7.43,1,nM,CHEMBL514861,-7.43,1.5700000000000003,CHEMBL244,coagulation_factor_X,False,False,False
Cc1nccn1CCCC1CCN(C(=O)CCS(=O)(=O)c2ccc3cc(Cl)ccc3c2)CC1,6.34,1,nM,CHEMBL478159,-6.34,2.66,CHEMBL244,coagulation_factor_X,False,False,False
Cc1nccn1CCCCC1CCN(C(=O)CCS(=O)(=O)c2ccc3cc(Cl)ccc3c2)CC1,6.52,1,nM,CHEMBL488358,-6.52,2.4800000000000004,CHEMBL244,coagulation_factor_X,False,False,False
Cc1nccn1CCN1CCN(C(=O)CCS(=O)(=O)c2ccc3cc(Cl)ccc3c2)CC1,7.27,1,nM,CHEMBL519897,-7.27,1.7300000000000004,CHEMBL244,coagulation_factor_X,False,False,False
Cc1ncn(-c2ccc(C(=O)N[C@H]3[C@H]4CC[C@H]3N(c3ncc(Cl)c5cnoc35)C4)c(Cl)c2)n1,4.51,1,nM,CHEMBL4096341,-4.51,4.49,CHEMBL244,coagulation_factor_X,False,False,False
Cc1noc(C)c1C(=O)NCC1CN(c2ccc(CNC(=O)c3ccc(Cl)s3)cc2)C(=O)O1,6.34,1,nM,CHEMBL3671244,-6.34,2.66,CHEMBL244,coagulation_factor_X,False,False,False
Cc1nsc(C)c1S(=O)(=O)N1CCN(CC(=O)NC(CCCN=C(N)N)C(=O)c2nccs2)C(=O)C1,7.16,1,nM,CHEMBL423421,-7.16,1.8399999999999999,CHEMBL244,coagulation_factor_X,False,False,False
Cc1oc2ccc(N/C(=N\C#N)N[C@H]3CCCCN(CC(=O)N4CCCC4)C3=O)cc2c1C,6.46,1,nM,CHEMBL554937,-6.46,2.54,CHEMBL244,coagulation_factor_X,False,False,False
Cn1c(=O)c(Cc2ccc(C(=N)N)cc2)nc2cc(C(C)(C)C(=O)N3CCCC3)ccc21,6.3,1,nM,CHEMBL77215,-6.3,2.7,CHEMBL244,coagulation_factor_X,False,False,False
Cn1c(=O)c(Cc2ccc(C(=N)N)cc2)nc2cc(C(C)(C)C(=O)N3CCCCC3)ccc21,6.4,1,nM,CHEMBL72308,-6.4,2.5999999999999996,CHEMBL244,coagulation_factor_X,False,False,False
Cn1c(=O)c(Cc2ccc(C(=N)N)cc2)nc2cc(C(C)(C)C(=O)N3CCNCC3)ccc21,4.51,1,nM,CHEMBL307655,-4.51,4.49,CHEMBL244,coagulation_factor_X,False,False,False
Cn1c(=O)c(Cc2ccc(C(=N)N)cc2)nc2cc(C3(C(=O)N4CCCC4)CC3)ccc21,7.08,3,nM,CHEMBL431577,-7.08,1.92,CHEMBL244,coagulation_factor_X,False,False,False
Cn1c(=O)c(Cc2ccc(C(=N)N)cc2)nc2cc(C3(C(=O)N4CCCC4CO)CC3)ccc21,5.85,1,nM,CHEMBL307385,-5.85,3.1500000000000004,CHEMBL244,coagulation_factor_X,False,False,False
Cn1c(=O)c(Cc2ccc(C(=N)N)cc2)nc2cc(C3(N(C(=O)CC(=O)O)C4CCCC4)CC3)ccc21,5.52,2,nM,CHEMBL74263,-5.52,3.4800000000000004,CHEMBL244,coagulation_factor_X,False,False,False
Cn1c(CNc2ccc(C(=N)N)cc2)nc2cc(C(=O)N(CCC(=O)O)c3ccccn3)ccc21,5.24,1,nM,CHEMBL48361,-5.24,3.76,CHEMBL244,coagulation_factor_X,False,False,False
Cn1c(CNc2ccc(C(=N)N)cc2)nc2cc(C3(C(=O)N4CCCC4)CC3)ccc21,7.82,1,nM,CHEMBL3091516,-7.82,1.1799999999999997,CHEMBL244,coagulation_factor_X,False,False,False
Cn1c(CNc2ccc(C(=N)N)cc2)nc2cc([C@@](C)(NCC(=O)O)C(=O)N3CCCC3)ccc21,8.57,1,nM,CHEMBL1270156,-8.57,0.4299999999999997,CHEMBL244,coagulation_factor_X,False,False,False
Cn1cc(-c2ccc(C(=O)N[C@@H]3CCN(c4ncc(Cl)c5c(N)noc45)C3)c(Cl)c2)ccc1=O,4.7,1,nM,CHEMBL4095415,-4.7,4.3,CHEMBL244,coagulation_factor_X,False,False,False
Cn1cc(-c2ccc(C(=O)N[C@@H]3CCN(c4ncc(Cl)c5c(N)noc45)C3)c(Cl)c2)cnc1=O,4.58,1,nM,CHEMBL4074983,-4.58,4.42,CHEMBL244,coagulation_factor_X,False,False,False
Cn1cc(NS(=O)(=O)Cc2ccccc2)c(=O)n(CC(=O)N[C@H]2CCCN(C(=N)N)C2O)c1=O,5.6,1,nM,CHEMBL40071,-5.6,3.4000000000000004,CHEMBL244,coagulation_factor_X,False,False,False
Cn1cc2cc(N/C(=N\C#N)N[C@H]3CCCCN(CC(=O)N4CCCC4)C3=O)ccc2n1,5.62,1,nM,CHEMBL554290,-5.62,3.38,CHEMBL244,coagulation_factor_X,False,False,False
Cn1ccnc1C1CCN(C(=O)CCS(=O)(=O)c2ccc3cc(Cl)ccc3c2)CC1,7.25,1,nM,CHEMBL477279,-7.25,1.75,CHEMBL244,coagulation_factor_X,False,False,False
Cn1cncc1C1CCN(C(=O)CCS(=O)(=O)c2ccc3cc(Cl)ccc3c2)CC1,7.25,1,nM,CHEMBL521315,-7.25,1.75,CHEMBL244,coagulation_factor_X,False,False,False
N#C/C=C(\Nc1cccc2c(Cl)c[nH]c12)N[C@H]1CCCCN(CC(=O)N2CCCC2)C1=O,7.34,1,nM,CHEMBL457913,-7.34,1.6600000000000001,CHEMBL244,coagulation_factor_X,False,False,False
N#C/N=C(\Nc1ccc2ccccc2c1)N[C@H]1CCCCN(CC(=O)N2CCCC2)C1=O,6.11,1,nM,CHEMBL560714,-6.11,2.8899999999999997,CHEMBL244,coagulation_factor_X,False,False,False
N#C/N=C(\Nc1ccc2oc(C#N)cc2c1)N[C@H]1CCCCN(CC(=O)N2CCCC2)C1=O,5.58,1,nM,CHEMBL561516,-5.58,3.42,CHEMBL244,coagulation_factor_X,False,False,False
N#C/N=C(\Nc1ccc2occc2c1)N[C@H]1CCCCN(CC(=O)N2CCCC2)C1=O,7.08,1,nM,CHEMBL559296,-7.08,1.92,CHEMBL244,coagulation_factor_X,False,False,False
N#CC(C#N)=C(Nc1cccc2c(Cl)c[nH]c12)N[C@H]1CCCCN(CC(=O)N2CCCC2)C1=O,8.03,1,nM,CHEMBL457702,-8.03,0.9700000000000006,CHEMBL244,coagulation_factor_X,False,False,False
N#CC(C#N)=C(Nc1cccc2cc[nH]c12)N[C@H]1CCCCN(CC(=O)N2CCCC2)C1=O,6.37,1,nM,CHEMBL515694,-6.37,2.63,CHEMBL244,coagulation_factor_X,False,False,False
N#CC[C@H](NC(=O)[C@@H](Cc1ccccc1)NS(=O)(=O)Cc1ccccc1)C(=O)N[C@@H](CCCNC(=N)N)C(=O)c1nccs1,5.62,2,nM,CHEMBL427751,-5.62,3.38,CHEMBL244,coagulation_factor_X,False,False,False
N#Cc1c(Cl)cccc1Oc1ccc(S(=O)(=O)N2CCN(CC(=O)NC(CCCNC(=N)N)C(=O)c3nccs3)C(=O)C2)cc1,7.42,1,nM,CHEMBL351180,-7.42,1.58,CHEMBL244,coagulation_factor_X,False,False,False
N#Cc1cc(N2C[C@H](CNC(=O)c3ccc(Cl)s3)OC2=O)ccc1N1CCCC1,6.89,1,nM,CHEMBL3671204,-6.89,2.1100000000000003,CHEMBL244,coagulation_factor_X,False,False,False
N#Cc1cc2c(N)nccc2cc1C[C@H](C(=O)O)N1CC[C@H](NS(=O)(=O)c2cnc(N3CCCC3)s2)C1=O,7.6,1,nM,CHEMBL3911676,-7.6,1.4000000000000004,CHEMBL244,coagulation_factor_X,False,False,False
N#Cc1ccc(C[C@H](NC(=O)[C@@H](Cc2ccccc2)NS(=O)(=O)Cc2ccccc2)C(=O)N[C@@H](CCCNC(=N)N)C(=O)c2nccs2)cc1,6.05,2,nM,CHEMBL77142,-6.05,2.95,CHEMBL244,coagulation_factor_X,False,False,False
N#Cc1ccc(S(=O)(=O)N2CCN(CC(=O)NC(CCCNC(=N)N)C(=O)c3nccs3)C(=O)C2)cc1,7.5,1,nM,CHEMBL164481,-7.5,1.5,CHEMBL244,coagulation_factor_X,False,False,False
N#Cc1ccccc1C(=O)n1nc(-c2ccccn2)nc1NCc1ccccc1,5.16,1,nM,CHEMBL5429800,-5.16,3.84,CHEMBL244,coagulation_factor_X,False,False,False
N=C(N)C1CCCC(NC(=O)CN2CC[C@H](NS(=O)(=O)Cc3ccccc3)C2=O)C1O,5.6,1,nM,CHEMBL421760,-5.6,3.4000000000000004,CHEMBL244,coagulation_factor_X,False,False,False
N=C(N)C1CCC[C@H](NC(=O)CN2CCCC[C@H](NS(=O)(=O)Cc3ccccc3)C2=O)C1O,7.69,1,nM,CHEMBL343805,-7.69,1.3099999999999996,CHEMBL244,coagulation_factor_X,False,False,False
N=C(N)C1CCC[C@H](NC(=O)CN2CCCC[C@H](NS(=O)(=O)c3ccccc3)C2=O)C1O,6.32,1,nM,CHEMBL140890,-6.32,2.6799999999999997,CHEMBL244,coagulation_factor_X,False,False,False
N=C(N)C1CCC[C@H](NC(=O)CN2CCC[C@@H](NS(=O)(=O)Cc3ccccc3)C2=O)C1O,5.6,1,nM,CHEMBL139656,-5.6,3.4000000000000004,CHEMBL244,coagulation_factor_X,False,False,False
N=C(N)C1CCC[C@H](NC(=O)CN2CCC[C@H](NS(=O)(=O)CCc3ccccc3)C2=O)C1O,5.6,1,nM,CHEMBL138243,-5.6,3.4000000000000004,CHEMBL244,coagulation_factor_X,False,False,False
N=C(N)C1CCC[C@H](NC(=O)CN2CCC[C@H](NS(=O)(=O)Cc3ccccc3)C2=O)C1O,5.6,1,nM,CHEMBL140494,-5.6,3.4000000000000004,CHEMBL244,coagulation_factor_X,False,False,False
N=C(N)C1CCC[C@H](NC(=O)CN2CCC[C@H](NS(=O)(=O)NC3CCCCC3)C2=O)C1O,5.71,1,nM,CHEMBL422470,-5.71,3.29,CHEMBL244,coagulation_factor_X,False,False,False
N=C(N)C1CCC[C@H](NC(=O)CN2CCC[C@H](NS(=O)(=O)c3cccc4ccccc34)C2=O)[C@@H]1O,5.6,1,nM,CHEMBL263924,-5.6,3.4000000000000004,CHEMBL244,coagulation_factor_X,False,False,False
N=C(N)C1CCC[C@H](NC(=O)CN2CCC[C@H](NS(=O)(=O)c3ccccc3)C2=O)C1O,5.96,1,nM,CHEMBL141106,-5.96,3.04,CHEMBL244,coagulation_factor_X,False,False,False
N=C(N)COc1cccc(CN2C(=O)[C@@H]3CC=CC(NC(=O)c4ccc(Cl)s4)[C@@H]3C2=O)c1,6.92,1,nM,CHEMBL1270052,-6.92,2.08,CHEMBL244,coagulation_factor_X,False,False,False
N=C(N)COc1cccc(CN2CC3C(NC(=O)c4ccc(Cl)s4)C=CC[C@H]3C2=O)c1,6.92,1,nM,CHEMBL381016,-6.92,2.08,CHEMBL244,coagulation_factor_X,False,False,False
N=C(N)N1CCC(C(NS(=O)(=O)Cc2ccccc2)C(=O)NCC(=O)N[C@H]2CCCN(C(=N)N)C2O)CC1,8.96,1,nM,CHEMBL163251,-8.96,0.03999999999999915,CHEMBL244,coagulation_factor_X,False,False,False
N=C(N)N1CCC(C[C@@H](NS(=O)(=O)Cc2cccc(C(=O)O)c2)C(=O)NCC(=O)N[C@H]2CCCN(C(=N)N)C2O)CC1,8.37,1,nM,CHEMBL163482,-8.37,0.6300000000000008,CHEMBL244,coagulation_factor_X,False,False,False
N=C(N)N1CCC(C[C@@H](NS(=O)(=O)Cc2ccccc2)C(=O)NCC(=O)N[C@H]2CCCN(C(=N)N)C2O)CC1,9.08,1,nM,CHEMBL162399,-9.08,-0.08000000000000007,CHEMBL244,coagulation_factor_X,False,False,False
N=C(N)N1CCC(C[C@@H](NS(=O)(=O)Cc2ccccc2-n2cnnn2)C(=O)NCC(=O)N[C@H]2CCCN(C(=N)N)C2O)CC1,8.59,1,nM,CHEMBL164419,-8.59,0.41000000000000014,CHEMBL244,coagulation_factor_X,False,False,False
N=C(N)N1CCC(C[C@@H](NS(=O)(=O)Cc2ccccc2C(=O)O)C(=O)NCC(=O)N[C@H]2CCCN(C(=N)N)C2O)CC1,8.26,2,nM,CHEMBL163218,-8.26,0.7400000000000002,CHEMBL244,coagulation_factor_X,False,False,False
N=C(N)N1CCCC(C[C@@H](NS(=O)(=O)Cc2ccccc2)C(=O)NCC(=O)N[C@H]2CCCN(C(=N)N)C2O)C1,8.98,2,nM,CHEMBL162443,-8.98,0.019999999999999574,CHEMBL244,coagulation_factor_X,False,False,False
N=C(N)N1CCCC(C[C@@H](NS(=O)(=O)Cc2ccccc2C(=O)O)C(=O)NCC(=O)N[C@H]2CCCN(C(=N)N)C2O)C1,8.530000000000001,2,nM,CHEMBL435448,-8.530000000000001,0.46999999999999886,CHEMBL244,coagulation_factor_X,False,False,False
N=C(N)N1CCC[C@H](NC(=O)CN2C(=O)[C@@H](NS(=O)(=O)Cc3ccccc3)CCc3ccccc32)C1O,7.955,2,nM,CHEMBL314576,-7.955,1.045,CHEMBL244,coagulation_factor_X,False,False,False
N=C(N)N1CCC[C@H](NC(=O)CN2C(=O)[C@H](NS(=O)(=O)Cc3ccccc3)CCc3ccccc32)C1O,7.31,1,nM,CHEMBL316376,-7.31,1.6900000000000004,CHEMBL244,coagulation_factor_X,False,False,False
N=C(N)N1CCC[C@H](NC(=O)CN2CCCC(NS(=O)(=O)Cc3ccccc3)C2=O)C1O,5.6,1,nM,CHEMBL170457,-5.6,3.4000000000000004,CHEMBL244,coagulation_factor_X,False,False,False
N=C(N)N1CCC[C@H](NC(=O)CN2CCCC[C@H](NS(=O)(=O)Cc3ccccc3)C2=O)C1O,7.64,3,nM,CHEMBL82032,-7.64,1.3600000000000003,CHEMBL244,coagulation_factor_X,False,False,False
N=C(N)N1CCC[C@H](NC(=O)CN2CCCC[C@H](NS(=O)(=O)Cc3ccccc3C(=O)OCC3CCCCC3)C2=O)C1O,6.2,1,nM,CHEMBL123342,-6.2,2.8,CHEMBL244,coagulation_factor_X,False,False,False
N=C(N)N1CCC[C@H](NC(=O)CN2CCC[C@H](NS(=O)(=O)Cc3ccccc3)C2=O)C1O,5.6,2,nM,CHEMBL38927,-5.6,3.4000000000000004,CHEMBL244,coagulation_factor_X,False,False,False
N=C(N)N1CCC[C@H](NC(=O)CN2CC[C@@](N)(Cc3ccccc3)C2=O)C1O,5.6,1,nM,CHEMBL81846,-5.6,3.4000000000000004,CHEMBL244,coagulation_factor_X,False,False,False
N=C(N)N1CCC[C@H](NC(=O)CNC(=O)[C@@H](CCCNC(=O)c2cnccn2)NS(=O)(=O)Cc2ccccc2)C1O,7.82,1,nM,CHEMBL420322,-7.82,1.1799999999999997,CHEMBL244,coagulation_factor_X,False,False,False
N=C(N)N1CCC[C@H](NC(=O)CNC(=O)[C@@H](CCNC(=O)c2ccc(O)nc2)NS(=O)(=O)Cc2ccccc2)C1O,8.21,1,nM,CHEMBL331807,-8.21,0.7899999999999991,CHEMBL244,coagulation_factor_X,False,False,False
N=C(N)N1CCC[C@H](NC(=O)CNC(=O)[C@@H](CCNC(=O)c2ccc3ccccc3n2)NS(=O)(=O)Cc2ccccc2)C1O,7.35,1,nM,CHEMBL117716,-7.35,1.6500000000000004,CHEMBL244,coagulation_factor_X,False,False,False
N=C(N)N1CCC[C@H](NC(=O)CNC(=O)[C@@H](CCNC(=O)c2ccccn2)NS(=O)(=O)Cc2ccccc2)C1O,7.69,1,nM,CHEMBL323642,-7.69,1.3099999999999996,CHEMBL244,coagulation_factor_X,False,False,False
N=C(N)N1CCC[C@H](NC(=O)CNC(=O)[C@@H](CCNC(=O)c2cccnc2)NS(=O)(=O)Cc2ccccc2)C1O,7.1,1,nM,CHEMBL117678,-7.1,1.9000000000000004,CHEMBL244,coagulation_factor_X,False,False,False
N=C(N)N1CCC[C@H](NC(=O)CNC(=O)[C@@H](CCNC(=O)c2cn[nH]c2)NC(=O)OCc2ccccc2)C1O,6.46,1,nM,CHEMBL419222,-6.46,2.54,CHEMBL244,coagulation_factor_X,False,False,False
N=C(N)N1CCC[C@H](NC(=O)CNC(=O)[C@@H](CCNC(=O)c2cnc3ccccc3c2)NC(=O)OCc2ccccc2)C1O,6.77,1,nM,CHEMBL324485,-6.77,2.2300000000000004,CHEMBL244,coagulation_factor_X,False,False,False
N=C(N)N1CCC[C@H](NC(=O)CNC(=O)[C@@H](CCNC(=O)c2cnc3ccccc3c2)NS(=O)(=O)Cc2ccccc2)C1O,7.97,1,nM,CHEMBL115902,-7.97,1.0300000000000002,CHEMBL244,coagulation_factor_X,False,False,False
N=C(N)N1CCC[C@H](NC(=O)CNC(=O)[C@@H](CCNC(=O)c2cncc(Br)c2)NC(=O)OCc2ccccc2)C1O,6.5,1,nM,CHEMBL323833,-6.5,2.5,CHEMBL244,coagulation_factor_X,False,False,False
N=C(N)N1CCC[C@H](NC(=O)CNC(=O)[C@@H](CCNC(=O)c2cncc(Br)c2)NS(=O)(=O)Cc2ccccc2)C1O,7.97,1,nM,CHEMBL117656,-7.97,1.0300000000000002,CHEMBL244,coagulation_factor_X,False,False,False
N=C(N)N1CCC[C@H](NC(=O)CNC(=O)[C@@H](CCNC(=O)c2cnccn2)NC(=O)OCc2ccccc2)C1O,6.97,1,nM,CHEMBL116245,-6.97,2.0300000000000002,CHEMBL244,coagulation_factor_X,False,False,False
N=C(N)N1CCC[C@H](NC(=O)CNC(=O)[C@@H](CCNC(=O)c2cnccn2)NS(=O)(=O)Cc2ccccc2)C1O,8.3,1,nM,CHEMBL420688,-8.3,0.6999999999999993,CHEMBL244,coagulation_factor_X,False,False,False
N=C(N)N1CCC[C@H](NC(=O)CNC(=O)[C@@H](CCNC(=O)c2cnnc3ccccc23)NS(=O)(=O)Cc2ccccc2)C1O,8.25,1,nM,CHEMBL325869,-8.25,0.75,CHEMBL244,coagulation_factor_X,False,False,False
N=C(N)N1CCC[C@H](NC(=O)CNC(=O)[C@@H](CCNC(=O)c2nccc3ccccc23)NC(=O)OCc2ccccc2)C1O,6.5,1,nM,CHEMBL115378,-6.5,2.5,CHEMBL244,coagulation_factor_X,False,False,False
N=C(N)N1CCC[C@H](NC(=O)CNC(=O)[C@@H](CCNC(=O)c2nccc3ccccc23)NS(=O)(=O)Cc2ccccc2)C1O,8.31,1,nM,CHEMBL117092,-8.31,0.6899999999999995,CHEMBL244,coagulation_factor_X,False,False,False
N=C(N)N1CCC[C@H](NC(=O)CNC(=O)[C@@H](CNC(=O)c2cnccn2)NS(=O)(=O)Cc2ccccc2)C1O,6.51,1,nM,CHEMBL117721,-6.51,2.49,CHEMBL244,coagulation_factor_X,False,False,False
N=C(N)N1CCC[C@H](NC(=O)Cn2ccc(CCc3ccccc3)c(NS(=O)(=O)c3ccccc3)c2=O)C1O,5.63,1,nM,CHEMBL174431,-5.63,3.37,CHEMBL244,coagulation_factor_X,False,False,False
N=C(N)N1CCC[C@H](NC(=O)Cn2cccc(NS(=O)(=O)Cc3ccccc3)c2=O)C1O,7.68,2,nM,CHEMBL41267,-7.68,1.3200000000000003,CHEMBL244,coagulation_factor_X,False,False,False
N=C(N)N1CCc2ccc(OCC3(C(=O)O)CCN(c4ccncc4)CC3)cc2C1,7.58,1,nM,CHEMBL540872,-7.58,1.42,CHEMBL244,coagulation_factor_X,False,False,False
N=C(N)N1CCc2ccc(OCC3(C(=O)O)CCN(c4ccncn4)CC3)cc2C1,6.92,1,nM,CHEMBL534707,-6.92,2.08,CHEMBL244,coagulation_factor_X,False,False,False
N=C(N)N1CCc2ccc(OCC3CCN(Cc4cccc(N)c4)CC3)cc2C1,5.39,1,nM,CHEMBL538324,-5.39,3.6100000000000003,CHEMBL244,coagulation_factor_X,False,False,False
N=C(N)N1CCc2ccc(OCC3CCN(Cc4ccccc4N)CC3)cc2C1,5.49,1,nM,CHEMBL536960,-5.49,3.51,CHEMBL244,coagulation_factor_X,False,False,False
N=C(N)N1CCc2ccc(OCC3CCN(Cc4ccccn4)CC3)cc2C1,5.87,1,nM,CHEMBL538565,-5.87,3.13,CHEMBL244,coagulation_factor_X,False,False,False
N=C(N)N1CCc2ccc(OCC3CCN(Cc4ccncc4)CC3)cc2C1,6.1,1,nM,CHEMBL539329,-6.1,2.9000000000000004,CHEMBL244,coagulation_factor_X,False,False,False
N=C(N)N1CCc2ccc(OCC3CCN(c4ccnc5ccccc45)CC3)cc2C1,6.38,1,nM,CHEMBL535367,-6.38,2.62,CHEMBL244,coagulation_factor_X,False,False,False
N=C(N)N1CCc2ccc(OCC3CCN(c4ccncc4)CC3)cc2C1,7.25,1,nM,CHEMBL534471,-7.25,1.75,CHEMBL244,coagulation_factor_X,False,False,False
N=C(N)N1CCc2ccc(OCC3CCN(c4ccncc4C(=O)O)CC3)cc2C1,5.7,1,nM,CHEMBL540100,-5.7,3.3,CHEMBL244,coagulation_factor_X,False,False,False
N=C(N)N1CCc2ccc(OCC3CCN(c4ccncc4CCC(=O)O)CC3)cc2C1,6.8,1,nM,CHEMBL535143,-6.8,2.2,CHEMBL244,coagulation_factor_X,False,False,False
N=C(N)N1CCc2ccc(OCC3CCNCC3)cc2C1,5.48,1,nM,CHEMBL557578,-5.48,3.5199999999999996,CHEMBL244,coagulation_factor_X,False,False,False
N=C(N)N1CCc2ccc(OCCC3(C(=O)O)CCN(c4ccncc4)CC3)cc2C1,6.64,1,nM,CHEMBL537853,-6.64,2.3600000000000003,CHEMBL244,coagulation_factor_X,False,False,False
N=C(N)N1CCc2ccc(S(=O)(=O)CC3(C(=O)O)CCN(c4ccncc4)CC3)cc2C1,5.26,1,nM,CHEMBL537635,-5.26,3.74,CHEMBL244,coagulation_factor_X,False,False,False
N=C(N)N1CCc2ccc(S(=O)(=O)NC3(C(=O)O)CCN(c4ccncc4)CC3)cc2C1,5.54,1,nM,CHEMBL537637,-5.54,3.46,CHEMBL244,coagulation_factor_X,False,False,False
N=C(N)N1CCc2ccc(SCC3(C(=O)O)CCN(c4ccncc4)CC3)cc2C1,6.41,1,nM,CHEMBL558039,-6.41,2.59,CHEMBL244,coagulation_factor_X,False,False,False
N=C(N)NCCCC(C=O)NC(=O)CNC(=O)[C@H](CCCN=C(N)N)NS(=O)(=O)CCc1ccccc1,7.55,1,nM,CHEMBL40380,-7.55,1.4500000000000002,CHEMBL244,coagulation_factor_X,False,False,False
N=C(N)NCCCC(C=O)NC(=O)CNC(=O)[C@H](CCCNC(=N)N)NC(=O)COc1ccc2ccccc2c1,6.26,1,nM,CHEMBL43014,-6.26,2.74,CHEMBL244,coagulation_factor_X,False,False,False
N=C(N)NCCCC(C=O)NC(=O)CNC(=O)[C@H](CCCNC(=N)N)NS(=O)(=O)CCc1cccc2ccccc12,7.57,1,nM,CHEMBL40862,-7.57,1.4299999999999997,CHEMBL244,coagulation_factor_X,False,False,False
N=C(N)NCCCC(C=O)NC(=O)CNC(=O)[C@H](CCCNC(=N)N)NS(=O)(=O)Cc1ccccc1,7.82,1,nM,CHEMBL40764,-7.82,1.1799999999999997,CHEMBL244,coagulation_factor_X,False,False,False
N=C(N)NCCCC(C=O)NC(=O)[C@@H]1CCCN1C(=O)c1cc2ccccc2[nH]1,4.7,1,nM,CHEMBL108848,-4.7,4.3,CHEMBL244,coagulation_factor_X,False,False,False
N=C(N)NCCCC(NC(=O)CN1CCN(S(=O)(=O)/C=C/c2ccccc2)CC1=O)C(=O)c1nccs1,7.89,1,nM,CHEMBL265997,-7.89,1.1100000000000003,CHEMBL244,coagulation_factor_X,False,False,False
N=C(N)NCCCC(NC(=O)CN1CCN(S(=O)(=O)CCc2cccc3ccccc23)CC1=O)C(=O)c1nccs1,8.52,1,nM,CHEMBL445385,-8.52,0.4800000000000004,CHEMBL244,coagulation_factor_X,False,False,False
N=C(N)NCCCC(NC(=O)CN1CCN(S(=O)(=O)Cc2ccccc2)CC1=O)C(=O)c1nccs1,8.4,1,nM,CHEMBL164166,-8.4,0.5999999999999996,CHEMBL244,coagulation_factor_X,False,False,False
N=C(N)NCCCC(NC(=O)CN1CCN(S(=O)(=O)c2cc(Cl)c(Cl)cc2Cl)CC1=O)C(=O)c1nccs1,9.0,1,nM,CHEMBL163401,-9.0,0.0,CHEMBL244,coagulation_factor_X,False,False,False
N=C(N)NCCCC(NC(=O)CN1CCN(S(=O)(=O)c2ccc(-c3ccccn3)s2)CC1=O)C(=O)c1nccs1,8.4,1,nM,CHEMBL163121,-8.4,0.5999999999999996,CHEMBL244,coagulation_factor_X,False,False,False
N=C(N)NCCCC(NC(=O)CN1CCN(S(=O)(=O)c2ccc(Br)cc2)CC1=O)C(=O)c1nccs1,9.15,1,nM,CHEMBL164426,-9.15,-0.15000000000000036,CHEMBL244,coagulation_factor_X,False,False,False
N=C(N)NCCCC(NC(=O)CN1CCN(S(=O)(=O)c2ccc(C(=O)O)cc2)CC1=O)C(=O)c1nccs1,6.29,1,nM,CHEMBL162839,-6.29,2.71,CHEMBL244,coagulation_factor_X,False,False,False
N=C(N)NCCCC(NC(=O)CN1CCN(S(=O)(=O)c2ccc(C(F)(F)F)cc2)CC1=O)C(=O)c1nccs1,8.0,1,nM,CHEMBL163437,-8.0,1.0,CHEMBL244,coagulation_factor_X,False,False,False
N=C(N)NCCCC(NC(=O)CN1CCN(S(=O)(=O)c2ccc(Cl)c(Cl)c2)CC1=O)C(=O)c1nccs1,9.0,1,nM,CHEMBL162457,-9.0,0.0,CHEMBL244,coagulation_factor_X,False,False,False
N=C(N)NCCCC(NC(=O)CN1CCN(S(=O)(=O)c2ccc(F)cc2)CC1=O)C(=O)c1nccs1,8.7,1,nM,CHEMBL166258,-8.7,0.3000000000000007,CHEMBL244,coagulation_factor_X,False,False,False
N=C(N)NCCCC(NC(=O)CN1CCN(S(=O)(=O)c2ccc(N)cc2)CC1=O)C(=O)c1nccs1,8.22,1,nM,CHEMBL349745,-8.22,0.7799999999999994,CHEMBL244,coagulation_factor_X,False,False,False
N=C(N)NCCCC(NC(=O)CN1CCN(S(=O)(=O)c2ccc(NO)cc2)CC1=O)C(=O)c1nccs1,8.0,1,nM,CHEMBL349629,-8.0,1.0,CHEMBL244,coagulation_factor_X,False,False,False
N=C(N)NCCCC(NC(=O)CN1CCN(S(=O)(=O)c2ccc([N+](=O)[O-])cc2)CC1=O)C(=O)c1nccs1,8.22,1,nM,CHEMBL163809,-8.22,0.7799999999999994,CHEMBL244,coagulation_factor_X,False,False,False
N=C(N)NCCCC(NC(=O)CN1CCN(S(=O)(=O)c2ccc3c(Cl)cccc3c2)CC1=O)C(=O)c1nccs1,9.1,1,nM,CHEMBL350587,-9.1,-0.09999999999999964,CHEMBL244,coagulation_factor_X,False,False,False
N=C(N)NCCCC(NC(=O)CN1CCN(S(=O)(=O)c2ccc3ccccc3c2)CC1=O)C(=O)c1nccs1,8.1,1,nM,CHEMBL163174,-8.1,0.9000000000000004,CHEMBL244,coagulation_factor_X,False,False,False
N=C(N)NCCCC(NC(=O)CN1CCN(S(=O)(=O)c2cccc(Cl)c2)CC1=O)C(=O)c1nccs1,8.3,1,nM,CHEMBL162669,-8.3,0.6999999999999993,CHEMBL244,coagulation_factor_X,False,False,False
N=C(N)NCCCC(NC(=O)CN1CCN(S(=O)(=O)c2cccc3c(Cl)cccc23)CC1=O)C(=O)c1nccs1,9.21,1,nM,CHEMBL349290,-9.21,-0.21000000000000085,CHEMBL244,coagulation_factor_X,False,False,False
N=C(N)NCCCC(NC(=O)CN1CCN(S(=O)(=O)c2cccc3ccccc23)CC1=O)C(=O)c1nccs1,8.7,1,nM,CHEMBL163799,-8.7,0.3000000000000007,CHEMBL244,coagulation_factor_X,False,False,False
N=C(N)NCCCC(NC(=O)CN1CCN(S(=O)(=O)c2cccc3cccnc23)CC1=O)C(=O)c1nccs1,8.7,1,nM,CHEMBL355376,-8.7,0.3000000000000007,CHEMBL244,coagulation_factor_X,False,False,False
N=C(N)NCCCC(NC(=O)CN1CCN(S(=O)(=O)c2cccc3cnccc23)CC1=O)C(=O)c1nccs1,9.0,1,nM,CHEMBL163213,-9.0,0.0,CHEMBL244,coagulation_factor_X,False,False,False
N=C(N)NCCCC(NC(=O)CN1CCN(S(=O)(=O)c2cccc3nonc23)CC1=O)C(=O)c1nccs1,8.7,1,nM,CHEMBL423284,-8.7,0.3000000000000007,CHEMBL244,coagulation_factor_X,False,False,False
N=C(N)NCCCC(NC(=O)CNC(=O)[C@@H](Cc1ccccc1)NS(=O)(=O)Cc1ccccc1)C(=O)c1nccs1,8.7,1,nM,CHEMBL162710,-8.7,0.3000000000000007,CHEMBL244,coagulation_factor_X,False,False,False
N=C(N)NCCCC(NS(=O)(=O)Cc1ccccc1)C(=O)NCC(=O)N[C@H]1CCCN(C(=N)N)C1O,9.15,1,nM,CHEMBL117672,-9.15,-0.15000000000000036,CHEMBL244,coagulation_factor_X,False,False,False
N=C(N)NCCC[C@@H](C=O)NC(=O)CN1CCCC[C@H](NS(=O)(=O)Cc2ccccc2)C1=O,7.69,1,nM,CHEMBL344204,-7.69,1.3099999999999996,CHEMBL244,coagulation_factor_X,False,False,False
N=C(N)NCCC[C@@H](C=O)NC(=O)CNC(=O)[C@@H](CC1CCN(C(=N)N)CC1)NS(=O)(=O)Cc1ccccc1,9.08,1,nM,CHEMBL1270358,-9.08,-0.08000000000000007,CHEMBL244,coagulation_factor_X,False,False,False
N=C(N)NCCC[C@@H](C=O)NC(=O)CNC(=O)[C@@H](CCCN=C(N)N)NC(=O)NCc1ccccc1,6.66,1,nM,CHEMBL2372442,-6.66,2.34,CHEMBL244,coagulation_factor_X,False,False,False
N=C(N)NCCC[C@@H](C=O)NC(=O)CNC(=O)[C@@H](CCCNC(=N)N)NC(=O)C(=O)O,7.25,1,nM,CHEMBL2372514,-7.25,1.75,CHEMBL244,coagulation_factor_X,False,False,False
N=C(N)NCCC[C@@H](C=O)NC(=O)CNC(=O)[C@@H](CCCNC(=N)N)NC(=O)CC(=O)O,7.0,1,nM,CHEMBL2372435,-7.0,2.0,CHEMBL244,coagulation_factor_X,False,False,False
N=C(N)NCCC[C@@H](C=O)NC(=O)CNC(=O)[C@@H](CCCNC(=N)N)NC(=O)CCC(=O)O,6.65,1,nM,CHEMBL2372436,-6.65,2.3499999999999996,CHEMBL244,coagulation_factor_X,False,False,False
N=C(N)NCCC[C@@H](C=O)NC(=O)CNC(=O)[C@@H](CCCNC(=N)N)NC(=O)CCc1ccccc1,6.7,1,nM,CHEMBL2372441,-6.7,2.3,CHEMBL244,coagulation_factor_X,False,False,False
N=C(N)NCCC[C@@H](C=O)NC(=O)CNC(=O)[C@@H](CCCNC(=N)N)NS(=O)(=O)Cc1ccccc1,7.82,1,nM,CHEMBL1270157,-7.82,1.1799999999999997,CHEMBL244,coagulation_factor_X,False,False,False
N=C(N)NCCC[C@@H](C=O)NC(=O)[C@@H]1CCCN1C(=O)C1CCc2ccccc2N1,4.92,1,nM,CHEMBL2370422,-4.92,4.08,CHEMBL244,coagulation_factor_X,False,False,False
N=C(N)NCCC[C@@H](C=O)NC(=O)[C@@H]1CCCN1C(=O)[C@@H]1NCCc2ccccc21,6.19,1,nM,CHEMBL2370421,-6.19,2.8099999999999996,CHEMBL244,coagulation_factor_X,False,False,False
N=C(N)NCCC[C@@H](C=O)NC(=O)[C@@H]1CCCN1C(=O)[C@H]1Cc2ccccc2CN1,5.39,1,nM,CHEMBL2370424,-5.39,3.6100000000000003,CHEMBL244,coagulation_factor_X,False,False,False
N=C(N)NCCC[C@@H](N)C(=O)NCC(=O)N[C@@H](CCCNC(=N)N)C(=O)c1nccs1,8.1,1,nM,CHEMBL258296,-8.1,0.9000000000000004,CHEMBL244,coagulation_factor_X,False,False,False
N=C(N)NCCC[C@@H](NC(=O)CN1CCCC(CCC2CCNCC2)C1=O)C(=O)c1nccs1,7.19,1,nM,CHEMBL166317,-7.19,1.8099999999999996,CHEMBL244,coagulation_factor_X,False,False,False
N=C(N)NCCC[C@@H](NC(=O)CN1CCCC[C@H](NS(=O)(=O)Cc2ccccc2)C1=O)C(=O)c1nccs1,8.52,1,nM,CHEMBL350629,-8.52,0.4800000000000004,CHEMBL244,coagulation_factor_X,False,False,False
N=C(N)NCCC[C@@H](NC(=O)CN1CCC[C@H](NS(=O)(=O)Cc2ccccc2)C1=O)C(=O)c1nccs1,7.54,1,nM,CHEMBL350650,-7.54,1.46,CHEMBL244,coagulation_factor_X,False,False,False
N=C(N)NCCC[C@@H](NC(=O)CN1CCN(C(=O)Cc2ccc(Cl)cc2)CC1=O)C(=O)c1nccs1,7.77,1,nM,CHEMBL162909,-7.77,1.2300000000000004,CHEMBL244,coagulation_factor_X,False,False,False
N=C(N)NCCC[C@@H](NC(=O)CN1CCN(C(=O)Cc2ccccc2)CC1=O)C(=O)c1nccs1,7.68,1,nM,CHEMBL423281,-7.68,1.3200000000000003,CHEMBL244,coagulation_factor_X,False,False,False
N=C(N)NCCC[C@@H](NC(=O)CN1CCN(C(=O)c2ccc(Cl)cc2)CC1=O)C(=O)c1nccs1,6.93,1,nM,CHEMBL163588,-6.93,2.0700000000000003,CHEMBL244,coagulation_factor_X,False,False,False
N=C(N)NCCC[C@@H](NC(=O)CN1CCN(C(=O)c2ccccc2)CC1=O)C(=O)c1nccs1,6.5,1,nM,CHEMBL162726,-6.5,2.5,CHEMBL244,coagulation_factor_X,False,False,False
N=C(N)NCCC[C@@H](NC(=O)CN1CCN(Cc2ccccc2)CC1=O)C(=O)c1nccs1,6.11,1,nM,CHEMBL162160,-6.11,2.8899999999999997,CHEMBL244,coagulation_factor_X,False,False,False
N=C(N)NCCC[C@@H](NC(=O)CN1CCN(S(=O)(=O)Cc2ccccc2)CC1)C(=O)c1nccs1,4.62,1,nM,CHEMBL351982,-4.62,4.38,CHEMBL244,coagulation_factor_X,False,False,False
N=C(N)NCCC[C@@H](NC(=O)CN1CCN(S(=O)(=O)Cc2ccccc2)CC1=O)C(=O)c1nccs1,8.4,1,nM,CHEMBL162461,-8.4,0.5999999999999996,CHEMBL244,coagulation_factor_X,False,False,False
N=C(N)NCCC[C@@H](NC(=O)CN1CCN(S(=O)(=O)Cc2ccccc2)CCC1=O)C(=O)c1nccs1,8.3,1,nM,CHEMBL161881,-8.3,0.6999999999999993,CHEMBL244,coagulation_factor_X,False,False,False
N=C(N)NCCC[C@@H](NC(=O)CN1CCN(S(=O)(=O)c2ccc(Cl)cc2)CC1=O)C(=O)c1nccs1,8.7,1,nM,CHEMBL159695,-8.7,0.3000000000000007,CHEMBL244,coagulation_factor_X,False,False,False
N=C(N)NCCC[C@@H](NC(=O)CN1CCN(S(=O)(=O)c2ccccc2)CC1=O)C(=O)c1nccs1,8.1,1,nM,CHEMBL262186,-8.1,0.9000000000000004,CHEMBL244,coagulation_factor_X,False,False,False
N=C(N)NCCC[C@@H](NC(=O)CN1CCNCC1=O)C(=O)c1nccs1,4.66,1,nM,CHEMBL351052,-4.66,4.34,CHEMBL244,coagulation_factor_X,False,False,False
N=C(N)NCCC[C@@H](NC(=O)CNC(=O)[C@H](Cc1c[nH]c2ccccc12)NS(=O)(=O)Cc1ccccc1)C(=O)c1nccs1,8.7,1,nM,CHEMBL159734,-8.7,0.3000000000000007,CHEMBL244,coagulation_factor_X,False,False,False
N=C(N)NCCC[C@@H](NC(=O)Cn1cccc(NS(=O)(=O)Cc2ccccc2)c1=O)C(=O)c1nccs1,8.52,1,nM,CHEMBL351735,-8.52,0.4800000000000004,CHEMBL244,coagulation_factor_X,False,False,False
N=C(N)NCCC[C@@H](NC(=O)OCc1ccccc1)C(=O)NCC(=O)N[C@H]1CCCN(C(=N)N)C1O,7.46,3,nM,CHEMBL163543,-7.46,1.54,CHEMBL244,coagulation_factor_X,False,False,False
N=C(N)NCCC[C@@H](NS(=O)(=O)Cc1ccccc1)C(=O)NC(=O)CN[C@H](CCCNC(=N)N)C(=O)c1nccs1,7.89,1,nM,CHEMBL350976,-7.89,1.1100000000000003,CHEMBL244,coagulation_factor_X,False,False,False
N=C(N)NCCC[C@@H](NS(=O)(=O)Cc1ccccc1)C(=O)NCC(=O)N[C@@H](CC1CCNCC1)C(=O)c1nccs1,7.55,1,nM,CHEMBL412057,-7.55,1.4500000000000002,CHEMBL244,coagulation_factor_X,False,False,False
N=C(N)NCCC[C@@H](NS(=O)(=O)Cc1ccccc1)C(=O)NCC(=O)N[C@@H](CCCCN)C(=O)c1nccs1,9.0,1,nM,CHEMBL257933,-9.0,0.0,CHEMBL244,coagulation_factor_X,False,False,False
N=C(N)NCCC[C@@H](NS(=O)(=O)Cc1ccccc1)C(=O)NCC(=O)N[C@@H](Cc1c[nH]c2ccccc12)C(=O)c1nccs1,7.41,1,nM,CHEMBL403654,-7.41,1.5899999999999999,CHEMBL244,coagulation_factor_X,False,False,False
N=C(N)NCCC[C@@H](NS(=O)(=O)Cc1ccccc1)C(=O)NCC(=O)N[C@@H](Cc1ccncc1)C(=O)c1nccs1,7.36,1,nM,CHEMBL258106,-7.36,1.6399999999999997,CHEMBL244,coagulation_factor_X,False,False,False
N=C(N)NCCC[C@@H](NS(=O)(=O)Cc1ccccc1)C(=O)NCC(=O)N[C@H](CCCNC(=N)N)C(=O)c1nccs1,9.3,1,nM,CHEMBL352039,-9.3,-0.3000000000000007,CHEMBL244,coagulation_factor_X,False,False,False
N=C(N)NCCC[C@@H](NS(=O)(=O)Cc1ccccc1)C(=O)NCC(=O)N[C@H]1CCCN(C(=N)N)C1O,9.05,1,nM,CHEMBL423823,-9.05,-0.05000000000000071,CHEMBL244,coagulation_factor_X,False,False,False
N=C(N)NCCC[C@H](NC(=O)CN1C=CN[C@@H](CCCNC(=N)N)C1=O)C(=O)c1nccs1,6.51,1,nM,CHEMBL163527,-6.51,2.49,CHEMBL244,coagulation_factor_X,False,False,False
N=C(N)NCCC[C@H](NC(=O)CN1CC(=O)N[C@@H](CCCNC(=N)N)C1=O)C(=O)c1nccs1,7.96,1,nM,CHEMBL351209,-7.96,1.04,CHEMBL244,coagulation_factor_X,False,False,False
N=C(N)NCCC[C@H](NC(=O)CN1CC(=O)N[C@H](CCCNC(=N)N)C1=O)C(=O)c1nccs1,7.68,1,nM,CHEMBL162518,-7.68,1.3200000000000003,CHEMBL244,coagulation_factor_X,False,False,False
N=C(N)NCCC[C@H](NC(=O)CN1CCCCC(NS(=O)(=O)Cc2ccccc2)C1=O)C(=O)c1nccs1,8.52,1,nM,CHEMBL1270454,-8.52,0.4800000000000004,CHEMBL244,coagulation_factor_X,False,False,False
N=C(N)NCCC[C@H](NC(=O)CN1CCCC[C@@H](NS(=O)(=O)Cc2ccccc2)C1=O)C(=O)c1nccs1,8.52,1,nM,CHEMBL271495,-8.52,0.4800000000000004,CHEMBL244,coagulation_factor_X,False,False,False
N=C(N)NCCC[C@H](NC(=O)CN1CCN(C(=O)Cc2ccccc2)CC1=O)C(=O)c1nccs1,7.77,1,nM,CHEMBL258104,-7.77,1.2300000000000004,CHEMBL244,coagulation_factor_X,False,False,False
N=C(N)NCCC[C@H](NC(=O)CN1CCN(C(=O)c2ccccc2)CC1=O)C(=O)c1nccs1,6.5,1,nM,CHEMBL406157,-6.5,2.5,CHEMBL244,coagulation_factor_X,False,False,False
N=C(N)NCCC[C@H](NC(=O)CN1CCN(Cc2ccccc2)CC1=O)C(=O)c1nccs1,6.11,1,nM,CHEMBL404755,-6.11,2.8899999999999997,CHEMBL244,coagulation_factor_X,False,False,False
N=C(N)NCCC[C@H](NC(=O)CN1CCN(S(=O)(=O)Cc2ccccc2)CC1=O)C(=O)c1nccs1,8.4,1,nM,CHEMBL258105,-8.4,0.5999999999999996,CHEMBL244,coagulation_factor_X,False,False,False
N=C(N)NCCC[C@H](NC(=O)CN1CCN(S(=O)(=O)Cc2ccccc2)[C@@H](CC(=O)N2CCCCC2)C1=O)C(=O)c1nccs1,6.81,1,nM,CHEMBL350280,-6.81,2.1900000000000004,CHEMBL244,coagulation_factor_X,False,False,False
N=C(N)NCCC[C@H](NC(=O)CN1CCN(S(=O)(=O)Cc2ccccc2)[C@@H](CC(=O)O)C1=O)C(=O)c1nccs1,6.43,1,nM,CHEMBL163466,-6.43,2.5700000000000003,CHEMBL244,coagulation_factor_X,False,False,False
N=C(N)NCCC[C@H](NC(=O)CN1CCN(S(=O)(=O)Cc2ccccc2)[C@@H](CCCNC(=N)N)C1=O)C(=O)c1nccs1,8.52,2,nM,CHEMBL162615,-8.52,0.4800000000000004,CHEMBL244,coagulation_factor_X,False,False,False
N=C(N)NCCC[C@H](NC(=O)CN1CCN(S(=O)(=O)Cc2ccccc2)[C@@H](Cc2ccccc2)C1=O)C(=O)c1nccs1,8.14,2,nM,CHEMBL350380,-8.14,0.8599999999999994,CHEMBL244,coagulation_factor_X,False,False,False
N=C(N)NCCC[C@H](NC(=O)CN1CCN(S(=O)(=O)Cc2ccccc2)[C@H](CC(=O)N2CCCCC2)C1=O)C(=O)c1nccs1,7.43,1,nM,CHEMBL349606,-7.43,1.5700000000000003,CHEMBL244,coagulation_factor_X,False,False,False
N=C(N)NCCC[C@H](NC(=O)CN1CCN(S(=O)(=O)Cc2ccccc2)[C@H](CC(=O)O)C1=O)C(=O)c1nccs1,7.51,1,nM,CHEMBL352681,-7.51,1.4900000000000002,CHEMBL244,coagulation_factor_X,False,False,False
N=C(N)NCCC[C@H](NC(=O)CN1CCN(S(=O)(=O)Cc2ccccc2)[C@H](CCC(=O)N2CCCCC2)C1=O)C(=O)c1nccs1,8.4,1,nM,CHEMBL435059,-8.4,0.5999999999999996,CHEMBL244,coagulation_factor_X,False,False,False
N=C(N)NCCC[C@H](NC(=O)CN1CCN(S(=O)(=O)Cc2ccccc2)[C@H](CCC(=O)O)C1=O)C(=O)c1nccs1,8.4,1,nM,CHEMBL349618,-8.4,0.5999999999999996,CHEMBL244,coagulation_factor_X,False,False,False
N=C(N)NCCC[C@H](NC(=O)CN1CCN(S(=O)(=O)Cc2ccccc2)[C@H](CCCNC(=N)N)C1=O)C(=O)c1nccs1,7.89,2,nM,CHEMBL350514,-7.89,1.1100000000000003,CHEMBL244,coagulation_factor_X,False,False,False
N=C(N)NCCC[C@H](NC(=O)CN1CCN(S(=O)(=O)Cc2ccccc2)[C@H](CO)C1=O)C(=O)c1nccs1,8.22,1,nM,CHEMBL163166,-8.22,0.7799999999999994,CHEMBL244,coagulation_factor_X,False,False,False
N=C(N)NCCC[C@H](NC(=O)CN1CCN(S(=O)(=O)Cc2ccccc2)[C@H](Cc2ccccc2)C1=O)C(=O)c1nccs1,8.14,2,nM,CHEMBL405427,-8.14,0.8599999999999994,CHEMBL244,coagulation_factor_X,False,False,False
N=C(N)NCCC[C@H](NC(=O)CN1CCN(S(=O)(=O)c2ccc(Cl)cc2)CC1=O)C(=O)c1nccs1,8.7,2,nM,CHEMBL271934,-8.7,0.3000000000000007,CHEMBL244,coagulation_factor_X,False,False,False
N=C(N)NCCC[C@H](NC(=O)CN1CCN(S(=O)(=O)c2ccccc2)CC1=O)C(=O)c1nccs1,8.1,1,nM,CHEMBL271936,-8.1,0.9000000000000004,CHEMBL244,coagulation_factor_X,False,False,False
N=C(N)NCCC[C@H](NC(=O)CN1CCN[C@@H](CCCNC(=N)N)C1=O)C(=O)c1nccs1,7.83,2,nM,CHEMBL163407,-7.83,1.17,CHEMBL244,coagulation_factor_X,False,False,False
N=C(N)NCCC[C@H](NC(=O)CN1CCN[C@@H](Cc2ccccc2)C1=O)C(=O)c1nccs1,6.05,1,nM,CHEMBL163412,-6.05,2.95,CHEMBL244,coagulation_factor_X,False,False,False
N=C(N)NCCC[C@H](NC(=O)CN1CCN[C@H](CCCNC(=N)N)C1=O)C(=O)c1nccs1,7.68,1,nM,CHEMBL404534,-7.68,1.3200000000000003,CHEMBL244,coagulation_factor_X,False,False,False
N=C(N)NCCC[C@H](NC(=O)CN1CCN[C@H](Cc2ccccc2)C1=O)C(=O)c1nccs1,5.3,1,nM,CHEMBL350048,-5.3,3.7,CHEMBL244,coagulation_factor_X,False,False,False
N=C(N)NCCC[C@H](NC(=O)CNC(=O)[C@@H](CC1CCCCC1)NS(=O)(=O)Cc1ccccc1)C(=O)c1nccs1,9.22,1,nM,CHEMBL404268,-9.22,-0.22000000000000064,CHEMBL244,coagulation_factor_X,False,False,False
N=C(N)NCCC[C@H](NC(=O)CNC(=O)[C@@H](CCCNC(=N)N)NS(=O)(=O)CCc1ccccc1)C(=O)c1nc2ccccc2o1,8.7,1,nM,CHEMBL270834,-8.7,0.3000000000000007,CHEMBL244,coagulation_factor_X,False,False,False
N=C(N)NCCC[C@H](NC(=O)CNC(=O)[C@@H](CCCNC(=N)N)NS(=O)(=O)CCc1ccccc1)C(=O)c1nc2ccccc2s1,8.7,1,nM,CHEMBL271047,-8.7,0.3000000000000007,CHEMBL244,coagulation_factor_X,False,False,False
N=C(N)NCCC[C@H](NC(=O)CNC(=O)[C@@H](CCCNC(=N)N)NS(=O)(=O)CCc1ccccc1)C(=O)c1nccs1,9.0,1,nM,CHEMBL256427,-9.0,0.0,CHEMBL244,coagulation_factor_X,False,False,False
N=C(N)NCCC[C@H](NC(=O)CNC(=O)[C@@H](CCCNC(=N)N)NS(=O)(=O)Cc1ccccc1)C(=O)c1nccs1,9.555,2,nM,CHEMBL414002,-9.555,-0.5549999999999997,CHEMBL244,coagulation_factor_X,False,False,False
N=C(N)NCCC[C@H](NC(=O)CNC(=O)[C@@H](Cc1c[nH]c2ccccc12)NS(=O)(=O)Cc1ccccc1)C(=O)c1nccs1,8.7,1,nM,CHEMBL401963,-8.7,0.3000000000000007,CHEMBL244,coagulation_factor_X,False,False,False
N=C(N)NCCC[C@H](NC(=O)CNC(=O)[C@@H](Cc1ccccc1)NS(=O)(=O)Cc1ccccc1)C(=O)c1nccs1,8.7,1,nM,CHEMBL429253,-8.7,0.3000000000000007,CHEMBL244,coagulation_factor_X,False,False,False
N=C(N)NCCC[C@H](NC(=O)Cn1c(-c2ccccc2)c(Cl)nc(NCCc2ccccc2)c1=O)C(=O)c1nccs1,5.85,1,nM,CHEMBL77982,-5.85,3.1500000000000004,CHEMBL244,coagulation_factor_X,False,False,False
N=C(N)NCCC[C@H](NC(=O)Cn1c(Cc2ccccc2)c(Cl)nc(NCCc2ccccc2)c1=O)C(=O)c1nccs1,5.54,2,nM,CHEMBL308948,-5.54,3.46,CHEMBL244,coagulation_factor_X,False,False,False
N=C(N)NCCC[C@H](NC(=O)Cn1cccc(NS(=O)(=O)Cc2ccccc2)c1=O)C(=O)c1nccs1,8.52,2,nM,CHEMBL257068,-8.52,0.4800000000000004,CHEMBL244,coagulation_factor_X,False,False,False
N=C(N)NCCC[C@H](NC(=O)[C@@H]1CCC2CC[C@@](N)(Cc3ccccc3)CN21)C(=O)c1nc2ccccc2s1,7.71,1,nM,CHEMBL27852,-7.71,1.29,CHEMBL244,coagulation_factor_X,False,False,False
N=C(N)NCCC[C@H](NC(=O)[C@@H]1CCN2CC[C@@](N)(Cc3ccccc3)CN12)C(=O)c1nc2ccccc2s1,6.57,1,nM,CHEMBL282830,-6.57,2.4299999999999997,CHEMBL244,coagulation_factor_X,False,False,False
N=C(N)NCCC[C@H](NC(=O)[C@H](CC(=O)OC1CCCCC1)NC(=O)[C@@H](Cc1ccccc1)NS(=O)(=O)Cc1ccccc1)C(=O)c1nccs1,5.9,1,nM,CHEMBL132395,-5.9,3.0999999999999996,CHEMBL244,coagulation_factor_X,False,False,False
N=C(N)NCCC[C@H](NC(=O)[C@H](CC(N)=O)NC(=O)[C@@H](Cc1ccccc1)NS(=O)(=O)Cc1ccccc1)C(=O)c1nccs1,5.68,3,nM,CHEMBL257867,-5.68,3.3200000000000003,CHEMBL244,coagulation_factor_X,False,False,False
N=C(N)NCCC[C@H](NC(=O)[C@H](CC1CC1)NC(=O)[C@@H](Cc1ccccc1)NS(=O)(=O)Cc1ccccc1)C(=O)c1nccs1,5.67,1,nM,CHEMBL337930,-5.67,3.33,CHEMBL244,coagulation_factor_X,False,False,False
N=C(N)NCCC[C@H](NC(=O)[C@H](CC1CCCCC1)NC(=O)OC1(c2ccccc2)CCNCC1)C(=O)c1nc2ccccc2s1,5.05,1,nM,CHEMBL4527923,-5.05,3.95,CHEMBL244,coagulation_factor_X,False,False,False
N=C(N)NCCC[C@H](NC(=O)[C@H](CC1CCCCC1)NC(=O)[C@@H](Cc1ccccc1)NS(=O)(=O)Cc1ccccc1)C(=O)c1nccs1,5.57,1,nM,CHEMBL339956,-5.57,3.4299999999999997,CHEMBL244,coagulation_factor_X,False,False,False
N=C(N)NCCC[C@H](NC(=O)[C@H](CCc1ccccc1)NC(=O)[C@@H](Cc1ccccc1)NS(=O)(=O)Cc1ccccc1)C(=O)c1nccs1,6.27,1,nM,CHEMBL132057,-6.27,2.7300000000000004,CHEMBL244,coagulation_factor_X,False,False,False
N=C(N)NCCC[C@H](NC(=O)[C@H](CO)NC(=O)[C@@H](Cc1ccccc1)NS(=O)(=O)Cc1ccccc1)C(=O)c1nccs1,6.62,2,nM,CHEMBL275859,-6.62,2.38,CHEMBL244,coagulation_factor_X,False,False,False
N=C(N)NCCC[C@H](NC(=O)[C@H](COCc1ccccc1)NC(=O)[C@@H](Cc1ccccc1)NS(=O)(=O)Cc1ccccc1)C(=O)c1nccs1,6.51,1,nM,CHEMBL131452,-6.51,2.49,CHEMBL244,coagulation_factor_X,False,False,False
N=C(N)NCCC[C@H](NC(=O)[C@H](Cc1cc(F)c(F)c(F)c1)NC(=O)[C@@H](Cc1ccccc1)NS(=O)(=O)Cc1ccccc1)C(=O)c1nccs1,6.6,1,nM,CHEMBL131401,-6.6,2.4000000000000004,CHEMBL244,coagulation_factor_X,False,False,False
N=C(N)NCCC[C@H](NC(=O)[C@H](Cc1cc(F)cc(F)c1)NC(=O)[C@@H](Cc1ccccc1)NS(=O)(=O)Cc1ccccc1)C(=O)c1nccs1,6.75,1,nM,CHEMBL339241,-6.75,2.25,CHEMBL244,coagulation_factor_X,False,False,False
N=C(N)NCCC[C@H](NC(=O)[C@H](Cc1ccc(-c2ccccc2)cc1)NC(=O)[C@@H](Cc1ccccc1)NS(=O)(=O)Cc1ccccc1)C(=O)c1nccs1,5.5,1,nM,CHEMBL407142,-5.5,3.5,CHEMBL244,coagulation_factor_X,False,False,False
N=C(N)NCCC[C@H](NC(=O)[C@H](Cc1ccc(Br)cc1)NC(=O)[C@@H](Cc1ccccc1)NS(=O)(=O)Cc1ccccc1)C(=O)c1nccs1,6.42,1,nM,CHEMBL339341,-6.42,2.58,CHEMBL244,coagulation_factor_X,False,False,False
N=C(N)NCCC[C@H](NC(=O)[C@H](Cc1ccc(Cl)cc1)NC(=O)[C@@H](Cc1ccccc1)NS(=O)(=O)Cc1ccccc1)C(=O)c1nccs1,6.21,1,nM,CHEMBL264258,-6.21,2.79,CHEMBL244,coagulation_factor_X,False,False,False
N=C(N)NCCC[C@H](NC(=O)[C@H](Cc1ccc(F)c(F)c1)NC(=O)[C@@H](Cc1ccccc1)NS(=O)(=O)Cc1ccccc1)C(=O)c1nccs1,6.68,2,nM,CHEMBL76834,-6.68,2.3200000000000003,CHEMBL244,coagulation_factor_X,False,False,False
N=C(N)NCCC[C@H](NC(=O)[C@H](Cc1ccc(F)cc1)NC(=O)[C@@H](Cc1ccccc1)NS(=O)(=O)Cc1ccccc1)C(=O)c1nccs1,6.73,1,nM,CHEMBL337238,-6.73,2.2699999999999996,CHEMBL244,coagulation_factor_X,False,False,False
N=C(N)NCCC[C@H](NC(=O)[C@H](Cc1ccc(I)cc1)NC(=O)[C@@H](Cc1ccccc1)NS(=O)(=O)Cc1ccccc1)C(=O)c1nccs1,6.3,1,nM,CHEMBL337014,-6.3,2.7,CHEMBL244,coagulation_factor_X,False,False,False
N=C(N)NCCC[C@H](NC(=O)[C@H](Cc1ccc([N+](=O)[O-])cc1)NC(=O)[C@@H](Cc1ccccc1)NS(=O)(=O)Cc1ccccc1)C(=O)c1nccs1,5.66,1,nM,CHEMBL130344,-5.66,3.34,CHEMBL244,coagulation_factor_X,False,False,False
N=C(N)NCCC[C@H](NC(=O)[C@H](Cc1ccc2ccccc2c1)NC(=O)[C@@H](Cc1ccccc1)NS(=O)(=O)Cc1ccccc1)C(=O)c1nccs1,6.11,1,nM,CHEMBL130592,-6.11,2.8899999999999997,CHEMBL244,coagulation_factor_X,False,False,False
N=C(N)NCCC[C@H](NC(=O)[C@H](Cc1cccc(-c2ccccc2)c1)NC(=O)[C@@H](Cc1ccccc1)NS(=O)(=O)Cc1ccccc1)C(=O)c1nccs1,5.97,1,nM,CHEMBL130773,-5.97,3.0300000000000002,CHEMBL244,coagulation_factor_X,False,False,False
N=C(N)NCCC[C@H](NC(=O)[C@H](Cc1cccc(C(F)(F)F)c1)NC(=O)[C@@H](Cc1ccccc1)NS(=O)(=O)Cc1ccccc1)C(=O)c1nccs1,6.0,2,nM,CHEMBL309394,-6.0,3.0,CHEMBL244,coagulation_factor_X,False,False,False
N=C(N)NCCC[C@H](NC(=O)[C@H](Cc1cccc(Cl)c1)NC(=O)[C@@H](Cc1ccccc1)NS(=O)(=O)Cc1ccccc1)C(=O)c1nccs1,6.57,2,nM,CHEMBL77428,-6.57,2.4299999999999997,CHEMBL244,coagulation_factor_X,False,False,False
N=C(N)NCCC[C@H](NC(=O)[C@H](Cc1cccc(F)c1)NC(=O)[C@@H](Cc1ccccc1)NS(=O)(=O)Cc1ccccc1)C(=O)c1nccs1,6.6,2,nM,CHEMBL429170,-6.6,2.4000000000000004,CHEMBL244,coagulation_factor_X,False,False,False
N=C(N)NCCC[C@H](NC(=O)[C@H](Cc1cccc2ccccc12)NC(=O)[C@@H](Cc1ccccc1)NS(=O)(=O)Cc1ccccc1)C(=O)c1nccs1,5.75,1,nM,CHEMBL130252,-5.75,3.25,CHEMBL244,coagulation_factor_X,False,False,False
N=C(N)NCCC[C@H](NC(=O)[C@H](Cc1ccccc1)NC(=O)[C@@H](Cc1ccccc1)NS(=O)(=O)Cc1ccccc1)C(=O)c1nccs1,7.57,3,nM,CHEMBL78055,-7.57,1.4299999999999997,CHEMBL244,coagulation_factor_X,False,False,False
N=C(N)NCCC[C@H](NC(=O)[C@H](Cc1ccccc1)NC(=O)[C@H]1CCCN1)C(=O)CCl,5.72,1,nM,CHEMBL521527,-5.72,3.2800000000000002,CHEMBL244,coagulation_factor_X,False,False,False
N=C(N)NCCC[C@H](NC(=O)[C@H](Cc1ccccc1F)NC(=O)[C@@H](Cc1ccccc1)NS(=O)(=O)Cc1ccccc1)C(=O)c1nccs1,6.68,3,nM,CHEMBL311553,-6.68,2.3200000000000003,CHEMBL244,coagulation_factor_X,False,False,False
N=C(N)NCCC[C@H](NC(=O)[C@H](Cc1cccnc1)NC(=O)[C@@H](Cc1ccccc1)NS(=O)(=O)Cc1ccccc1)C(=O)c1nccs1,6.54,3,nM,CHEMBL78053,-6.54,2.46,CHEMBL244,coagulation_factor_X,False,False,False
N=C(N)NCCC[C@H](NC(=O)[C@H](Cc1cn(Cc2ccccc2)cn1)NC(=O)[C@@H](Cc1ccccc1)NS(=O)(=O)Cc1ccccc1)C(=O)c1nccs1,5.62,1,nM,CHEMBL336553,-5.62,3.38,CHEMBL244,coagulation_factor_X,False,False,False
N=C(N)NCCC[C@H](NC(=O)[C@H](Cc1csc2ccccc12)NC(=O)[C@@H](Cc1ccccc1)NS(=O)(=O)Cc1ccccc1)C(=O)c1nccs1,6.82,1,nM,CHEMBL334121,-6.82,2.1799999999999997,CHEMBL244,coagulation_factor_X,False,False,False
N=C(N)NCc1ccc(C(=O)Nc2ccc(Cl)cc2C(=O)Nc2ccc(Cl)cn2)cc1,8.85,1,nM,CHEMBL177444,-8.85,0.15000000000000036,CHEMBL244,coagulation_factor_X,False,False,False
N=C(N)NCc1cccc(-c2ccc(C(=O)Nc3ccc(Cl)cc3C(=O)Nc3ccc(Cl)cn3)cc2)c1,8.02,1,nM,CHEMBL427479,-8.02,0.9800000000000004,CHEMBL244,coagulation_factor_X,False,False,False
N=C(N)Nc1ccc(C(=O)Oc2ccc3cc(C(=N)N)ccc3c2)cc1,4.68,1,nM,CHEMBL273264,-4.68,4.32,CHEMBL244,coagulation_factor_X,False,False,False
N=C(N)Nc1ccc(C(NC(=O)OCc2ccccc2)P(=O)(Oc2ccccc2)Oc2ccccc2)cc1,5.44,1,nM,CHEMBL1184949,-5.44,3.5599999999999996,CHEMBL244,coagulation_factor_X,False,False,False
N=C(N)Nc1ccc(CC(NC(=O)OCc2ccccc2)P(=O)(Oc2ccccc2)Oc2ccccc2)cc1,4.0,1,nM,CHEMBL239535,-4.0,5.0,CHEMBL244,coagulation_factor_X,False,False,False
N=C(N)Nc1ccc(CC(NS(=O)(=O)c2cccc3ccccc23)P(=O)(Oc2ccccc2)Oc2ccccc2)cc1,4.57,1,nM,CHEMBL391344,-4.57,4.43,CHEMBL244,coagulation_factor_X,False,False,False
N=C(N)Nc1ccc(CNc2cnc3cc(C(=O)NCCO)ccn23)cc1,4.29,1,nM,CHEMBL3740904,-4.29,4.71,CHEMBL244,coagulation_factor_X,False,False,False
N=C(N)c1cc(/C=C\C(=O)Nc2ccc(-c3ccccc3S(N)(=O)=O)cc2)ccc1F,7.0,1,nM,CHEMBL36882,-7.0,2.0,CHEMBL244,coagulation_factor_X,False,False,False
N=C(N)c1ccc(-c2ccc(C(=O)Nc3ccc(Cl)cc3C(=O)Nc3ccc(Cl)cn3)cc2)cc1,7.18,1,nM,CHEMBL175141,-7.18,1.8200000000000003,CHEMBL244,coagulation_factor_X,False,False,False
N=C(N)c1ccc(/C=C2/N=C(c3ccccc3)OC2=O)cc1,5.19,1,nM,CHEMBL1945236,-5.19,3.8099999999999996,CHEMBL244,coagulation_factor_X,False,False,False
N=C(N)c1ccc(C(=O)N2CCN(S(=O)(=O)c3ccc4cc(Br)ccc4c3)CC2)cc1,7.19,1,nM,CHEMBL62746,-7.19,1.8099999999999996,CHEMBL244,coagulation_factor_X,False,False,False
N=C(N)c1ccc(C(=O)Nc2ccccc2C(=O)Nc2ccc(Cl)cn2)cc1,8.4,1,nM,CHEMBL447391,-8.4,0.5999999999999996,CHEMBL244,coagulation_factor_X,False,False,False
N=C(N)c1ccc(C(NC(=O)OCc2ccccc2)P(=O)(Oc2ccccc2)Oc2ccccc2)cc1,5.22,1,nM,CHEMBL238707,-5.22,3.7800000000000002,CHEMBL244,coagulation_factor_X,False,False,False
N=C(N)c1ccc(CCC(NC(=O)OCc2ccccc2)P(=O)(Oc2ccccc2)Oc2ccccc2)cc1,4.86,2,nM,CHEMBL238913,-4.86,4.14,CHEMBL244,coagulation_factor_X,False,False,False
N=C(N)c1ccc(CN2CCN(S(=O)(=O)c3cc4ccc(Cl)cc4s3)CC2=O)cc1,8.79,12,nM,CHEMBL48813,-8.79,0.21000000000000085,CHEMBL244,coagulation_factor_X,False,False,False
N=C(N)c1ccc(CNC(=O)C2(NC(=O)[C@H](NCC(=O)O)C3CCCCC3)Cc3ccccc3C2)cc1,4.32,1,nM,CHEMBL215295,-4.32,4.68,CHEMBL244,coagulation_factor_X,False,False,False
N=C(N)c1ccc(CNC(=O)CN2C(=O)[C@@H](NS(=O)(=O)Cc3ccccc3)CSc3ccccc32)cc1,5.48,1,nM,CHEMBL452174,-5.48,3.5199999999999996,CHEMBL244,coagulation_factor_X,False,False,False
N=C(N)c1ccc(CNC(=O)CN2C(=O)[C@H](NS(=O)(=O)Cc3ccccc3)CSc3cc(CN)ccc32)cc1,6.1,1,nM,CHEMBL553409,-6.1,2.9000000000000004,CHEMBL244,coagulation_factor_X,False,False,False
N=C(N)c1ccc(CNC(=O)CN2C(=O)[C@H](NS(=O)(=O)Cc3ccccc3)CSc3cc(N)ccc32)cc1,5.79,1,nM,CHEMBL552698,-5.79,3.21,CHEMBL244,coagulation_factor_X,False,False,False
N=C(N)c1ccc(CNC(=O)CN2C(=O)[C@H](NS(=O)(=O)Cc3ccccc3)CSc3ccc(-c4cccc(N)c4)cc32)cc1,5.49,1,nM,CHEMBL564751,-5.49,3.51,CHEMBL244,coagulation_factor_X,False,False,False
N=C(N)c1ccc(CNC(=O)CN2C(=O)[C@H](NS(=O)(=O)Cc3ccccc3)CSc3ccc(-c4cccc([N+](=O)[O-])c4)cc32)cc1,5.55,1,nM,CHEMBL558349,-5.55,3.45,CHEMBL244,coagulation_factor_X,False,False,False
N=C(N)c1ccc(CNC(=O)CN2C(=O)[C@H](NS(=O)(=O)Cc3ccccc3)CSc3ccc(CC(=O)O)cc32)cc1,6.68,1,nM,CHEMBL553237,-6.68,2.3200000000000003,CHEMBL244,coagulation_factor_X,False,False,False
N=C(N)c1ccc(CNC(=O)CN2C(=O)[C@H](NS(=O)(=O)Cc3ccccc3)CSc3ccc(CC(N)C(=O)O)cc32)cc1,5.98,1,nM,CHEMBL554825,-5.98,3.0199999999999996,CHEMBL244,coagulation_factor_X,False,False,False
N=C(N)c1ccc(CNC(=O)CN2C(=O)[C@H](NS(=O)(=O)Cc3ccccc3)CSc3ccc(CCC(=O)O)cc32)cc1,5.69,1,nM,CHEMBL554824,-5.69,3.3099999999999996,CHEMBL244,coagulation_factor_X,False,False,False
N=C(N)c1ccc(CNC(=O)CN2C(=O)[C@H](NS(=O)(=O)Cc3ccccc3)CSc3ccc(CCN)cc32)cc1,5.55,1,nM,CHEMBL538929,-5.55,3.45,CHEMBL244,coagulation_factor_X,False,False,False
N=C(N)c1ccc(CNC(=O)CN2C(=O)[C@H](NS(=O)(=O)Cc3ccccc3)CSc3ccc(CN)cc32)cc1,5.76,1,nM,CHEMBL554320,-5.76,3.24,CHEMBL244,coagulation_factor_X,False,False,False
N=C(N)c1ccc(CNC(=O)CN2C(=O)[C@H](NS(=O)(=O)Cc3ccccc3)CSc3ccc(N)cc32)cc1,5.82,1,nM,CHEMBL553408,-5.82,3.1799999999999997,CHEMBL244,coagulation_factor_X,False,False,False
N=C(N)c1ccc(CNC(=O)Cn2c(-c3cccc(N)c3)c(Cl)nc(NC3CCC3)c2=O)c(F)c1,7.3,1,nM,CHEMBL390663,-7.3,1.7000000000000002,CHEMBL244,coagulation_factor_X,False,False,False
N=C(N)c1ccc(CNC(=O)[C@@H]2C=CCN2C(=O)[C@@H](CC2CCCCC2)NCC(=O)O)cn1,5.86,1,nM,CHEMBL377681,-5.86,3.1399999999999997,CHEMBL244,coagulation_factor_X,False,False,False
N=C(N)c1ccc(CNC(=O)[C@@H]2C=CCN2C(=O)[C@@H](CC2CCCCC2)NCC(=O)O)s1,6.48,1,nM,CHEMBL208140,-6.48,2.5199999999999996,CHEMBL244,coagulation_factor_X,False,False,False
N=C(N)c1ccc(CNC(=O)[C@@H]2CCN2C(=O)[C@H](NCC(=O)O)C2CCCCC2)cc1,4.76,3,nM,CHEMBL266349,-4.76,4.24,CHEMBL244,coagulation_factor_X,False,False,False
N=C(N)c1ccc(F)c(/C=C\C(=O)Nc2ccc(-c3ccccc3S(N)(=O)=O)cc2)c1,7.75,1,nM,CHEMBL285289,-7.75,1.25,CHEMBL244,coagulation_factor_X,False,False,False
N=C(N)c1ccc(O)c(OCC(=O)Nc2ccc(-c3ccccc3S(N)(=O)=O)cc2)c1,8.66,1,nM,CHEMBL309810,-8.66,0.33999999999999986,CHEMBL244,coagulation_factor_X,False,False,False
N=C(N)c1ccc(O)c(OCC(=O)Nc2ccc(C(=O)N3CCCC3)cc2)c1,9.15,1,nM,CHEMBL76443,-9.15,-0.15000000000000036,CHEMBL244,coagulation_factor_X,False,False,False
N=C(N)c1ccc(OCCCCCOc2ccc(C(=N)N)cc2)cc1,4.98,1,nM,CHEMBL55,-4.98,4.02,CHEMBL244,coagulation_factor_X,False,False,False
N=C(N)c1ccc(Oc2ccc(N(Cc3nc4cc(C(=N)N)ccc4n3CC(=O)NC3CCCCC3)C(=O)c3ccc(C(=O)O)cc3)cc2)cc1,5.7,1,nM,CHEMBL556971,-5.7,3.3,CHEMBL244,coagulation_factor_X,False,False,False
N=C(N)c1ccc2c(c1)nc(CN(C(=O)c1ccc(C(=O)O)cc1)c1ccc(OC3CCN(C(=N)N)CC3)cc1)n2CC(=O)NC1CCCCC1,7.7,1,nM,CHEMBL536490,-7.7,1.2999999999999998,CHEMBL244,coagulation_factor_X,False,False,False
N=C(N)c1ccc2c(c1)nc(CN(C(=O)c1ccc(C(=O)O)cc1)c1ccc(OC3CCN(C(=N)NCc4ccccc4)CC3)cc1)n2CC(=O)NC1CCCCC1,7.1,1,nM,CHEMBL541372,-7.1,1.9000000000000004,CHEMBL244,coagulation_factor_X,False,False,False
N=C(N)c1ccc2c(c1)nc(CN(C(=O)c1ccc(C(=O)O)cc1)c1ccc(OC3CCNC3)cc1)n2CC(=O)NC1CCCCC1,6.52,1,nM,CHEMBL540869,-6.52,2.4800000000000004,CHEMBL244,coagulation_factor_X,False,False,False
N=C(N)c1ccc2cc(CC(C(=O)O)c3ccc(O[C@H]4CCNC4)cc3)ccc2c1,5.39,1,nM,CHEMBL279959,-5.39,3.6100000000000003,CHEMBL244,coagulation_factor_X,False,False,False
N=C(N)c1ccc2cc(CC(C(=O)O)c3ccc(O[C@H]4CCNC4)cc3)oc2c1,5.77,1,nM,CHEMBL276989,-5.77,3.2300000000000004,CHEMBL244,coagulation_factor_X,False,False,False
N=C(N)c1ccc2ccc(CC(C(=O)O)c3ccc(O[C@H]4CCNC4)cc3)cc2c1,6.7,1,nM,CHEMBL19139,-6.7,2.3,CHEMBL244,coagulation_factor_X,False,False,False
N=C(N)c1ccc2ccc(OCC3(C(=O)O)CCN(c4ccncc4)CC3)cc2c1,6.29,1,nM,CHEMBL534926,-6.29,2.71,CHEMBL244,coagulation_factor_X,False,False,False
N=C(N)c1ccc2nc(Cc3nc4ccc(C(=N)N)cc4[nH]3)[nH]c2c1,5.35,1,nM,CHEMBL99951,-5.35,3.6500000000000004,CHEMBL244,coagulation_factor_X,False,False,False
N=C(N)c1ccc2oc(C(Cc3ccc(O[C@H]4CCNC4)cc3)C(=O)O)cc2c1,4.35,1,nM,CHEMBL280158,-4.35,4.65,CHEMBL244,coagulation_factor_X,False,False,False
N=C(N)c1ccc2oc(CC(C(=O)O)c3ccc(O[C@H]4CCNC4)cc3)cc2c1,5.82,1,nM,CHEMBL280157,-5.82,3.1799999999999997,CHEMBL244,coagulation_factor_X,False,False,False
N=C(N)c1ccc2oc(CCc3cc4cc(C(=N)N)ccc4o3)cc2c1,7.0,1,nM,CHEMBL279962,-7.0,2.0,CHEMBL244,coagulation_factor_X,False,False,False
N=C(N)c1ccc2oc(CCc3ccc(O[C@H]4CCNC4)cc3)cc2c1,6.03,1,nM,CHEMBL19626,-6.03,2.9699999999999998,CHEMBL244,coagulation_factor_X,False,False,False
N=C(N)c1cccc(-c2cccc([C@H](CCCNc3ccncc3)C(=O)O)c2)c1,7.565,2,nM,CHEMBL105532,-7.565,1.4349999999999996,CHEMBL244,coagulation_factor_X,False,False,False
N=C(N)c1cccc(/C(=C(/F)C(=O)Nc2ccc(-c3ccccc3S(N)(=O)=O)cc2)C(F)(F)F)c1,8.52,1,nM,CHEMBL36735,-8.52,0.4800000000000004,CHEMBL244,coagulation_factor_X,False,False,False
N=C(N)c1cccc(/C(=C(/F)C(=O)Nc2ccc(-c3ccccc3S(N)(=O)=O)cc2)n2cccn2)c1,9.0,1,nM,CHEMBL318405,-9.0,0.0,CHEMBL244,coagulation_factor_X,False,False,False
N=C(N)c1cccc(/C(=C\C(=O)Nc2ccc(-c3ccccc3S(N)(=O)=O)cc2)C(F)(F)F)c1,8.0,1,nM,CHEMBL37152,-8.0,1.0,CHEMBL244,coagulation_factor_X,False,False,False
N=C(N)c1cccc(/C(=C\C(=O)Nc2ccc(-c3ccccc3S(N)(=O)=O)cc2)Cc2cc[nH]n2)c1,7.32,1,nM,CHEMBL36316,-7.32,1.6799999999999997,CHEMBL244,coagulation_factor_X,False,False,False
N=C(N)c1cccc(/C(=C\C(=O)Nc2ccc(-c3ccccc3S(N)(=O)=O)cc2)Cn2cnnn2)c1,7.28,1,nM,CHEMBL36265,-7.28,1.7199999999999998,CHEMBL244,coagulation_factor_X,False,False,False
N=C(N)c1cccc(/C(=C\C(=O)Nc2ccc(-c3ccccc3S(N)(=O)=O)cc2)Cn2ncnn2)c1,6.61,1,nM,CHEMBL445562,-6.61,2.3899999999999997,CHEMBL244,coagulation_factor_X,False,False,False
N=C(N)c1cccc(/C(=C\C(=O)Nc2ccc(-c3ccccc3S(N)(=O)=O)cc2)c2ccco2)c1,6.74,1,nM,CHEMBL284316,-6.74,2.26,CHEMBL244,coagulation_factor_X,False,False,False
N=C(N)c1cccc(/C(CO)=C(/F)C(=O)Nc2ccc(-c3ccccc3S(N)(=O)=O)cc2)c1,8.43,1,nM,CHEMBL40054,-8.43,0.5700000000000003,CHEMBL244,coagulation_factor_X,False,False,False
N=C(N)c1cccc(/C=C(\C(=O)Nc2ccc(-c3ccccc3S(N)(=O)=O)cc2)c2ccccn2)c1,6.18,1,nM,CHEMBL39676,-6.18,2.8200000000000003,CHEMBL244,coagulation_factor_X,False,False,False
N=C(N)c1cccc(/C=C(\C(=O)Nc2ccc(-c3ccccc3S(N)(=O)=O)cc2)c2ccncc2)c1,6.2,1,nM,CHEMBL288481,-6.2,2.8,CHEMBL244,coagulation_factor_X,False,False,False
N=C(N)c1cccc(/C=C/C(=O)Nc2ccc(-c3ccccc3S(N)(=O)=O)cc2)c1,5.51,1,nM,CHEMBL37479,-5.51,3.49,CHEMBL244,coagulation_factor_X,False,False,False
N=C(N)c1cccc(/C=C\C(=O)Nc2ccc(-c3ccccc3S(N)(=O)=O)cc2)c1,7.77,1,nM,CHEMBL290382,-7.77,1.2300000000000004,CHEMBL244,coagulation_factor_X,False,False,False
N=C(N)c1cccc(C(=O)N2Cc3ccc(O)cc3C[C@@H]2C(=O)Nc2ccc(-c3ccccc3S(N)(=O)=O)cc2)c1,5.75,1,nM,CHEMBL100067,-5.75,3.25,CHEMBL244,coagulation_factor_X,False,False,False
N=C(N)c1cccc(C(=O)N2Cc3ccc(O)cc3C[C@H]2C(=O)Nc2ccc(-c3ccccc3S(N)(=O)=O)cc2)c1,7.01,1,nM,CHEMBL99262,-7.01,1.9900000000000002,CHEMBL244,coagulation_factor_X,False,False,False
N=C(N)c1cccc(C(=O)N2Cc3ccccc3C[C@@H]2C(=O)Nc2ccc(-c3ccccc3S(N)(=O)=O)cc2)c1,7.73,1,nM,CHEMBL317391,-7.73,1.2699999999999996,CHEMBL244,coagulation_factor_X,False,False,False
N=C(N)c1cccc(C(=O)N2Cc3ccccc3C[C@H]2C(=O)Nc2ccc(-c3ccccc3S(N)(=O)=O)cc2)c1,8.52,1,nM,CHEMBL98858,-8.52,0.4800000000000004,CHEMBL244,coagulation_factor_X,False,False,False
N=C(N)c1cccc(C(=O)NCC(=O)Nc2ccc(-c3ccccc3S(N)(=O)=O)cc2)c1,6.07,1,nM,CHEMBL264870,-6.07,2.9299999999999997,CHEMBL244,coagulation_factor_X,False,False,False
N=C(N)c1cccc(C(=O)N[C@@H](C(=O)Nc2ccc(-c3ccccc3S(N)(=O)=O)cc2)c2ccccc2)c1,7.46,1,nM,CHEMBL98472,-7.46,1.54,CHEMBL244,coagulation_factor_X,False,False,False
N=C(N)c1cccc(C(=O)N[C@@H](CC(=O)OC2CCCCC2)C(=O)Nc2ccc(-c3ccccc3S(N)(=O)=O)cc2)c1,7.26,1,nM,CHEMBL265304,-7.26,1.7400000000000002,CHEMBL244,coagulation_factor_X,False,False,False
N=C(N)c1cccc(C(=O)N[C@@H](CCC(=O)O)C(=O)Nc2ccc(-c3ccccc3S(N)(=O)=O)cc2)c1,5.84,1,nM,CHEMBL98306,-5.84,3.16,CHEMBL244,coagulation_factor_X,False,False,False
N=C(N)c1cccc(C(=O)N[C@@H](CCC(=O)OC2CCCCC2)C(=O)Nc2ccc(-c3ccccc3S(N)(=O)=O)cc2)c1,6.08,1,nM,CHEMBL433004,-6.08,2.92,CHEMBL244,coagulation_factor_X,False,False,False
N=C(N)c1cccc(C(=O)N[C@@H](CCC(=O)OCc2ccccc2)C(=O)Nc2ccc(-c3ccccc3S(N)(=O)=O)cc2)c1,6.19,1,nM,CHEMBL318420,-6.19,2.8099999999999996,CHEMBL244,coagulation_factor_X,False,False,False
N=C(N)c1cccc(C(=O)N[C@@H](Cc2ccccc2)C(=O)Nc2ccc(-c3ccccc3S(N)(=O)=O)cc2)c1,6.12,1,nM,CHEMBL100722,-6.12,2.88,CHEMBL244,coagulation_factor_X,False,False,False
N=C(N)c1cccc(C(=O)N[C@H](C(=O)Nc2ccc(-c3ccccc3S(N)(=O)=O)cc2)C2CCCCC2)c1,6.2,1,nM,CHEMBL101734,-6.2,2.8,CHEMBL244,coagulation_factor_X,False,False,False
N=C(N)c1cccc(C(=O)N[C@H](C(=O)Nc2ccc(-c3ccccc3S(N)(=O)=O)cc2)c2ccccc2)c1,6.47,1,nM,CHEMBL100666,-6.47,2.5300000000000002,CHEMBL244,coagulation_factor_X,False,False,False
N=C(N)c1cccc(C(=O)N[C@H](Cc2ccccc2)C(=O)Nc2ccc(-c3ccccc3S(N)(=O)=O)cc2)c1,7.5,1,nM,CHEMBL100619,-7.5,1.5,CHEMBL244,coagulation_factor_X,False,False,False
N=C(N)c1cccc(C2Oc3ccccc3N(CCCCCN)C2=O)c1,5.2,1,nM,CHEMBL133171,-5.2,3.8,CHEMBL244,coagulation_factor_X,False,False,False
N=C(N)c1cccc(C2Oc3ccccc3N(CCCCCN3CCCCC3)C2=O)c1,7.28,1,nM,CHEMBL341187,-7.28,1.7199999999999998,CHEMBL244,coagulation_factor_X,False,False,False
N=C(N)c1cccc(C2Oc3ccccc3N(CCCCCN3CCOCC3)C2=O)c1,6.62,1,nM,CHEMBL130378,-6.62,2.38,CHEMBL244,coagulation_factor_X,False,False,False
N=C(N)c1cccc(CC(C(=O)O)C(/C=C/c2ccccc2)NC(=O)c2ccc(-c3ccccc3)cc2)c1,5.57,1,nM,CHEMBL140093,-5.57,3.4299999999999997,CHEMBL244,coagulation_factor_X,False,False,False
N=C(N)c1cccc(CC(CO)C(/C=C/c2ccccc2)NC(=O)c2ccc(-c3ccccc3)cc2)c1,6.19,1,nM,CHEMBL434807,-6.19,2.8099999999999996,CHEMBL244,coagulation_factor_X,False,False,False
N=C(N)c1cccc(CCC(/C=C/c2ccccc2)NC(=O)c2ccc(-c3ccccc3)cc2)c1,6.02,1,nM,CHEMBL343568,-6.02,2.9800000000000004,CHEMBL244,coagulation_factor_X,False,False,False
N=C(N)c1cccc(CN2CC[C@H](NS(=O)(=O)c3ccc(-c4ccncc4)s3)C2=O)c1,7.3,12,nM,CHEMBL120413,-7.3,1.7000000000000002,CHEMBL244,coagulation_factor_X,False,False,False
N=C(N)c1cccc(N[C@H](C(=O)Nc2ccc(N3CCCCC3=O)cc2)c2ccccc2)c1,7.82,1,nM,CHEMBL341510,-7.82,1.1799999999999997,CHEMBL244,coagulation_factor_X,False,False,False
N=C(N)c1cccc(OC(C(=O)Nc2cc(Cl)c(-n3cccc3)cc2Cl)c2ccccc2)c1,7.03,1,nM,CHEMBL73123,-7.03,1.9699999999999998,CHEMBL244,coagulation_factor_X,False,False,False
N=C(N)c1cccc(OC(C(=O)Nc2ccc(-c3ccccc3S(N)(=O)=O)cc2)c2ccccc2)c1,9.26,1,nM,CHEMBL72621,-9.26,-0.2599999999999998,CHEMBL244,coagulation_factor_X,False,False,False
N=C(N)c1cccc(OC(C(=O)Nc2ccc(-c3ccccc3S(N)(=O)=O)cc2Br)c2ccccc2)c1,8.49,1,nM,CHEMBL75287,-8.49,0.5099999999999998,CHEMBL244,coagulation_factor_X,False,False,False
N=C(N)c1cccc(OC(C(=O)Nc2ccc(-c3ccccc3S(N)(=O)=O)cc2F)c2ccccc2)c1,7.89,1,nM,CHEMBL308778,-7.89,1.1100000000000003,CHEMBL244,coagulation_factor_X,False,False,False
N=C(N)c1cccc(OC(C(=O)Nc2ccc(-n3ccc(C(F)(F)F)n3)cc2)c2ccccc2)c1,6.77,1,nM,CHEMBL311168,-6.77,2.2300000000000004,CHEMBL244,coagulation_factor_X,False,False,False
N=C(N)c1cccc(OC(C(=O)Nc2ccc(-n3cnc(Cl)c3Cl)cc2)c2ccccc2)c1,7.85,1,nM,CHEMBL311612,-7.85,1.1500000000000004,CHEMBL244,coagulation_factor_X,False,False,False
N=C(N)c1cccc(OC(C(=O)Nc2ccc(C(=O)N3CCCC3)cc2)c2ccccc2)c1,9.74,1,nM,CHEMBL305828,-9.74,-0.7400000000000002,CHEMBL244,coagulation_factor_X,False,False,False
N=C(N)c1cccc(OC(C(=O)Nc2ccc(C(=O)N3CCCC3)cc2Br)c2ccccc2)c1,9.0,1,nM,CHEMBL75333,-9.0,0.0,CHEMBL244,coagulation_factor_X,False,False,False
N=C(N)c1cccc(OC(C(=O)Nc2ccc(N3CCOCC3)c(F)c2)c2ccccc2)c1,8.36,1,nM,CHEMBL74199,-8.36,0.6400000000000006,CHEMBL244,coagulation_factor_X,False,False,False
N=C(N)c1cccc(OCC(=O)Nc2ccc(-c3ccccc3S(N)(=O)=O)cc2)c1,7.68,1,nM,CHEMBL76278,-7.68,1.3200000000000003,CHEMBL244,coagulation_factor_X,False,False,False
N=C(N)c1cccc(OCC(=O)Nc2ccc(C(=O)N3CC=CC3)cc2)c1,8.2,1,nM,CHEMBL76408,-8.2,0.8000000000000007,CHEMBL244,coagulation_factor_X,False,False,False
N=C(N)c1cccc(OCC(=O)Nc2ccc(C(=O)N3CCC3)cc2)c1,6.64,1,nM,CHEMBL74808,-6.64,2.3600000000000003,CHEMBL244,coagulation_factor_X,False,False,False
N=C(N)c1cccc(OCC(=O)Nc2ccc(C(=O)N3CCCC3)cc2)c1,7.18,1,nM,CHEMBL73091,-7.18,1.8200000000000003,CHEMBL244,coagulation_factor_X,False,False,False
N=C(N)c1cccc(OCC(=O)Nc2ccc(C(=O)N3CCCCC3)cc2)c1,5.86,1,nM,CHEMBL75452,-5.86,3.1399999999999997,CHEMBL244,coagulation_factor_X,False,False,False
N=C(N)c1cccc(OCC(=O)Nc2ccc(C(=O)N3CCCCCC3)cc2)c1,5.92,1,nM,CHEMBL72971,-5.92,3.08,CHEMBL244,coagulation_factor_X,False,False,False
N=C(N)c1cccc(OCC(=O)Nc2ccc(C(=O)N3CCOCC3)cc2)c1,5.95,1,nM,CHEMBL431192,-5.95,3.05,CHEMBL244,coagulation_factor_X,False,False,False
N=C(N)c1cccc(OCC(Cc2ccccc2)NC(=O)c2ccc(-c3ccccc3S(N)(=O)=O)cc2)c1,8.25,1,nM,CHEMBL43166,-8.25,0.75,CHEMBL244,coagulation_factor_X,False,False,False
N=C(N)c1cccc(OCC(NC(=O)c2ccc(-c3ccccc3S(N)(=O)=O)cc2)c2ccccc2)c1,8.47,1,nM,CHEMBL42825,-8.47,0.5299999999999994,CHEMBL244,coagulation_factor_X,False,False,False
N=C(N)c1cccc(OCCC(=O)Nc2ccc(-c3ccccc3S(N)(=O)=O)cc2)c1,8.19,1,nM,CHEMBL421312,-8.19,0.8100000000000005,CHEMBL244,coagulation_factor_X,False,False,False
N=C(N)c1cccc(OCCN(CC(=O)O)C(=O)c2ccc(-c3ccccc3S(N)(=O)=O)cc2)c1,7.47,1,nM,CHEMBL46770,-7.47,1.5300000000000002,CHEMBL244,coagulation_factor_X,False,False,False
N=C(N)c1cccc(OCCN(Cc2ccccc2)C(=O)c2ccc(-c3ccccc3S(N)(=O)=O)cc2)c1,7.85,1,nM,CHEMBL296514,-7.85,1.1500000000000004,CHEMBL244,coagulation_factor_X,False,False,False
N=C(N)c1cccc(OCCN(Cc2cccnc2)C(=O)c2ccc(-c3ccccc3S(N)(=O)=O)cc2)c1,7.96,1,nM,CHEMBL46959,-7.96,1.04,CHEMBL244,coagulation_factor_X,False,False,False
N=C(N)c1cccc(OCCN(Cc2ccoc2)C(=O)c2ccc(-c3ccccc3S(N)(=O)=O)cc2)c1,8.11,1,nM,CHEMBL296005,-8.11,0.8900000000000006,CHEMBL244,coagulation_factor_X,False,False,False
N=C(N)c1cccc(OCCN2Cc3cc(-c4ccccc4S(N)(=O)=O)ccc3C2=O)c1,8.44,1,nM,CHEMBL43699,-8.44,0.5600000000000005,CHEMBL244,coagulation_factor_X,False,False,False
N=C(N)c1cccc(OCCNC(=O)c2ccc(-c3ccccc3S(N)(=O)=O)cc2)c1,8.12,2,nM,CHEMBL432306,-8.12,0.8800000000000008,CHEMBL244,coagulation_factor_X,False,False,False
N=C(N)c1cccc(Oc2cc(Br)ccc2C(=O)Nc2ccc(-c3ccccc3S(N)(=O)=O)cc2)c1,8.92,1,nM,CHEMBL44048,-8.92,0.08000000000000007,CHEMBL244,coagulation_factor_X,False,False,False
N=C(N)c1cccc(Oc2cc(Br)ccc2NC(=O)c2ccc(-c3ccccc3S(N)(=O)=O)cc2)c1,8.68,1,nM,CHEMBL295525,-8.68,0.3200000000000003,CHEMBL244,coagulation_factor_X,False,False,False
N=C(N)c1cccc(Oc2cc(Cl)ccc2C(=O)Nc2ccc(-c3ccccc3S(N)(=O)=O)cc2)c1,8.82,1,nM,CHEMBL44049,-8.82,0.17999999999999972,CHEMBL244,coagulation_factor_X,False,False,False
N=C(N)c1cccc(Oc2cc(Cl)ccc2NC(=O)c2ccc(-c3ccccc3S(N)(=O)=O)cc2)c1,8.8,1,nM,CHEMBL46970,-8.8,0.1999999999999993,CHEMBL244,coagulation_factor_X,False,False,False
N=C(N)c1cccc(Oc2cc(N)ccc2C(=O)Nc2ccc(-c3ccccc3S(N)(=O)=O)cc2)c1,7.72,1,nM,CHEMBL42134,-7.72,1.2800000000000002,CHEMBL244,coagulation_factor_X,False,False,False
N=C(N)c1cccc(Oc2cc(O)ccc2NC(=O)c2ccc(-c3ccccc3S(N)(=O)=O)cc2)c1,8.41,1,nM,CHEMBL47201,-8.41,0.5899999999999999,CHEMBL244,coagulation_factor_X,False,False,False
N=C(N)c1cccc(Oc2cc([N+](=O)[O-])ccc2C(=O)Nc2ccc(-c3ccccc3S(N)(=O)=O)cc2)c1,8.32,1,nM,CHEMBL417349,-8.32,0.6799999999999997,CHEMBL244,coagulation_factor_X,False,False,False
N=C(N)c1cccc(Oc2ccc(Br)cc2C(=O)Nc2ccc(-c3ccccc3S(N)(=O)=O)cc2)c1,8.36,1,nM,CHEMBL43008,-8.36,0.6400000000000006,CHEMBL244,coagulation_factor_X,False,False,False
N=C(N)c1cccc(Oc2ccc(Br)cc2NC(=O)c2ccc(-c3ccccc3S(N)(=O)=O)cc2)c1,8.8,1,nM,CHEMBL45374,-8.8,0.1999999999999993,CHEMBL244,coagulation_factor_X,False,False,False
N=C(N)c1cccc(Oc2ccc(C(=O)O)cc2NC(=O)c2ccc(-c3ccccc3S(N)(=O)=O)cc2)c1,7.31,1,nM,CHEMBL295128,-7.31,1.6900000000000004,CHEMBL244,coagulation_factor_X,False,False,False
N=C(N)c1cccc(Oc2ccc(C(F)(F)F)cc2NC(=O)c2ccc(-c3ccccc3S(N)(=O)=O)cc2)c1,8.6,1,nM,CHEMBL45143,-8.6,0.40000000000000036,CHEMBL244,coagulation_factor_X,False,False,False
N=C(N)c1cccc(Oc2ccc(Cl)cc2C(=O)Nc2ccc(-c3ccccc3S(N)(=O)=O)cc2)c1,8.11,1,nM,CHEMBL295408,-8.11,0.8900000000000006,CHEMBL244,coagulation_factor_X,False,False,False
N=C(N)c1cccc(Oc2ccc(F)cc2NC(=O)c2ccc(-c3ccccc3S(N)(=O)=O)cc2)c1,8.35,1,nM,CHEMBL47145,-8.35,0.6500000000000004,CHEMBL244,coagulation_factor_X,False,False,False
N=C(N)c1cccc(Oc2ccc(N)cc2C(=O)Nc2ccc(-c3ccccc3S(N)(=O)=O)cc2)c1,7.92,1,nM,CHEMBL45302,-7.92,1.08,CHEMBL244,coagulation_factor_X,False,False,False
N=C(N)c1cccc(Oc2ccc([N+](=O)[O-])cc2C(=O)Nc2ccc(-c3ccccc3S(N)(=O)=O)cc2)c1,8.72,1,nM,CHEMBL45127,-8.72,0.27999999999999936,CHEMBL244,coagulation_factor_X,False,False,False
N=C(N)c1cccc(Oc2ccccc2C(=O)Nc2ccc(-c3ccccc3S(N)(=O)=O)cc2)c1,8.14,1,nM,CHEMBL43105,-8.14,0.8599999999999994,CHEMBL244,coagulation_factor_X,False,False,False
N=C(N)c1cccc(Oc2ccccc2NC(=O)c2ccc(-c3ccccc3S(N)(=O)=O)cc2)c1,8.44,2,nM,CHEMBL297835,-8.44,0.5600000000000005,CHEMBL244,coagulation_factor_X,False,False,False
N=C(N)c1ccccc1N[C@@H](C(=O)Nc1ccc(-c2ccccc2S(N)(=O)=O)cc1)c1ccccc1,7.46,1,nM,CHEMBL1269834,-7.46,1.54,CHEMBL244,coagulation_factor_X,False,False,False
N=C(N)c1coc(CNC(=O)[C@@H]2C=CCN2C(=O)[C@@H](CC2CCCCC2)NCC(=O)O)c1,6.6,1,nM,CHEMBL206205,-6.6,2.4000000000000004,CHEMBL244,coagulation_factor_X,False,False,False
N=C(N)c1csc(CNC(=O)[C@@H]2C=CCN2C(=O)[C@@H](CC2CCCCC2)NCC(=O)O)n1,6.0,1,nM,CHEMBL381709,-6.0,3.0,CHEMBL244,coagulation_factor_X,False,False,False
N=C(NN)c1ccc(C(=O)Nc2ccccc2C(=O)Nc2ccc(Cl)cn2)cc1,7.6,1,nM,CHEMBL470397,-7.6,1.4000000000000004,CHEMBL244,coagulation_factor_X,False,False,False
N=C(NO)c1ccc(C(=O)Nc2ccccc2C(=O)Nc2ccc(Cl)cn2)cc1,7.46,1,nM,CHEMBL511804,-7.46,1.54,CHEMBL244,coagulation_factor_X,False,False,False
N=C(NO)c1cccc(/C(=C(/F)C(=O)Nc2ccc(-c3ccccc3S(N)(=O)=O)cc2)n2cccn2)c1,5.42,1,nM,CHEMBL99631,-5.42,3.58,CHEMBL244,coagulation_factor_X,False,False,False
N=C(c1ccc(C(=O)N2CCN(S(=O)(=O)c3cc4cc(Cl)ccc4[nH]3)CC2)cc1)N1CCC1,7.62,1,nM,CHEMBL417738,-7.62,1.38,CHEMBL244,coagulation_factor_X,False,False,False
N=C(c1ccc(C(=O)N2CCN(S(=O)(=O)c3cc4cc(Cl)ccc4[nH]3)CC2)cc1)N1CCCC1,7.08,1,nM,CHEMBL292254,-7.08,1.92,CHEMBL244,coagulation_factor_X,False,False,False
N=C(c1ccc(C(=O)N2CCN(S(=O)(=O)c3cc4cc(Cl)ccc4[nH]3)CC2)cc1)N1CCCCC1,6.92,1,nM,CHEMBL65613,-6.92,2.08,CHEMBL244,coagulation_factor_X,False,False,False
N=C(c1ccc(C(=O)N2CCN(S(=O)(=O)c3cc4ccc(Cl)cc4s3)CC2)cc1)N1CCC1,7.6,1,nM,CHEMBL65128,-7.6,1.4000000000000004,CHEMBL244,coagulation_factor_X,False,False,False
N=C(c1ccc(C(=O)N2CCN(S(=O)(=O)c3cc4ccc(Cl)cc4s3)CC2)cc1)N1CCCC1,7.16,1,nM,CHEMBL66362,-7.16,1.8399999999999999,CHEMBL244,coagulation_factor_X,False,False,False
N=C(c1ccc(C(=O)N2CCN(S(=O)(=O)c3cc4ccc(Cl)cc4s3)CC2)cc1)N1CCCCC1,7.15,1,nM,CHEMBL304859,-7.15,1.8499999999999996,CHEMBL244,coagulation_factor_X,False,False,False
N=C(c1ccc(C(=O)N2CCN(S(=O)(=O)c3ccc4cc(Br)ccc4c3)CC2)cc1)N1CCCC1,6.41,1,nM,CHEMBL446398,-6.41,2.59,CHEMBL244,coagulation_factor_X,False,False,False
N=C(c1ccc(C(=O)N2CCN(S(=O)(=O)c3ccc4cc(Br)ccc4c3)CC2)cc1)N1CCCCC1,6.8,1,nM,CHEMBL302178,-6.8,2.2,CHEMBL244,coagulation_factor_X,False,False,False
N=C(c1ccc(C(=O)N2CCN(S(=O)(=O)c3ccc4cc(Br)ccc4c3)CC2)cc1)N1CCOCC1,6.19,1,nM,CHEMBL62563,-6.19,2.8099999999999996,CHEMBL244,coagulation_factor_X,False,False,False
N=C(c1ccc(C(=O)Nc2ccc(Cl)cc2C(=O)Nc2ccc(Cl)cn2)cc1)N1CCC(C(=O)O)CC1,8.7,1,nM,CHEMBL222012,-8.7,0.3000000000000007,CHEMBL244,coagulation_factor_X,False,False,False
N=C(c1ccc(C(=O)Nc2ccc(Cl)cc2C(=O)Nc2ccc(Cl)cn2)cc1)N1CCC1,8.92,1,nM,CHEMBL516356,-8.92,0.08000000000000007,CHEMBL244,coagulation_factor_X,False,False,False
N=C(c1ccc(C(=O)Nc2ccc(Cl)cc2C(=O)Nc2ccc(Cl)cn2)cc1)N1CCOCC1,8.7,1,nM,CHEMBL514312,-8.7,0.3000000000000007,CHEMBL244,coagulation_factor_X,False,False,False
N=C(c1ccc(C(=O)Nc2ccccc2C(=O)Nc2ccc(Cl)cn2)cc1)N1CCC1,8.1,1,nM,CHEMBL497934,-8.1,0.9000000000000004,CHEMBL244,coagulation_factor_X,False,False,False
N=C(c1ccc(C(=O)Nc2ccccc2C(=O)Nc2ccc(Cl)cn2)cc1)N1CCCC1,8.1,1,nM,CHEMBL497077,-8.1,0.9000000000000004,CHEMBL244,coagulation_factor_X,False,False,False
N=C(c1ccc(C(=O)Nc2ccccc2C(=O)Nc2ccc(Cl)cn2)cc1)N1CCCCC1,8.52,1,nM,CHEMBL511643,-8.52,0.4800000000000004,CHEMBL244,coagulation_factor_X,False,False,False
N=C(c1ccc(C(=O)Nc2ccccc2C(=O)Nc2ccc(Cl)cn2)cc1)N1CCNCC1,7.42,1,nM,CHEMBL511277,-7.42,1.58,CHEMBL244,coagulation_factor_X,False,False,False
N=C(c1ccc(C(=O)Nc2ccccc2C(=O)Nc2ccc(Cl)cn2)cc1)N1CCOCC1,8.15,1,nM,CHEMBL471039,-8.15,0.8499999999999996,CHEMBL244,coagulation_factor_X,False,False,False
N=C(c1ccc(C(=O)Nc2ccccc2C(=O)Nc2ccc(Cl)cn2)cc1)N1CCS(=O)(=O)CC1,6.59,1,nM,CHEMBL470406,-6.59,2.41,CHEMBL244,coagulation_factor_X,False,False,False
N=C(c1ccc(C(=O)Nc2ccccc2C(=O)Nc2ccc(Cl)cn2)cc1)N1CCSCC1,7.92,1,nM,CHEMBL471040,-7.92,1.08,CHEMBL244,coagulation_factor_X,False,False,False
N=C(c1ccc(CN2CCN(S(=O)(=O)c3cc4cc(Cl)ccc4[nH]3)CC2=O)cc1)N1CCC1,8.1,1,nM,CHEMBL62656,-8.1,0.9000000000000004,CHEMBL244,coagulation_factor_X,False,False,False
N=C(c1ccc(CN2CCN(S(=O)(=O)c3cc4cc(Cl)ccc4[nH]3)CC2=O)cc1)N1CCCC1,6.62,1,nM,CHEMBL293423,-6.62,2.38,CHEMBL244,coagulation_factor_X,False,False,False
N=C(c1ccc(CN2CCN(S(=O)(=O)c3cc4cc(Cl)ccc4[nH]3)CC2=O)cc1)N1CCCCC1,6.82,1,nM,CHEMBL303790,-6.82,2.1799999999999997,CHEMBL244,coagulation_factor_X,False,False,False
N=C(c1ccc(CN2CCN(S(=O)(=O)c3cc4ccc(Cl)cc4s3)CC2=O)cc1)N1CCC1,7.96,1,nM,CHEMBL294115,-7.96,1.04,CHEMBL244,coagulation_factor_X,False,False,False
N=C(c1ccc(CN2CCN(S(=O)(=O)c3cc4ccc(Cl)cc4s3)CC2=O)cc1)N1CCCC1,6.85,1,nM,CHEMBL63369,-6.85,2.1500000000000004,CHEMBL244,coagulation_factor_X,False,False,False
N=C(c1ccc(CN2CCN(S(=O)(=O)c3cc4ccc(Cl)cc4s3)CC2=O)cc1)N1CCCCC1,7.0,1,nM,CHEMBL305097,-7.0,2.0,CHEMBL244,coagulation_factor_X,False,False,False
N=C(c1ccc(NC(=O)c2cc(C(F)(F)F)nn2-c2cc3ccccc3cc2F)c(F)c1)N1CCCC1,8.0,1,nM,CHEMBL2092985,-8.0,1.0,CHEMBL244,coagulation_factor_X,False,False,False
N=C(c1ccc(NC(=O)c2cc(C(F)(F)F)nn2-c2cc3ccccc3cc2F)c(F)c1)N1CCCCC1,7.96,1,nM,CHEMBL282676,-7.96,1.04,CHEMBL244,coagulation_factor_X,False,False,False
N=C(c1ccc(NC(=O)c2cc(C(F)(F)F)nn2-c2ccc3cc(Cl)ccc3c2)c(F)c1)N1CCCC1,8.7,1,nM,CHEMBL281141,-8.7,0.3000000000000007,CHEMBL244,coagulation_factor_X,False,False,False
N=C(c1ccc(NC(=O)c2cc(C(F)(F)F)nn2-c2ccc3cc(Cl)ccc3c2)c(F)c1)N1CCCCC1,8.4,1,nM,CHEMBL277657,-8.4,0.5999999999999996,CHEMBL244,coagulation_factor_X,False,False,False
N=C(c1ccc(NC(=O)c2nnnn2-c2cc3ccccc3cc2F)c(F)c1)N1CCCC1,7.62,1,nM,CHEMBL282945,-7.62,1.38,CHEMBL244,coagulation_factor_X,False,False,False
N=C(c1ccc(NC(=O)c2nnnn2-c2cc3ccccc3cc2F)c(F)c1)N1CCCCC1,7.12,1,nM,CHEMBL416181,-7.12,1.88,CHEMBL244,coagulation_factor_X,False,False,False
N=C(c1ccc(NC(=O)c2nnnn2-c2ccc3cc(Cl)ccc3c2)c(F)c1)N1CCCC1,8.15,1,nM,CHEMBL20496,-8.15,0.8499999999999996,CHEMBL244,coagulation_factor_X,False,False,False
N=C(c1ccc(NC(=O)c2nnnn2-c2ccc3cc(Cl)ccc3c2)c(F)c1)N1CCCCC1,8.1,1,nM,CHEMBL21562,-8.1,0.9000000000000004,CHEMBL244,coagulation_factor_X,False,False,False
N=C1OCCN1Cc1ccc(C(=O)Nc2ccc(Cl)cc2C(=O)Nc2ccc(Cl)cn2)cc1,9.015,2,nM,CHEMBL367953,-9.015,-0.015000000000000568,CHEMBL244,coagulation_factor_X,False,False,False
NC(=O)C(=O)N1CC2CC(CN(C(=O)CN3CCC[C@H](NS(=O)(=O)c4ccc5cc(Cl)ccc5c4)C3=O)C2)C1,7.5,1,nM,CHEMBL1923560,-7.5,1.5,CHEMBL244,coagulation_factor_X,False,False,False
NC(=O)C1CCN(Cc2ccc(C(=O)Nc3ccc(Cl)cc3C(=O)Nc3ccc(Cl)cn3)cc2)CC1,7.12,1,nM,CHEMBL366894,-7.12,1.88,CHEMBL244,coagulation_factor_X,False,False,False
NC(=O)C1CN(S(=O)(=O)c2ccc3cc(Cl)ccc3c2)CCN1C(=O)c1nc2c(s1)CNCC2,7.08,1,nM,CHEMBL359964,-7.08,1.92,CHEMBL244,coagulation_factor_X,False,False,False
NC(=O)Cc1cn2c(N3CCN(C(=O)CCS(=O)(=O)c4ccc5cc(Cl)ccc5c4)CC3)cccc2n1,7.35,1,nM,CHEMBL261324,-7.35,1.6500000000000004,CHEMBL244,coagulation_factor_X,False,False,False
NC(=O)N1CC2CC(C1)CN(C(=O)CN1CCC[C@H](NS(=O)(=O)c3ccc4cc(Cl)ccc4c3)C1=O)C2,7.85,1,nM,CHEMBL1923470,-7.85,1.1500000000000004,CHEMBL244,coagulation_factor_X,False,False,False
NC(=O)NCc1ccc(N2CC(CNC(=O)c3ccc(Cl)s3)OC2=O)cc1,5.89,1,nM,CHEMBL3671240,-5.89,3.1100000000000003,CHEMBL244,coagulation_factor_X,False,False,False
NC(=O)[C@@H](Cc1c[nH]c2ccccc12)NC(=O)c1ccc(N2CCCC2=O)cc1,5.05,1,nM,CHEMBL5405096,-5.05,3.95,CHEMBL244,coagulation_factor_X,False,False,False
NC(=O)[C@@H](Cc1csc2ccccc12)NC(=O)c1ccc(N2CCCC2=O)cc1,5.38,1,nM,CHEMBL5395153,-5.38,3.62,CHEMBL244,coagulation_factor_X,False,False,False
NC(=O)[C@@H](Cc1csc2ccccc12)NC(=O)c1ccc(N2CCOCC2)cc1,5.13,1,nM,CHEMBL5425875,-5.13,3.87,CHEMBL244,coagulation_factor_X,False,False,False
NC(=O)c1ccc(NC(=O)c2ccc(-n3ccccc3=O)cc2)c(NC(=O)c2ccc(Br)cc2)c1,7.59,1,nM,CHEMBL3612126,-7.59,1.4100000000000001,CHEMBL244,coagulation_factor_X,False,False,False
NC(=O)c1ccc(NC(=O)c2ccc(-n3ccccc3=O)cc2)c(NC(=O)c2ccc(Cl)c(Cl)c2)c1,8.19,1,nM,CHEMBL3612132,-8.19,0.8100000000000005,CHEMBL244,coagulation_factor_X,False,False,False
NC(=O)c1cccc(CNC(=O)c2ccc(Cl)s2)c1,4.72,1,nM,CHEMBL5423279,-4.72,4.28,CHEMBL244,coagulation_factor_X,False,False,False
NC(N)=NCCC[C@@H](C=O)NC(=O)CNC(=O)[C@H](N)CCCN=C(N)N,6.72,1,nM,CHEMBL2372448,-6.72,2.2800000000000002,CHEMBL244,coagulation_factor_X,False,False,False
NC(N)=NCCC[C@@H](C=O)NC(=O)[C@@H]1CCCN1C(=O)[C@H](N)c1ccccc1,5.8,1,nM,CHEMBL104305,-5.8,3.2,CHEMBL244,coagulation_factor_X,False,False,False
NC1=NCCCCN1Cc1ccc(C(=O)Nc2ccc(Cl)cc2C(=O)Nc2ccc(Cl)cn2)cc1,8.2,1,nM,CHEMBL174731,-8.2,0.8000000000000007,CHEMBL244,coagulation_factor_X,False,False,False
NC1=NCCCN1Cc1ccc(C(=O)Nc2ccc(Cl)cc2C(=O)Nc2ccc(Cl)cn2)cc1,8.42,1,nM,CHEMBL175033,-8.42,0.5800000000000001,CHEMBL244,coagulation_factor_X,False,False,False
NC1CCCN(c2ccc(N3CC(CNC(=O)c4ccc(Cl)s4)OC3=O)cc2F)C1,7.36,1,nM,CHEMBL3671219,-7.36,1.6399999999999997,CHEMBL244,coagulation_factor_X,False,False,False
NC1CCN(Cc2ccc(C(=O)Nc3ccc(Cl)cc3C(=O)Nc3ccc(Cl)cn3)cc2)CC1,7.82,1,nM,CHEMBL367340,-7.82,1.1799999999999997,CHEMBL244,coagulation_factor_X,False,False,False
NC1CCN(c2ccc(N3CC(CNC(=O)c4ccc(Cl)s4)OC3=O)cc2F)C1,7.89,1,nM,CHEMBL3671208,-7.89,1.1100000000000003,CHEMBL244,coagulation_factor_X,False,False,False
NC1CCN(c2ccc(N3C[C@H](CNC(=O)c4ccc(Cl)s4)OC3=O)cn2)C1,6.72,1,nM,CHEMBL3671202,-6.72,2.2800000000000002,CHEMBL244,coagulation_factor_X,False,False,False
NCC(=O)Nc1ccc(N2CC(CNC(=O)c3ccc(Cl)s3)OC2=O)cc1,5.7,1,nM,CHEMBL3671237,-5.7,3.3,CHEMBL244,coagulation_factor_X,False,False,False
NCC1CCCN(C(=O)CN2CCC[C@H](NS(=O)(=O)c3ccc4cc(Cl)ccc4c3)C2=O)C1,6.68,1,nM,CHEMBL1923465,-6.68,2.3200000000000003,CHEMBL244,coagulation_factor_X,False,False,False
NCC1CCN(C(=O)CN2CCC[C@H](NS(=O)(=O)c3ccc4cc(Cl)ccc4c3)C2=O)CC1,5.88,1,nM,CHEMBL1923466,-5.88,3.12,CHEMBL244,coagulation_factor_X,False,False,False
NCCCCCCNc1cc(C(F)(F)F)ccc1C(=O)Nc1ccc(Cl)cc1C(=O)Nc1ccc(Cl)cn1,6.21,1,nM,CHEMBL3981559,-6.21,2.79,CHEMBL244,coagulation_factor_X,False,False,False
NCCN(C(=O)CCS(=O)(=O)c1ccc2cc(Cl)ccc2c1)C1CCN(c2ccncc2)CC1,7.02,1,nM,CHEMBL429936,-7.02,1.9800000000000004,CHEMBL244,coagulation_factor_X,False,False,False
NC[C@H]1CN(c2ccc(N3CCOCC3=O)cc2)C(=O)O1,5.7,1,nM,CHEMBL3671238,-5.7,3.3,CHEMBL244,coagulation_factor_X,False,False,False
NCc1ccc(C(=O)N2C[C@@H](n3cc(C4CC4)nn3)C[C@H]2C(=O)NCC(c2ccccc2)c2ccccc2)cc1,4.15,1,nM,CHEMBL4448473,-4.15,4.85,CHEMBL244,coagulation_factor_X,False,False,False
NCc1ccc(C(=O)Nc2ccc(Cl)cc2C(=O)Nc2ccc(Cl)cn2)cc1,8.0,1,nM,CHEMBL174968,-8.0,1.0,CHEMBL244,coagulation_factor_X,False,False,False
NCc1cccc(C2CCN(C(=O)c3ccc(C#Cc4ccccn4)o3)CC2)c1,5.05,1,nM,CHEMBL1944897,-5.05,3.95,CHEMBL244,coagulation_factor_X,False,False,False
NCc1ccccc1-c1ccc(C(=O)Nc2ccc(Cl)cc2C(=O)Nc2ccc(Cl)cn2)cc1,8.89,1,nM,CHEMBL368095,-8.89,0.10999999999999943,CHEMBL244,coagulation_factor_X,False,False,False
NCc1ccccc1-c1ccc(C(=O)Nc2ccccc2C(=O)Nc2ccc(Cl)cn2)cc1,7.17,1,nM,CHEMBL174005,-7.17,1.83,CHEMBL244,coagulation_factor_X,False,False,False
NNCc1ccc(C(=O)Nc2ccc(Cl)cc2C(=O)Nc2ccc(Cl)cn2)cc1,7.4,1,nM,CHEMBL176736,-7.4,1.5999999999999996,CHEMBL244,coagulation_factor_X,False,False,False
NOC(=O)CN(CCCS(=O)(=O)c1ccc2cc(Cl)ccc2c1)C(=O)C1CCN(c2ccncc2)CC1,6.92,1,nM,CHEMBL407407,-6.92,2.08,CHEMBL244,coagulation_factor_X,False,False,False
NS(=O)(=O)c1ccccc1-c1ccc(C(=O)N2CCN(S(=O)(=O)c3ccc4cc(Br)ccc4c3)CC2)cc1,6.62,1,nM,CHEMBL294594,-6.62,2.38,CHEMBL244,coagulation_factor_X,False,False,False
NS(=O)(=O)c1ccccc1-c1ccc(C(=O)N2CC[C@@H](CNS(=O)(=O)/C=C/c3ccc(Cl)s3)C2)cc1,5.72,1,nM,CHEMBL401389,-5.72,3.2800000000000002,CHEMBL244,coagulation_factor_X,False,False,False
NS(=O)(=O)c1ccccc1-c1ccc(C(=O)NCCC(=O)Nc2ccc(Br)cn2)cc1,7.92,1,nM,CHEMBL173877,-7.92,1.08,CHEMBL244,coagulation_factor_X,False,False,False
NS(=O)(=O)c1ccccc1-c1ccc(C(=O)Nc2ccc(-n3ccnc3)cc2C(=O)Nc2ccc(Br)cn2)cc1,6.89,1,nM,CHEMBL177332,-6.89,2.1100000000000003,CHEMBL244,coagulation_factor_X,False,False,False
NS(=O)(=O)c1ccccc1-c1ccc(C(=O)Nc2ccccc2C(=O)Nc2ccc(Br)cn2)cc1,8.47,1,nM,CHEMBL174750,-8.47,0.5299999999999994,CHEMBL244,coagulation_factor_X,False,False,False
NS(=O)(=O)c1ccccc1-c1ccc(C(=O)Nc2ccccc2C(=O)Nc2ccc(Cl)cn2)cc1,8.17,2,nM,CHEMBL367609,-8.17,0.8300000000000001,CHEMBL244,coagulation_factor_X,False,False,False
NS(=O)(=O)c1ccccc1-c1ccc(C(=O)Nc2cccnc2C(=O)Nc2ccc(Cl)cn2)cc1,7.58,1,nM,CHEMBL175562,-7.58,1.42,CHEMBL244,coagulation_factor_X,False,False,False
NS(=O)(=O)c1ccccc1-c1ccc(C(=O)Nc2ccncc2C(=O)Nc2ccc(Cl)cn2)cc1,7.75,1,nM,CHEMBL368862,-7.75,1.25,CHEMBL244,coagulation_factor_X,False,False,False
NS(=O)(=O)c1ccccc1-c1ccc(C(=O)Nc2cnccc2C(=O)Nc2ccc(Cl)cn2)cc1,7.64,1,nM,CHEMBL441157,-7.64,1.3600000000000003,CHEMBL244,coagulation_factor_X,False,False,False
NS(=O)(=O)c1ccccc1-c1ccc(C(=O)Nc2ncccc2C(=O)Nc2ccc(Cl)cn2)cc1,7.32,1,nM,CHEMBL175381,-7.32,1.6799999999999997,CHEMBL244,coagulation_factor_X,False,False,False
NS(=O)(=O)c1ccccc1-c1ccc(NC(=O)[C@H]2CC=NN2C(=O)Nc2ccc(Cl)cc2)c(F)c1,8.1,1,nM,CHEMBL1271370,-8.1,0.9000000000000004,CHEMBL244,coagulation_factor_X,False,False,False
NS(=O)(=O)c1ccccc1-c1ccc(NC(=O)[C@H]2CCCN2C(=O)Nc2ccc(Cl)cc2)c(F)c1,7.75,1,nM,CHEMBL1271371,-7.75,1.25,CHEMBL244,coagulation_factor_X,False,False,False
NS(=O)(=O)c1ccccc1-c1ccc(NC(=O)c2cc(C(F)(F)F)nn2-c2cc3ccccc3cc2F)cc1,7.57,1,nM,CHEMBL44277,-7.57,1.4299999999999997,CHEMBL244,coagulation_factor_X,False,False,False
NS(=O)(=O)c1ccccc1-c1ccc(NC(=O)c2cc(C(F)(F)F)nn2-c2ccc3cc(Cl)ccc3c2)cc1,8.4,1,nM,CHEMBL296686,-8.4,0.5999999999999996,CHEMBL244,coagulation_factor_X,False,False,False
NS(=O)(=O)c1ccccc1-c1ccc2c(c1)OC[C@H]1[C@H](CNC(=O)c3ccc(Cl)s3)OC(=O)N21,7.22,1,nM,CHEMBL3330462,-7.22,1.7800000000000002,CHEMBL244,coagulation_factor_X,False,False,False
Nc1[nH]nc2ccc(C(=O)N[C@@H](C(=O)Nc3ccc(-c4ccccc4S(N)(=O)=O)cc3)c3ccccc3)cc12,5.46,1,nM,CHEMBL100333,-5.46,3.54,CHEMBL244,coagulation_factor_X,False,False,False
Nc1[nH]nc2ccc(C(=O)N[C@H](C(=O)Nc3ccc(-c4ccccc4S(N)(=O)=O)cc3)c3ccccc3)cc12,5.0,1,nM,CHEMBL101787,-5.0,4.0,CHEMBL244,coagulation_factor_X,False,False,False
Nc1cc(C(=O)NC[C@H]2CN(c3ccc(N4CCOCC4=O)cc3)C(=O)O2)sc1Cl,8.07,1,nM,CHEMBL371336,-8.07,0.9299999999999997,CHEMBL244,coagulation_factor_X,False,False,False
Nc1cc(N2C[C@H](CNC(=O)c3ccc(Cl)s3)OC2=O)ccc1N1CCOCC1=O,9.1,13,nM,CHEMBL196539,-9.1,-0.09999999999999964,CHEMBL244,coagulation_factor_X,False,False,False
Nc1ccc(C(=O)Nc2ccc(Br)cn2)c(NC(=O)c2ccc(-c3ccccc3S(N)(=O)=O)cc2)c1,8.21,1,nM,CHEMBL177206,-8.21,0.7899999999999991,CHEMBL244,coagulation_factor_X,False,False,False
Nc1ccc(N2CC(CNC(=O)c3ccc(Cl)s3)OC2=O)cc1F,5.7,1,nM,CHEMBL3671236,-5.7,3.3,CHEMBL244,coagulation_factor_X,False,False,False
Nc1ccc(NC(=O)c2ccc(-c3ccccc3S(N)(=O)=O)cc2)c(C(=O)Nc2ccc(Br)cn2)c1,8.34,1,nM,CHEMBL368676,-8.34,0.6600000000000001,CHEMBL244,coagulation_factor_X,False,False,False
Nc1ccc(NC(=O)c2ccc(-c3ccccc3S(N)(=O)=O)cc2)c(C(=O)Nc2ccc(Cl)cn2)c1,8.17,1,nM,CHEMBL366802,-8.17,0.8300000000000001,CHEMBL244,coagulation_factor_X,False,False,False
Nc1cccc(-c2c(Cl)nc(NC3CCC3)c(=O)n2CC(=O)NCc2ccccc2)c1,7.4,1,nM,CHEMBL390662,-7.4,1.5999999999999996,CHEMBL244,coagulation_factor_X,False,False,False
Nc1cccc(-c2ccc(C(=O)Nc3ccc(Cl)cc3C(=O)Nc3ccc(Cl)cn3)cc2)c1,8.72,1,nM,CHEMBL355573,-8.72,0.27999999999999936,CHEMBL244,coagulation_factor_X,False,False,False
Nc1cnc2cccc(N3CCN(C(=O)CCS(=O)(=O)c4ccc5cc(Cl)ccc5c4)CC3)n12,7.46,1,nM,CHEMBL409850,-7.46,1.54,CHEMBL244,coagulation_factor_X,False,False,False
Nc1n[nH]c2cc(N[C@@H](C(=O)Nc3ccc(-c4ccccc4S(N)(=O)=O)cc3)c3ccccc3)ccc12,5.46,1,nM,CHEMBL1269943,-5.46,3.54,CHEMBL244,coagulation_factor_X,False,False,False
Nc1n[nH]cc1C(=O)N1CC2CC(CN(C(=O)CN3CCC[C@H](NS(=O)(=O)c4ccc5cc(Cl)ccc5c4)C3=O)C2)C1,8.15,1,nM,CHEMBL1923563,-8.15,0.8499999999999996,CHEMBL244,coagulation_factor_X,False,False,False
Nc1nccc2c(F)c(C[C@H](C(=O)O)N3CC[C@H](NS(=O)(=O)c4ccc(N5CCCC5)nc4)C3=O)ccc12,5.33,1,nM,CHEMBL3943004,-5.33,3.67,CHEMBL244,coagulation_factor_X,False,False,False
Nc1nccc2cc(C[C@H](C(=O)O)N3CC[C@H](NS(=O)(=O)c4cnc(N5CCC(F)(F)C5)s4)C3=O)c(C(F)(F)F)cc12,5.66,1,nM,CHEMBL3948317,-5.66,3.34,CHEMBL244,coagulation_factor_X,False,False,False
Nc1nccc2cc(C[C@H](C(=O)O)N3CC[C@H](NS(=O)(=O)c4cnc(N5CCC(F)(F)C5)s4)C3=O)c(Cl)cc12,6.72,1,nM,CHEMBL3967421,-6.72,2.2800000000000002,CHEMBL244,coagulation_factor_X,False,False,False
Nc1nccc2cc(C[C@H](C(=O)O)N3CC[C@H](NS(=O)(=O)c4cnc(N5CCC(F)(F)C5)s4)C3=O)c(F)cc12,5.92,1,nM,CHEMBL3897871,-5.92,3.08,CHEMBL244,coagulation_factor_X,False,False,False
Nc1nccc2cc(C[C@H](C(=O)O)N3CC[C@H](NS(=O)(=O)c4cnc(N5CCC(F)(F)C5)s4)C3=O)c(OC(F)(F)F)cc12,6.25,1,nM,CHEMBL3914586,-6.25,2.75,CHEMBL244,coagulation_factor_X,False,False,False
Nc1nccc2cc(C[C@H](C(=O)O)N3CC[C@H](NS(=O)(=O)c4cnc(N5CCC5)s4)C3=O)c(C(F)(F)F)cc12,6.25,1,nM,CHEMBL3958498,-6.25,2.75,CHEMBL244,coagulation_factor_X,False,False,False
Nc1nccc2cc(C[C@H](C(=O)O)N3CC[C@H](NS(=O)(=O)c4cnc(N5CCC5)s4)C3=O)c(Cl)cc12,7.72,1,nM,CHEMBL3962887,-7.72,1.2800000000000002,CHEMBL244,coagulation_factor_X,False,False,False
Nc1nccc2cc(C[C@H](C(=O)O)N3CC[C@H](NS(=O)(=O)c4cnc(N5CCC5)s4)C3=O)c(OC(F)(F)F)cc12,7.46,1,nM,CHEMBL3967772,-7.46,1.54,CHEMBL244,coagulation_factor_X,False,False,False
Nc1nccc2cc(C[C@H](C(=O)O)N3CC[C@H](NS(=O)(=O)c4cnc(N5CCCC5)s4)C3=O)c(C(F)(F)F)cc12,6.43,1,nM,CHEMBL3935069,-6.43,2.5700000000000003,CHEMBL244,coagulation_factor_X,False,False,False
Nc1nccc2cc(C[C@H](C(=O)O)N3CC[C@H](NS(=O)(=O)c4cnc(N5CCCC5)s4)C3=O)c(Cl)cc12,7.57,1,nM,CHEMBL3930120,-7.57,1.4299999999999997,CHEMBL244,coagulation_factor_X,False,False,False
Nc1nccc2cc(C[C@H](C(=O)O)N3CC[C@H](NS(=O)(=O)c4cnc(N5CCCC5)s4)C3=O)c(F)cc12,7.33,1,nM,CHEMBL3958011,-7.33,1.67,CHEMBL244,coagulation_factor_X,False,False,False
Nc1nccc2cc(C[C@H](C(=O)O)N3CC[C@H](NS(=O)(=O)c4cnc(N5CCCC5)s4)C3=O)c(OC(F)(F)F)cc12,7.38,1,nM,CHEMBL3954879,-7.38,1.62,CHEMBL244,coagulation_factor_X,False,False,False
Nc1nccc2ccc(C(=O)N3Cc4ccccc4C[C@H]3C(=O)Nc3ccc(-c4ccccc4S(N)(=O)=O)cc3)cc12,5.56,1,nM,CHEMBL100013,-5.56,3.4400000000000004,CHEMBL244,coagulation_factor_X,False,False,False
Nc1nccc2ccc(CN3CC[C@H](NS(=O)(=O)c4cc5ncccc5s4)C3=O)cc12,7.43,12,nM,CHEMBL316053,-7.43,1.5700000000000003,CHEMBL244,coagulation_factor_X,False,False,False
Nc1nccc2ccc(OCC(Cc3ccccc3)N3Cc4cc(-c5ccccc5S(N)(=O)=O)ccc4C3=O)cc12,6.65,1,nM,CHEMBL296345,-6.65,2.3499999999999996,CHEMBL244,coagulation_factor_X,False,False,False
Nc1nccc2ccc(OCC(c3ccccc3)N3Cc4cc(-c5ccccc5S(N)(=O)=O)ccc4C3=O)cc12,6.21,1,nM,CHEMBL296334,-6.21,2.79,CHEMBL244,coagulation_factor_X,False,False,False
Nc1nccc2ccc(OCCN3Cc4cc(-c5ccccc5S(N)(=O)=O)ccc4C3=O)cc12,7.66,1,nM,CHEMBL46653,-7.66,1.3399999999999999,CHEMBL244,coagulation_factor_X,False,False,False
Nc1nccc2ccc(Oc3ccc(C(F)(F)F)cc3NC(=O)c3ccc(-c4ccccc4S(N)(=O)=O)cc3)cc12,5.74,1,nM,CHEMBL46938,-5.74,3.26,CHEMBL244,coagulation_factor_X,False,False,False
Nc1nccc2ccc(Oc3ccc(F)cc3NC(=O)c3ccc(-c4ccccc4S(N)(=O)=O)cc3)cc12,5.88,1,nM,CHEMBL433066,-5.88,3.12,CHEMBL244,coagulation_factor_X,False,False,False
Nc1nccc2ccc(Oc3ccccc3NC(=O)c3ccc(-c4ccccc4S(N)(=O)=O)cc3)cc12,6.19,1,nM,CHEMBL47242,-6.19,2.8099999999999996,CHEMBL244,coagulation_factor_X,False,False,False
Nc1ncnc2cc(CN3C(=O)CN(S(=O)(=O)c4cc5ccc(Cl)cc5s4)CC3C(=O)O)ccc12,9.175,12,nM,CHEMBL3960154,-9.175,-0.1750000000000007,CHEMBL244,coagulation_factor_X,False,False,False
Nc1noc2c(N3CC[C@@H](NC(=O)c4ccc(-n5cnc6ncccc65)cc4Cl)C3)ncc(Cl)c12,4.6,1,nM,CHEMBL4066380,-4.6,4.4,CHEMBL244,coagulation_factor_X,False,False,False
Nc1noc2c(N3CC[C@@H](NC(=O)c4ccc(-n5cnnc5)cc4Cl)C3)cc(Cl)c(Cl)c12,4.54,1,nM,CHEMBL4072364,-4.54,4.46,CHEMBL244,coagulation_factor_X,False,False,False
Nc1noc2c(N3CC[C@@H](NC(=O)c4ccc(-n5cnnc5)cc4Cl)C3)ncc(Cl)c12,4.11,1,nM,CHEMBL4082857,-4.11,4.89,CHEMBL244,coagulation_factor_X,False,False,False
O=C(C(=O)N1CCC[C@H]1CN1CCCC1)N1CC[C@@H](CNS(=O)(=O)/C=C/c2ccc(Cl)s2)C1,6.36,1,nM,CHEMBL403790,-6.36,2.6399999999999997,CHEMBL244,coagulation_factor_X,False,False,False
O=C(C(=O)N1CCC[C@H]1CN1CCCC1)N1CC[C@H](CNS(=O)(=O)/C=C/c2ccc(Cl)s2)C1,7.16,1,nM,CHEMBL250458,-7.16,1.8399999999999999,CHEMBL244,coagulation_factor_X,False,False,False
O=C(C1CCN(c2ccncc2)CC1)N1CCC(CNS(=O)(=O)/C=C/c2ccc(Br)s2)C1,7.07,1,nM,CHEMBL249832,-7.07,1.9299999999999997,CHEMBL244,coagulation_factor_X,False,False,False
O=C(C1CCN(c2ccncc2)CC1)N1CCC(CNS(=O)(=O)/C=C/c2ccc(Cl)cc2)C1,6.31,1,nM,CHEMBL249631,-6.31,2.6900000000000004,CHEMBL244,coagulation_factor_X,False,False,False
O=C(C1CCN(c2ccncc2)CC1)N1CCC(CNS(=O)(=O)/C=C/c2cccc(Cl)c2)C1,5.37,1,nM,CHEMBL249630,-5.37,3.63,CHEMBL244,coagulation_factor_X,False,False,False
O=C(C1CCN(c2ccncc2)CC1)N1CCC(CNS(=O)(=O)c2cc3ccc(Cl)cc3s2)C1,6.59,1,nM,CHEMBL249831,-6.59,2.41,CHEMBL244,coagulation_factor_X,False,False,False
O=C(C1CCN(c2ccncc2)CC1)N1CCC(CNS(=O)(=O)c2ccc3cc(Cl)ccc3c2)C1,6.61,1,nM,CHEMBL249440,-6.61,2.3899999999999997,CHEMBL244,coagulation_factor_X,False,False,False
O=C(C1CCN(c2ccncc2)CC1)N1CCC(CNS(=O)(=O)c2ccc3ccccc3c2)C1,5.96,1,nM,CHEMBL249629,-5.96,3.04,CHEMBL244,coagulation_factor_X,False,False,False
O=C(C1CCN(c2ccncc2)CC1)N1CCN(S(=O)(=O)c2ccc3cc(Cl)ccc3c2)CC1,7.48,1,nM,CHEMBL270527,-7.48,1.5199999999999996,CHEMBL244,coagulation_factor_X,False,False,False
O=C(C1CCN(c2ccncc2)CC1)N1CC[C@@H](CNS(=O)(=O)/C=C/c2ccc(-c3ccc(Cl)s3)s2)C1,7.75,1,nM,CHEMBL248849,-7.75,1.25,CHEMBL244,coagulation_factor_X,False,False,False
O=C(C1CCN(c2ccncc2)CC1)N1CC[C@@H](CNS(=O)(=O)/C=C/c2ccc(Br)s2)C1,7.66,1,nM,CHEMBL400957,-7.66,1.3399999999999999,CHEMBL244,coagulation_factor_X,False,False,False
O=C(C1CCN(c2ccncc2)CC1)N1CC[C@@H](CNS(=O)(=O)/C=C/c2ccc(Cl)s2)C1,8.26,2,nM,CHEMBL248661,-8.26,0.7400000000000002,CHEMBL244,coagulation_factor_X,False,False,False
O=C(C1CCN(c2ccncc2)CC1)N1CC[C@H](CNS(=O)(=O)/C=C/c2ccc(Cl)s2)C1,6.82,1,nM,CHEMBL248662,-6.82,2.1799999999999997,CHEMBL244,coagulation_factor_X,False,False,False
O=C(CCNC(=O)c1ccc(Cl)s1)Nc1ccc(N2CCOCC2=O)c(C(F)(F)F)c1,8.49,12,nM,CHEMBL3907419,-8.49,0.5099999999999998,CHEMBL244,coagulation_factor_X,False,False,False
O=C(CCNC(=O)c1ccc(Cl)s1)Nc1ccc(N2CCOCC2=O)cc1,8.1,12,nM,CHEMBL3956658,-8.1,0.9000000000000004,CHEMBL244,coagulation_factor_X,False,False,False
O=C(CCS(=O)(=O)c1ccc2cc(Cl)ccc2c1)N1CCC(N2CCCNC2=O)CC1,7.96,1,nM,CHEMBL1095365,-7.96,1.04,CHEMBL244,coagulation_factor_X,False,False,False
O=C(CCS(=O)(=O)c1ccc2cc(Cl)ccc2c1)N1CCC(N2Cc3cnc(CO)n3C2=O)CC1,8.1,2,nM,CHEMBL593482,-8.1,0.9000000000000004,CHEMBL244,coagulation_factor_X,False,False,False
O=C(CCS(=O)(=O)c1ccc2cc(Cl)ccc2c1)N1CCC(c2cnc3ccccn23)CC1,7.92,1,nM,CHEMBL486716,-7.92,1.08,CHEMBL244,coagulation_factor_X,False,False,False
O=C(CCS(=O)(=O)c1ccc2cc(Cl)ccc2c1)N1CCC(c2cnc3n2CCCC3)CC1,7.64,1,nM,CHEMBL519562,-7.64,1.3600000000000003,CHEMBL244,coagulation_factor_X,False,False,False
O=C(CCS(=O)(=O)c1ccc2cc(Cl)ccc2c1)N1CCC(c2cnc[nH]2)CC1,6.77,1,nM,CHEMBL486717,-6.77,2.2300000000000004,CHEMBL244,coagulation_factor_X,False,False,False
O=C(CCS(=O)(=O)c1ccc2cc(Cl)ccc2c1)N1CCC(c2ncc[nH]2)CC1,5.8,1,nM,CHEMBL482890,-5.8,3.2,CHEMBL244,coagulation_factor_X,False,False,False
O=C(CCS(=O)(=O)c1ccc2cc(Cl)ccc2c1)N1CCC(n2ccnc2)CC1,5.85,1,nM,CHEMBL482685,-5.85,3.1500000000000004,CHEMBL244,coagulation_factor_X,False,False,False
O=C(CCS(=O)(=O)c1ccc2cc(Cl)ccc2c1)N1CCN(c2ccc3nccn3c2)CC1,7.06,1,nM,CHEMBL261524,-7.06,1.9400000000000004,CHEMBL244,coagulation_factor_X,False,False,False
O=C(CCS(=O)(=O)c1ccc2cc(Cl)ccc2c1)N1CCN(c2cccc3nc(CO)cn23)CC1,8.030000000000001,2,nM,CHEMBL259603,-8.030000000000001,0.9699999999999989,CHEMBL244,coagulation_factor_X,False,False,False
O=C(CCS(=O)(=O)c1ccc2cc(Cl)ccc2c1)N1CCN(c2cccc3ncc(CO)n23)CC1,7.54,1,nM,CHEMBL261774,-7.54,1.46,CHEMBL244,coagulation_factor_X,False,False,False
O=C(CCS(=O)(=O)c1ccc2cc(Cl)ccc2c1)N1CCN(c2cccc3ncc([N+](=O)[O-])n23)CC1,7.62,1,nM,CHEMBL261775,-7.62,1.38,CHEMBL244,coagulation_factor_X,False,False,False
O=C(CCS(=O)(=O)c1ccc2cc(Cl)ccc2c1)N1CCN(c2cccc3nccn23)CC1,7.68,1,nM,CHEMBL409851,-7.68,1.3200000000000003,CHEMBL244,coagulation_factor_X,False,False,False
O=C(CCS(=O)(=O)c1ccc2cc(Cl)ccc2c1)N1CCN(c2ccn3ccnc3c2)CC1,7.11,1,nM,CHEMBL259663,-7.11,1.8899999999999997,CHEMBL244,coagulation_factor_X,False,False,False
O=C(CCS(=O)(=O)c1ccc2cc(Cl)ccc2c1)N1CCN(c2ccncc2)CC1,6.8,1,nM,CHEMBL271604,-6.8,2.2,CHEMBL244,coagulation_factor_X,False,False,False
O=C(CCc1ccc2[nH]c(-c3ccc(Br)s3)nc2c1)NCC1CCN(c2ccncc2)CC1,7.24,1,nM,CHEMBL125491,-7.24,1.7599999999999998,CHEMBL244,coagulation_factor_X,False,False,False
O=C(CCc1ccc2[nH]c(-c3ccc(Cl)s3)nc2c1)Nc1ccc(-n2ccccc2=O)c(F)c1,8.12,1,nM,CHEMBL122102,-8.12,0.8800000000000008,CHEMBL244,coagulation_factor_X,False,False,False
O=C(CCc1ccc2[nH]c(-c3ccc(Cl)s3)nc2c1)Nc1ccc(N2CCOCC2=O)c(Cl)c1,8.15,1,nM,CHEMBL125552,-8.15,0.8499999999999996,CHEMBL244,coagulation_factor_X,False,False,False
O=C(CCc1ccc2[nH]c(-c3ccc(Cl)s3)nc2c1)Nc1ccc(N2CCOCC2=O)cc1,8.0,1,nM,CHEMBL125939,-8.0,1.0,CHEMBL244,coagulation_factor_X,False,False,False
O=C(CCc1ccc2[nH]c(-c3ccc(Cl)s3)nc2c1)Nc1ccc(N2CCOCC2=O)cc1F,8.23,2,nM,CHEMBL125499,-8.23,0.7699999999999996,CHEMBL244,coagulation_factor_X,False,False,False
O=C(CN(CC1CC1)C(=O)Nc1ccc(Cl)cc1)Nc1ccc(-n2ccccc2=O)cc1F,8.4,1,nM,CHEMBL1269833,-8.4,0.5999999999999996,CHEMBL244,coagulation_factor_X,False,False,False
O=C(CN(CCCS(=O)(=O)c1ccc2cc(Cl)ccc2c1)C(=O)C1CCN(c2ccncc2)CC1)ON1CCOCC1,7.07,1,nM,CHEMBL405898,-7.07,1.9299999999999997,CHEMBL244,coagulation_factor_X,False,False,False
O=C(CN1CC(O)C(NC(=O)c2ccc(Cl)s2)C1)Nc1ccc(-n2ccccc2=O)cc1F,8.8,12,nM,CHEMBL3955803,-8.8,0.1999999999999993,CHEMBL244,coagulation_factor_X,False,False,False
O=C(CN1CCCCC(NS(=O)(=O)Cc2ccccc2)C1=O)N[C@@H](CC1CCNCC1)C(=O)C(=O)NCc1ccccc1,5.28,1,nM,CHEMBL281130,-5.28,3.7199999999999998,CHEMBL244,coagulation_factor_X,False,False,False
O=C(CN1CCCC[C@H](N/C(=C/[N+](=O)[O-])Nc2ccc3c(c2)CCO3)C1=O)N1CCCC1,5.82,1,nM,CHEMBL381456,-5.82,3.1799999999999997,CHEMBL244,coagulation_factor_X,False,False,False
O=C(CN1CCCC[C@H](N/C(=C/[N+](=O)[O-])Nc2ccc3ccccc3c2)C1=O)N1CCCC1,6.0,1,nM,CHEMBL437053,-6.0,3.0,CHEMBL244,coagulation_factor_X,False,False,False
O=C(CN1CCCC[C@H](N/C(=C/[N+](=O)[O-])Nc2ccc3occc3c2)C1=O)N1CCCC1,6.27,1,nM,CHEMBL199444,-6.27,2.7300000000000004,CHEMBL244,coagulation_factor_X,False,False,False
O=C(CN1CCCC[C@H](N/C(=C/[N+](=O)[O-])Nc2ccccc2)C1=O)N1CCCC1,4.78,1,nM,CHEMBL198856,-4.78,4.22,CHEMBL244,coagulation_factor_X,False,False,False
O=C(CN1CCC[C@H](NS(=O)(=O)/C=C/c2ccc(Cl)s2)C1=O)N1CCCC1,7.21,1,nM,CHEMBL1923444,-7.21,1.79,CHEMBL244,coagulation_factor_X,False,False,False
O=C(CN1CCC[C@H](NS(=O)(=O)c2cc3cc(Cl)ccc3s2)C1=O)N1CCCC1,7.22,1,nM,CHEMBL1923448,-7.22,1.7800000000000002,CHEMBL244,coagulation_factor_X,False,False,False
O=C(CN1CCC[C@H](NS(=O)(=O)c2cc3ccc(Cl)cc3s2)C1=O)N1CCCC1,6.91,1,nM,CHEMBL1923447,-6.91,2.09,CHEMBL244,coagulation_factor_X,False,False,False
O=C(CN1CCC[C@H](NS(=O)(=O)c2cc3ccc(Cl)nc3s2)C1=O)N1CCCC1,7.85,1,nM,CHEMBL1923457,-7.85,1.1500000000000004,CHEMBL244,coagulation_factor_X,False,False,False
O=C(CN1CCC[C@H](NS(=O)(=O)c2cc3ccccc3s2)C1=O)N1CCCC1,5.55,1,nM,CHEMBL1923446,-5.55,3.45,CHEMBL244,coagulation_factor_X,False,False,False
O=C(CN1CCC[C@H](NS(=O)(=O)c2ccc(-c3ccc(Cl)s3)s2)C1=O)N1CCCC1,7.29,1,nM,CHEMBL1923456,-7.29,1.71,CHEMBL244,coagulation_factor_X,False,False,False
O=C(CN1CCC[C@H](NS(=O)(=O)c2ccc(Br)cc2)C1=O)N1CCCC1,5.01,1,nM,CHEMBL1923442,-5.01,3.99,CHEMBL244,coagulation_factor_X,False,False,False
O=C(CN1CCC[C@H](NS(=O)(=O)c2ccc(Cl)s2)C1=O)N1CCCC1,4.93,1,nM,CHEMBL1923443,-4.93,4.07,CHEMBL244,coagulation_factor_X,False,False,False
O=C(CN1CCC[C@H](NS(=O)(=O)c2ccc3c(Cl)cccc3c2)C1=O)N1CCCC1,5.65,1,nM,CHEMBL1923451,-5.65,3.3499999999999996,CHEMBL244,coagulation_factor_X,False,False,False
O=C(CN1CCC[C@H](NS(=O)(=O)c2ccc3cc(Br)ccc3c2)C1=O)N1CCCC1,7.72,1,nM,CHEMBL1923454,-7.72,1.2800000000000002,CHEMBL244,coagulation_factor_X,False,False,False
O=C(CN1CCC[C@H](NS(=O)(=O)c2ccc3cc(Cl)ccc3c2)C1=O)N1CC2CC(C1)CN(C(=O)C1CCNCC1)C2,7.89,1,nM,CHEMBL1923562,-7.89,1.1100000000000003,CHEMBL244,coagulation_factor_X,False,False,False
O=C(CN1CCC[C@H](NS(=O)(=O)c2ccc3cc(Cl)ccc3c2)C1=O)N1CC2CNCC(C2)C1,7.66,1,nM,CHEMBL1923467,-7.66,1.3399999999999999,CHEMBL244,coagulation_factor_X,False,False,False
O=C(CN1CCC[C@H](NS(=O)(=O)c2ccc3cc(Cl)ccc3c2)C1=O)N1CCC(c2cccnc2)C1,6.47,1,nM,CHEMBL1923460,-6.47,2.5300000000000002,CHEMBL244,coagulation_factor_X,False,False,False
O=C(CN1CCC[C@H](NS(=O)(=O)c2ccc3cc(Cl)ccc3c2)C1=O)N1CCCC1,7.5,1,nM,CHEMBL1923453,-7.5,1.5,CHEMBL244,coagulation_factor_X,False,False,False
O=C(CN1CCC[C@H](NS(=O)(=O)c2ccc3cc(Cl)ccc3c2)C1=O)N1CCCCC1,6.92,1,nM,CHEMBL1923462,-6.92,2.08,CHEMBL244,coagulation_factor_X,False,False,False
O=C(CN1CCC[C@H](NS(=O)(=O)c2ccc3cc(Cl)ccc3c2)C1=O)N1CCOCC1,6.17,1,nM,CHEMBL1923463,-6.17,2.83,CHEMBL244,coagulation_factor_X,False,False,False
O=C(CN1CCC[C@H](NS(=O)(=O)c2ccc3cc(Cl)ccc3c2)C1=O)N1CCSC1,7.24,1,nM,CHEMBL1923461,-7.24,1.7599999999999998,CHEMBL244,coagulation_factor_X,False,False,False
O=C(CN1CCC[C@H](NS(=O)(=O)c2ccc3cc(Cl)ccc3c2)C1=O)N1C[C@@H]2C[C@H](C1)c1cccc(=O)n1C2,7.89,1,nM,CHEMBL1923468,-7.89,1.1100000000000003,CHEMBL244,coagulation_factor_X,False,False,False
O=C(CN1CCC[C@H](NS(=O)(=O)c2ccc3ccc(Cl)cc3c2)C1=O)N1CCCC1,6.0,1,nM,CHEMBL1923452,-6.0,3.0,CHEMBL244,coagulation_factor_X,False,False,False
O=C(CN1CCC[C@H](NS(=O)(=O)c2ccc3ccccc3c2)C1=O)N1CCCC1,5.77,1,nM,CHEMBL1923450,-5.77,3.2300000000000004,CHEMBL244,coagulation_factor_X,False,False,False
O=C(CN1CCC[C@H](NS(=O)(=O)c2nc3ccc(Cl)cc3[nH]2)C1=O)N1CCCC1,7.5,1,nM,CHEMBL1923455,-7.5,1.5,CHEMBL244,coagulation_factor_X,False,False,False
O=C(CN1CC[C@@H](NC(=O)c2ccc(Cl)s2)C1)Nc1ccc(-n2ccccc2=O)cc1F,8.725000000000001,12,nM,CHEMBL557915,-8.725000000000001,0.2749999999999986,CHEMBL244,coagulation_factor_X,False,False,False
O=C(CN1C[C@H](NC(=O)c2ccc(Cl)s2)[C@@H](F)C1)Nc1ccc(-n2ccccc2=O)cc1F,8.114999999999998,12,nM,CHEMBL550453,-8.114999999999998,0.8850000000000016,CHEMBL244,coagulation_factor_X,False,False,False
O=C(CNC(=O)Nc1ccc(Cl)cc1)Nc1ccc(N2CCOCC2=O)cc1,7.5,1,nM,CHEMBL125495,-7.5,1.5,CHEMBL244,coagulation_factor_X,False,False,False
O=C(COc1ccc2[nH]c(-c3ccc(Cl)s3)nc2c1)Nc1ccc(N2CCOCC2=O)cc1,6.82,1,nM,CHEMBL123151,-6.82,2.1799999999999997,CHEMBL244,coagulation_factor_X,False,False,False
O=C(Cc1ccc(N2CCOCC2=O)cc1)Nc1ccc2[nH]c(-c3ccc(Cl)s3)nc2c1,5.92,1,nM,CHEMBL124657,-5.92,3.08,CHEMBL244,coagulation_factor_X,False,False,False
O=C(Cc1ccc2[nH]c(-c3ccc(Br)s3)nc2c1)NCC1CCN(c2ccncc2)CC1,8.28,1,nM,CHEMBL124658,-8.28,0.7200000000000006,CHEMBL244,coagulation_factor_X,False,False,False
O=C(Cc1ccc2[nH]c(-c3ccc(Br)s3)nc2c1)Nc1ccc(-n2ccccc2=O)cc1,7.2,1,nM,CHEMBL419608,-7.2,1.7999999999999998,CHEMBL244,coagulation_factor_X,False,False,False
O=C(Cc1ccc2[nH]c(-c3ccc(Cl)s3)nc2c1)NCC1CCN(c2ccncc2)CC1,7.85,1,nM,CHEMBL126208,-7.85,1.1500000000000004,CHEMBL244,coagulation_factor_X,False,False,False
O=C(Cc1ccc2[nH]c(-c3ccc(Cl)s3)nc2c1)NCc1ccc(N2CCOCC2=O)cc1,6.77,1,nM,CHEMBL264876,-6.77,2.2300000000000004,CHEMBL244,coagulation_factor_X,False,False,False
O=C(Cc1ccc2[nH]c(-c3ccc(Cl)s3)nc2c1)Nc1ccc(N2CCCC2=O)cc1,6.28,1,nM,CHEMBL124846,-6.28,2.7199999999999998,CHEMBL244,coagulation_factor_X,False,False,False
O=C(Cc1ccc2[nH]c(-c3ccc(Cl)s3)nc2c1)Nc1ccc(N2CCCCC2=O)cc1,6.58,1,nM,CHEMBL124705,-6.58,2.42,CHEMBL244,coagulation_factor_X,False,False,False
O=C(Cc1ccc2[nH]c(-c3ccc(Cl)s3)nc2c1)Nc1ccc(N2CCOCC2=O)cc1,6.64,1,nM,CHEMBL125839,-6.64,2.3600000000000003,CHEMBL244,coagulation_factor_X,False,False,False
O=C(Cn1c(C(=O)Nc2ccc(-n3ccncc3=O)cc2)nc2ccccc21)Nc1ccc(Cl)cn1,7.890000000000001,12,nM,CHEMBL3957468,-7.890000000000001,1.1099999999999994,CHEMBL244,coagulation_factor_X,False,False,False
O=C(Cn1cccc(NS(=O)(=O)Cc2ccccc2)c1=O)N[C@@H](CC1CCNCC1)C(=O)C(=O)NCc1ccccc1,5.44,1,nM,CHEMBL120328,-5.44,3.5599999999999996,CHEMBL244,coagulation_factor_X,False,False,False
O=C(Cn1cnc(NC(=O)c2ccc(Cl)s2)n1)Nc1ccc(-n2ccccc2=O)cc1F,8.844999999999999,12,nM,CHEMBL564248,-8.844999999999999,0.15500000000000114,CHEMBL244,coagulation_factor_X,False,False,False
O=C(N1CCCC1)N1CC[C@H](CNS(=O)(=O)c2ccc(-c3ccc(Cl)s3)s2)C1,6.89,1,nM,CHEMBL250462,-6.89,2.1100000000000003,CHEMBL244,coagulation_factor_X,False,False,False
O=C(N1CC[C@H](CNS(=O)(=O)c2ccc(-c3ccc(Cl)s3)s2)C1)N1CCC[C@H]1CN1CCCC1,7.4,1,nM,CHEMBL250648,-7.4,1.5999999999999996,CHEMBL244,coagulation_factor_X,False,False,False
O=C(NCC1CN(c2ccc(-n3cccc3)cc2)C(=O)O1)c1ccc(Cl)s1,5.77,1,nM,CHEMBL3671221,-5.77,3.2300000000000004,CHEMBL244,coagulation_factor_X,False,False,False
O=C(NCC1CN(c2ccc(C3CCCCC3)cc2)C(=O)O1)c1ccc(Cl)s1,6.07,1,nM,CHEMBL3671213,-6.07,2.9299999999999997,CHEMBL244,coagulation_factor_X,False,False,False
O=C(NCC1CN(c2ccc(N3CCC(O)C3)c(F)c2)C(=O)O1)c1ccc(Cl)s1,7.21,1,nM,CHEMBL3671215,-7.21,1.79,CHEMBL244,coagulation_factor_X,False,False,False
O=C(NCC1CN(c2ccc(N3CCC3)c(F)c2)C(=O)O1)c1ccc(Cl)s1,6.92,1,nM,CHEMBL3671214,-6.92,2.08,CHEMBL244,coagulation_factor_X,False,False,False
O=C(NCC1CN(c2ccc(N3CCCC(O)C3)c(F)c2)C(=O)O1)c1ccc(Cl)s1,6.32,1,nM,CHEMBL3671216,-6.32,2.6799999999999997,CHEMBL244,coagulation_factor_X,False,False,False
O=C(NCC1CN(c2ccc(N3CCCC3=O)cc2)C(=O)O1)c1ccc(Br)s1,7.85,1,nM,CHEMBL3671230,-7.85,1.1500000000000004,CHEMBL244,coagulation_factor_X,False,False,False
O=C(NCC1CN(c2ccc(N3CCCC3=O)cc2)C(=O)O1)c1cccs1,5.89,1,nM,CHEMBL3671228,-5.89,3.1100000000000003,CHEMBL244,coagulation_factor_X,False,False,False
O=C(NCC1CN(c2ccc(N3CCCS3(=O)=O)cc2)C(=O)O1)c1ccc(Cl)s1,6.85,1,nM,CHEMBL3671246,-6.85,2.1500000000000004,CHEMBL244,coagulation_factor_X,False,False,False
O=C(NCC1CN(c2ccc(NCCCO)cc2)C(=O)O1)c1ccc(Cl)s1,6.38,1,nM,CHEMBL3671220,-6.38,2.62,CHEMBL244,coagulation_factor_X,False,False,False
O=C(NCC1CN(c2ccc(NS(=O)(=O)CCCCl)cc2)C(=O)O1)c1ccc(Cl)s1,5.77,1,nM,CHEMBL3671245,-5.77,3.2300000000000004,CHEMBL244,coagulation_factor_X,False,False,False
O=C(NCC1CN(c2ccc(S(=O)(=O)N3CCCC3)cc2)C(=O)O1)c1ccc(Cl)s1,6.3,1,nM,CHEMBL3671250,-6.3,2.7,CHEMBL244,coagulation_factor_X,False,False,False
O=C(NCC1CN(c2ccccc2)C(=O)O1)c1ccc(Cl)s1,5.7,1,nM,CHEMBL3671231,-5.7,3.3,CHEMBL244,coagulation_factor_X,False,False,False
O=C(NCCCS(=O)(=O)c1ccc2cc(Cl)ccc2c1)C1CCN(c2ccncc2)CC1,6.33,1,nM,CHEMBL270323,-6.33,2.67,CHEMBL244,coagulation_factor_X,False,False,False
O=C(NCCS(=O)(=O)Nc1ccc(-n2ccncc2=O)cc1)c1ccc(Cl)s1,7.5,12,nM,CHEMBL3959350,-7.5,1.5,CHEMBL244,coagulation_factor_X,False,False,False
O=C(NC[C@@H]1OC(=O)N2c3ccc(N4CCC5(CC4=O)OCCO5)cc3OC[C@@H]12)c1ccc(Cl)s1,5.6,1,nM,CHEMBL3330447,-5.6,3.4000000000000004,CHEMBL244,coagulation_factor_X,False,False,False
O=C(NC[C@@H]1OC(=O)N2c3ccc(N4CCCCC4=O)cc3CC[C@@H]12)c1ccc(Cl)s1,8.18,1,nM,CHEMBL3330491,-8.18,0.8200000000000003,CHEMBL244,coagulation_factor_X,False,False,False
O=C(NC[C@@H]1OC(=O)N2c3ccc(N4CCCCC4=O)cc3NC[C@@H]12)c1ccc(Cl)s1,7.82,1,nM,CHEMBL3330494,-7.82,1.1799999999999997,CHEMBL244,coagulation_factor_X,False,False,False
O=C(NC[C@@H]1OC(=O)N2c3ccc(N4CCCCC4=O)cc3OC[C@@H]12)c1ccc(Cl)s1,7.69,1,nM,CHEMBL3330444,-7.69,1.3099999999999996,CHEMBL244,coagulation_factor_X,False,False,False
O=C(NC[C@@H]1OC(=O)N2c3ccc(N4CCCCC4=O)cc3S(=O)(=O)C[C@@H]12)c1ccc(Cl)s1,7.3,1,nM,CHEMBL3330487,-7.3,1.7000000000000002,CHEMBL244,coagulation_factor_X,False,False,False
O=C(NC[C@@H]1OC(=O)N2c3ccc(N4CCCCC4=O)cc3SC[C@@H]12)c1ccc(Cl)s1,8.31,1,nM,CHEMBL3330483,-8.31,0.6899999999999995,CHEMBL244,coagulation_factor_X,False,False,False
O=C(NC[C@@H]1OC(=O)N2c3ccc(N4CCN(Cc5ccccc5)CC4=O)cc3OC[C@@H]12)c1ccc(Cl)s1,4.95,1,nM,CHEMBL3330457,-4.95,4.05,CHEMBL244,coagulation_factor_X,False,False,False
O=C(NC[C@@H]1OC(=O)N2c3ccc(N4CCN(S(=O)(=O)c5ccccc5)CC4=O)cc3OC[C@@H]12)c1ccc(Cl)s1,5.26,1,nM,CHEMBL3330460,-5.26,3.74,CHEMBL244,coagulation_factor_X,False,False,False
O=C(NC[C@@H]1OC(=O)N2c3ccc(N4CCNCC4=O)cc3OC[C@@H]12)c1ccc(Cl)s1,6.72,1,nM,CHEMBL3330454,-6.72,2.2800000000000002,CHEMBL244,coagulation_factor_X,False,False,False
O=C(NC[C@@H]1OC(=O)N2c3ccc(N4CCOC4=O)cc3OC[C@@H]12)c1ccc(Cl)s1,6.14,1,nM,CHEMBL3330446,-6.14,2.8600000000000003,CHEMBL244,coagulation_factor_X,False,False,False
O=C(NC[C@@H]1OC(=O)N2c3ccc(N4CCOCC4=O)cc3CC[C@@H]12)c1ccc(Cl)s1,8.33,1,nM,CHEMBL3330490,-8.33,0.6699999999999999,CHEMBL244,coagulation_factor_X,False,False,False
O=C(NC[C@@H]1OC(=O)N2c3ccc(N4CCOCC4=O)cc3NC[C@@H]12)c1ccc(Cl)s1,8.3,1,nM,CHEMBL3330493,-8.3,0.6999999999999993,CHEMBL244,coagulation_factor_X,False,False,False
O=C(NC[C@@H]1OC(=O)N2c3ccc(N4CCOCC4=O)cc3OC[C@@H]12)C(=O)Nc1ccc(Cl)cc1,6.51,1,nM,CHEMBL3330479,-6.51,2.49,CHEMBL244,coagulation_factor_X,False,False,False
O=C(NC[C@@H]1OC(=O)N2c3ccc(N4CCOCC4=O)cc3OC[C@@H]12)C(=O)Nc1ccc(Cl)cn1,5.92,1,nM,CHEMBL3330478,-5.92,3.08,CHEMBL244,coagulation_factor_X,False,False,False
O=C(NC[C@@H]1OC(=O)N2c3ccc(N4CCOCC4=O)cc3OC[C@@H]12)C(=O)Nc1ccc(Cl)s1,6.25,1,nM,CHEMBL3330477,-6.25,2.75,CHEMBL244,coagulation_factor_X,False,False,False
O=C(NC[C@@H]1OC(=O)N2c3ccc(N4CCOCC4=O)cc3OC[C@@H]12)C(Cl)Cl,4.28,1,nM,CHEMBL3330474,-4.28,4.72,CHEMBL244,coagulation_factor_X,False,False,False
O=C(NC[C@@H]1OC(=O)N2c3ccc(N4CCOCC4=O)cc3OC[C@@H]12)Nc1ccc(Cl)cc1,7.49,1,nM,CHEMBL3330476,-7.49,1.5099999999999998,CHEMBL244,coagulation_factor_X,False,False,False
O=C(NC[C@@H]1OC(=O)N2c3ccc(N4CCOCC4=O)cc3OC[C@@H]12)Nc1ccc(Cl)s1,7.05,1,nM,CHEMBL3330475,-7.05,1.9500000000000002,CHEMBL244,coagulation_factor_X,False,False,False
O=C(NC[C@@H]1OC(=O)N2c3ccc(N4CCOCC4=O)cc3OC[C@@H]12)c1cc(Cl)c(Cl)s1,5.09,1,nM,CHEMBL3330466,-5.09,3.91,CHEMBL244,coagulation_factor_X,False,False,False
O=C(NC[C@@H]1OC(=O)N2c3ccc(N4CCOCC4=O)cc3OC[C@@H]12)c1cc2cc(Cl)ccc2s1,4.59,1,nM,CHEMBL3330470,-4.59,4.41,CHEMBL244,coagulation_factor_X,False,False,False
O=C(NC[C@@H]1OC(=O)N2c3ccc(N4CCOCC4=O)cc3OC[C@@H]12)c1cc2ccc(Cl)cc2s1,5.76,1,nM,CHEMBL3330469,-5.76,3.24,CHEMBL244,coagulation_factor_X,False,False,False
O=C(NC[C@@H]1OC(=O)N2c3ccc(N4CCOCC4=O)cc3OC[C@@H]12)c1ccc(Cl)cc1,6.8,1,nM,CHEMBL3330463,-6.8,2.2,CHEMBL244,coagulation_factor_X,False,False,False
O=C(NC[C@@H]1OC(=O)N2c3ccc(N4CCOCC4=O)cc3OC[C@@H]12)c1ccc(Cl)cn1,6.15,1,nM,CHEMBL3330464,-6.15,2.8499999999999996,CHEMBL244,coagulation_factor_X,False,False,False
O=C(NC[C@@H]1OC(=O)N2c3ccc(N4CCOCC4=O)cc3OC[C@@H]12)c1ccc(Cl)s1,8.47,1,nM,CHEMBL3330442,-8.47,0.5299999999999994,CHEMBL244,coagulation_factor_X,False,False,False
O=C(NC[C@@H]1OC(=O)N2c3ccc(N4CCOCC4=O)cc3OC[C@@H]12)c1cnc(Cl)s1,5.15,1,nM,CHEMBL3330467,-5.15,3.8499999999999996,CHEMBL244,coagulation_factor_X,False,False,False
O=C(NC[C@@H]1OC(=O)N2c3ccc(N4CCOCC4=O)cc3OC[C@H]12)c1ccc(Cl)s1,7.24,1,nM,CHEMBL3330443,-7.24,1.7599999999999998,CHEMBL244,coagulation_factor_X,False,False,False
O=C(NC[C@@H]1OC(=O)N2c3ccc(N4CCOCC4=O)cc3S(=O)(=O)C[C@@H]12)c1ccc(Cl)s1,7.76,1,nM,CHEMBL3330486,-7.76,1.2400000000000002,CHEMBL244,coagulation_factor_X,False,False,False
O=C(NC[C@@H]1OC(=O)N2c3ccc(N4CCOCC4=O)cc3SC[C@@H]12)c1ccc(Cl)cc1,7.34,1,nM,CHEMBL3330484,-7.34,1.6600000000000001,CHEMBL244,coagulation_factor_X,False,False,False
O=C(NC[C@@H]1OC(=O)N2c3ccc(N4CCOCC4=O)cc3SC[C@@H]12)c1ccc(Cl)s1,8.6,1,nM,CHEMBL3330482,-8.6,0.40000000000000036,CHEMBL244,coagulation_factor_X,False,False,False
O=C(NC[C@@H]1OC(=O)N2c3ccc(N4CCOCC4=O)cc3[S+]([O-])C[C@@H]12)c1ccc(Cl)s1,7.19,1,nM,CHEMBL3330485,-7.19,1.8099999999999996,CHEMBL244,coagulation_factor_X,False,False,False
O=C(NC[C@@H]1OC(=O)N2c3ccc(N4CC[C@@H](F)CC4=O)cc3OC[C@@H]12)c1ccc(Cl)s1,7.39,1,nM,CHEMBL3330453,-7.39,1.6100000000000003,CHEMBL244,coagulation_factor_X,False,False,False
O=C(NC[C@@H]1OC(=O)N2c3ccc(N4CC[C@@H](O)CC4=O)cc3OC[C@@H]12)c1ccc(Cl)s1,6.89,1,nM,CHEMBL3330450,-6.89,2.1100000000000003,CHEMBL244,coagulation_factor_X,False,False,False
O=C(NC[C@@H]1OC(=O)N2c3ccc(N4CC[C@H](F)CC4=O)cc3OC[C@@H]12)c1ccc(Cl)s1,7.33,1,nM,CHEMBL3330451,-7.33,1.67,CHEMBL244,coagulation_factor_X,False,False,False
O=C(NC[C@@H]1OC(=O)N2c3ccc(N4CC[C@H](O)CC4=O)cc3OC[C@@H]12)c1ccc(Cl)s1,5.91,1,nM,CHEMBL3330452,-5.91,3.09,CHEMBL244,coagulation_factor_X,False,False,False
O=C(NC[C@H](NS(=O)(=O)c1cccc(N2CCOCC2=O)c1Cl)C(=O)N1CCC(O)CC1)c1ccc(Cl)s1,8.52,1,nM,CHEMBL3091513,-8.52,0.4800000000000004,CHEMBL244,coagulation_factor_X,False,False,False
O=C(NC[C@H]1CN(c2c(F)cc(-n3cccc3CN3CCCC3)cc2F)C(=O)O1)c1ccc(Cl)s1,5.529999999999999,2,nM,CHEMBL3415988,-5.529999999999999,3.4700000000000006,CHEMBL244,coagulation_factor_X,False,False,False
O=C(NC[C@H]1CN(c2ccc(-c3nc(CN4CCCC4)cs3)cc2)C(=O)O1)c1ccc(Cl)s1,5.595000000000001,2,nM,CHEMBL3415999,-5.595000000000001,3.4049999999999994,CHEMBL244,coagulation_factor_X,False,False,False
O=C(NC[C@H]1CN(c2ccc(-c3nc(CN4CCCCC4)cs3)cc2)C(=O)O1)c1ccc(Cl)s1,5.550000000000001,2,nM,CHEMBL3416000,-5.550000000000001,3.4499999999999993,CHEMBL244,coagulation_factor_X,False,False,False
O=C(NC[C@H]1CN(c2ccc(-c3nc(CN4CCOCC4)cs3)cc2)C(=O)O1)c1ccc(Cl)s1,5.43,2,nM,CHEMBL3416003,-5.43,3.5700000000000003,CHEMBL244,coagulation_factor_X,False,False,False
O=C(NC[C@H]1CN(c2ccc(-n3c(CN4CCCCC4)cc4ccccc43)cc2)C(=O)O1)c1ccc(Cl)s1,4.96,1,nM,CHEMBL3415992,-4.96,4.04,CHEMBL244,coagulation_factor_X,False,False,False
O=C(NC[C@H]1CN(c2ccc(-n3c(CN4CCOCC4)cc4ccccc43)cc2)C(=O)O1)c1ccc(Cl)s1,4.975,2,nM,CHEMBL3415991,-4.975,4.025,CHEMBL244,coagulation_factor_X,False,False,False
O=C(NC[C@H]1CN(c2ccc(-n3cccc3CN3CCC3)cc2)C(=O)O1)c1ccc(Cl)s1,6.02,2,nM,CHEMBL3415977,-6.02,2.9800000000000004,CHEMBL244,coagulation_factor_X,False,False,False
O=C(NC[C@H]1CN(c2ccc(-n3cccc3CN3CCCC3)cc2)C(=O)O1)c1ccc(Cl)s1,5.81,2,nM,CHEMBL3415978,-5.81,3.1900000000000004,CHEMBL244,coagulation_factor_X,False,False,False
O=C(NC[C@H]1CN(c2ccc(-n3cccc3CN3CCCC3)cc2F)C(=O)O1)c1ccc(Cl)s1,5.6,2,nM,CHEMBL3415985,-5.6,3.4000000000000004,CHEMBL244,coagulation_factor_X,False,False,False
O=C(NC[C@H]1CN(c2ccc(-n3cccc3CN3CCCCC3)cc2)C(=O)O1)c1ccc(Cl)s1,5.5600000000000005,2,nM,CHEMBL3415979,-5.5600000000000005,3.4399999999999995,CHEMBL244,coagulation_factor_X,False,False,False
O=C(NC[C@H]1CN(c2ccc(-n3cccc3CN3CCOCC3)cc2)C(=O)O1)c1ccc(Cl)s1,5.505000000000001,2,nM,CHEMBL3415980,-5.505000000000001,3.494999999999999,CHEMBL244,coagulation_factor_X,False,False,False
O=C(NC[C@H]1CN(c2ccc(N3CCC3=O)c(F)c2)C(=O)O1)c1ccc(Cl)s1,6.42,1,nM,CHEMBL3671248,-6.42,2.58,CHEMBL244,coagulation_factor_X,False,False,False
O=C(NC[C@H]1CN(c2ccc(N3CCCC3)c(F)c2)C(=O)O1)c1ccc(Cl)s1,8.69,13,nM,CHEMBL372956,-8.69,0.3100000000000005,CHEMBL244,coagulation_factor_X,False,False,False
O=C(NC[C@H]1CN(c2ccc(N3CCCC3)cc2)C(=O)O1)c1ccc(Cl)s1,7.4,1,nM,CHEMBL3671222,-7.4,1.5999999999999996,CHEMBL244,coagulation_factor_X,False,False,False
O=C(NC[C@H]1CN(c2ccc(N3CCCC3=O)c(F)c2)C(=O)O1)c1ccc(Br)s1,8.7,1,nM,CHEMBL3671210,-8.7,0.3000000000000007,CHEMBL244,coagulation_factor_X,False,False,False
O=C(NC[C@H]1CN(c2ccc(N3CCCC3=O)c(F)c2)C(=O)O1)c1ccc(Cl)s1,8.48,1,nM,CHEMBL3671212,-8.48,0.5199999999999996,CHEMBL244,coagulation_factor_X,False,False,False
O=C(NC[C@H]1CN(c2ccc(N3CCCC3=O)cc2)C(=O)O1)c1ccc(Br)s1,8.4,1,nM,CHEMBL3671206,-8.4,0.5999999999999996,CHEMBL244,coagulation_factor_X,False,False,False
O=C(NC[C@H]1CN(c2ccc(N3CCCC3=O)cc2)C(=O)O1)c1ccc(Cl)s1,9.16,15,nM,CHEMBL197377,-9.16,-0.16000000000000014,CHEMBL244,coagulation_factor_X,False,False,False
O=C(NC[C@H]1CN(c2ccc(N3CCCCC3=O)c(F)c2)C(=O)O1)c1ccc(Cl)s1,8.55,1,nM,CHEMBL3671247,-8.55,0.4499999999999993,CHEMBL244,coagulation_factor_X,False,False,False
O=C(NC[C@H]1CN(c2ccc(N3CCCCC3=O)cc2)C(=O)O1)c1ccc(Br)s1,9.0,1,nM,CHEMBL3671211,-9.0,0.0,CHEMBL244,coagulation_factor_X,False,False,False
O=C(NC[C@H]1CN(c2ccc(N3CCN(C(=O)CO)CC3)c(F)c2)C(=O)O1)c1ccc(Cl)s1,6.92,1,nM,CHEMBL3671199,-6.92,2.08,CHEMBL244,coagulation_factor_X,False,False,False
O=C(NC[C@H]1CN(c2ccc(N3CCNCC3)c(F)c2)C(=O)O1)c1ccc(Cl)s1,7.465,14,nM,CHEMBL197624,-7.465,1.5350000000000001,CHEMBL244,coagulation_factor_X,False,False,False
O=C(NC[C@H]1CN(c2ccc(N3CCOC3=O)cc2)C(=O)O1)c1ccc(Cl)s1,7.4,1,nM,CHEMBL3671205,-7.4,1.5999999999999996,CHEMBL244,coagulation_factor_X,False,False,False
O=C(NC[C@H]1CN(c2ccc(N3CCOCC3)c(Cl)c2)C(=O)O1)c1ccc(Cl)s1,7.48,1,nM,CHEMBL3671224,-7.48,1.5199999999999996,CHEMBL244,coagulation_factor_X,False,False,False
O=C(NC[C@H]1CN(c2ccc(N3CCOCC3)c(F)c2)C(=O)O1)c1ccc(Cl)s1,8.45,14,nM,CHEMBL196162,-8.45,0.5500000000000007,CHEMBL244,coagulation_factor_X,False,False,False
O=C(NC[C@H]1CN(c2ccc(N3CCOCC3)cc2)C(=O)O1)c1ccc(Cl)s1,8.075,14,nM,CHEMBL196551,-8.075,0.9250000000000007,CHEMBL244,coagulation_factor_X,False,False,False
O=C(NC[C@H]1CN(c2ccc(N3CCOCC3=O)c(C(F)(F)F)c2)C(=O)O1)c1ccc(Cl)s1,9.12,13,nM,CHEMBL194186,-9.12,-0.11999999999999922,CHEMBL244,coagulation_factor_X,False,False,False
O=C(NC[C@H]1CN(c2ccc(N3CCOCC3=O)c(F)c2)C(=O)O1)c1ccc(Br)s1,9.15,1,nM,CHEMBL3671209,-9.15,-0.15000000000000036,CHEMBL244,coagulation_factor_X,False,False,False
O=C(NC[C@H]1CN(c2ccc(N3CCOCC3=O)c(F)c2)C(=O)O1)c1ccc(Cl)s1,9.66,13,nM,CHEMBL364284,-9.66,-0.6600000000000001,CHEMBL244,coagulation_factor_X,False,False,False
O=C(NC[C@H]1CN(c2ccc(N3CCOCC3=O)cc2)C(=O)O1)c1ccc(Br)o1,8.38,13,nM,CHEMBL381866,-8.38,0.6199999999999992,CHEMBL244,coagulation_factor_X,False,False,False
O=C(NC[C@H]1CN(c2ccc(N3CCOCC3=O)cc2)C(=O)O1)c1ccc(Br)s1,9.055,14,nM,CHEMBL383361,-9.055,-0.054999999999999716,CHEMBL244,coagulation_factor_X,False,False,False
O=C(NC[C@H]1CN(c2ccc(N3CCOCC3=O)cc2)C(=O)O1)c1ccc(Cl)cc1,8.34,13,nM,CHEMBL196492,-8.34,0.6600000000000001,CHEMBL244,coagulation_factor_X,False,False,False
O=C(NC[C@H]1CN(c2ccc(N3CCOCC3=O)cc2)C(=O)O1)c1ccc(Cl)cn1,7.39,13,nM,CHEMBL197547,-7.39,1.6100000000000003,CHEMBL244,coagulation_factor_X,False,False,False
O=C(NC[C@H]1CN(c2ccc(N3CCOCC3=O)cc2)C(=O)O1)c1ccc(Cl)nc1,7.11,13,nM,CHEMBL436293,-7.11,1.8899999999999997,CHEMBL244,coagulation_factor_X,False,False,False
O=C(NC[C@H]1CN(c2ccc(N3CCOCC3=O)cc2)C(=O)O1)c1cccc(Cl)c1,6.37,13,nM,CHEMBL372568,-6.37,2.63,CHEMBL244,coagulation_factor_X,False,False,False
O=C(NC[C@H]1CN(c2ccc(N3CCOCC3=O)cc2)C(=O)O1)c1ccccc1Cl,5.23,13,nM,CHEMBL196669,-5.23,3.7699999999999996,CHEMBL244,coagulation_factor_X,False,False,False
O=C(NC[C@H]1CN(c2ccc(N3CCOCC3=O)cc2)C(=O)O1)c1cnc(Cl)s1,6.78,13,nM,CHEMBL370176,-6.78,2.2199999999999998,CHEMBL244,coagulation_factor_X,False,False,False
O=C(NC[C@H]1CN(c2ccc(N3CCS(=O)(=O)CC3)c(F)c2)C(=O)O1)c1ccc(Cl)s1,6.68,1,nM,CHEMBL3671234,-6.68,2.3200000000000003,CHEMBL244,coagulation_factor_X,False,False,False
O=C(NC[C@H]1CN(c2ccc(N3CCSCC3)c(F)c2)C(=O)O1)c1ccc(Cl)s1,7.805,14,nM,CHEMBL194810,-7.805,1.1950000000000003,CHEMBL244,coagulation_factor_X,False,False,False
O=C(NC[C@H]1CN(c2ccc(N3CCSCC3)c(F)c2)C(=O)O1)c1cccs1,7.7,1,nM,CHEMBL196515,-7.7,1.2999999999999998,CHEMBL244,coagulation_factor_X,False,False,False
O=C(NC[C@H]1CN(c2ccc(N3CC[S+]([O-])CC3)c(F)c2)C(=O)O1)c1ccc(Cl)s1,5.96,1,nM,CHEMBL3671233,-5.96,3.04,CHEMBL244,coagulation_factor_X,False,False,False
O=C(NC[C@H]1CN(c2ccc(S(=O)(=O)N3CCC3)c(Cl)c2)C(=O)O1)c1ccc(Cl)s1,6.08,1,nM,CHEMBL3671226,-6.08,2.92,CHEMBL244,coagulation_factor_X,False,False,False
O=C(NC[C@H]1CN(c2ccc(S(=O)(=O)N3CCOCC3)c(Cl)c2)C(=O)O1)c1ccc(Cl)s1,5.7,1,nM,CHEMBL3671225,-5.7,3.3,CHEMBL244,coagulation_factor_X,False,False,False
O=C(NC[C@H]1CN(c2ccc3c(c2)OCc2nccn2-3)C(=O)O1)c1ccc(Cl)s1,6.13,1,nM,CHEMBL3671203,-6.13,2.87,CHEMBL244,coagulation_factor_X,False,False,False
O=C(NCc1cc(Cl)ccc1-n1cnnn1)[C@@H]1CC=NN1C(=O)[C@H](O)c1ccc(F)cc1,5.57,1,nM,CHEMBL3787587,-5.57,3.4299999999999997,CHEMBL244,coagulation_factor_X,False,False,False
O=C(NCc1ccc2[nH]c(-c3ccc(Cl)s3)nc2c1)c1ccc(N2CCOCC2=O)cc1,6.36,1,nM,CHEMBL125477,-6.36,2.6399999999999997,CHEMBL244,coagulation_factor_X,False,False,False
O=C(NCc1cccc(C(=O)O)c1NC(=O)c1nc2c(s1)COCC2)c1ccc(Cl)s1,6.64,1,nM,CHEMBL1923877,-6.64,2.3600000000000003,CHEMBL244,coagulation_factor_X,False,False,False
O=C(NCc1ccccc1)C(=O)[C@H](CC1CCNCC1)NC(=O)[C@H]1CCCN1C(=O)CC(c1ccccc1)c1ccccc1,4.27,1,nM,CHEMBL283570,-4.27,4.73,CHEMBL244,coagulation_factor_X,False,False,False
O=C(NCc1ccccc1)C(=O)[C@H](CC1CCNCC1)NC(=O)[C@H]1CCCN1C(=O)[C@@H]1NCC[C@H]2CCCC[C@H]21,5.54,1,nM,CHEMBL20614,-5.54,3.46,CHEMBL244,coagulation_factor_X,False,False,False
O=C(NCc1ccccc1C(=O)Nc1ccc(N2CCOCC2=O)cc1)c1ccc(Cl)s1,8.05,1,nM,CHEMBL1682883,-8.05,0.9499999999999993,CHEMBL244,coagulation_factor_X,False,False,False
O=C(N[C@@H](C(=O)Nc1ccc(N2CCOCC2=O)cc1)c1ccccc1)c1ccc(Cl)s1,4.54,1,nM,CHEMBL364371,-4.54,4.46,CHEMBL244,coagulation_factor_X,False,False,False
O=C(N[C@H](C(=O)Nc1ccc(N2CCOCC2=O)cc1)c1ccccc1)c1ccc(Cl)s1,4.58,1,nM,CHEMBL360852,-4.58,4.42,CHEMBL244,coagulation_factor_X,False,False,False
O=C(Nc1ccc(-n2ccccc2=O)cc1F)[C@H]1C[C@](O)(c2ccccc2)CN1C(=O)Nc1ccc(Cl)cc1,10.1,1,nM,CHEMBL515107,-10.1,-1.0999999999999996,CHEMBL244,coagulation_factor_X,False,False,False
O=C(Nc1ccc(-n2ccccc2=O)cc1F)[C@H]1Cc2ccccc2CN1C(=O)Nc1ccc(Cl)cn1,9.11,12,nM,CHEMBL3961484,-9.11,-0.10999999999999943,CHEMBL244,coagulation_factor_X,False,False,False
O=C(Nc1ccc(-n2ccccc2=O)cc1F)c1nc(CNC(=O)c2ccc(Cl)s2)no1,9.114999999999998,12,nM,CHEMBL3910588,-9.114999999999998,-0.11499999999999844,CHEMBL244,coagulation_factor_X,False,False,False
O=C(Nc1ccc(-n2ccccc2=O)cn1)[C@H]1C[C@](O)(c2ccc(F)c(F)c2)CN1C(=O)Nc1ccc(Cl)cc1,10.1,1,nM,CHEMBL474271,-10.1,-1.0999999999999996,CHEMBL244,coagulation_factor_X,False,False,False
O=C(Nc1ccc(-n2ccccc2=O)cn1)[C@H]1C[C@](O)(c2ccc(F)cc2)CN1C(=O)Nc1ccc(Cl)cc1,9.8,1,nM,CHEMBL474070,-9.8,-0.8000000000000007,CHEMBL244,coagulation_factor_X,False,False,False
O=C(Nc1ccc(-n2ccccc2=O)cn1)[C@H]1C[C@](O)(c2ccc(F)cc2F)CN1C(=O)Nc1ccc(Cl)cc1,10.0,2,nM,CHEMBL474678,-10.0,-1.0,CHEMBL244,coagulation_factor_X,False,False,False
O=C(Nc1ccc(-n2ccccc2=O)cn1)[C@H]1C[C@](O)(c2ccccc2)CN1C(=O)Nc1ccc(Cl)cc1,9.3,1,nM,CHEMBL515147,-9.3,-0.3000000000000007,CHEMBL244,coagulation_factor_X,False,False,False
O=C(Nc1ccc(-n2ccccc2=O)cn1)[C@H]1C[C@](O)(c2ccccc2C(F)(F)F)CN1C(=O)Nc1ccc(Cl)cc1,9.47,1,nM,CHEMBL448927,-9.47,-0.47000000000000064,CHEMBL244,coagulation_factor_X,False,False,False
O=C(Nc1ccc(-n2ccccc2=O)cn1)[C@H]1C[C@](O)(c2ccccc2Cl)CN1C(=O)Nc1ccc(Cl)cc1,10.7,1,nM,CHEMBL475682,-10.7,-1.6999999999999993,CHEMBL244,coagulation_factor_X,False,False,False
O=C(Nc1ccc(Cl)cc1)c1ccc(NC(=O)c2ccc(-c3nc4cc(Cl)c(Cl)cc4[nH]3)cc2)c(C(=O)O)c1,4.4,1,nM,CHEMBL4574612,-4.4,4.6,CHEMBL244,coagulation_factor_X,False,False,False
O=C(Nc1ccc(Cl)cc1C(=O)Nc1ccc(Cl)cn1)c1ccc(-c2cccc(N3CCC(C(=O)O)CC3)c2)cc1,8.74,1,nM,CHEMBL367386,-8.74,0.2599999999999998,CHEMBL244,coagulation_factor_X,False,False,False
O=C(Nc1ccc(Cl)cc1C(=O)Nc1ccc(Cl)cn1)c1ccc(-c2cccc(N3CCC(O)CC3)c2)cc1,8.15,1,nM,CHEMBL367644,-8.15,0.8499999999999996,CHEMBL244,coagulation_factor_X,False,False,False
O=C(Nc1ccc(Cl)cc1C(=O)Nc1ccc(Cl)cn1)c1ccc(-c2cccc(N3CCCC3)c2)cc1,8.28,1,nM,CHEMBL176830,-8.28,0.7200000000000006,CHEMBL244,coagulation_factor_X,False,False,False
O=C(Nc1ccc(Cl)cc1C(=O)Nc1ccc(Cl)cn1)c1ccc(-c2cccc(N3CCCCC3)c2)cc1,7.8,1,nM,CHEMBL176694,-7.8,1.2000000000000002,CHEMBL244,coagulation_factor_X,False,False,False
O=C(Nc1ccc(Cl)cc1C(=O)Nc1ccc(Cl)cn1)c1ccc(-c2cccc(N3CCCNCC3)c2)cc1,7.5,1,nM,CHEMBL176484,-7.5,1.5,CHEMBL244,coagulation_factor_X,False,False,False
O=C(Nc1ccc(Cl)cc1C(=O)Nc1ccc(Cl)cn1)c1ccc(-c2cccc(N3CCNCC3)c2)cc1,7.41,1,nM,CHEMBL178112,-7.41,1.5899999999999999,CHEMBL244,coagulation_factor_X,False,False,False
O=C(Nc1ccc(Cl)cc1C(=O)Nc1ccc(Cl)cn1)c1ccc(-c2cccc(N3CCOCC3)c2)cc1,7.13,1,nM,CHEMBL177996,-7.13,1.87,CHEMBL244,coagulation_factor_X,False,False,False
O=C(Nc1ccc(Cl)cc1C(=O)Nc1ccc(Cl)cn1)c1ccc(-c2ccccc2N2CCCC2)cc1,8.55,1,nM,CHEMBL362229,-8.55,0.4499999999999993,CHEMBL244,coagulation_factor_X,False,False,False
O=C(Nc1ccc(Cl)cc1C(=O)Nc1ccc(Cl)cn1)c1ccc(-c2ccccc2N2CCCCC2)cc1,8.55,1,nM,CHEMBL368411,-8.55,0.4499999999999993,CHEMBL244,coagulation_factor_X,False,False,False
O=C(Nc1ccc(Cl)cc1C(=O)Nc1ccc(Cl)cn1)c1ccc(-c2ccccc2N2CCOCC2)cc1,8.39,1,nM,CHEMBL177652,-8.39,0.6099999999999994,CHEMBL244,coagulation_factor_X,False,False,False
O=C(Nc1ccc(Cl)cc1C(=O)Nc1ccc(Cl)cn1)c1ccc(CN2CCC(C(=O)O)CC2)cc1,6.64,1,nM,CHEMBL174111,-6.64,2.3600000000000003,CHEMBL244,coagulation_factor_X,False,False,False
O=C(Nc1ccc(Cl)cc1C(=O)Nc1ccc(Cl)cn1)c1ccc(CN2CCC(O)CC2)cc1,6.87,1,nM,CHEMBL174740,-6.87,2.13,CHEMBL244,coagulation_factor_X,False,False,False
O=C(Nc1ccc(Cl)cc1C(=O)Nc1ccc(Cl)cn1)c1ccc(CN2CCCC2)cc1,7.8,1,nM,CHEMBL425859,-7.8,1.2000000000000002,CHEMBL244,coagulation_factor_X,False,False,False
O=C(Nc1ccc(Cl)cc1C(=O)Nc1ccc(Cl)cn1)c1ccc(CN2CCCC2=O)cc1,6.26,1,nM,CHEMBL175329,-6.26,2.74,CHEMBL244,coagulation_factor_X,False,False,False
O=C(Nc1ccc(Cl)cc1C(=O)Nc1ccc(Cl)cn1)c1ccc(CN2CCCCC2)cc1,7.82,1,nM,CHEMBL368614,-7.82,1.1799999999999997,CHEMBL244,coagulation_factor_X,False,False,False
O=C(Nc1ccc(Cl)cc1C(=O)Nc1ccc(Cl)cn1)c1ccc(CN2CCN=C2S)cc1,7.46,1,nM,CHEMBL368323,-7.46,1.54,CHEMBL244,coagulation_factor_X,False,False,False
O=C(Nc1ccc(Cl)cc1C(=O)Nc1ccc(Cl)cn1)c1ccc(CN2CCNC2=O)cc1,7.52,1,nM,CHEMBL175122,-7.52,1.4800000000000004,CHEMBL244,coagulation_factor_X,False,False,False
O=C(Nc1ccc(Cl)cc1C(=O)Nc1ccc(Cl)cn1)c1ccc(CN2CCNCC2)cc1,7.77,1,nM,CHEMBL175031,-7.77,1.2300000000000004,CHEMBL244,coagulation_factor_X,False,False,False
O=C(Nc1ccc(Cl)cc1C(=O)Nc1ccc(Cl)cn1)c1ccc(CN2CCOCC2)cc1,6.85,1,nM,CHEMBL368744,-6.85,2.1500000000000004,CHEMBL244,coagulation_factor_X,False,False,False
O=C(Nc1ccc(Cl)cc1C(=O)Nc1ccc(Cl)cn1)c1ccc(C[n+]2ccccc2)cc1,8.24,1,nM,CHEMBL173832,-8.24,0.7599999999999998,CHEMBL244,coagulation_factor_X,False,False,False
O=C(Nc1ccc(N2CC(CNC(=O)c3ccc(Cl)s3)OC2=O)cc1)c1cccs1,5.89,1,nM,CHEMBL3671242,-5.89,3.1100000000000003,CHEMBL244,coagulation_factor_X,False,False,False
O=C(Nc1ccc(N2CCCCC2=O)cc1)[C@@H]1Cc2ccccc2CN1C(=O)OCc1ccccc1,5.0,1,nM,CHEMBL2040946,-5.0,4.0,CHEMBL244,coagulation_factor_X,False,False,False
O=C(Nc1ccc(N2CCCCC2=O)cc1)[C@@H]1Cc2ccccc2CN1C(=O)c1ccc(C(F)(F)F)cc1,4.88,1,nM,CHEMBL2040981,-4.88,4.12,CHEMBL244,coagulation_factor_X,False,False,False
O=C(Nc1ccc(N2CCOCC2=O)cc1)[C@@H]1CC=CCN1C(=O)Cc1ccc(Cl)cc1,5.05,1,nM,CHEMBL2041074,-5.05,3.95,CHEMBL244,coagulation_factor_X,False,False,False
O=C(Nc1ccc(N2CCOCC2=O)cc1)[C@@H]1Cc2ccccc2CN1C(=O)OCc1ccccc1,5.22,1,nM,CHEMBL2040952,-5.22,3.7800000000000002,CHEMBL244,coagulation_factor_X,False,False,False
O=C(Nc1ccc(N2CCOCC2=O)cc1)[C@@H]1Cc2ccccc2CN1C(=O)c1ccc(CCl)cc1,5.54,1,nM,CHEMBL2040978,-5.54,3.46,CHEMBL244,coagulation_factor_X,False,False,False
O=C(Nc1ccc(N2CCOCC2=O)cc1)[C@@H]1[C@@H]2CC[C@H](C2)N1C(=O)Cc1ccc(Cl)cc1,5.0,1,nM,CHEMBL2041075,-5.0,4.0,CHEMBL244,coagulation_factor_X,False,False,False
O=C(Nc1ccc(N2CCOCC2=O)cc1)[C@H]1CCCCN1C(=O)Cc1ccc(Cl)cc1,4.64,1,nM,CHEMBL2040990,-4.64,4.36,CHEMBL244,coagulation_factor_X,False,False,False
O=C(Nc1ccc(N2CCOCC2=O)cc1)[C@H]1C[C@@H](O)CN1C(=O)Nc1ccc(Cl)cc1,8.985,12,nM,CHEMBL3986101,-8.985,0.015000000000000568,CHEMBL244,coagulation_factor_X,False,False,False
O=C(Nc1ccc(N2CCOCC2=O)cc1)[C@H]1Cc2ccccc2CN1C(=O)Cc1ccc(Cl)cc1,6.57,1,nM,CHEMBL2040983,-6.57,2.4299999999999997,CHEMBL244,coagulation_factor_X,False,False,False
O=C(Nc1ccc(N2CCOCC2=O)cc1)c1cc(CO)n(Cc2cc(-c3ccc(Cl)s3)on2)n1,8.8,12,nM,CHEMBL3912108,-8.8,0.1999999999999993,CHEMBL244,coagulation_factor_X,False,False,False
O=C(Nc1ccc(N2CCOCC2=O)cc1)c1ccc2[nH]c(-c3ccc(Cl)s3)nc2c1,5.72,1,nM,CHEMBL125876,-5.72,3.2800000000000002,CHEMBL244,coagulation_factor_X,False,False,False
O=C(Nc1cccc2c1CN(Cc1cccc(CNc3ccncc3)c1)C2=O)c1ccc(Cl)s1,8.1,2,nM,CHEMBL194193,-8.1,0.9000000000000004,CHEMBL244,coagulation_factor_X,False,False,False
O=C(Nc1ccccc1C(=O)Nc1ccc(Cl)cn1)c1ccc(C2=NCCCN2)cc1,6.65,1,nM,CHEMBL471670,-6.65,2.3499999999999996,CHEMBL244,coagulation_factor_X,False,False,False
O=C(Nc1ccccc1C(=O)Nc1ccc(Cl)cn1)c1ccc(C2=NCCN2)cc1,6.5,1,nM,CHEMBL512884,-6.5,2.5,CHEMBL244,coagulation_factor_X,False,False,False
O=C(Nc1ccccc1CNC(=O)c1ccc(Cl)s1)c1ccc(N2CCOCC2=O)cc1,8.39,1,nM,CHEMBL1682882,-8.39,0.6099999999999994,CHEMBL244,coagulation_factor_X,False,False,False
O=C(O)CN(CCCS(=O)(=O)c1ccc2cc(Cl)ccc2c1)C(=O)C1CCN(c2ccncc2)CC1,7.27,1,nM,CHEMBL429249,-7.27,1.7300000000000004,CHEMBL244,coagulation_factor_X,False,False,False
O=C(O)CN[C@H](CC1CCCCC1)C(=O)NCC(=O)NC(CC1CCNCC1)C(=O)c1nccs1,5.96,1,nM,CHEMBL21212,-5.96,3.04,CHEMBL244,coagulation_factor_X,False,False,False
O=C(O)CN[C@H](CC1CCCCC1)C(=O)N[C@@H](Cc1ccccc1)C(=O)NC(CC1CCNCC1)C(=O)c1nccs1,5.11,1,nM,CHEMBL284008,-5.11,3.8899999999999997,CHEMBL244,coagulation_factor_X,False,False,False
O=C(O)c1ccc(CNC(=O)c2ccc(Cl)s2)c(NC(=O)c2nc3c(s2)CN(C(CF)CF)CC3)c1,8.16,1,nM,CHEMBL1923882,-8.16,0.8399999999999999,CHEMBL244,coagulation_factor_X,False,False,False
O=C(O)c1ccc(CNC(=O)c2ccc(Cl)s2)c(NC(=O)c2nc3c(s2)COCC3)c1,7.28,1,nM,CHEMBL1923878,-7.28,1.7199999999999998,CHEMBL244,coagulation_factor_X,False,False,False
O=C(O)c1ccc2c(c1)nc(C(=O)NC1CCN(C3CC3)CC1)n2Cc1cc(-c2ccc(Cl)s2)on1,7.6850000000000005,12,nM,CHEMBL3305961,-7.6850000000000005,1.3149999999999995,CHEMBL244,coagulation_factor_X,False,False,False
O=C(OC1O[C@@H]2COC(=O)c3cc(O)c(O)c(O)c3-c3c(cc(O)c(O)c3O)C(=O)O[C@H]2[C@H](OC(=O)c2cc(O)c(O)c(O)c2)[C@H]1OC(=O)c1cc(O)c(O)c(O)c1)c1cc(O)c(O)c(O)c1,6.68,1,nM,CHEMBL510512,-6.68,2.3200000000000003,CHEMBL244,coagulation_factor_X,False,False,False
O=C(OC[C@H]1O[C@@H](OC(=O)c2cc(O)c(O)c(O)c2)[C@H](OC(=O)c2cc(O)c(O)c(O)c2)[C@@H](OC(=O)c2cc(O)c(O)c(O)c2)[C@@H]1OC(=O)c1cc(O)c(O)c(O)c1)c1cc(O)c(O)c(O)c1,6.77,1,nM,CHEMBL382408,-6.77,2.2300000000000004,CHEMBL244,coagulation_factor_X,False,False,False
O=C([C@H](O)CS(=O)(=O)c1ccc2cc(Cl)ccc2c1)N1CCC(N2CCCC2)CC1,6.83,1,nM,CHEMBL1095181,-6.83,2.17,CHEMBL244,coagulation_factor_X,False,False,False
O=C([C@H](O)CS(=O)(=O)c1ccc2cc(Cl)ccc2c1)N1CCC(N2CCCC2=O)CC1,7.85,1,nM,CHEMBL1088501,-7.85,1.1500000000000004,CHEMBL244,coagulation_factor_X,False,False,False
O=C([C@H](O)CS(=O)(=O)c1ccc2cc(Cl)ccc2c1)N1CCC(N2CCCCC2=O)CC1,8.04,1,nM,CHEMBL1096791,-8.04,0.9600000000000009,CHEMBL244,coagulation_factor_X,False,False,False
O=C([C@H](O)CS(=O)(=O)c1ccc2cc(Cl)ccc2c1)N1CCC(N2CCCCCC2=O)CC1,7.55,1,nM,CHEMBL1094240,-7.55,1.4500000000000002,CHEMBL244,coagulation_factor_X,False,False,False
O=C([C@H](O)CS(=O)(=O)c1ccc2cc(Cl)ccc2c1)N1CCC(N2CCCNC2=O)CC1,8.46,3,nM,CHEMBL1095032,-8.46,0.5399999999999991,CHEMBL244,coagulation_factor_X,False,False,False
O=C([C@H](O)CS(=O)(=O)c1ccc2cc(Cl)ccc2c1)N1CCC(N2CCCOC2=O)CC1,7.7,1,nM,CHEMBL1095182,-7.7,1.2999999999999998,CHEMBL244,coagulation_factor_X,False,False,False
O=C([C@H](O)CS(=O)(=O)c1ccc2cc(Cl)ccc2c1)N1CCC(N2CCCS2(=O)=O)CC1,6.7,1,nM,CHEMBL1088502,-6.7,2.3,CHEMBL244,coagulation_factor_X,False,False,False
O=C([C@H](O)CS(=O)(=O)c1ccc2cc(Cl)ccc2c1)N1CCC(N2CCNC2=O)CC1,7.64,1,nM,CHEMBL1088640,-7.64,1.3600000000000003,CHEMBL244,coagulation_factor_X,False,False,False
O=C([C@H](O)CS(=O)(=O)c1ccc2cc(Cl)ccc2c1)N1CCC(N2CCOC2=O)CC1,7.22,1,nM,CHEMBL1088497,-7.22,1.7800000000000002,CHEMBL244,coagulation_factor_X,False,False,False
O=C([C@H](O)CS(=O)(=O)c1ccc2cc(Cl)ccc2c1)N1CCC(N2CCOCC2=O)CC1,8.44,1,nM,CHEMBL1095187,-8.44,0.5600000000000005,CHEMBL244,coagulation_factor_X,False,False,False
O=C([C@H](O)CS(=O)(=O)c1ccc2cc(Cl)ccc2c1)N1CCC(N2C[C@@H]3CCCN3C2=O)CC1,7.62,1,nM,CHEMBL1087087,-7.62,1.38,CHEMBL244,coagulation_factor_X,False,False,False
O=C([C@H](O)CS(=O)(=O)c1ccc2cc(Cl)ccc2c1)N1CCC(N2C[C@H]3CCCN3C2=O)CC1,7.29,1,nM,CHEMBL1087088,-7.29,1.71,CHEMBL244,coagulation_factor_X,False,False,False
O=C([C@H](O)CS(=O)(=O)c1ccc2cc(Cl)ccc2c1)N1CCC(N2Cc3ccccc3C2=O)CC1,8.64,1,nM,CHEMBL1086965,-8.64,0.35999999999999943,CHEMBL244,coagulation_factor_X,False,False,False
O=C([C@H](O)CS(=O)(=O)c1ccc2cc(Cl)ccc2c1)N1CCC(N2Cc3cccn3C2=O)CC1,8.77,1,nM,CHEMBL1087230,-8.77,0.23000000000000043,CHEMBL244,coagulation_factor_X,False,False,False
O=C([C@H](O)CS(=O)(=O)c1ccc2cc(Cl)ccc2c1)N1CCC(N2NCCCC2=O)CC1,7.31,1,nM,CHEMBL1096792,-7.31,1.6900000000000004,CHEMBL244,coagulation_factor_X,False,False,False
O=C([C@H](O)CS(=O)(=O)c1ccc2cc(Cl)ccc2c1)N1CCC(n2cc[nH]c2=O)CC1,7.34,1,nM,CHEMBL1088496,-7.34,1.6600000000000001,CHEMBL244,coagulation_factor_X,False,False,False
O=C(c1cc2c([nH]1)CCNC2)N1CCN(S(=O)(=O)c2ccc3cc(Cl)ccc3c2)CC1,5.21,1,nM,CHEMBL184873,-5.21,3.79,CHEMBL244,coagulation_factor_X,False,False,False
O=C(c1cc2c(s1)CCNC2)N1CCN(S(=O)(=O)c2ccc3cc(Cl)ccc3c2)CC1,6.57,1,nM,CHEMBL183960,-6.57,2.4299999999999997,CHEMBL244,coagulation_factor_X,False,False,False
O=C(c1cc2c(s1)CNCC2)N1CCN(S(=O)(=O)c2ccc3cc(Cl)ccc3c2)CC1,6.8,1,nM,CHEMBL182957,-6.8,2.2,CHEMBL244,coagulation_factor_X,False,False,False
O=C(c1ccc(-n2ccnc2)cc1)N1CC[C@H](CNS(=O)(=O)/C=C/c2ccc(Cl)s2)C1,5.89,1,nM,CHEMBL249835,-5.89,3.1100000000000003,CHEMBL244,coagulation_factor_X,False,False,False
O=C(c1ccc(C2=NCCCN2)cc1)N1CCN(S(=O)(=O)c2ccc3cc(Br)ccc3c2)CC1,5.89,1,nM,CHEMBL65010,-5.89,3.1100000000000003,CHEMBL244,coagulation_factor_X,False,False,False
O=C(c1ccc(C2=NCCN2)cc1)N1CCN(S(=O)(=O)c2ccc3cc(Br)ccc3c2)CC1,6.28,1,nM,CHEMBL65544,-6.28,2.7199999999999998,CHEMBL244,coagulation_factor_X,False,False,False
O=C(c1ccc2c(c1)CCNC2)N1CCN(S(=O)(=O)c2ccc3cc(Cl)ccc3c2)CC1,6.19,1,nM,CHEMBL363048,-6.19,2.8099999999999996,CHEMBL244,coagulation_factor_X,False,False,False
O=C(c1ccc2c(n1)CCNC2)N1CCN(S(=O)(=O)c2ccc3cc(Cl)ccc3c2)CC1,6.04,1,nM,CHEMBL359966,-6.04,2.96,CHEMBL244,coagulation_factor_X,False,False,False
O=C(c1ccccc1)n1nc(-c2ccccn2)nc1NCc1ccc(F)cc1,4.55,1,nM,CHEMBL5420305,-4.55,4.45,CHEMBL244,coagulation_factor_X,False,False,False
O=C(c1ccccc1Cl)n1nc(-c2ccccn2)nc1NCc1ccccc1,5.37,1,nM,CHEMBL5430493,-5.37,3.63,CHEMBL244,coagulation_factor_X,False,False,False
O=C(c1ccccc1F)n1nc(-c2ccccn2)nc1NCc1ccccc1,5.5,1,nM,CHEMBL5427665,-5.5,3.5,CHEMBL244,coagulation_factor_X,False,False,False
O=C(c1nc2c(s1)CNCC2)N1CCN(S(=O)(=O)c2ccc3cc(Cl)ccc3c2)CC1,7.22,2,nM,CHEMBL99483,-7.22,1.7800000000000002,CHEMBL244,coagulation_factor_X,False,False,False
O=C1CN(S(=O)(=O)c2ccc3cc(Cl)ccc3c2)CC2(CO)SC3(CCN(c4ccncc4)CC3)CN12,8.92,1,nM,CHEMBL1269024,-8.92,0.08000000000000007,CHEMBL244,coagulation_factor_X,False,False,False
O=C1COCCN1c1ccc(N2C[C@H](CNS(=O)(=O)c3ccc(Cl)s3)OC2=O)cc1,6.33,13,nM,CHEMBL194889,-6.33,2.67,CHEMBL244,coagulation_factor_X,False,False,False
O=C1OC[C@@H](O)[C@H]([C@@H]2OC(=O)c3cc(O)c(O)c(O)c3-c3c(O)c(O)c(O)c4c3C(=O)O[C@H]2[C@@H]4O)OC(=O)c2cc(O)c(O)c(O)c2-c2c1cc(O)c(O)c2O,6.14,1,nM,CHEMBL509562,-6.14,2.8600000000000003,CHEMBL244,coagulation_factor_X,False,False,False
O=C1OC[C@@H](O)[C@H]([C@@H]2OC(=O)c3cc(O)c(O)c(O)c3-c3c(O)c(O)c(O)c4c3C(=O)O[C@H]2[C@H]4O)OC(=O)c2cc(O)c(O)c(O)c2-c2c1cc(O)c(O)c2O,6.55,1,nM,CHEMBL488110,-6.55,2.45,CHEMBL244,coagulation_factor_X,False,False,False
O=C1OC[C@H]2OC(O)[C@@H]3OC(=O)c4cc(O)c(O)c(O)c4-c4c(cc(O)c(O)c4O)C(=O)O[C@H]3[C@@H]2OC(=O)c2cc(O)c(O)c(O)c2-c2c1cc(O)c(O)c2O,6.25,1,nM,CHEMBL506204,-6.25,2.75,CHEMBL244,coagulation_factor_X,False,False,False
O=C1[C@@H](NS(=O)(=O)c2cc3ncccc3s2)CCN1Cc1cc2ccncc2[nH]1,7.59,12,nM,CHEMBL1235423,-7.59,1.4100000000000001,CHEMBL244,coagulation_factor_X,False,False,False
O=C1[C@@H](NS(=O)(=O)c2ccc3cc(Cl)ccc3c2)CCCN1CC(=O)N1CCCC1c1cccnc1,6.89,1,nM,CHEMBL1923459,-6.89,2.1100000000000003,CHEMBL244,coagulation_factor_X,False,False,False
O=c1oc(-c2ccccc2F)nc2cnccc12,4.05,1,nM,CHEMBL4203384,-4.05,4.95,CHEMBL244,coagulation_factor_X,False,False,False
O=c1oc(-c2ccccc2F)nc2ncccc12,4.5,1,nM,CHEMBL4208256,-4.5,4.5,CHEMBL244,coagulation_factor_X,False,False,False
