std_smiles,pchembl_median,n_measurements,any_units,any_mol_id,log_ic50_m,log_ic50_nM,target_chembl_id,target_name,leak_exact,leak_tani,leak_any
Brc1ccc(Nc2ccc(CN3CCC4(CC3)OCCc3sccc34)cc2)cc1,5.369999999999999,2,nM,CHEMBL4280886,-5.369999999999999,3.630000000000001,CHEMBL240,hERG,False,False,False
Brc1ccc2c(NC3=NC[C@@]4(CN5CCC4CC5)O3)ncnn12,5.6,1,nM,CHEMBL3897030,-5.6,3.4000000000000004,CHEMBL240,hERG,False,False,False
Brc1cccc2nc(C#Cc3ccccn3)ccc12,4.64,1,nM,CHEMBL2335295,-4.64,4.36,CHEMBL240,hERG,False,False,False
Brc1cnc2nc(N3CCN4CCC3CC4)oc2c1,5.64,1,nM,CHEMBL611369,-5.64,3.3600000000000003,CHEMBL240,hERG,False,False,False
Brc1cncc(COCC2(c3ccccc3)CCNCC2)c1,4.82,1,nM,CHEMBL2333645,-4.82,4.18,CHEMBL240,hERG,False,False,False
C#CCNc1ccnc2sc3c(=O)n(-c4ccc(OC)cc4)cnc3c12,4.51,1,nM,CHEMBL1783876,-4.51,4.49,CHEMBL240,hERG,False,False,False
C#CCOc1cnc(C(=O)Nc2cc(F)c(F)c([C@@]3(C)N=C(N)S[C@@]4(COC)C[C@H]43)c2)cn1,5.16,1,nM,CHEMBL4560579,-5.16,3.84,CHEMBL240,hERG,False,False,False
C#Cc1cnc(Nc2cnc(C#N)c(O[C@H](C)CN(C)C)n2)cc1NC,5.1,1,nM,CHEMBL2204589,-5.1,3.9000000000000004,CHEMBL240,hERG,False,False,False
C#Cc1cnc(Nc2cnc(C#N)cn2)cc1NC[C@@H]1CNCCO1,5.09,1,nM,CHEMBL4740741,-5.09,3.91,CHEMBL240,hERG,False,False,False
C(#Cc1cc(-c2n[nH]c3c2Cc2cc(Cn4ccnc4)ccc2-3)cs1)COc1ccccc1,5.84,1,nM,CHEMBL224834,-5.84,3.16,CHEMBL240,hERG,False,False,False
C(#Cc1ccc2ccccc2n1)c1ccccn1,4.69,1,nM,CHEMBL2335291,-4.69,4.31,CHEMBL240,hERG,False,False,False
C/C(=N\NC(=N)N)c1ccc2c(c1)Cc1cc(/C(C)=N/NC(=N)N)ccc1-2,5.95,1,nM,CHEMBL3944559,-5.95,3.05,CHEMBL240,hERG,False,False,False
C/C=C/c1cc(C(F)(F)F)cc(COCC2(c3ccc(F)cc3)CCN(C)CC2)n1,4.89,1,nM,CHEMBL2333635,-4.89,4.11,CHEMBL240,hERG,False,False,False
C/C=C1/N(C)C(C)CC1(c1ccccc1)c1ccccc1,4.3,1,nM,CHEMBL196431,-4.3,4.7,CHEMBL240,hERG,False,False,False
C1=C(CS/C(=N\C2CCCCC2)NC2CCCCC2)N2CCN=C2S1,5.07,1,nM,CHEMBL452864,-5.07,3.9299999999999997,CHEMBL240,hERG,False,False,False
C1=C(c2ccccc2)c2ccccc2OC12CCNCC2,6.17,1,nM,CHEMBL492447,-6.17,2.83,CHEMBL240,hERG,True,True,True
C1=C/COCc2cc(ccc2OCCN2CCCC2)Nc2nccc(n2)-c2ccc(s2)COC/1,5.14,1,nM,CHEMBL2035183,-5.14,3.8600000000000003,CHEMBL240,hERG,False,False,False
C1=C/COCc2cc(ccc2OCCN2CCCC2)Nc2nccc(n2)-c2ccnc(c2)OCC/1,5.62,1,nM,CHEMBL2035052,-5.62,3.38,CHEMBL240,hERG,False,False,False
C1=CCC(c2cc3ccccc3o2)CNC1,4.72,1,nM,CHEMBL2326690,-4.72,4.28,CHEMBL240,hERG,False,False,False
C1=CCC(c2ccc3ccccc3c2)CNC1,4.81,1,nM,CHEMBL2322001,-4.81,4.19,CHEMBL240,hERG,False,False,False
C1CCC(C(CC2CCCCN2)C2CCCCC2)CC1,5.11,4,nM,CHEMBL75880,-5.11,3.8899999999999997,CHEMBL240,hERG,False,False,False
C=C(C)COc1ccccc1CN1CCC2(CC1)CCN(C(=O)c1ccncc1)CC2,5.795,2,nM,CHEMBL566759,-5.795,3.205,CHEMBL240,hERG,False,False,False
C=C(F)COc1ccc(Cl)cc1[C@H]1C[C@@H]1CN,5.4,1,nM,CHEMBL3416051,-5.4,3.5999999999999996,CHEMBL240,hERG,False,False,False
C=C(N(C)Cc1ccc(-c2ccccc2)cc1)N1CCN(C(C)C)CC1,5.09,1,nM,CHEMBL1823339,-5.09,3.91,CHEMBL240,hERG,False,False,False
C=CC(=O)N(C)CCOc1c(N)ncnc1-c1cc(F)cc(NC(=O)c2ccc(C3CC3)cc2F)c1C,5.85,1,nM,CHEMBL4483575,-5.85,3.1500000000000004,CHEMBL240,hERG,False,False,False
C=CC(=O)N1C(=O)CC(c2ccc(F)cc2)Sc2ccccc21,4.43,1,nM,CHEMBL5071369,-4.43,4.57,CHEMBL240,hERG,False,False,False
C=CC(=O)N1CCC(Cn2cc(-c3ccc4c(c3)OCO4)c3c(N)ncnc32)CC1,4.96,1,nM,CHEMBL4755698,-4.96,4.04,CHEMBL240,hERG,False,False,False
C=CC(=O)N1CCC[C@@H](n2nc(-c3ccc(Oc4ccccc4)cc3)c3c(N)n[nH]c(=O)c32)C1,5.25,1,nM,CHEMBL4754834,-5.25,3.75,CHEMBL240,hERG,False,False,False
C=CC(=O)N1CCC[C@@H](n2nc(-c3ccc(Oc4ccccc4)cc3)c3c(N)ncnc32)C1,5.535,2,nM,CHEMBL1873475,-5.535,3.465,CHEMBL240,hERG,False,False,False
C=CC(=O)N1CCC[C@@H](n2nc(-c3cccc(C(=O)NCc4ccc(C(C)(C)C)cc4)c3)c3c(N)ncnc32)C1,5.75,1,nM,CHEMBL2179806,-5.75,3.25,CHEMBL240,hERG,False,False,False
C=CC(=O)N1CCC[C@@H](n2nc(-c3cccc(C(=O)Nc4ccc(C(C)C)c(C)c4)c3)c3c(N)ncnc32)C1,6.52,1,nM,CHEMBL2179805,-6.52,2.4800000000000004,CHEMBL240,hERG,False,False,False
C=CC(=O)N1CCC[C@@H](n2nc(-c3cccc(C(=O)Nc4ccc(C(C)C)cc4)c3)c3c(N)ncnc32)C1,5.96,1,nM,CHEMBL2179804,-5.96,3.04,CHEMBL240,hERG,False,False,False
C=CC(=O)N1CCC[C@H]1COc1c(N)ncnc1-c1cc(F)cc(NC(=O)c2ccc(C3CC3)cc2F)c1C,7.31,1,nM,CHEMBL4537231,-7.31,1.6900000000000004,CHEMBL240,hERG,False,False,False
C=CC(=O)N[C@H]1CCN(c2ccc(C(N)=O)c(Nc3ccc(N4CCCCC4)cc3)n2)C1,5.48,1,nM,CHEMBL4278321,-5.48,3.5199999999999996,CHEMBL240,hERG,False,False,False
C=CC(=O)N[C@H]1CCN(c2ccc(C(N)=O)c(Nc3ccc(N4CCCCC4)nc3)n2)C1,6.58,1,nM,CHEMBL4278717,-6.58,2.42,CHEMBL240,hERG,False,False,False
C=CC(=O)N[C@H]1CCN(c2ccc(C(N)=O)c(Nc3ccc(N4CCOCC4)nc3)n2)C1,5.82,1,nM,CHEMBL4286628,-5.82,3.1799999999999997,CHEMBL240,hERG,False,False,False
C=CC(=O)N[C@H]1CCN(c2ccc(C(N)=O)c(Nc3ccc(N4C[C@@H](C)O[C@@H](C)C4)nc3)n2)C1,5.0,1,nM,CHEMBL4282893,-5.0,4.0,CHEMBL240,hERG,False,False,False
C=CC(=O)Nc1cc(Nc2ncc(C#N)c(-c3cn(C)c4ccccc34)n2)c(OC)cc1N(C)CCN(C)C,5.37,1,nM,CHEMBL3353406,-5.37,3.63,CHEMBL240,hERG,False,False,False
C=CC(=O)Nc1cc(Nc2ncc(C)c(-c3cn(C)c4ccccc34)n2)c(OC)cc1N(C)CCN(C)C,4.81,1,nM,CHEMBL3353409,-4.81,4.19,CHEMBL240,hERG,False,False,False
C=CC(=O)Nc1cc(Nc2ncc(Cl)c(-c3c[nH]c4ccccc34)n2)c(OC)cc1N(C)CCN(C)C,4.83,1,nM,CHEMBL3353408,-4.83,4.17,CHEMBL240,hERG,False,False,False
C=CC(=O)Nc1cc(Nc2ncc(Cl)c(-c3cn(C)c4ccccc34)n2)c(OC)cc1N(C)CCN(C)C,5.13,1,nM,CHEMBL3353407,-5.13,3.87,CHEMBL240,hERG,False,False,False
C=CC(=O)Nc1cc(Nc2ncc(Cl)c(-c3cnn4ccccc34)n2)c(OC)cc1N(C)CCN(C)C,5.17,1,nM,CHEMBL3353404,-5.17,3.83,CHEMBL240,hERG,False,False,False
C=CC(=O)Nc1cc(Nc2ncc(Cl)c(-c3cnn4ccccc34)n2)c(OC)cc1N1CC(N(C)C)C1,5.4,1,nM,CHEMBL3353405,-5.4,3.5999999999999996,CHEMBL240,hERG,False,False,False
C=CC(=O)Nc1cc(Nc2ncc(Cl)c(-c3cnn4ccccc34)n2)c(OC)cc1N1CCN(C)CC1,5.15,1,nM,CHEMBL2426277,-5.15,3.8499999999999996,CHEMBL240,hERG,False,False,False
C=CC(=O)Nc1cc(Nc2ncc(Cl)c(-c3cnn4ccccc34)n2)c(OC)cc1N1CC[C@@H](N(C)C)C1,5.25,1,nM,CHEMBL3353403,-5.25,3.75,CHEMBL240,hERG,False,False,False
C=CC(=O)Nc1cc(Nc2nccc(-c3c[nH]c4ccccc34)n2)c(OC)cc1N(C)CCN(C)C,4.76,1,nM,CHEMBL3353411,-4.76,4.24,CHEMBL240,hERG,False,False,False
C=CC(=O)Nc1cc(Nc2nccc(-c3c[nH]c4ccccc34)n2)c(OC)cc1N1CCN(C)CC1,5.04,1,nM,CHEMBL2426279,-5.04,3.96,CHEMBL240,hERG,False,False,False
C=CC(=O)Nc1cc(Nc2nccc(-c3cn(C)c4ccccc34)n2)c(OC)cc1N(C)CCN(C)C,5.515000000000001,2,nM,CHEMBL3353410,-5.515000000000001,3.4849999999999994,CHEMBL240,hERG,True,True,True
C=CC(=O)Nc1cc(Nc2nccc(-c3cn4c5c(cccc35)CCC4)n2)c(OC)cc1N(C)CCN(C)C,5.07,1,nM,CHEMBL4104658,-5.07,3.9299999999999997,CHEMBL240,hERG,False,False,False
C=CC(=O)Nc1cccc(Oc2nc(Nc3ccc(N4CCN(C)CC4)cc3)nc3[nH]ccc23)c1,6.0,1,nM,CHEMBL3787662,-6.0,3.0,CHEMBL240,hERG,False,False,False
C=CCN1C[C@H]2C[C@@]2(c2ccc(NS(=O)(=O)c3ccc(C(C)C)cc3)cc2)C1,7.0,1,nM,CHEMBL1224698,-7.0,2.0,CHEMBL240,hERG,False,False,False
C=CCOC[C@H]1CC[C@@H](N2CC(NC(=O)CNc3nn(C)c4ccc(C(F)(F)F)cc34)C2)CC1,5.3,1,nM,CHEMBL1834645,-5.3,3.7,CHEMBL240,hERG,False,False,False
C=CCO[C@H]1CC[C@@H](N2CC(NC(=O)CNc3n[nH]c4ccc(C(F)(F)F)cc34)C2)CC1,5.13,1,nM,CHEMBL1834648,-5.13,3.87,CHEMBL240,hERG,False,False,False
C=CCOc1cc(F)c(F)cc1C1CC1CN,5.04,1,nM,CHEMBL3769968,-5.04,3.96,CHEMBL240,hERG,False,False,False
C=CCOc1ccc(Cl)cc1[C@H]1C[C@@H]1CN,6.57,1,nM,CHEMBL3416047,-6.57,2.4299999999999997,CHEMBL240,hERG,False,False,False
C=CCc1ccccc1OC(C)C1=NCCN1,4.77,1,nM,CHEMBL495095,-4.77,4.23,CHEMBL240,hERG,True,True,True
C=CCn1nc(NCC(=O)NC2CN([C@H]3CC[C@@H](C(=O)OCC)CC3)C2)c2cc(C(F)(F)F)ccc21,5.43,1,nM,CHEMBL1834779,-5.43,3.5700000000000003,CHEMBL240,hERG,False,False,False
C=C[C@H]1CN2CC[C@H]1C[C@@H]2[C@@H](O)c1ccnc2ccc(OC)cc12,6.49,5,nM,CHEMBL1294,-6.49,2.51,CHEMBL240,hERG,False,False,False
C=Cc1c(CNC23CCC(CCc4c(F)cnc5ccc(OC)nc45)(CC2)OC3)nc2c(c1C)OCC(=O)N2,6.3,1,nM,CHEMBL3604797,-6.3,2.7,CHEMBL240,hERG,False,False,False
C=Cc1c(N)ncnc1N1CCC(c2nc(-c3ccc(F)c(C(F)(F)F)c3)cn2CCN(C)C)CC1,5.96,1,nM,CHEMBL3931848,-5.96,3.04,CHEMBL240,hERG,False,False,False
C=Cc1c(N)ncnc1N1CCC(c2nc(-c3ccc(F)c(C(F)(F)F)c3)cn2CCN2CCC2)CC1,6.03,1,nM,CHEMBL3931504,-6.03,2.9699999999999998,CHEMBL240,hERG,False,False,False
CC#CC(=O)N[C@H]1CCCN(c2c(F)cc(C(N)=O)c3[nH]c(C)c(C)c23)C1,4.96,1,nM,CHEMBL4297674,-4.96,4.04,CHEMBL240,hERG,False,False,False
CC#CC(CC(=O)O)c1ccc(Oc2ccc(C(F)(F)F)cc2OC(F)F)cc1F,4.6,1,nM,CHEMBL1777855,-4.6,4.4,CHEMBL240,hERG,False,False,False
CC#CCn1c(N2CCCNCC2)c(C#N)c2c1c(=O)n(Cc1c(C#N)cnc3ccccc13)c(=O)n2C,5.36,1,nM,CHEMBL1951614,-5.36,3.6399999999999997,CHEMBL240,hERG,False,False,False
CC#CCn1c(N2CCCNCC2)c(C#N)c2c1c(=O)n(Cc1nc(C)c3ccccc3n1)c(=O)n2C,4.92,1,nM,CHEMBL1951613,-4.92,4.08,CHEMBL240,hERG,False,False,False
CC#CCn1c(N2CCCNCC2)c(C#N)c2c1c(=O)n(Cc1ncc3ccccc3c1C#N)c(=O)n2C,4.92,1,nM,CHEMBL1951416,-4.92,4.08,CHEMBL240,hERG,False,False,False
CC#CCn1c(N2CCCNCC2)c(C#N)c2c1c(=O)n(Cc1nccc3ccccc13)c(=O)n2C,5.234999999999999,2,nM,CHEMBL1951612,-5.234999999999999,3.7650000000000006,CHEMBL240,hERG,False,False,False
CC#CCn1c(N2CCC[C@@H](N)C2)c(C#N)c2c1c(=O)n(Cc1nc(C)c3ccccc3n1)c(=O)n2C,4.66,1,nM,CHEMBL1951605,-4.66,4.34,CHEMBL240,hERG,False,False,False
CC#CCn1c(N2CCC[C@@H](N)C2)cc(=O)n(Cc2ccc3ccc(Cl)cc3n2)c1=O,4.0,1,nM,CHEMBL2425893,-4.0,5.0,CHEMBL240,hERG,False,False,False
CC#CCn1c(N2CCC[C@@H](N)C2)nc2c1c(=O)n(CCCN1CCN(c3nc(-c4ccccc4)no3)CC1)c(=O)n2C,5.31,1,nM,CHEMBL4759218,-5.31,3.6900000000000004,CHEMBL240,hERG,False,False,False
CC#CCn1c(N2CCC[C@H](N)C2)c(C#N)c2c1c(=O)n(CC(=O)c1cccc(OC)c1)c(=O)n2C,5.89,1,nM,CHEMBL1951603,-5.89,3.1100000000000003,CHEMBL240,hERG,False,False,False
CC#CCn1c(N2CCC[C@H](N)C2)c(C#N)c2c1c(=O)n(Cc1nccc3ccccc13)c(=O)n2C,4.55,1,nM,CHEMBL1951604,-4.55,4.45,CHEMBL240,hERG,False,False,False
CC#C[C@@H](c1ccc(Oc2ccc(C(F)(F)F)cc2OC(F)F)cc1)[C@H]1OC(=O)NC1=O,5.47,1,nM,CHEMBL1777878,-5.47,3.5300000000000002,CHEMBL240,hERG,False,False,False
CC#Cc1cc(-c2n[nH]c3c2Cc2cc(CN4CCN(C)CC4)ccc2-3)cs1,5.85,1,nM,CHEMBL223943,-5.85,3.1500000000000004,CHEMBL240,hERG,False,False,False
CC#Cc1ccc2nc(OC)c(C(c3ccccc3)C(O)(CCN(C)C)c3cccc4ccccc34)cc2c1,5.1,1,nM,CHEMBL4162513,-5.1,3.9000000000000004,CHEMBL240,hERG,False,False,False
CC#Cc1cncc(-c2cc(C3(C4CC4)N=C(C)C(N)=N3)ccc2O)c1,4.61,1,nM,CHEMBL2180014,-4.61,4.39,CHEMBL240,hERG,False,False,False
CC#Cc1cncc(-c2cc3c(cc2F)OCC2(CC2)C32COC(N)=N2)c1,5.37,2,nM,CHEMBL3703304,-5.37,3.63,CHEMBL240,hERG,False,False,False
CC#Cc1cncc(-c2ccc3c(c2)C2(COC(N)=N2)C2(CC2)CO3)c1,5.51,4,nM,CHEMBL3703254,-5.51,3.49,CHEMBL240,hERG,False,False,False
CC#Cc1cncc(-c2ccc3c(c2)C2(COC(N)=N2)C2(COC2)C(CC)O3)c1,5.1,2,nM,CHEMBL3703285,-5.1,3.9000000000000004,CHEMBL240,hERG,False,False,False
CC#Cc1cncc(-c2ccc3c(c2)C2(COC(N)=N2)C2(COC2)C(CC2CC2)O3)c1,5.28,2,nM,CHEMBL3650834,-5.28,3.7199999999999998,CHEMBL240,hERG,False,False,False
CC#Cc1cncc(-c2ccc3c(c2)C2(COC(N)=N2)C2(COC2)C(CCC)O3)c1,5.27,2,nM,CHEMBL3703289,-5.27,3.7300000000000004,CHEMBL240,hERG,False,False,False
CC#Cc1cncc(-c2ccc3c(c2)C2(COC(N)=N2)C2(COC2)CO3)c1,5.03,2,nM,CHEMBL3703255,-5.03,3.9699999999999998,CHEMBL240,hERG,False,False,False
CC#Cc1cncc(-c2ccc3c(c2)C2(CSC(N)=N2)C2(COC2)CO3)c1,5.22,2,nM,CHEMBL3703268,-5.22,3.7800000000000002,CHEMBL240,hERG,False,False,False
CC#Cc1cncc(-c2cccc(C3(C4CC4)N=C(C)C(N)=N3)c2)c1,4.84,1,nM,CHEMBL2180037,-4.84,4.16,CHEMBL240,hERG,False,False,False
CC#Cc1cncc(-c2cccc(C3(c4cc(C)c(OC)c(C)c4)N=C(C)C(N)=N3)c2)c1,4.76,1,nM,CHEMBL2180031,-4.76,4.24,CHEMBL240,hERG,False,False,False
CC#Cc1cncc(-c2cccc(C3(c4ccnc(C(F)F)c4)N=C(N)c4c(F)cccc43)c2)c1,5.54,1,nM,CHEMBL2177915,-5.54,3.46,CHEMBL240,hERG,False,False,False
CC#Cc1cncc(-c2cccc([C@@]3(c4cc(C)c(=O)n(CC)c4)N=C(N)c4c(F)cc(F)cc43)c2)c1,5.51,1,nM,CHEMBL2177303,-5.51,3.49,CHEMBL240,hERG,False,False,False
CC#Cc1cncc(-c2cccc([C@@]3(c4cc(C)c(=O)n(CC)c4)N=C(N)c4c(F)cccc43)c2)c1,5.55,1,nM,CHEMBL2152903,-5.55,3.45,CHEMBL240,hERG,False,False,False
CC(=O)C1=NN(c2ccccc2)/C(=C2/S/C(=N\c3nc(-c4ccccc4)cc(-c4ccccc4)c3C#N)N(c3ccccc3)C2=O)S1,5.24,1,nM,CHEMBL3408394,-5.24,3.76,CHEMBL240,hERG,False,False,False
CC(=O)C1CCN(CCOc2ccn(-c3ccc(Cl)c(Cl)c3)n2)CC1,5.35,1,nM,CHEMBL2170213,-5.35,3.6500000000000004,CHEMBL240,hERG,True,True,True
CC(=O)N1CCC(C(=O)N(CCCN2CCN(Cc3ccc(F)cc3)CC2)c2ccc(C)c(Cl)c2)CC1,5.74,1,nM,CHEMBL2017374,-5.74,3.26,CHEMBL240,hERG,False,False,False
CC(=O)N1CCC(C2N[C@@H](c3nc(-c4ccccc4)c[nH]3)Cc3c2[nH]c2ccccc32)CC1,5.01,1,nM,CHEMBL2069510,-5.01,3.99,CHEMBL240,hERG,False,False,False
CC(=O)N1CCC(c2[nH]nc(-c3ccc(F)cc3)c2-c2ccncc2)CC1,6.1,1,nM,CHEMBL1092901,-6.1,2.9000000000000004,CHEMBL240,hERG,False,False,False
CC(=O)N1CCC(c2cc(C)c(C(=O)NC(=N)N)cc2C(F)(F)F)CC1,5.16,1,nM,CHEMBL2170611,-5.16,3.84,CHEMBL240,hERG,False,False,False
CC(=O)N1CCC(n2cc(Nc3ncc(Cl)c(-c4cnc5ccccn45)n3)c(C)n2)CC1,5.28,1,nM,CHEMBL3823278,-5.28,3.7199999999999998,CHEMBL240,hERG,False,False,False
CC(=O)N1CCC(n2cc(Nc3ncc(Cl)c(-c4cnc5ccccn45)n3)cn2)CC1,5.27,1,nM,CHEMBL3823659,-5.27,3.7300000000000004,CHEMBL240,hERG,False,False,False
CC(=O)N1CCC(n2cc(Nc3ncc(Cl)c(-c4cnn5ccccc45)n3)c(C)n2)CC1,5.14,1,nM,CHEMBL3822989,-5.14,3.8600000000000003,CHEMBL240,hERG,False,False,False
CC(=O)N1CCC(n2nc(C)c(Nc3ncc(Cl)c(-c4cnc5ccccn45)n3)c2C)CC1,4.57,1,nM,CHEMBL3823929,-4.57,4.43,CHEMBL240,hERG,False,False,False
CC(=O)N1CCC(n2nc(C)c(Nc3ncc(Cl)c(-c4cnn5ccccc45)n3)c2C)CC1,4.64,1,nM,CHEMBL3823914,-4.64,4.36,CHEMBL240,hERG,False,False,False
CC(=O)N1CCC(n2ncc(Nc3ncc(Cl)c(-c4cnc5ccccn45)n3)c2C)CC1,4.68,1,nM,CHEMBL3822583,-4.68,4.32,CHEMBL240,hERG,False,False,False
CC(=O)N1CCC[C@@H](c2nc(-c3ccc(C(=O)Nc4cc(C(F)(F)F)ccn4)cc3F)c3c(N)nccn23)C1,5.62,1,nM,CHEMBL4079820,-5.62,3.38,CHEMBL240,hERG,False,False,False
CC(=O)N1CCN(CCCOCc2cc(C)n(-c3ccc(Cl)c(Cl)c3)n2)CC1,5.39,1,nM,CHEMBL4776009,-5.39,3.6100000000000003,CHEMBL240,hERG,False,False,False
CC(=O)N1CCN(CCOc2ccc(C3CCN(c4ccc5nnc(C(F)(F)F)n5n4)CC3)cc2)CC1,4.95,1,nM,CHEMBL2346974,-4.95,4.05,CHEMBL240,hERG,True,True,True
CC(=O)N1CCN(CCOc2ccc(NC(=O)c3cccc(F)c3)cc2-c2ccnn2C)CC1,5.39,1,nM,CHEMBL1085627,-5.39,3.6100000000000003,CHEMBL240,hERG,True,True,True
CC(=O)N1CCN(Cc2ccc3c(c2)CC[C@H](N2CCN(CCc4ccc(F)cc4)CC2=O)C3)CC1,4.6,1,nM,CHEMBL386717,-4.6,4.4,CHEMBL240,hERG,False,False,False
CC(=O)N1CCN([C@H]2C[C@@H](n3cc(-c4ccc(Cl)c(N)c4)c4c(N)ncnc43)C2)CC1,4.91,2,nM,CHEMBL4877264,-4.91,4.09,CHEMBL240,hERG,False,False,False
CC(=O)N1CCN([C@H]2C[C@@H](n3cc(-c4cccc(OCC56CCC(CC5)O6)c4)c4c(N)ncnc43)C2)CC1,4.82,1,nM,CHEMBL3787636,-4.82,4.18,CHEMBL240,hERG,False,False,False
CC(=O)N1CCN(c2ccc(OCC3COC(Cn4ccnc4)(c4ccc(Cl)cc4Cl)O3)cc2)CC1,5.72,6,nM,CHEMBL157101,-5.72,3.2800000000000002,CHEMBL240,hERG,False,False,False
CC(=O)N1CCN(c2cccc(-c3cc(-c4ccnn4CC(F)(F)F)c4c(N)ncnn34)c2)C(=O)C1(C)C,4.77,1,nM,CHEMBL4059848,-4.77,4.23,CHEMBL240,hERG,False,False,False
CC(=O)N1CCN(c2cnc3cc(C(F)(F)F)cc(NCc4cccc([N+](=O)[O-])c4)c3c2)CC1,6.34,1,nM,CHEMBL1766529,-6.34,2.66,CHEMBL240,hERG,False,False,False
CC(=O)N1CCN2CCCc3c(C)c4c(n3-c3ccc(C(N)=O)c(c3)NC[C@H]2C1)CC(C)(C)CC4=O,4.61,1,nM,CHEMBL1779535,-4.61,4.39,CHEMBL240,hERG,False,False,False
CC(=O)N1CCO[C@@H](c2nc(-c3ccc(C(=O)Nc4cc(C(F)(F)F)ccn4)cc3F)c3c(N)nccn23)C1,4.72,1,nM,CHEMBL4065907,-4.72,4.28,CHEMBL240,hERG,False,False,False
CC(=O)N1CCOc2cc3c(cc21)CCN(CCCSc1nnc(-c2cccc4nc(C)ccc24)n1C)CC3,5.0,1,nM,CHEMBL272702,-5.0,4.0,CHEMBL240,hERG,False,False,False
CC(=O)N1CCc2nc(N3CCC(Oc4ccc(F)cc4F)CC3)c(N[C@@H]3CCOC3)nc2C1,5.71,1,nM,CHEMBL4778540,-5.71,3.29,CHEMBL240,hERG,False,False,False
CC(=O)N1CCc2nc(N3CCC(Oc4ccc(F)cc4F)CC3)c(N[C@H]3CCOC3)nc2C1,6.3,1,nM,CHEMBL3962956,-6.3,2.7,CHEMBL240,hERG,False,False,False
CC(=O)N1C[C@@H](Oc2cccc(F)c2)C[C@@H]1C(=O)N1CCCN(C2CCC2)CC1,5.22,1,nM,CHEMBL1096827,-5.22,3.7800000000000002,CHEMBL240,hERG,True,True,True
CC(=O)N1Cc2cc(Cl)ccc2-n2c(nnc2C2CCN(c3ccccn3)CC2)C1,4.45,1,nM,CHEMBL1837040,-4.45,4.55,CHEMBL240,hERG,False,False,False
CC(=O)N1Cc2cc(S(=O)(=O)CC3CC3)ccc2C1C(=O)Nc1ccc(C(O)(C(F)(F)F)C(F)(F)F)cc1,4.75,1,nM,CHEMBL4877500,-4.75,4.25,CHEMBL240,hERG,False,False,False
CC(=O)N1Cc2ccccc2CC1CN1CCC2(CCc3ccccc32)CC1,6.3,1,nM,CHEMBL3787051,-6.3,2.7,CHEMBL240,hERG,False,False,False
CC(=O)NC(=O)C1CCC(C2N=CC(c3cccc(Br)c3)=N2)CC1,6.3,1,nM,CHEMBL1673443,-6.3,2.7,CHEMBL240,hERG,False,False,False
CC(=O)NC1CC2CCC(C1)N2CCc1ccc(Oc2nc3ncccc3s2)cc1,5.225,2,nM,CHEMBL2207747,-5.225,3.7750000000000004,CHEMBL240,hERG,False,False,False
CC(=O)NC1CCC(c2nnc(SCCCN3CC[C@]4(C[C@@H]4c4ccc(C(F)(F)F)cc4)C3)n2C)CC1,5.16,1,nM,CHEMBL3912801,-5.16,3.84,CHEMBL240,hERG,True,True,True
CC(=O)NC1CCN(CCc2ccc(Oc3nc4ccccc4s3)cc2)CC1,5.05,1,nM,CHEMBL520942,-5.05,3.95,CHEMBL240,hERG,False,False,False
CC(=O)NC1CCN(Cc2ccc(Oc3nc4ccccc4s3)cc2)CC1,4.7,1,nM,CHEMBL480131,-4.7,4.3,CHEMBL240,hERG,False,False,False
CC(=O)NCCN(CCc1ccc(Cl)cc1)C1CCN(c2nc(N)n[nH]2)CC1,5.48,1,nM,CHEMBL4472377,-5.48,3.5199999999999996,CHEMBL240,hERG,False,False,False
CC(=O)NCCNC(=O)c1ccc(O)cc1OC[C@@H](O)CN1CCC2(CC1)Cc1cc(Cl)ccc1O2,5.92,1,nM,CHEMBL2391935,-5.92,3.08,CHEMBL240,hERG,False,False,False
CC(=O)NCCc1ccccc1-c1ccc([C@@H](CN)Cc2ccc(OCCOc3c(Cl)cc(C)cc3Cl)cc2)c(C)c1,8.22,1,nM,CHEMBL1957798,-8.22,0.7799999999999994,CHEMBL240,hERG,False,False,False
CC(=O)NCCc1ccccc1-c1ccc([C@H]2CNCC[C@@H]2c2ccc(F)c(F)c2)c(Cl)c1,5.96,1,nM,CHEMBL1957676,-5.96,3.04,CHEMBL240,hERG,False,False,False
CC(=O)NCCc1ccccc1-c1ccc([C@H]2CNCC[C@@H]2c2cccnc2)c(Cl)c1,5.32,1,nM,CHEMBL1957677,-5.32,3.6799999999999997,CHEMBL240,hERG,False,False,False
CC(=O)NCCc1ccccc1-c1ccc([C@H]2CNCC[C@@H]2c2ccn(C)c(=O)c2)c(Cl)c1,5.24,1,nM,CHEMBL1957790,-5.24,3.76,CHEMBL240,hERG,False,False,False
CC(=O)NCCc1ccccc1-c1ccc([C@H]2CNCC[C@@]23OC(=O)c2cc(F)c(F)cc23)c(C)c1,4.89,1,nM,CHEMBL1957796,-4.89,4.11,CHEMBL240,hERG,False,False,False
CC(=O)NCCc1ccccc1-c1ccc([C@H]2CNCC[C@@]23OCc2cc(F)c(F)cc23)c(C)c1,5.29,1,nM,CHEMBL1957788,-5.29,3.71,CHEMBL240,hERG,False,False,False
CC(=O)NCCc1ccccc1-c1ccc([C@H]2CNCC[C@]2(O)c2ccc(F)c(F)c2)c(C)c1,5.38,1,nM,CHEMBL1957795,-5.38,3.62,CHEMBL240,hERG,False,False,False
CC(=O)NC[C@@H]1OC(=O)N2Cc3cc(-c4ccc(C#N)nc4)c(F)cc3O[C@@H]12,4.75,1,nM,CHEMBL4865552,-4.75,4.25,CHEMBL240,hERG,False,False,False
CC(=O)NC[C@@H]1OC(=O)N2c3ccc(-c4ccc(C#N)nc4)cc3OC[C@@H]12,5.56,1,nM,CHEMBL1915619,-5.56,3.4400000000000004,CHEMBL240,hERG,False,False,False
CC(=O)N[C@@H](CCN1[C@@H]2CC[C@H]1C[C@@H](n1c(C)nc3c1CCN(C(=O)C(C)(C)C)C3)C2)c1cccc(F)c1,5.3,1,nM,CHEMBL1649933,-5.3,3.7,CHEMBL240,hERG,False,False,False
CC(=O)N[C@@H](CCN1[C@@H]2CC[C@H]1C[C@@H](n1c(C)nc3c1CCN(C(=O)C(C)C)C3)C2)c1cccc(F)c1,4.92,1,nM,CHEMBL1649931,-4.92,4.08,CHEMBL240,hERG,False,False,False
CC(=O)N[C@@H](CCN1[C@@H]2CC[C@H]1C[C@@H](n1c(C)nc3c1CCN(C(C)=O)C3)C2)c1cccc(F)c1,5.3,1,nM,CHEMBL1649911,-5.3,3.7,CHEMBL240,hERG,False,False,False
CC(=O)N[C@@H](CCN1[C@@H]2CC[C@H]1C[C@@H](n1c(C)nc3c1CCN(c1ccncn1)C3)C2)c1cccc(F)c1,8.0,1,nM,CHEMBL1649928,-8.0,1.0,CHEMBL240,hERG,False,False,False
CC(=O)N[C@@H](CCN1[C@@H]2CC[C@H]1C[C@@H](n1c(C)nc3c1CCN(c1cnccn1)C3)C2)c1cccc(F)c1,6.0,1,nM,CHEMBL1649929,-6.0,3.0,CHEMBL240,hERG,False,False,False
CC(=O)N[C@@H](CCN1[C@@H]2CC[C@H]1C[C@@H](n1c(C)nc3ccccc31)C2)c1ccccc1,5.82,1,nM,CHEMBL1649913,-5.82,3.1799999999999997,CHEMBL240,hERG,False,False,False
CC(=O)N[C@@H]1CC(C)(C)Oc2nc(-c3ccc(Cl)cc3Cl)c(-c3ccc(Cl)cc3)cc21,6.27,1,nM,CHEMBL1095990,-6.27,2.7300000000000004,CHEMBL240,hERG,False,False,False
CC(=O)N[C@@H]1CC2(CCN(Cc3ccc4c(c3)c3ccccc3n4C(N)=O)CC2)c2ccccc21,5.7,1,nM,CHEMBL1934130,-5.7,3.3,CHEMBL240,hERG,False,False,False
CC(=O)N[C@H]1CC(C)(C)Oc2nc(-c3ccc(Cl)cc3Cl)c(-c3ccc(Cl)cc3)cc21,5.58,1,nM,CHEMBL1098847,-5.58,3.42,CHEMBL240,hERG,False,False,False
CC(=O)Nc1cc(-c2cccc(N3CCN(C)CC3)n2)nc(-n2nc(C)cc2C)n1,6.27,1,nM,CHEMBL486162,-6.27,2.7300000000000004,CHEMBL240,hERG,True,True,True
CC(=O)Nc1cc(Nc2cc(NC3CC3)n3ncc(C#N)c3n2)c(F)cc1C,4.8,1,nM,CHEMBL2409178,-4.8,4.2,CHEMBL240,hERG,False,False,False
CC(=O)Nc1cc(Nc2cc(NC3CC3)n3ncc(C#N)c3n2)ccc1C,4.68,1,nM,CHEMBL2409175,-4.68,4.32,CHEMBL240,hERG,False,False,False
CC(=O)Nc1cc(Nc2cc(NC3CC3)n3ncc(C#N)c3n2)ccc1C1CC1,4.72,1,nM,CHEMBL2409177,-4.72,4.28,CHEMBL240,hERG,False,False,False
CC(=O)Nc1cc(Nc2cc(NC3CC3)n3ncc(C#N)c3n2)ccc1N(C)CCN(C)C,5.4,1,nM,CHEMBL3103191,-5.4,3.5999999999999996,CHEMBL240,hERG,False,False,False
CC(=O)Nc1cc(Nc2cc(NC3CC3)n3ncc(C#N)c3n2)ncc1C,4.72,1,nM,CHEMBL2409180,-4.72,4.28,CHEMBL240,hERG,False,False,False
CC(=O)Nc1cc(Nc2cc(NC3CCC3)n3ncc(C#N)c3n2)c(F)cc1C,4.8,1,nM,CHEMBL2409182,-4.8,4.2,CHEMBL240,hERG,False,False,False
CC(=O)Nc1cc(Nc2cc(NC3CCC3)n3ncc(C#N)c3n2)ccc1C,4.96,1,nM,CHEMBL2409181,-4.96,4.04,CHEMBL240,hERG,False,False,False
CC(=O)Nc1ccc(-c2cc3sc(N4CCC(N5CCCCC5)CC4)nc3cn2)cn1,5.07,1,nM,CHEMBL575693,-5.07,3.9299999999999997,CHEMBL240,hERG,True,True,True
CC(=O)Nc1ccc(-c2cnc3nc(N4CCC(N5CCCCC5)CC4)sc3c2)cn1,4.4,1,nM,CHEMBL574387,-4.4,4.6,CHEMBL240,hERG,True,True,True
CC(=O)Nc1ccc(CC(=O)N(C)C2CCN(Cc3ccc(C(F)(F)F)cc3)CC2)cc1,5.35,1,nM,CHEMBL2010835,-5.35,3.6500000000000004,CHEMBL240,hERG,False,False,False
CC(=O)Nc1ccc(CCN2CCC(COc3nc4ccccc4c4cn(C)cc34)CC2)cc1,7.7,1,nM,CHEMBL2179670,-7.7,1.2999999999999998,CHEMBL240,hERG,True,True,True
CC(=O)Nc1ccc(CN2CCC(NC(=O)c3cc(=O)c4ccc(F)cc4o3)CC2)cc1,5.82,2,nM,CHEMBL216680,-5.82,3.1799999999999997,CHEMBL240,hERG,False,False,False
CC(=O)Nc1ccc(OCCCCN2CCC(c3noc4cc(F)ccc34)CC2)cc1,6.43,1,nM,CHEMBL4794963,-6.43,2.5700000000000003,CHEMBL240,hERG,False,False,False
CC(=O)Nc1ccc(OCCCN2CCC(c3noc4cc(F)ccc34)CC2)cc1,5.53,1,nM,CHEMBL4784373,-5.53,3.4699999999999998,CHEMBL240,hERG,False,False,False
CC(=O)Nc1ccc2c(c1)C(N1CCC(NC(=O)c3cc(=O)c4ccc(F)cc4o3)CC1)CC2,4.57,3,nM,CHEMBL215661,-4.57,4.43,CHEMBL240,hERG,False,False,False
CC(=O)Nc1ccc2c3c(cccc13)C(=O)N(CCCCN1CCC(Nc3nc4ccccc4n3Cc3ccc(F)cc3)CC1)C2=O,6.74,1,nM,CHEMBL3805335,-6.74,2.26,CHEMBL240,hERG,False,False,False
CC(=O)Nc1ccc2ccn(-c3cc(NC4CC4)n4ncc(C#N)c4n3)c2c1,5.07,1,nM,CHEMBL2062563,-5.07,3.9299999999999997,CHEMBL240,hERG,False,False,False
CC(=O)Nc1cccc(-c2ccc([C@H]3CN(C)C[C@@H]3NS(=O)(=O)C(C)C)cc2)c1,4.9,1,nM,CHEMBL1290503,-4.9,4.1,CHEMBL240,hERG,False,False,False
CC(=O)Nc1cccc(C2CCN(CCCn3c(-c4ccc(Cl)cc4)nc4ccccc43)CC2)c1,8.52,1,nM,CHEMBL1761103,-8.52,0.4800000000000004,CHEMBL240,hERG,False,False,False
CC(=O)Nc1cccc(C2CCN(CCCn3nc(-c4ccc(F)c(F)c4)c4ccccc4c3=O)CC2)c1,4.8,1,nM,CHEMBL1934835,-4.8,4.2,CHEMBL240,hERG,False,False,False
CC(=O)Nc1cccc(C2CCN(Cc3ccc(C(=O)c4nc(C)c(C)n4-c4ccc(F)cc4)cc3)CC2)c1,5.77,1,nM,CHEMBL3219276,-5.77,3.2300000000000004,CHEMBL240,hERG,False,False,False
CC(=O)Nc1cccc(C2CCN(Cc3ccc(C(=O)c4nc5ccccc5n4-c4ccc(Cl)cc4)cc3)CC2)c1,5.77,1,nM,CHEMBL3219001,-5.77,3.2300000000000004,CHEMBL240,hERG,False,False,False
CC(=O)Nc1cccc(C2CCN(Cc3ccc(C(=O)c4nc5ccccc5n4-c4ccc(F)cc4)cc3)CC2)c1,5.71,1,nM,CHEMBL3218997,-5.71,3.29,CHEMBL240,hERG,False,False,False
CC(=O)Nc1cccc(C2CCN(Cc3ccc(C(=O)c4nc5ccccc5n4-c4ccc(F)cc4)cc3F)CC2)c1,5.72,1,nM,CHEMBL3219269,-5.72,3.2800000000000002,CHEMBL240,hERG,False,False,False
CC(=O)Nc1cccc(C2CCN(Cc3ccc(C(=O)c4nc5ccccc5n4C4CCOCC4)cc3)CC2)c1,5.92,1,nM,CHEMBL3219265,-5.92,3.08,CHEMBL240,hERG,False,False,False
CC(=O)Nc1cccc(CN2CCC(NC(=O)c3cc(=O)c4ccc(F)cc4o3)CC2)c1,4.22,1,nM,CHEMBL269352,-4.22,4.78,CHEMBL240,hERG,False,False,False
CC(=O)Nc1cccc(N2CCN(CCCCNS(=O)(=O)CC3CCCCC3)CC2)c1,5.42,1,nM,CHEMBL209821,-5.42,3.58,CHEMBL240,hERG,True,True,True
CC(=O)Nc1cccc(N2CCN(CCCCNS(=O)(=O)c3ccc(C)cc3)CC2)c1,6.52,1,nM,CHEMBL210537,-6.52,2.4800000000000004,CHEMBL240,hERG,True,True,True
CC(=O)Nc1cccc(Nc2ncnc(N3CCC(OCc4ccc(C(C)C)cc4)CC3)n2)c1C,6.36,1,nM,CHEMBL1813044,-6.36,2.6399999999999997,CHEMBL240,hERG,False,False,False
CC(=O)Nc1cccc(Nc2ncnc(N3CCC(OCc4ccc(C)cc4)CC3)n2)c1C,5.71,1,nM,CHEMBL1813043,-5.71,3.29,CHEMBL240,hERG,False,False,False
CC(=O)Nc1cccc(Nc2ncnc(N3CCC(Oc4ccc(C(F)(F)F)cc4)CC3)n2)c1C,5.39,1,nM,CHEMBL1813049,-5.39,3.6100000000000003,CHEMBL240,hERG,False,False,False
CC(=O)Nc1cccc(Nc2ncnc(N3CCC(Oc4ccc(OC(F)(F)F)cc4)CC3)n2)c1C,5.58,1,nM,CHEMBL1813050,-5.58,3.42,CHEMBL240,hERG,False,False,False
CC(=O)Nc1cccc(Nc2ncnc(N3CCc4ccccc4C3)n2)c1,5.42,1,nM,CHEMBL1813015,-5.42,3.58,CHEMBL240,hERG,False,False,False
CC(=O)Nc1nc(-c2ccc(F)cc2)c(-c2ccnc(Nc3ccc(N4CCNCC4)cc3)n2)s1,4.42,1,nM,CHEMBL4451783,-4.42,4.58,CHEMBL240,hERG,False,False,False
CC(=O)Nc1nc(C)c(-c2cc3c(c(NS(C)(=O)=O)c2)C(=O)N([C@@H](C)C2CC2)C3)s1,4.7,1,nM,CHEMBL4127396,-4.7,4.3,CHEMBL240,hERG,False,False,False
CC(=O)Nc1nc(C)c(-c2cc3c(c(S(C)(=O)=O)c2)C(=O)N([C@@H](C)C2CC2)C3)s1,4.5,1,nM,CHEMBL4126156,-4.5,4.5,CHEMBL240,hERG,False,False,False
CC(=O)OCC(=O)NC1CCN(CCc2ccc(Oc3nc4ccccc4s3)cc2)CC1,5.3,1,nM,CHEMBL482057,-5.3,3.7,CHEMBL240,hERG,False,False,False
CC(=O)OCC(=O)NC1CCN(Cc2ccc(Oc3nc4ccccc4s3)cc2)CC1,4.52,1,nM,CHEMBL479382,-4.52,4.48,CHEMBL240,hERG,False,False,False
CC(=O)c1c(-c2cc(C)c(O)cn2)oc2ccc(O)c(CN3CCC3)c12,4.91,1,nM,CHEMBL5094563,-4.91,4.09,CHEMBL240,hERG,False,False,False
CC(=O)c1c(-c2ccc(O)cc2)oc2ccc(O)c(CN3CCC4(COC4)C3)c12,5.58,1,nM,CHEMBL5080207,-5.58,3.42,CHEMBL240,hERG,False,False,False
CC(=O)c1c(-c2ccc(O)cn2)oc2ccc(O)c(CN3CCCC3)c12,4.69,1,nM,CHEMBL5080306,-4.69,4.31,CHEMBL240,hERG,False,False,False
CC(=O)c1ccc(-c2cccc(-n3cc(C(=O)NC(C)C)c(=O)c4cccnc43)c2)cc1,5.05,1,nM,CHEMBL519193,-5.05,3.95,CHEMBL240,hERG,False,False,False
CC(=O)c1ccc(CN2CCC(NC(=O)c3cc(=O)c4ccc(F)cc4o3)CC2)cc1,7.69,1,nM,CHEMBL384487,-7.69,1.3099999999999996,CHEMBL240,hERG,False,False,False
CC(=O)c1ccc2c(c1)N(CCN1CCC(NCc3ccc4c(n3)NC(=O)CO4)CC1)C(=O)CO2,4.31,1,nM,CHEMBL1824040,-4.31,4.69,CHEMBL240,hERG,False,False,False
CC(=O)c1cccc(-c2ccc([C@H]3CN(C)C[C@@H]3NS(=O)(=O)C(C)C)cc2)c1,5.1,1,nM,CHEMBL1290504,-5.1,3.9000000000000004,CHEMBL240,hERG,False,False,False
CC(=O)c1cccc(-c2cccc(-n3cc(C(=O)NC(C)C)c(=O)c4cccnc43)c2)c1,5.16,1,nM,CHEMBL464804,-5.16,3.84,CHEMBL240,hERG,False,False,False
CC(=O)c1cccc(-c2cccc(-n3cc(C(=O)Nc4nccc(Cl)c4Cl)c(=O)c4cccnc43)c2)c1,6.13,1,nM,CHEMBL514564,-6.13,2.87,CHEMBL240,hERG,False,False,False
CC(=O)c1cccc(CNc2cc(C(F)(F)F)cc3ncc(N4CCN(C)CC4)cc23)c1,4.03,1,nM,CHEMBL3221113,-4.03,4.97,CHEMBL240,hERG,False,False,False
CC(=O)c1cccc(NC(=O)N[C@@H]2CCCC[C@H]2CN2CCC[C@@H](Cc3ccc(F)cc3)C2)c1,6.4,1,nM,CHEMBL250689,-6.4,2.5999999999999996,CHEMBL240,hERG,False,False,False
CC(=O)c1cn(-c2ccc(F)cc2)c2ccc(Cl)cc12,5.0,1,nM,CHEMBL301992,-5.0,4.0,CHEMBL240,hERG,False,False,False
CC(=O)c1nn(-c2ccc(C)cc2)/c(=N/c2nc(-c3ccccc3)cc(-c3ccccc3)c2C#N)s1,4.54,1,nM,CHEMBL3408384,-4.54,4.46,CHEMBL240,hERG,False,False,False
CC(=O)c1nn(-c2ccc(Cl)cc2)/c(=N/c2nc(-c3ccccc3)cc(-c3ccccc3)c2C#N)s1,4.94,1,nM,CHEMBL3408386,-4.94,4.06,CHEMBL240,hERG,False,False,False
CC(=O)c1nn(-c2ccccc2)/c(=N/c2nc(-c3ccccc3)cc(-c3ccccc3)c2C#N)s1,4.49,1,nM,CHEMBL3408383,-4.49,4.51,CHEMBL240,hERG,False,False,False
CC(=O)n1ccc2cc(N3CCN(CCN4Cc5ccccc5C4)C3=O)ccc21,5.0,1,nM,CHEMBL549759,-5.0,4.0,CHEMBL240,hERG,False,False,False
CC(C#N)=C1CCN(c2ccc(N3C[C@H](Cn4cc(F)nn4)OC3=O)cc2F)CC1,4.68,1,nM,CHEMBL2324520,-4.68,4.32,CHEMBL240,hERG,False,False,False
CC(C(=O)O)c1ccc(CN2CCC(COC(=O)c3c4n(c5ccccc35)CCCO4)CC2)cc1,4.6,1,nM,CHEMBL3329813,-4.6,4.4,CHEMBL240,hERG,True,True,True
CC(C(O)c1ccc(O)cc1)N1CCC(Cc2ccccc2)CC1,7.0,1,nM,CHEMBL305187,-7.0,2.0,CHEMBL240,hERG,False,False,False
CC(C(O)c1ccc2[nH]c(=O)oc2c1)N1CCC(O)(c2ccc(F)cc2)CC1,5.58,1,nM,CHEMBL246634,-5.58,3.42,CHEMBL240,hERG,False,False,False
CC(C(O)c1ccc2c(c1)CCC(=O)N2)N1CCC(O)(c2ccc(F)cc2)CC1,5.07,1,nM,CHEMBL404851,-5.07,3.9299999999999997,CHEMBL240,hERG,False,False,False
CC(C(O)c1ccc2c(c1)CCC(=O)N2)N1CCC(O)(c2ccc3c(c2)COCC3)CC1,4.8,1,nM,CHEMBL246817,-4.8,4.2,CHEMBL240,hERG,False,False,False
CC(C(O)c1ccc2c(c1)CCC(=O)N2)N1CCC(O)(c2cccc(F)c2)CC1,5.0,1,nM,CHEMBL404852,-5.0,4.0,CHEMBL240,hERG,False,False,False
CC(C(O)c1ccc2c(c1)CN(C)C(=O)N2)N1CCC(O)(c2ccc(F)cc2)CC1,5.51,1,nM,CHEMBL246816,-5.51,3.49,CHEMBL240,hERG,False,False,False
CC(C(O)c1ccc2c(c1)CNC(=O)N2)N1CCC(O)(c2ccc(F)cc2)CC1,5.13,1,nM,CHEMBL246815,-5.13,3.87,CHEMBL240,hERG,False,False,False
CC(C(O)c1ccc2c(c1)COC(=O)N2)N1CCC(O)(c2ccc(F)cc2)CC1,5.62,1,nM,CHEMBL401407,-5.62,3.38,CHEMBL240,hERG,False,False,False
CC(C(O)c1ccc2c(c1)OCC(=O)N2)N1CCC(O)(c2ccc(F)cc2)CC1,5.8,1,nM,CHEMBL246635,-5.8,3.2,CHEMBL240,hERG,False,False,False
CC(C)(C#N)CC#Cc1c(Cl)c2c(Cl)cc(C(N)=O)nc2n1[C@H]1CCCNC1,8.52,1,nM,CHEMBL4445116,-8.52,0.4800000000000004,CHEMBL240,hERG,False,False,False
CC(C)(C#N)c1cc(Nc2nc(N3CCC[C@H](N)C3)ncc2C(N)=O)cc(C(C)(C)C#N)c1,5.15,1,nM,CHEMBL4640712,-5.15,3.8499999999999996,CHEMBL240,hERG,False,False,False
CC(C)(C(=O)O)c1ccc(C(O)CCCN2CCC(C(O)(c3ccccc3)c3ccccc3)CC2)cc1,4.64,6,nM,CHEMBL914,-4.64,4.36,CHEMBL240,hERG,True,True,True
CC(C)(C(=O)O)c1ccc(CN2CCC(COC(=O)c3c4n(c5ccccc35)CCCO4)CC2)cc1,4.16,1,nM,CHEMBL2391994,-4.16,4.84,CHEMBL240,hERG,True,True,True
CC(C)(C)C(=O)CN1CCC(CNC(=O)c2cc(Cl)cc(Cl)c2)CC1,5.69,1,nM,CHEMBL493061,-5.69,3.3099999999999996,CHEMBL240,hERG,False,False,False
CC(C)(C)C(=O)N1CC(c2cc(F)ccc2F)=C[C@H]1c1cccc(O)c1,5.11,1,nM,CHEMBL378547,-5.11,3.8899999999999997,CHEMBL240,hERG,False,False,False
CC(C)(C)C(=O)N1CCC(c2ccc(C(=O)NC(=N)N)cc2C(F)(F)F)CC1,4.57,1,nM,CHEMBL2170605,-4.57,4.43,CHEMBL240,hERG,False,False,False
CC(C)(C)C(F)CN1CCC(CNC(=O)c2cc(Cl)cc(Cl)c2)CC1,5.33,1,nM,CHEMBL495303,-5.33,3.67,CHEMBL240,hERG,False,False,False
CC(C)(C)C(O)CN1CCC(CNC(=O)c2cc(Cl)cc(Cl)c2)CC1,5.32,1,nM,CHEMBL495302,-5.32,3.6799999999999997,CHEMBL240,hERG,False,False,False
CC(C)(C)C1(C)Cc2c(CN3CCC4(CC3)CCN(C(=O)c3ccc(N)cn3)CC4)cccc2O1,4.73,2,nM,CHEMBL568294,-4.73,4.27,CHEMBL240,hERG,False,False,False
CC(C)(C)C1CCC2(CC1)CCN(c1ccc(OC(F)(F)F)cc1)C(=O)N2Cc1ccc(C(=O)Nc2nn[nH]n2)cc1,5.27,1,nM,CHEMBL198387,-5.27,3.7300000000000004,CHEMBL240,hERG,False,False,False
CC(C)(C)CC(C)(C)c1ccc(OCCOCC[N+](C)(C)Cc2ccccc2)cc1,6.96,1,nM,CHEMBL221753,-6.96,2.04,CHEMBL240,hERG,False,False,False
CC(C)(C)CCN1CCC(CNC(=O)C2(c3ccc(F)cc3)CCCCC2)CC1,5.43,1,nM,CHEMBL493060,-5.43,3.5700000000000003,CHEMBL240,hERG,False,False,False
CC(C)(C)CCN1CCC(CNC(=O)Cc2ccc(C(C)(C)C)cc2)CC1,5.99,1,nM,CHEMBL523508,-5.99,3.01,CHEMBL240,hERG,False,False,False
CC(C)(C)CCN1CCC(CNC(=O)Nc2cccc(Cl)c2)(c2ccccc2)CC1,7.06,1,nM,CHEMBL488294,-7.06,1.9400000000000004,CHEMBL240,hERG,False,False,False
CC(C)(C)CCN1CCC(CNC(=O)c2cc(C(F)(F)F)cc(C(F)(F)F)c2)CC1,5.75,1,nM,CHEMBL493678,-5.75,3.25,CHEMBL240,hERG,False,False,False
CC(C)(C)CCN1CCC(CNC(=O)c2cc(Cl)cc(Cl)c2)CC1,5.71,1,nM,CHEMBL488468,-5.71,3.29,CHEMBL240,hERG,False,False,False
CC(C)(C)CCN1CCC(CNC(=O)c2ccc(Cl)c(Cl)c2)CC1,5.98,1,nM,CHEMBL493679,-5.98,3.0199999999999996,CHEMBL240,hERG,False,False,False
CC(C)(C)CCN1CCC(CNC(=O)c2cccc(Cl)c2)CC1,5.32,1,nM,CHEMBL493680,-5.32,3.6799999999999997,CHEMBL240,hERG,False,False,False
CC(C)(C)CCN1CC[C@@H](CNC(=O)c2cc(Cl)cc(Cl)c2)[C@H](F)C1,5.52,1,nM,CHEMBL521833,-5.52,3.4800000000000004,CHEMBL240,hERG,False,False,False
CC(C)(C)CCN1CC[C@H](CNC(=O)c2cc(Cl)cc(Cl)c2)[C@H](F)C1,5.39,1,nM,CHEMBL493677,-5.39,3.6100000000000003,CHEMBL240,hERG,False,False,False
CC(C)(C)CN(C(=O)c1cccc(Cl)c1Cl)[C@H]1CCNC1,4.78,1,nM,CHEMBL1080790,-4.78,4.22,CHEMBL240,hERG,True,True,True
CC(C)(C)CN1CCC(c2ccccc2Oc2ncccc2NC(=O)Nc2ccc(OC(F)(F)F)cc2)CC1,5.34,1,nM,CHEMBL3092631,-5.34,3.66,CHEMBL240,hERG,True,True,True
CC(C)(C)CNc1nc(C#N)nc(N2CCOCC2)c1N,4.16,1,nM,CHEMBL471757,-4.16,4.84,CHEMBL240,hERG,False,False,False
CC(C)(C)N1CCC(c2ccccc2)(c2ccccc2)CC1,6.07,1,nM,CHEMBL334491,-6.07,2.9299999999999997,CHEMBL240,hERG,False,False,False
CC(C)(C)N1CCN(C(=O)c2ccc(-c3cnc(N)c(-c4ccc(C(F)(F)F)cc4)n3)cc2)CC1,5.7,1,nM,CHEMBL4763231,-5.7,3.3,CHEMBL240,hERG,False,False,False
CC(C)(C)NC(=O)C1c2c(O)cccc2C(=O)N1Cc1ccccc1-c1ccccc1,4.55,1,nM,CHEMBL3787356,-4.55,4.45,CHEMBL240,hERG,False,False,False
CC(C)(C)NC(=O)C1c2ccc(NS(C)(=O)=O)cc2C(=O)N1Cc1ccccc1-c1ccccc1,4.82,1,nM,CHEMBL3787036,-4.82,4.18,CHEMBL240,hERG,False,False,False
CC(C)(C)NC(=O)C1c2ccc(O)cc2C(=O)N1Cc1ccccc1-c1ccccc1,4.35,1,nM,CHEMBL3787069,-4.35,4.65,CHEMBL240,hERG,False,False,False
CC(C)(C)NC(=O)C1c2ccccc2C(=O)N1Cc1ccccc1-c1ccc(F)cc1,4.25,1,nM,CHEMBL3786303,-4.25,4.75,CHEMBL240,hERG,False,False,False
CC(C)(C)NC(=O)C1c2ccccc2C(=O)N1Cc1ccccc1-c1ccccc1,4.21,1,nM,CHEMBL3786542,-4.21,4.79,CHEMBL240,hERG,False,False,False
CC(C)(C)NC(=O)NCCN1CC(NC(=O)c2cc(Cl)cc(Cl)c2)C1,4.89,1,nM,CHEMBL2337977,-4.89,4.11,CHEMBL240,hERG,False,False,False
CC(C)(C)NC(=O)NCCN1CCC(CNC(=O)c2cc(Cl)cc(Cl)c2)C1,5.24,1,nM,CHEMBL2338409,-5.24,3.76,CHEMBL240,hERG,False,False,False
CC(C)(C)NC(=O)NCCN1CCC(CNC(=O)c2cc(Cl)cc(Cl)c2)CC1,4.89,1,nM,CHEMBL2338406,-4.89,4.11,CHEMBL240,hERG,False,False,False
CC(C)(C)NC(=O)NCCN1CCC(NC(=O)c2cc(Cl)cc(Cl)c2)C1,5.18,1,nM,CHEMBL2337978,-5.18,3.8200000000000003,CHEMBL240,hERG,False,False,False
CC(C)(C)NC(=O)NCCN1CCCC(CNC(=O)c2cc(Cl)cc(Cl)c2)C1,5.28,1,nM,CHEMBL2338407,-5.28,3.7199999999999998,CHEMBL240,hERG,False,False,False
CC(C)(C)NC(=O)NCCN1CCCC(NC(=O)c2cc(Cl)cc(Cl)c2)C1,5.39,1,nM,CHEMBL2337979,-5.39,3.6100000000000003,CHEMBL240,hERG,False,False,False
CC(C)(C)NC(=O)NCCN1CCN(CC(=O)Nc2cc(Cl)cc(Cl)c2)CC1,5.8,1,nM,CHEMBL2338405,-5.8,3.2,CHEMBL240,hERG,False,False,False
CC(C)(C)NC(=O)c1c[nH]c2ncc(-c3ncn4c3CCCC4)nc12,5.39,1,nM,CHEMBL2347996,-5.39,3.6100000000000003,CHEMBL240,hERG,False,False,False
CC(C)(C)NC(=O)c1c[nH]c2ncc(-c3nn(CCC(O)CO)c4ccc(OC(F)F)cc34)nc12,5.38,1,nM,CHEMBL2347988,-5.38,3.62,CHEMBL240,hERG,False,False,False
CC(C)(C)NC(=O)c1c[nH]c2ncc(-c3nn(CCCN4CC(C#N)C4)c4ccc(OC(F)F)cc34)nc12,6.38,1,nM,CHEMBL2347417,-6.38,2.62,CHEMBL240,hERG,False,False,False
CC(C)(C)NC(=O)c1c[nH]c2ncc(-c3nn(CCCN4CCOCC4)c4ccc(OC(F)F)cc34)nc12,5.84,1,nM,CHEMBL2347418,-5.84,3.16,CHEMBL240,hERG,False,False,False
CC(C)(C)NC(=O)c1c[nH]c2ncc(-c3nn(CCCS(C)(=O)=O)c4ccc(OC(F)F)cc34)nc12,6.37,1,nM,CHEMBL2347420,-6.37,2.63,CHEMBL240,hERG,False,False,False
CC(C)(C)NC(=O)n1nc(NCC(=O)NC2CN([C@H]3CC[C@@H](c4ccc5c(c4)OCO5)CC3)C2)c2cc(C(F)(F)F)ccc21,5.33,1,nM,CHEMBL1834717,-5.33,3.67,CHEMBL240,hERG,False,False,False
CC(C)(C)NCCCc1cc(-c2cccc(C(F)(F)F)c2)nc(C#N)n1,5.96,1,nM,CHEMBL1084402,-5.96,3.04,CHEMBL240,hERG,False,False,False
CC(C)(C)NCc1ccc(Nc2ccnc3cc(Cl)ccc23)cc1O,5.12,1,nM,CHEMBL147806,-5.12,3.88,CHEMBL240,hERG,False,False,False
CC(C)(C)OC(=O)N1CC(N2C(=O)c3ccccc3C2C(=O)NCc2ccc(OC(F)(F)F)cc2)C1,4.96,1,nM,CHEMBL2164375,-4.96,4.04,CHEMBL240,hERG,False,False,False
CC(C)(C)OC(=O)N1CCC(N2C(=O)c3ccccc3C2C(=O)NCc2ccc(OC(F)(F)F)cc2)CC1,4.85,1,nM,CHEMBL2164374,-4.85,4.15,CHEMBL240,hERG,False,False,False
CC(C)(C)OC(=O)NCCCN(Cc1cncn1Cc1ccc(C#N)cc1)[C@H]1CCN(Cc2ccccc2)C1=O,6.96,1,nM,CHEMBL98553,-6.96,2.04,CHEMBL240,hERG,False,False,False
CC(C)(C)OCCN1CCC(CNC(=O)c2cc(Cl)cc(Cl)c2)CC1,5.9,1,nM,CHEMBL522843,-5.9,3.0999999999999996,CHEMBL240,hERG,False,False,False
CC(C)(C)OC[C@@H]1C(=O)NCCN1C(=O)C[C@H](N)Cc1cc(F)c(F)cc1F,4.1,1,nM,CHEMBL1779710,-4.1,4.9,CHEMBL240,hERG,False,False,False
CC(C)(C)Oc1ccc(S(C)(=O)=O)cc1C(=O)N1Cc2cn(-c3ccccc3F)nc2C1,5.09,1,nM,CHEMBL4216391,-5.09,3.91,CHEMBL240,hERG,False,False,False
CC(C)(C)Oc1ccc([C@]2(O)CC[C@H](N3CC(NC(=O)CNC(=O)c4cccc(C(F)(F)F)c4)C3)CC2)cn1,5.26,1,nM,CHEMBL2204252,-5.26,3.74,CHEMBL240,hERG,False,False,False
CC(C)(C)Oc1cccc2nc(N)nc(N)c12,4.7,1,nM,CHEMBL2042321,-4.7,4.3,CHEMBL240,hERG,False,False,False
CC(C)(C)S(=O)(=O)c1ccc2nccc(Nc3cc[nH]n3)c2c1,5.08,1,nM,CHEMBL4293701,-5.08,3.92,CHEMBL240,hERG,False,False,False
CC(C)(C)S(=O)(=O)c1ccc2nccc(Nc3n[nH]c4c3CCCC4)c2c1,5.06,1,nM,CHEMBL4286477,-5.06,3.9400000000000004,CHEMBL240,hERG,False,False,False
CC(C)(C)S(=O)(=O)c1ccc2nccc(Nc3n[nH]c4ccc(F)cc34)c2c1,5.13,1,nM,CHEMBL3823499,-5.13,3.87,CHEMBL240,hERG,False,False,False
CC(C)(C)S(=O)(=O)c1ccc2nccc(Nc3n[nH]c4ncc(F)cc34)c2c1,4.92,1,nM,CHEMBL4278565,-4.92,4.08,CHEMBL240,hERG,False,False,False
CC(C)(C)[C@H](N)C(=O)N1CC(c2cc(F)ccc2F)=C[C@H]1c1ccccc1,5.82,1,nM,CHEMBL204408,-5.82,3.1799999999999997,CHEMBL240,hERG,False,False,False
CC(C)(C)[C@H](NC(=O)OCCO)C(=O)N1CC(c2cc(F)ccc2F)=C[C@H]1c1ccccc1,4.6,1,nM,CHEMBL202788,-4.6,4.4,CHEMBL240,hERG,False,False,False
CC(C)(C)[C@H](O)C(=O)N1CC(c2cc(F)ccc2F)=C[C@H]1c1cccc(O)c1,5.11,1,nM,CHEMBL262736,-5.11,3.8899999999999997,CHEMBL240,hERG,False,False,False
CC(C)(C)c1[nH]c2ccccc2c1C1CCCN(Cc2ccc(/C=C/C(=O)NO)cc2)C1,4.87,1,nM,CHEMBL1094042,-4.87,4.13,CHEMBL240,hERG,False,False,False
CC(C)(C)c1[nH]c2ccccc2c1C1CCCN(Cc2ccc(/C=C/C(=O)NO)cc2Cl)C1,5.0,1,nM,CHEMBL1093351,-5.0,4.0,CHEMBL240,hERG,False,False,False
CC(C)(C)c1[nH]c2ccccc2c1C1CCCN(Cc2ccc(/C=C/C(=O)NO)cc2F)C1,4.52,1,nM,CHEMBL1093053,-4.52,4.48,CHEMBL240,hERG,False,False,False
CC(C)(C)c1[nH]c2ccccc2c1CCNCc1ccc(/C=C/C(=O)NO)cc1,5.13,1,nM,CHEMBL1819260,-5.13,3.87,CHEMBL240,hERG,False,False,False
CC(C)(C)c1c[nH]c(C2Cc3c([nH]c4ccccc34)C(C3CCOCC3)N2)n1,5.53,1,nM,CHEMBL3775825,-5.53,3.4699999999999998,CHEMBL240,hERG,False,False,False
CC(C)(C)c1cc(C(=O)N2CCN(CCCCCC(c3ccc(F)cc3)c3ccc(F)cc3)CC2)cc(C(C)(C)C)c1O,6.6,1,nM,CHEMBL2031962,-6.6,2.4000000000000004,CHEMBL240,hERG,False,False,False
CC(C)(C)c1cc(C(=O)NCC2CCN(C(=O)CCCCC(c3ccc(F)cc3)c3ccc(F)cc3)C2)cc(C(C)(C)C)c1,5.55,1,nM,CHEMBL2031976,-5.55,3.45,CHEMBL240,hERG,False,False,False
CC(C)(C)c1cc(C(=O)NC[C@@H]2CCN(C(=O)CCCCC(c3ccc(F)cc3)c3ccc(F)cc3)C2)cc(C(C)(C)C)c1,5.7,1,nM,CHEMBL2031987,-5.7,3.3,CHEMBL240,hERG,False,False,False
CC(C)(C)c1cc(C(=O)NC[C@H]2CCN(C(=O)CCCCC(c3ccc(F)cc3)c3ccc(F)cc3)C2)cc(C(C)(C)C)c1,5.3,1,nM,CHEMBL2031986,-5.3,3.7,CHEMBL240,hERG,False,False,False
CC(C)(C)c1cc(C(=O)Nc2nc(CN)cs2)n(Cc2ccccc2)n1,5.43,1,nM,CHEMBL1917511,-5.43,3.5700000000000003,CHEMBL240,hERG,False,False,False
CC(C)(C)c1cc(CN2CCC(CNCCCCCC(c3ccc(F)cc3)c3ccc(F)cc3)C2)cc(C(C)(C)C)c1O,8.0,1,nM,CHEMBL2031999,-8.0,1.0,CHEMBL240,hERG,False,False,False
CC(C)(C)c1cc(CN2CCN(CCCCCC(c3ccc(F)cc3)c3ccc(F)cc3)CC2)cc(C(C)(C)C)c1,7.0,1,nM,CHEMBL2031969,-7.0,2.0,CHEMBL240,hERG,False,False,False
CC(C)(C)c1cc(CN2CCN(CCCCCC(c3ccc(F)cc3)c3ccc(F)cc3)CC2)cc(C(C)(C)C)c1O,7.0,1,nM,CHEMBL2031961,-7.0,2.0,CHEMBL240,hERG,False,False,False
CC(C)(C)c1cc(CNCC2CCN(CCCCCC(c3ccc(F)cc3)c3ccc(F)cc3)C2)cc(C(C)(C)C)c1,6.34,1,nM,CHEMBL2031985,-6.34,2.66,CHEMBL240,hERG,False,False,False
CC(C)(C)c1cc(CNCC2CCN(CCCCCC(c3ccc(F)cc3)c3ccc(F)cc3)C2)cc(C(C)(C)C)c1O,6.06,1,nM,CHEMBL2031984,-6.06,2.9400000000000004,CHEMBL240,hERG,False,False,False
CC(C)(C)c1cc(NC(=O)Cc2ccc(-n3cnc4cc(-c5ccc(S(C)(=O)=O)cc5)ccc43)cc2)no1,5.12,1,nM,CHEMBL4473213,-5.12,3.88,CHEMBL240,hERG,False,False,False
CC(C)(C)c1cc(NC(=O)c2cnc3cc(Oc4ncnc5c4CNC5)ccn23)no1,5.04,1,nM,CHEMBL3808450,-5.04,3.96,CHEMBL240,hERG,False,False,False
CC(C)(C)c1cc(NC(=O)n2ccc3cc(Oc4ncnc5c4CCNC5)ccc32)no1,5.16,1,nM,CHEMBL3746226,-5.16,3.84,CHEMBL240,hERG,False,False,False
CC(C)(C)c1cc(NC(=O)n2ccc3cc(Oc4ncnc5c4CNC5)ccc32)no1,4.63,1,nM,CHEMBL3745816,-4.63,4.37,CHEMBL240,hERG,False,False,False
CC(C)(C)c1cc(NC(=O)n2ccc3cc(Oc4ncnc5c4CNC5)cnc32)no1,5.24,1,nM,CHEMBL3810154,-5.24,3.76,CHEMBL240,hERG,False,False,False
CC(C)(C)c1cc(NC(=O)n2ccc3ccc(Oc4ncnc5c4CNC5)cc32)no1,4.68,1,nM,CHEMBL3808957,-4.68,4.32,CHEMBL240,hERG,False,False,False
CC(C)(C)c1cc(NC(=O)n2ccc3nc(Oc4ncnc5c4CNC5)ccc32)no1,4.58,1,nM,CHEMBL3808653,-4.58,4.42,CHEMBL240,hERG,False,False,False
CC(C)(C)c1cc(NC(=O)n2ncc3cc(Oc4ncnc5c4CNC5)ccc32)no1,5.11,1,nM,CHEMBL3810135,-5.11,3.8899999999999997,CHEMBL240,hERG,False,False,False
CC(C)(C)c1ccc(C(=O)CCCN2CCC(OC(c3ccccc3)c3ccccc3)CC2)cc1,6.48,3,nM,CHEMBL305660,-6.48,2.5199999999999996,CHEMBL240,hERG,False,False,False
CC(C)(C)c1ccc(C(=O)NCC2CCN(C(=O)CCCCC(c3ccc(F)cc3)c3ccc(F)cc3)C2)cc1,6.09,1,nM,CHEMBL2031975,-6.09,2.91,CHEMBL240,hERG,False,False,False
CC(C)(C)c1ccc(C(O)CCCN2CCC(C(O)(c3ccccc3)c3ccccc3)CC2)cc1,6.7,21,nM,CHEMBL17157,-6.7,2.3,CHEMBL240,hERG,True,True,True
CC(C)(C)c1ccc(CN2CCC3(CCCCO3)CC2)cc1,4.945,2,nM,CHEMBL4293735,-4.945,4.055,CHEMBL240,hERG,False,False,False
CC(C)(C)c1ccc(N2CCN(CCN3Cc4ccccc4C3)C2=O)cc1,6.0,1,nM,CHEMBL564298,-6.0,3.0,CHEMBL240,hERG,False,False,False
CC(C)(C)c1ccc(NC(=O)N2CCN(c3ncccc3Cl)CC2)cc1,6.0,1,nM,CHEMBL441472,-6.0,3.0,CHEMBL240,hERG,False,False,False
CC(C)(C)c1ccc2[nH]c(C(C)(C)N)nc2c1,4.39,1,nM,CHEMBL4466809,-4.39,4.61,CHEMBL240,hERG,False,False,False
CC(C)(C)c1ccc2c(ccn2-c2ccc(F)cc2)c1,5.0,1,nM,CHEMBL299590,-5.0,4.0,CHEMBL240,hERG,False,False,False
CC(C)(C)c1cccc(Nc2cc(N[C@@H]3CCCC[C@@H]3N)nnc2C(N)=O)n1,5.9,1,nM,CHEMBL3237571,-5.9,3.0999999999999996,CHEMBL240,hERG,False,False,False
CC(C)(C)c1csc(N2CCN(C(=O)[C@@H]3CCCC[C@H]3C(=O)NC3(C#N)CC3)CC2)n1,5.2,1,nM,CHEMBL2070942,-5.2,3.8,CHEMBL240,hERG,False,False,False
CC(C)(C)c1nnc(-c2nn(-c3ccccc3Cl)c(-c3ccc(Br)cc3)c2Cn2cncn2)s1,4.98,1,nM,CHEMBL1223259,-4.98,4.02,CHEMBL240,hERG,False,False,False
CC(C)(C)n1cc2c(n1)C(=O)CC1(CCN(C(=O)c3ccc4[nH]ncc4c3)CC1)O2,4.47,1,nM,CHEMBL2419601,-4.47,4.53,CHEMBL240,hERG,False,False,False
CC(C)(C)n1nc(-c2ccc3cc(OC4CC4)ccc3c2)c(C(N)=O)c1N,4.57,1,nM,CHEMBL4791496,-4.57,4.43,CHEMBL240,hERG,False,False,False
CC(C)(C)n1ncc2c1C(=O)CC1(CCN(C(=O)c3ccc4[nH]ncc4c3)CC1)C2,4.68,1,nM,CHEMBL3359261,-4.68,4.32,CHEMBL240,hERG,False,False,False
CC(C)(C)n1nnc2c1CCC(n1cnc(-c3ccc(F)cc3)n1)C2,5.2,1,nM,CHEMBL3736345,-5.2,3.8,CHEMBL240,hERG,False,False,False
CC(C)(CC(O)(Cc1cc2cc(N3CCOCC3)ncc2[nH]1)C(F)(F)F)c1ccccc1S(C)(=O)=O,4.7,1,nM,CHEMBL3358937,-4.7,4.3,CHEMBL240,hERG,False,False,False
CC(C)(CCO)n1nc(-c2ccc3cc(OC4CC4)ccc3c2)c(C(N)=O)c1N,5.35,1,nM,CHEMBL4756756,-5.35,3.6500000000000004,CHEMBL240,hERG,False,False,False
CC(C)(CCO)n1nc(-c2ccc3nc(OC4CC4)ccc3c2)c(C(N)=O)c1N,4.52,1,nM,CHEMBL4742781,-4.52,4.48,CHEMBL240,hERG,False,False,False
CC(C)(CN)C(=O)N1CC(c2cc(F)ccc2F)=C[C@H]1c1ccccc1,5.66,1,nM,CHEMBL203045,-5.66,3.34,CHEMBL240,hERG,False,False,False
CC(C)(CN1CCC(=C2c3ccc(F)cc3COc3ccccc32)CC1)C(=O)O,5.0,1,nM,CHEMBL1671901,-5.0,4.0,CHEMBL240,hERG,False,False,False
CC(C)(CNC(=O)N1CCC(c2nc(-c3ccc4ccccc4n3)no2)CC1)N1CCOCC1,4.55,1,nM,CHEMBL1822301,-4.55,4.45,CHEMBL240,hERG,False,False,False
CC(C)(CO)Cn1nc(-c2ccc3cc(OC4CC4)ccc3c2)c(C(N)=O)c1N,4.9,2,nM,CHEMBL4751724,-4.9,4.1,CHEMBL240,hERG,False,False,False
CC(C)(CO)Cn1nc(-c2ccc3nc(OC4CC4)ccc3c2)c(C(N)=O)c1N,5.5,1,nM,CHEMBL4749451,-5.5,3.5,CHEMBL240,hERG,False,False,False
CC(C)(CO)Oc1ccc(C(N)=O)c(O[C@@H]2CCN(C(=O)Cc3ccc(OC(F)(F)F)cc3)C[C@@H]2F)c1,4.46,1,nM,CHEMBL4208638,-4.46,4.54,CHEMBL240,hERG,False,False,False
CC(C)(CO)n1nc(-c2ccc3cc(OC4CC4)ccc3c2)c(C(N)=O)c1N,4.52,1,nM,CHEMBL4750862,-4.52,4.48,CHEMBL240,hERG,False,False,False
CC(C)(Cc1ccc2ccccc2c1)NC[C@@H](O)COc1ccc(CCC(=O)O)cc1,7.42,1,nM,CHEMBL572163,-7.42,1.58,CHEMBL240,hERG,False,False,False
CC(C)(Cc1ccc2ccccc2c1)NC[C@@H](O)COc1ccc(CCC(=O)O)cc1C#N,7.49,1,nM,CHEMBL570593,-7.49,1.5099999999999998,CHEMBL240,hERG,False,False,False
CC(C)(Cc1ccc2ccccc2c1)NC[C@@H](O)COc1cccc(Cl)c1C#N,6.71,3,nM,CHEMBL180672,-6.71,2.29,CHEMBL240,hERG,False,False,False
CC(C)(Cc1ccc2ccccc2c1)NC[C@@H](O)COc1ccccc1C#N,8.49,1,nM,CHEMBL382741,-8.49,0.5099999999999998,CHEMBL240,hERG,False,False,False
CC(C)(Cc1ccccn1)N1C(=O)c2ccccc2C1C(=O)NCc1ccc(OC(F)(F)F)cc1,5.37,1,nM,CHEMBL2164361,-5.37,3.63,CHEMBL240,hERG,False,False,False
CC(C)(N)C(=O)N1CCn2c(nc(-c3ccc(F)cc3)c2Nc2ccc(Cl)c(F)c2)C1,5.25,1,nM,CHEMBL1800776,-5.25,3.75,CHEMBL240,hERG,False,False,False
CC(C)(N)C(=O)N1CCn2c(nc(-c3ccc(F)cc3)c2Nc2ccc(Cl)cc2)C1,5.64,1,nM,CHEMBL1800772,-5.64,3.3600000000000003,CHEMBL240,hERG,False,False,False
CC(C)(N)C(=O)N1CCn2c(nc(-c3ccc(F)cc3)c2Nc2ccc(F)c(F)c2)C1,5.32,1,nM,CHEMBL1800774,-5.32,3.6799999999999997,CHEMBL240,hERG,False,False,False
CC(C)(N)C(=O)N1CCn2c(nc(-c3ccc(F)cc3)c2Nc2ccc(F)cc2)C1,5.25,3,nM,CHEMBL1800137,-5.25,3.75,CHEMBL240,hERG,False,False,False
CC(C)(N)C(=O)N1CCn2c(nc(-c3ccc(F)cc3)c2Nc2ccc(F)cc2)C1(C)C,4.66,1,nM,CHEMBL2058837,-4.66,4.34,CHEMBL240,hERG,False,False,False
CC(C)(N)C(=O)N1CCn2c(nc(-c3cccc(F)c3)c2Nc2ccc(F)cc2)C1,5.24,1,nM,CHEMBL1800768,-5.24,3.76,CHEMBL240,hERG,False,False,False
CC(C)(N)c1cc(C(=O)N[C@@H]2CCc3ccc(Oc4ccnc5c4CCC(=O)N5)cc3C2)cc(C(F)(F)F)c1,5.13,1,nM,CHEMBL3764895,-5.13,3.87,CHEMBL240,hERG,False,False,False
CC(C)(N)c1nc(-c2ccc(OC(F)(F)F)cc2)c[nH]1,5.665,2,nM,CHEMBL4084106,-5.665,3.335,CHEMBL240,hERG,False,False,False
CC(C)(N)c1nc(-c2cccc(OC(F)(F)F)c2)c[nH]1,5.05,1,nM,CHEMBL4066520,-5.05,3.95,CHEMBL240,hERG,False,False,False
CC(C)(NC(=O)[C@H]1CN(C2CCCCC2)CC[C@@H]1NC(=O)c1cc(-c2ccc(F)cc2F)on1)c1ccccn1,5.82,1,nM,CHEMBL4758472,-5.82,3.1799999999999997,CHEMBL240,hERG,False,False,False
CC(C)(NC(=O)c1ccc(Cl)cc1)[C@H]1[C@@H]2C[C@@H](n3cnc4cc(F)c(F)cc43)C[C@@H]21,5.359999999999999,2,nM,CHEMBL4845961,-5.359999999999999,3.6400000000000006,CHEMBL240,hERG,False,False,False
CC(C)(NCc1cc([C@]2(C)CCSC(N)=N2)c(F)cc1F)C(F)(F)F,4.95,1,nM,CHEMBL4094377,-4.95,4.05,CHEMBL240,hERG,False,False,False
CC(C)(O)C#Cc1cnc(Nc2cnc(C#N)cn2)cc1NC[C@@H]1CNCCO1,4.58,1,nM,CHEMBL4793954,-4.58,4.42,CHEMBL240,hERG,False,False,False
CC(C)(O)C(=O)N1CCC(CCN2CCC(N(C(=O)NCc3ccc(C#N)cc3)c3cccc(F)c3)CC2)(c2cccc(F)c2)CC1,5.0,1,nM,CHEMBL1288689,-5.0,4.0,CHEMBL240,hERG,False,False,False
CC(C)(O)C(=O)N[C@@H]1CC[C@@]2(S(=O)(=O)c3ccc(F)cc3)c3ccc(C(F)(C(F)(F)F)C(F)(F)F)cc3CC[C@@H]12,4.72,1,nM,CHEMBL4761772,-4.72,4.28,CHEMBL240,hERG,False,False,False
CC(C)(O)C(=O)c1oc2nc(-c3ccccc3Cl)c(-c3ccc(Cl)cc3)cc2c1NC(=O)CO,5.18,1,nM,CHEMBL1092169,-5.18,3.8200000000000003,CHEMBL240,hERG,False,False,False
CC(C)(O)CCOc1ccc2ncc(F)c(CCC34CCC(NCc5ccc6c(n5)NC(=O)CO6)(CC3)CO4)c2n1,5.16,1,nM,CHEMBL3605125,-5.16,3.84,CHEMBL240,hERG,False,False,False
CC(C)(O)CN(CCc1ccc(Cl)cc1)C1CCN(c2nc(N)n[nH]2)CC1,4.72,1,nM,CHEMBL4446970,-4.72,4.28,CHEMBL240,hERG,False,False,False
CC(C)(O)COCc1cccc(Nc2sc(-c3c(F)cc(C(C)(C)O)cc3F)cc2C(N)=O)n1,4.92,1,nM,CHEMBL3234895,-4.92,4.08,CHEMBL240,hERG,False,False,False
CC(C)(O)COc1ccc(C(N)=O)c(O[C@@H]2CCN(C(=O)Cc3ccc(OC(F)(F)F)cc3)C[C@@H]2F)c1,4.42,1,nM,CHEMBL4206532,-4.42,4.58,CHEMBL240,hERG,False,False,False
CC(C)(O)COc1ccc(C(N)=O)c(O[C@@H]2CCN(C(=O)Cc3ccc(OC(F)(F)F)cc3)C[C@H]2F)c1,4.54,1,nM,CHEMBL4217454,-4.54,4.46,CHEMBL240,hERG,False,False,False
CC(C)(O)COc1ccc(C(N)=O)c(O[C@H]2CCN(C(=O)Cc3ccc(OC(F)(F)F)cc3)C[C@@H]2F)c1,4.42,1,nM,CHEMBL4216925,-4.42,4.58,CHEMBL240,hERG,False,False,False
CC(C)(O)COc1ccc(C(N)=O)c(O[C@H]2CCN(C(=O)Cc3ccc(OC(F)(F)F)cc3)C[C@H]2F)c1,4.38,1,nM,CHEMBL4203759,-4.38,4.62,CHEMBL240,hERG,False,False,False
CC(C)(O)[C@]1(C(=O)NCc2cc(C(F)(F)F)cc(C(F)(F)F)c2)CC[C@@H](N2CCC(c3cc(Cl)ncn3)CC2)C1,6.73,1,nM,CHEMBL401608,-6.73,2.2699999999999996,CHEMBL240,hERG,False,False,False
CC(C)(O)[C@]1(C(=O)NCc2cc(C(F)(F)F)cc(C(F)(F)F)c2)CC[C@@H](N2CCC(c3ccc(F)cc3)CC2)C1,7.27,1,nM,CHEMBL428602,-7.27,1.7300000000000004,CHEMBL240,hERG,False,False,False
CC(C)(O)[C@]1(C(=O)NCc2cc(C(F)(F)F)cc(C(F)(F)F)c2)CC[C@@H](N2CCC(c3cccc(C(=O)O)c3)CC2)C1,4.71,1,nM,CHEMBL402624,-4.71,4.29,CHEMBL240,hERG,False,False,False
CC(C)(O)[C@]1(C(=O)NCc2cc(C(F)(F)F)cc(C(F)(F)F)c2)CC[C@@H](N2CCC(c3cncnc3)CC2)C1,6.07,1,nM,CHEMBL429849,-6.07,2.9299999999999997,CHEMBL240,hERG,False,False,False
CC(C)(O)c1cc(C(F)(F)F)cc(S(=O)(=O)N2CCN(C(=O)[C@@H]3C[C@H]3c3ccc(C(F)(F)F)cc3)CC2)c1,5.92,1,nM,CHEMBL490027,-5.92,3.08,CHEMBL240,hERG,False,False,False
CC(C)(O)c1ccc(-c2cc(C(N)=O)c(Nc3cccc(CN4CCOCC4)n3)s2)cc1,5.85,1,nM,CHEMBL3234873,-5.85,3.1500000000000004,CHEMBL240,hERG,False,False,False
CC(C)(O)c1ccc(-c2cccc(-n3cc(C(=O)NC4CC4)c(=O)c4cccnc43)c2)c[n+]1[O-],4.3,1,nM,CHEMBL485620,-4.3,4.7,CHEMBL240,hERG,False,False,False
CC(C)(O)c1ccc(-c2cccc(-n3cc(C(=O)NC4CC4)c(=O)c4cccnc43)c2)cn1,4.44,1,nM,CHEMBL520502,-4.44,4.56,CHEMBL240,hERG,False,False,False
CC(C)(O)c1ccc(C#Cc2cccc(-n3cc(C(=O)NC4CC4)c(=O)c4cccnc43)c2)c[n+]1[O-],4.05,1,nM,CHEMBL520463,-4.05,4.95,CHEMBL240,hERG,False,False,False
CC(C)(O)c1ccc(C(O)CCCN2CCC(C(O)(c3ccccc3)c3ccccc3)CC2)cc1,6.34,2,nM,CHEMBL52832,-6.34,2.66,CHEMBL240,hERG,False,False,False
CC(C)(O)c1cccc(-c2ccc3nc(-c4ccc(Cl)cc4)cn3c2)c1,5.82,1,nM,CHEMBL4564985,-5.82,3.1799999999999997,CHEMBL240,hERG,False,False,False
CC(C)(O)c1nc2cc(Cl)ccc2n1[C@H]1CC[C@@H](NCC2Cc3ccc(Cl)cc3C2)CC1,6.38,1,nM,CHEMBL2403858,-6.38,2.62,CHEMBL240,hERG,False,False,False
CC(C)(O)c1nc2cc(Cl)ccc2n1[C@H]1CC[C@@H](NC[C@H]2Cc3ccc(C#N)cc3C2)CC1,7.22,1,nM,CHEMBL2403861,-7.22,1.7800000000000002,CHEMBL240,hERG,False,False,False
CC(C)(Oc1ccc(-c2cnc(N)c(-c3ccc(Cl)cc3)c2)cc1)C(=O)O,4.0,1,nM,CHEMBL4746566,-4.0,5.0,CHEMBL240,hERG,False,False,False
CC(C)(c1ccccc1)N1[C@@H]2CC[C@H]1C[C@H](Oc1cccc(C(N)=O)c1)C2,8.33,1,nM,CHEMBL1258846,-8.33,0.6699999999999999,CHEMBL240,hERG,False,False,False
CC(C)=CCn1c(N2CCCNCC2)c(C#N)c2c1c(=O)n(Cc1c(C#N)cnc3ccccc13)c(=O)n2C,6.05,1,nM,CHEMBL1949693,-6.05,2.95,CHEMBL240,hERG,False,False,False
CC(C)=CCn1c(N2CCCNCC2)c(C#N)c2c1c(=O)n(Cc1cn3ccccc3n1)c(=O)n2C,5.75,1,nM,CHEMBL1951610,-5.75,3.25,CHEMBL240,hERG,False,False,False
CC(C)=CCn1c(N2CCCNCC2)c(C#N)c2c1c(=O)n(Cc1nc(C)c3ccccc3n1)c(=O)n2C,5.7,1,nM,CHEMBL1951609,-5.7,3.3,CHEMBL240,hERG,False,False,False
CC(C)=CCn1c(N2CCCNCC2)c(C#N)c2c1c(=O)n(Cc1ncc3ccccc3c1C#N)c(=O)n2C,5.75,1,nM,CHEMBL1951611,-5.75,3.25,CHEMBL240,hERG,False,False,False
CC(C)=CCn1c(N2CCCNCC2)c(C#N)c2c1c(=O)n(Cc1nccc3ccccc13)c(=O)n2C,5.72,1,nM,CHEMBL1951608,-5.72,3.2800000000000002,CHEMBL240,hERG,False,False,False
CC(C)=CCn1c(N2CCC[C@H](N)C2)c(C#N)c2c1c(=O)n(Cc1cnc3ccccc3n1)c(=O)n2C,5.3,1,nM,CHEMBL1951601,-5.3,3.7,CHEMBL240,hERG,False,False,False
CC(C)=CCn1c(N2CCC[C@H](N)C2)c(C#N)c2c1c(=O)n(Cc1nc(C)c3ccccc3n1)c(=O)n2C,5.17,1,nM,CHEMBL1951600,-5.17,3.83,CHEMBL240,hERG,False,False,False
CC(C)=CCn1c(N2CCC[C@H](N)C2)c(C#N)c2c1c(=O)n(Cc1nccc3ccccc13)c(=O)n2C,5.05,1,nM,CHEMBL1951599,-5.05,3.95,CHEMBL240,hERG,False,False,False
CC(C)=CCn1c(N2CCC[C@H](N)C2)c(C#N)c2c1c(=O)n(Cc1ncccc1C#N)c(=O)n2C,4.77,1,nM,CHEMBL1951602,-4.77,4.23,CHEMBL240,hERG,False,False,False
CC(C)=CCn1c(N2CCC[C@H](N)C2)c(C#N)c2ncn(Cc3ccnc4ccccc34)c(=O)c21,5.38,1,nM,CHEMBL1951431,-5.38,3.62,CHEMBL240,hERG,False,False,False
CC(C)=CCn1c(N2CCC[C@H](N)C2)nc2c1c(=O)n(CC(=O)c1ccccc1)c(=O)n2C,6.7,1,nM,CHEMBL237067,-6.7,2.3,CHEMBL240,hERG,False,False,False
CC(C)=Cc1cc(C(F)(F)F)cc(COCC2(c3ccc(F)cc3)CCN(C)CC2)n1,4.75,1,nM,CHEMBL2333636,-4.75,4.25,CHEMBL240,hERG,False,False,False
CC(C)C(=O)N(Cc1ccc(Cl)cc1Cl)[C@H]1CCNC1,4.4,1,nM,CHEMBL513139,-4.4,4.6,CHEMBL240,hERG,False,False,False
CC(C)C(=O)N(Cc1cccc(Cl)c1Cl)[C@H]1CCNC1,4.61,2,nM,CHEMBL476954,-4.61,4.39,CHEMBL240,hERG,False,False,False
CC(C)C(=O)N(Cc1ccccc1-c1ccccc1)[C@H]1CCNC1,5.52,1,nM,CHEMBL476116,-5.52,3.4800000000000004,CHEMBL240,hERG,True,True,True
CC(C)C(=O)N1CCC[C@@H](c2nc(-c3ccc(C(=O)Nc4cc(C(F)(F)F)ccn4)cc3F)c3c(N)nccn23)C1,5.55,1,nM,CHEMBL4069387,-5.55,3.45,CHEMBL240,hERG,False,False,False
CC(C)C(=O)N1CCO[C@@H](c2nc(-c3ccc(C(=O)Nc4cc(C(F)(F)F)ccn4)cc3F)c3c(N)nccn23)C1,4.82,1,nM,CHEMBL4075954,-4.82,4.18,CHEMBL240,hERG,False,False,False
CC(C)C(=O)c1c(Nc2ccc(F)c(F)c2F)[nH]c2c(F)cc(F)cc2c1=O,5.16,1,nM,CHEMBL4526734,-5.16,3.84,CHEMBL240,hERG,False,False,False
CC(C)C(CCCN(C)CCCc1nc2ccccc2[nH]1)(C(=O)O)c1ccc(Br)cc1,5.63,1,nM,CHEMBL3115192,-5.63,3.37,CHEMBL240,hERG,False,False,False
CC(C)C(Cn1ccnc1)NC(=O)NC1CCN(Cc2ccn(-c3ccc(C(F)(F)F)cc3)c2)CC1,4.68,1,nM,CHEMBL561344,-4.68,4.32,CHEMBL240,hERG,False,False,False
CC(C)C(N1CCOCC1)C(O)(c1cccnc1)c1cccnc1,4.12,1,nM,CHEMBL1091879,-4.12,4.88,CHEMBL240,hERG,False,False,False
CC(C)C1OC2(CCN(CCc3ccccc3)CC2)CN(C)C1=O,5.21,1,nM,CHEMBL4755342,-5.21,3.79,CHEMBL240,hERG,False,False,False
CC(C)C1OC2(CCN(CCc3ccccc3)CC2)CN(c2ccccc2)C1=O,5.92,1,nM,CHEMBL4436170,-5.92,3.08,CHEMBL240,hERG,True,True,True
CC(C)CC(=O)N1CCCc2cc(CNC(=O)c3ccc(Cl)cc3)ccc21,4.66,1,nM,CHEMBL4748177,-4.66,4.34,CHEMBL240,hERG,False,False,False
CC(C)CC(=O)N1CCCc2cc(CNC(=O)c3ccsc3)ccc21,4.62,1,nM,CHEMBL4788767,-4.62,4.38,CHEMBL240,hERG,False,False,False
CC(C)CCOc1ccc2ncc(F)c(CCC34CCC(NCc5ccc6c(n5)NC(=O)CO6)(CC3)CO4)c2n1,5.46,1,nM,CHEMBL3605143,-5.46,3.54,CHEMBL240,hERG,False,False,False
CC(C)CC[C@@H]1C[C@H](N(C)C(C)C)CC[C@@H]1NC(=O)CNC(=O)c1cccc(C(F)(F)F)c1,5.57,1,nM,CHEMBL3577939,-5.57,3.4299999999999997,CHEMBL240,hERG,False,False,False
CC(C)CN(C(=O)c1cc(Cl)ccc1Cl)[C@H]1CCNC1,4.7,1,nM,CHEMBL1077647,-4.7,4.3,CHEMBL240,hERG,False,False,False
CC(C)CN(C(=O)c1ccc(Cl)c(Cl)c1)[C@H]1CCNC1,4.76,1,nM,CHEMBL1078742,-4.76,4.24,CHEMBL240,hERG,False,False,False
CC(C)CN(C(=O)c1cccc(C(F)(F)F)c1Cl)[C@H]1CCNC1,5.38,1,nM,CHEMBL1077638,-5.38,3.62,CHEMBL240,hERG,True,True,True
CC(C)CN(C(=O)c1cccc(Cl)c1Cl)[C@H]1CCNC1,4.7,2,nM,CHEMBL1080787,-4.7,4.3,CHEMBL240,hERG,True,True,True
CC(C)CN(C(=O)c1ccccc1-c1ccccc1)[C@H]1CCNC1,5.84,1,nM,CHEMBL564071,-5.84,3.16,CHEMBL240,hERG,True,True,True
CC(C)CN(C(=O)c1ccccc1C(C)C)[C@H]1CCNC1,4.89,1,nM,CHEMBL1078169,-4.89,4.11,CHEMBL240,hERG,True,True,True
CC(C)CN(C(=O)c1ccccc1Oc1ccccc1)[C@H]1CCNC1,5.97,1,nM,CHEMBL558651,-5.97,3.0300000000000002,CHEMBL240,hERG,True,True,True
CC(C)CN(CC(C)C)c1cc(C(F)(F)F)cc(COCC2(c3ccc(F)cc3)CCN(C)CC2)n1,5.02,1,nM,CHEMBL2333622,-5.02,3.9800000000000004,CHEMBL240,hERG,False,False,False
CC(C)CN(CCc1ccc(Cl)c(Cl)c1)C[C@H](O)COc1ccc(NS(C)(=O)=O)cc1,6.14,1,nM,CHEMBL494105,-6.14,2.8600000000000003,CHEMBL240,hERG,False,False,False
CC(C)CN(CCc1ccc(Cl)cc1)C1CCN(c2nc(N)n[nH]2)CC1,5.4,3,nM,CHEMBL4076989,-5.4,3.5999999999999996,CHEMBL240,hERG,False,False,False
CC(C)CN1CCC(COc2ccc(NC(=O)Nc3cccnc3Oc3ccccc3C(C)(C)C)c(F)c2)CC1,5.43,1,nM,CHEMBL2381908,-5.43,3.5700000000000003,CHEMBL240,hERG,True,True,True
CC(C)CN1CCC(c2ccccc2Oc2ncccc2NC(=O)Nc2ccc(OC(F)(F)F)cc2)CC1,5.22,1,nM,CHEMBL3092632,-5.22,3.7800000000000002,CHEMBL240,hERG,True,True,True
CC(C)CN1C[C@H](Cc2ccc(Cl)cc2)N(C2CCN(c3n[nH]c(N)n3)CC2)C[C@@H]1C,5.62,1,nM,CHEMBL4206372,-5.62,3.38,CHEMBL240,hERG,False,False,False
CC(C)CNC(=O)c1ccc(C2=CC3(CCNCC3)Oc3ccccc32)cc1,5.5,1,nM,CHEMBL563137,-5.5,3.5,CHEMBL240,hERG,True,True,True
CC(C)CNC(=O)c1cn(-c2cccc(Br)c2)c2ncccc2c1=O,4.5,1,nM,CHEMBL464600,-4.5,4.5,CHEMBL240,hERG,False,False,False
CC(C)CNCc1ccc(-c2ccccc2S(=O)(=O)N2CCCC2)cc1,5.62,1,nM,CHEMBL1818341,-5.62,3.38,CHEMBL240,hERG,True,True,True
CC(C)CNc1nc(C#N)nc(N2CCNCC2)c1N,4.28,1,nM,CHEMBL474484,-4.28,4.72,CHEMBL240,hERG,False,False,False
CC(C)CNc1nc(N2CCN(CC3CCCOC3)CC2)ncc1C(=O)NCc1ccccc1,6.24,1,nM,CHEMBL1818218,-6.24,2.76,CHEMBL240,hERG,False,False,False
CC(C)CO/N=C/COc1ccc(CN2CCC(NC(=O)c3cc(=O)c4ccc(F)cc4o3)CC2)cc1F,6.35,1,nM,CHEMBL394639,-6.35,2.6500000000000004,CHEMBL240,hERG,False,False,False
CC(C)COCC(CN(Cc1ccccc1)c1ccccc1)N1CCCC1,6.26,7,nM,CHEMBL1008,-6.26,2.74,CHEMBL240,hERG,False,False,False
CC(C)COc1ccc(S(C)(=O)=O)cc1C(=O)N1CCN(c2ccc(C#N)cc2F)CC1,6.16,1,nM,CHEMBL1173634,-6.16,2.84,CHEMBL240,hERG,False,False,False
CC(C)COc1cccc(/C=C2\SC(=O)NC2=O)c1N1CCC[C@@H](N)C1,4.64,1,nM,CHEMBL2048870,-4.64,4.36,CHEMBL240,hERG,False,False,False
CC(C)COc1ccccc1CN1CCC2(CC1)CCN(C(=O)c1ccncc1)CC2,5.27,2,nM,CHEMBL567419,-5.27,3.7300000000000004,CHEMBL240,hERG,False,False,False
CC(C)COc1ccccc1CN1CCC2(CC1)CCN(C(=O)c1ccncn1)CC2,5.015,2,nM,CHEMBL567620,-5.015,3.9850000000000003,CHEMBL240,hERG,False,False,False
CC(C)CS(=O)(=O)n1ccc2c(-c3ccc(C(F)(F)F)cc3)cc(N3CCN(C)CC3)nc21,5.68,1,nM,CHEMBL3797717,-5.68,3.3200000000000003,CHEMBL240,hERG,True,True,True
CC(C)CS(=O)(=O)n1ccc2c(-c3ccc(C(F)(F)F)cc3)cc(N3CCNCC3)nc21,5.85,1,nM,CHEMBL3799529,-5.85,3.1500000000000004,CHEMBL240,hERG,True,True,True
CC(C)C[C@H](CN)Nc1cc(Nc2cccc(C(C)(C)C)n2)c(C(N)=O)nn1,5.4,1,nM,CHEMBL3237572,-5.4,3.5999999999999996,CHEMBL240,hERG,False,False,False
CC(C)C[C@H](NC(=O)[C@H](CCc1ccccc1)NC(=O)CN1CCOCC1)C(=O)N[C@@H](Cc1ccccc1)C(=O)N[C@@H](CC(C)C)C(=O)[C@@]1(C)CO1,4.04,1,nM,CHEMBL451887,-4.04,4.96,CHEMBL240,hERG,False,False,False
CC(C)C[C@H]1CN(C2CCN(c3nc(N)n[nH]3)CC2)[C@@H](Cc2ccc(Cl)cc2)CO1,5.07,1,nM,CHEMBL4756869,-5.07,3.9299999999999997,CHEMBL240,hERG,False,False,False
CC(C)Cc1cc(C(=O)NCC2(C#N)CCN(CC3=Cc4ccccc4OC3(C)C)CC2)nn1-c1ccccc1,5.33,1,nM,CHEMBL1836261,-5.33,3.67,CHEMBL240,hERG,False,False,False
CC(C)Cc1cc(C(=O)NCC2(C#N)CCN(CCc3ccccc3)CC2)nn1-c1ccccc1,5.8,1,nM,CHEMBL1836262,-5.8,3.2,CHEMBL240,hERG,False,False,False
CC(C)Cc1cc(C(=O)NCC2(C#N)CCN(Cc3ccccc3C(F)(F)F)CC2)nn1-c1ccccc1,5.32,1,nM,CHEMBL1836258,-5.32,3.6799999999999997,CHEMBL240,hERG,False,False,False
CC(C)Cc1cc(C(=O)NCC2C3CN(CCC(C)(C)C)CC23)nn1-c1ccccc1,5.5,1,nM,CHEMBL4524656,-5.5,3.5,CHEMBL240,hERG,False,False,False
CC(C)Cc1cc(C(F)(F)F)cc(COCC2(c3ccc(F)cc3)CCN(C)CC2)n1,4.92,1,nM,CHEMBL2333634,-4.92,4.08,CHEMBL240,hERG,False,False,False
CC(C)Cc1cc(CNC(=O)C2C3CN(C(=O)Cc4ccccc4)CC32)nn1-c1ccccc1,4.68,1,nM,CHEMBL4451905,-4.68,4.32,CHEMBL240,hERG,False,False,False
CC(C)Cc1cc(CNC(=O)C2C3CN(C(=O)c4ccccc4)CC32)nn1-c1ccccc1,4.82,1,nM,CHEMBL4463242,-4.82,4.18,CHEMBL240,hERG,False,False,False
CC(C)Cc1cc(CNC(=O)C2C3CN(CCC(C)(C)C)CC32)nn1-c1ccccc1,5.58,1,nM,CHEMBL4566705,-5.58,3.42,CHEMBL240,hERG,False,False,False
CC(C)Cc1cc(CNC(=O)C2C3CN(Cc4ccccc4)CC32)nn1-c1ccccc1,5.84,1,nM,CHEMBL4560282,-5.84,3.16,CHEMBL240,hERG,False,False,False
CC(C)Cc1cc(CNS(=O)(=O)c2ccc(CCc3ccccc3)cc2)nn1-c1ccccc1,5.06,1,nM,CHEMBL3919158,-5.06,3.9400000000000004,CHEMBL240,hERG,False,False,False
CC(C)Cc1cc(CNS(=O)(=O)c2ccc(Cc3ccccc3)cc2)nn1-c1ccccc1,5.18,1,nM,CHEMBL3946960,-5.18,3.8200000000000003,CHEMBL240,hERG,False,False,False
CC(C)Cc1cc(CNS(=O)(=O)c2cccc(F)c2)nn1-c1ccccc1,4.84,1,nM,CHEMBL3973288,-4.84,4.16,CHEMBL240,hERG,False,False,False
CC(C)Cc1cc(CNS(=O)(=O)c2cccc3cccnc23)nn1-c1ccc(F)cc1,5.8,1,nM,CHEMBL4081529,-5.8,3.2,CHEMBL240,hERG,False,False,False
CC(C)Cc1cc(CNS(=O)(=O)c2cccc3cccnc23)nn1-c1ccccc1,5.33,1,nM,CHEMBL3911908,-5.33,3.67,CHEMBL240,hERG,False,False,False
CC(C)Cc1cc(CNS(=O)(=O)c2ccccc2)nn1-c1ccccc1,4.68,1,nM,CHEMBL3902262,-4.68,4.32,CHEMBL240,hERG,False,False,False
CC(C)Cc1ccc2ncccc2c1NS(=O)(=O)c1ccc(CCCN2CCN3CCC[C@@H]3C2)cc1,5.89,1,nM,CHEMBL4242822,-5.89,3.1100000000000003,CHEMBL240,hERG,False,False,False
CC(C)Cc1ccc2ncccc2c1NS(=O)(=O)c1ccc(CCCO[C@@H]2C[C@H]3CC[C@@H](C2)N3C)cc1,5.8,1,nM,CHEMBL4237244,-5.8,3.2,CHEMBL240,hERG,False,False,False
CC(C)Cc1ccc2nn(C)cc2c1N(C(F)F)S(=O)(=O)c1ccc(CCCCC2CCN(C)CC2)cc1,5.22,1,nM,CHEMBL4246475,-5.22,3.7800000000000002,CHEMBL240,hERG,False,False,False
CC(C)Cc1ccc2nn(C)cc2c1NS(=O)(=O)c1ccc(CCCCC2CCN(C)CC2)cc1,5.43,1,nM,CHEMBL4240867,-5.43,3.5700000000000003,CHEMBL240,hERG,False,False,False
CC(C)Cc1ccc2nn(C)cc2c1NS(=O)(=O)c1ccc(CCCOC[C@@H]2CCCN2C)cc1,5.52,1,nM,CHEMBL4249236,-5.52,3.4800000000000004,CHEMBL240,hERG,False,False,False
CC(C)Cc1ccc2nn(C)cc2c1NS(=O)(=O)c1ccc(CCCOC[C@@H]2CN(C)CCO2)cc1,5.25,1,nM,CHEMBL4243499,-5.25,3.75,CHEMBL240,hERG,False,False,False
CC(C)Cc1ccc2nn(C)cc2c1NS(=O)(=O)c1ccc(CCCOC[C@H]2CN(C)CCO2)cc1,5.17,1,nM,CHEMBL4250740,-5.17,3.83,CHEMBL240,hERG,False,False,False
CC(C)Cc1ccc2nn(C)cc2c1NS(=O)(=O)c1ccc(CCCOC[C@H]2COCCN2C)cc1,5.51,1,nM,CHEMBL4247729,-5.51,3.49,CHEMBL240,hERG,False,False,False
CC(C)Cc1ccc2nn(C)cc2c1NS(=O)(=O)c1ccc(CCCO[C@@H]2C[C@H]3CC[C@@H](C2)N3C)cc1,5.48,1,nM,CHEMBL4243933,-5.48,3.5199999999999996,CHEMBL240,hERG,False,False,False
CC(C)Cn1c2ccc(Nc3ncccn3)cc2c2c3c(c4c(c21)CCc1nn(C)cc1-4)C(=O)NC3,4.7,1,nM,CHEMBL2010872,-4.7,4.3,CHEMBL240,hERG,False,False,False
CC(C)Cn1cc(-c2ccncc2)c2ccncc21,4.52,1,nM,CHEMBL4634969,-4.52,4.48,CHEMBL240,hERG,False,False,False
CC(C)Cn1nc(-c2ccc3nc(OC4CC4)ccc3c2)c2c(N)ncnc21,5.0,1,nM,CHEMBL4558168,-5.0,4.0,CHEMBL240,hERG,False,False,False
CC(C)N(C(=O)c1ccc(C2=CC3(CCNCC3)Oc3ccccc32)cc1)C(C)C,5.17,1,nM,CHEMBL561882,-5.17,3.83,CHEMBL240,hERG,True,True,True
CC(C)N(C)[C@@H]1CC[C@H](N2CC[C@H](NC(=O)c3cc(C(F)(F)F)cc(C(F)(F)F)c3)C2=O)[C@H](CS(=O)(=O)c2ccccc2)C1,5.4,1,nM,CHEMBL1092748,-5.4,3.5999999999999996,CHEMBL240,hERG,False,False,False
CC(C)N(C)[C@@H]1CC[C@H](N2CC[C@H](NC(=O)c3cc(F)cc(C(F)(F)F)c3)C2=O)[C@H](CS(=O)(=O)c2ccccc2)C1,4.66,1,nM,CHEMBL1092941,-4.66,4.34,CHEMBL240,hERG,False,False,False
CC(C)N(C)[C@@H]1CC[C@H](N2CC[C@H](NC(=O)c3cccc(C(C)(C)C)c3)C2=O)[C@H](CS(=O)(=O)C(C)C)C1,4.11,1,nM,CHEMBL3233187,-4.11,4.89,CHEMBL240,hERG,False,False,False
CC(C)N(C)[C@@H]1CC[C@H](N2CC[C@H](NC(=O)c3cccc(C(F)(F)F)c3)C2=O)[C@H](CS(=O)(=O)c2ccccc2)C1,4.52,2,nM,CHEMBL1091605,-4.52,4.48,CHEMBL240,hERG,False,False,False
CC(C)N(C)[C@@H]1CC[C@H](NC(=O)CNC(=O)c2cccc(C(F)(F)F)c2)[C@H](CCc2ccccc2)C1,5.8,1,nM,CHEMBL3577940,-5.8,3.2,CHEMBL240,hERG,False,False,False
CC(C)N(C)[C@@H]1CC[C@H](NC(=O)CNC(=O)c2cccc(C(F)(F)F)c2)[C@H](COc2ccccc2)C1,5.28,1,nM,CHEMBL3577941,-5.28,3.7199999999999998,CHEMBL240,hERG,False,False,False
CC(C)N(CCC(C(N)=O)(c1ccccc1)c1ccccn1)C(C)C,4.04,5,nM,CHEMBL517,-4.04,4.96,CHEMBL240,hERG,False,False,False
CC(C)N(CCOc1ccc(-n2ccc(OCc3ccccc3)cc2=O)cc1)C(C)C,8.37,1,nM,CHEMBL1642486,-8.37,0.6300000000000008,CHEMBL240,hERG,False,False,False
CC(C)N(CCc1c(-c2ccccc2)nn2ccccc12)Cc1ccc(/C=C/C(=O)NO)cc1,5.09,1,nM,CHEMBL1819275,-5.09,3.91,CHEMBL240,hERG,False,False,False
CC(C)N(CCc1c[nH]c2ccccc12)Cc1ccc(/C=C/C(=O)NO)cc1,5.23,1,nM,CHEMBL142992,-5.23,3.7699999999999996,CHEMBL240,hERG,False,False,False
CC(C)N(Cc1ccc(Cl)c(Cl)c1)CC1CNC1,5.26,1,nM,CHEMBL3331503,-5.26,3.74,CHEMBL240,hERG,False,False,False
CC(C)N1CC=C(c2ccc(/C(=C(/CCCO)c3ccccc3)c3ccc(O)cc3)cc2)CC1,5.09,1,nM,CHEMBL4741828,-5.09,3.91,CHEMBL240,hERG,False,False,False
CC(C)N1CC=C(c2ccc(/C(=C(/CCCO)c3ccccc3)c3cccc(O)c3)cc2)CC1,4.99,1,nM,CHEMBL4793030,-4.99,4.01,CHEMBL240,hERG,False,False,False
CC(C)N1CCC(c2ccc(/C(=C(/CCCO)c3ccc(F)cc3)c3ccc(O)cc3)cc2)CC1,4.92,1,nM,CHEMBL4746975,-4.92,4.08,CHEMBL240,hERG,False,False,False
CC(C)N1CCC(c2ccc(/C(=C(/CCCO)c3ccc(F)cc3F)c3ccc(O)cc3)cc2)CC1,4.7,1,nM,CHEMBL4746616,-4.7,4.3,CHEMBL240,hERG,False,False,False
CC(C)N1CCC(c2ccc(/C(=C(/CCCO)c3ccccc3)c3ccc(O)cc3)cc2)CC1,4.66,1,nM,CHEMBL4750724,-4.66,4.34,CHEMBL240,hERG,False,False,False
CC(C)N1CCCC1CNC(=O)N1CCC(c2nc(-c3ccc4ccccc4n3)no2)CC1,4.77,1,nM,CHEMBL1822458,-4.77,4.23,CHEMBL240,hERG,False,False,False
CC(C)N1CCC[C@@H](CN2CCN(C(=O)Nc3ccc(Cl)c(Cl)c3)CC2)C1,5.89,1,nM,CHEMBL2036758,-5.89,3.1100000000000003,CHEMBL240,hERG,False,False,False
CC(C)N1CCN(C(=O)N2CC=C(c3ccccc3)CC2)CC1,4.65,1,nM,CHEMBL375571,-4.65,4.35,CHEMBL240,hERG,False,False,False
CC(C)N1CCN(C(=O)N2CCC(C(C)(C)C)CC2)CC1,4.17,1,nM,CHEMBL219128,-4.17,4.83,CHEMBL240,hERG,True,True,True
CC(C)N1CCN(C(=O)N2CCC(Cc3ccccc3)CC2)CC1,4.42,1,nM,CHEMBL219074,-4.42,4.58,CHEMBL240,hERG,True,True,True
CC(C)N1CCN(C(=O)N2CCC(c3ccccc3)CC2)CC1,4.28,1,nM,CHEMBL374493,-4.28,4.72,CHEMBL240,hERG,True,True,True
CC(C)N1CCN(C(=O)N2Cc3ccccc3C2)CC1,4.71,1,nM,CHEMBL219592,-4.71,4.29,CHEMBL240,hERG,True,True,True
CC(C)N1CCN(CCN2CCN(c3ccc(F)c(C#N)c3)C2=O)CC1,4.8,1,nM,CHEMBL564108,-4.8,4.2,CHEMBL240,hERG,False,False,False
CC(C)N1CCN(CCN2CCN(c3cccc(C#N)c3)C2=O)CC1,4.9,1,nM,CHEMBL571456,-4.9,4.1,CHEMBL240,hERG,False,False,False
CC(C)N1CCN(CCN2CCN(c3cccc(Cl)c3)C2=O)CC1,5.2,1,nM,CHEMBL560715,-5.2,3.8,CHEMBL240,hERG,False,False,False
CC(C)N1CCN(CCN2CCN(c3cccc(Cl)c3F)C2=O)CC1,4.7,1,nM,CHEMBL570998,-4.7,4.3,CHEMBL240,hERG,False,False,False
CC(C)N1CCN(CCN2CCN(c3cccc(OC(F)(F)F)c3)C2=O)CC1,5.8,1,nM,CHEMBL549894,-5.8,3.2,CHEMBL240,hERG,False,False,False
CC(C)N1CCN(Cc2cnc(-c3ccc(C(=O)Nc4ccccc4N)cc3)c(C#N)c2)CC1,4.72,1,nM,CHEMBL258177,-4.72,4.28,CHEMBL240,hERG,False,False,False
CC(C)N1CCN(Cc2cnc(-c3ccc(C(=O)Nc4ccccc4N)cc3)c(Cl)c2)CC1,5.15,1,nM,CHEMBL258175,-5.15,3.8499999999999996,CHEMBL240,hERG,False,False,False
CC(C)N1CCN(c2ccc(/C(=C(/CCCO)c3ccccc3)c3ccc(Br)cc3)cc2)CC1,4.82,1,nM,CHEMBL4541589,-4.82,4.18,CHEMBL240,hERG,False,False,False
CC(C)N1CCN(c2ccc(/C(=C(/CCCO)c3ccccc3)c3ccc(O)cc3)cc2)CC1,4.73,1,nM,CHEMBL4436391,-4.73,4.27,CHEMBL240,hERG,False,False,False
CC(C)N1CCN(c2ccc(/C(=C(/CCCO)c3ccccc3)c3cccc(O)c3)cc2)CC1,4.61,2,nM,CHEMBL4451327,-4.61,4.39,CHEMBL240,hERG,False,False,False
CC(C)N1CCN[C@@H](C(=O)N2CCN(C(=O)Nc3ccc(Cl)c(Cl)c3)CC2)C1,4.494999999999999,2,nM,CHEMBL2036782,-4.494999999999999,4.505000000000001,CHEMBL240,hERG,False,False,False
CC(C)N1CCN[C@@H](CN2CCN(C(=O)Nc3ccc(Cl)c(Cl)c3)CC2)C1,5.25,1,nM,CHEMBL2036777,-5.25,3.75,CHEMBL240,hERG,False,False,False
CC(C)N1CCO[C@@H](CN2CCN(C(=O)Nc3ccc(Cl)c(Cl)c3)CC2)C1,5.2,1,nM,CHEMBL2036775,-5.2,3.8,CHEMBL240,hERG,False,False,False
CC(C)N1C[C@H](C(=O)Nc2ccc(Cl)cn2)[C@@H](C(=O)Nc2ccc(-n3ccccc3=O)cc2F)C1,4.92,1,nM,CHEMBL1221915,-4.92,4.08,CHEMBL240,hERG,False,False,False
CC(C)N1C[C@H](NS(=O)(=O)C(C)C)[C@@H](c2ccc(-c3cccc(NS(C)(=O)=O)c3)cc2)C1,5.2,1,nM,CHEMBL1290059,-5.2,3.8,CHEMBL240,hERG,False,False,False
CC(C)N1Cc2cc(-c3cc(-c4ccc(Cl)nc4)no3)ccc2C1=O,4.4,1,nM,CHEMBL3398278,-4.4,4.6,CHEMBL240,hERG,False,False,False
CC(C)NC(=O)NS(=O)(=O)c1ccc(OCCN2CCCCC2)cc1,4.58,1,nM,CHEMBL2024389,-4.58,4.42,CHEMBL240,hERG,False,False,False
CC(C)NC(=O)c1ccc(-c2ccc3c(c2)CCN(CCN2CCCC2)C3=O)cc1,5.21,1,nM,CHEMBL2031870,-5.21,3.79,CHEMBL240,hERG,True,True,True
CC(C)NC(=O)c1cn(-c2cccc(-c3ccc(S(C)(=O)=O)cc3)c2)c2ncccc2c1=O,4.64,1,nM,CHEMBL484753,-4.64,4.36,CHEMBL240,hERG,False,False,False
CC(C)NC(=O)c1cn(-c2cccc(Br)c2)c2ncccc2c1=O,4.5,1,nM,CHEMBL456172,-4.5,4.5,CHEMBL240,hERG,False,False,False
CC(C)NC(=O)c1cn(-c2ccccc2)c2ncccc2c1=O,4.15,1,nM,CHEMBL456173,-4.15,4.85,CHEMBL240,hERG,False,False,False
CC(C)NC(C(=O)N[C@](Cc1ccccc1)(c1ccc(F)cc1)c1cc(F)cc(C(F)(F)F)c1)C(O)(C(F)(F)F)C(F)(F)F,4.2,1,nM,CHEMBL4452514,-4.2,4.8,CHEMBL240,hERG,False,False,False
CC(C)OC(=O)C1=CN(C(=O)c2ccc(OCCCN3CCOCC3)cc2)CC(C)(C)c2c1[nH]c1ccccc21,5.24,1,nM,CHEMBL601873,-5.24,3.76,CHEMBL240,hERG,False,False,False
CC(C)OC(=O)N1CCC(C)(CN2CCC3(CC2)CN(S(C)(=O)=O)c2ncccc23)CC1,5.56,1,nM,CHEMBL3289444,-5.56,3.4400000000000004,CHEMBL240,hERG,False,False,False
CC(C)OC(=O)N1CCC(Oc2ncnc3c2cnn3-c2ccc(S(C)(=O)=O)cc2F)CC1,5.52,1,nM,CHEMBL1775179,-5.52,3.4800000000000004,CHEMBL240,hERG,False,False,False
CC(C)OC(=O)c1ccc(NC(=O)N[C@@H](Cc2ccc(O)cc2)C(=O)N[C@H]2CCC[N+](C)(Cc3cccc(O)c3)C2)cc1,5.6,1,nM,CHEMBL540359,-5.6,3.4000000000000004,CHEMBL240,hERG,False,False,False
CC(C)OC[C@H](Oc1ncnc2c1cnn2-c1ccccc1Cl)C(=O)Nc1ccc(C#N)cn1,4.9,1,nM,CHEMBL3221503,-4.9,4.1,CHEMBL240,hERG,False,False,False
CC(C)OC[C@H](Oc1ncnc2c1cnn2-c1ccccc1Cl)C(=O)Nc1ccc(Cl)cn1,4.8,1,nM,CHEMBL3221494,-4.8,4.2,CHEMBL240,hERG,False,False,False
CC(C)OC[C@H](Oc1ncnc2c1cnn2-c1ccccc1Cl)C(=O)Nc1ccc(F)cn1,4.6,1,nM,CHEMBL3221497,-4.6,4.4,CHEMBL240,hERG,False,False,False
CC(C)OC[C@H](Oc1ncnc2c1cnn2-c1ccccc1Cl)C(=O)Nc1ccccn1,4.2,1,nM,CHEMBL3221500,-4.2,4.8,CHEMBL240,hERG,False,False,False
CC(C)OC[C@H](Oc1ncnc2c1cnn2-c1ncccc1Cl)C(=O)Nc1ccc(C#N)cn1,4.3,2,nM,CHEMBL3221502,-4.3,4.7,CHEMBL240,hERG,False,False,False
CC(C)OC[C@H](Oc1ncnc2c1cnn2-c1ncccc1Cl)C(=O)Nc1ccc(Cl)cn1,4.2,2,nM,CHEMBL3221493,-4.2,4.8,CHEMBL240,hERG,False,False,False
CC(C)OC[C@H](Oc1ncnc2c1cnn2-c1ncccc1Cl)C(=O)Nc1ccc(F)cn1,4.1,2,nM,CHEMBL3221496,-4.1,4.9,CHEMBL240,hERG,False,False,False
CC(C)OCc1ccccc1CNC(=O)c1c2c(c(Cl)n1C)CC(C)(C)CC2,4.78,1,nM,CHEMBL4202587,-4.78,4.22,CHEMBL240,hERG,False,False,False
CC(C)Oc1cc(-n2cnc3ccc(N[C@@H](CO)c4ccc(F)cn4)nc32)n[nH]1,4.28,1,nM,CHEMBL2151322,-4.28,4.72,CHEMBL240,hERG,False,False,False
CC(C)Oc1cc(C(C2=CCC(=O)N=C2)c2ccc(C(C)(C)O)nc2)ccc1OC(F)F,4.25,1,nM,CHEMBL1673438,-4.25,4.75,CHEMBL240,hERG,False,False,False
CC(C)Oc1cc(C2CCNCC2)ccc1Nc1ncc(Cl)c(Nc2ccccc2S(=O)(=O)C(C)C)n1,5.28,1,nM,CHEMBL2403845,-5.28,3.7199999999999998,CHEMBL240,hERG,False,False,False
CC(C)Oc1cc(Nc2nc(N[C@@H](C)c3ccc(F)cn3)ncc2Cl)n[nH]1,5.28,1,nM,CHEMBL457614,-5.28,3.7199999999999998,CHEMBL240,hERG,False,False,False
CC(C)Oc1cc(Oc2ccc(C(=O)N3CCC3)cc2)cc(C(=O)Nc2ccn(C)n2)c1,4.57,1,nM,CHEMBL3219116,-4.57,4.43,CHEMBL240,hERG,False,False,False
CC(C)Oc1cc([C@@](Cc2ccccc2)(NC(=O)C(N)C(O)(C(F)(F)F)C(F)(F)F)c2cc(F)cc(OC(F)(F)C(F)F)c2)ccc1F,4.36,1,nM,CHEMBL4457286,-4.36,4.64,CHEMBL240,hERG,False,False,False
CC(C)Oc1cc([C@@](Cc2ccccc2)(NC(=O)C(O)C(O)(C(F)(F)F)C(F)(F)F)c2cc(F)cc(OC(F)(F)C(F)F)c2)ccc1F,4.96,1,nM,CHEMBL4439823,-4.96,4.04,CHEMBL240,hERG,False,False,False
CC(C)Oc1cc([C@@](Cc2ccccc2)(NCC(O)C(O)(C(F)(F)F)C(F)(F)F)c2cc(F)cc(OC(F)(F)C(F)F)c2)ccc1F,4.92,1,nM,CHEMBL4552555,-4.92,4.08,CHEMBL240,hERG,False,False,False
CC(C)Oc1cc([C@@](Cc2ccccc2)(NC[C@@H](O)C(F)(F)F)c2cc(F)cc(OC(F)(F)C(F)F)c2)ccc1F,4.68,1,nM,CHEMBL3813836,-4.68,4.32,CHEMBL240,hERG,False,False,False
CC(C)Oc1cc([C@@](Cc2ccccc2)(NC[C@@H](O)CC(F)(F)F)c2cc(F)cc(OC(F)(F)C(F)F)c2)ccc1F,4.64,1,nM,CHEMBL3814963,-4.64,4.36,CHEMBL240,hERG,False,False,False
CC(C)Oc1cc([C@@](Cc2ccccc2)(NC[C@H](O)C(F)(F)F)c2cc(F)cc(OC(F)(F)C(F)F)c2)ccc1F,4.92,1,nM,CHEMBL3814418,-4.92,4.08,CHEMBL240,hERG,False,False,False
CC(C)Oc1cc([C@@](Cc2ccccc2)(NC[C@H](O)CC(F)(F)F)c2cc(F)cc(OC(F)(F)C(F)F)c2)ccc1F,4.57,2,nM,CHEMBL3814374,-4.57,4.43,CHEMBL240,hERG,False,False,False
CC(C)Oc1cc2c(OC[C@@H]3CCC(=O)N3)nccc2cc1C(N)=O,4.52,1,nM,CHEMBL4092338,-4.52,4.48,CHEMBL240,hERG,False,False,False
CC(C)Oc1ccc(-c2cc3c(N[C@@H]4CC[C@](C)(N)C4(C)C)c(C(N)=O)cnn3c2)cn1,5.28,1,nM,CHEMBL4070136,-5.28,3.7199999999999998,CHEMBL240,hERG,False,False,False
CC(C)Oc1ccc(-c2nc(-c3ccc4c(c3)CCN(C(CO)CO)C4)no2)cc1C#N,4.7,1,nM,CHEMBL1836214,-4.7,4.3,CHEMBL240,hERG,False,False,False
CC(C)Oc1ccc(-c2nc(-c3ccc4c(c3)CCN(C(CO)CO)CC4)no2)cc1C#N,4.75,1,nM,CHEMBL1836172,-4.75,4.25,CHEMBL240,hERG,False,False,False
CC(C)Oc1ccc(-c2nc(-c3cccc4c3OCCN(C(CO)CO)C4)no2)cc1C#N,5.17,1,nM,CHEMBL1836212,-5.17,3.83,CHEMBL240,hERG,False,False,False
CC(C)Oc1ccc(F)cc1-c1ccc(N2CCC(CNC(=O)c3ccc(-c4nc5cc(C#N)cc(C(C)C)c5o4)cc3)CC2)nc1,7.25,1,nM,CHEMBL1682748,-7.25,1.75,CHEMBL240,hERG,False,False,False
CC(C)Oc1ccc(NC(=O)c2cc(N(C)Cc3ccc(F)cc3)ncn2)cc1,5.39,1,nM,CHEMBL4088719,-5.39,3.6100000000000003,CHEMBL240,hERG,False,False,False
CC(C)Oc1ccc(S(C)(=O)=O)cc1C(=O)N1CCN(c2ccc(C#N)cc2F)CC1,5.48,1,nM,CHEMBL1173635,-5.48,3.5199999999999996,CHEMBL240,hERG,False,False,False
CC(C)Oc1ccc([C@]2(O)CC[C@H](N3CC(NC(=O)CNC(=O)c4cccc(C(F)(F)F)c4)C3)CC2)cn1,4.95,1,nM,CHEMBL2204251,-4.95,4.05,CHEMBL240,hERG,False,False,False
CC(C)Oc1cccc(N2CCN(CCN3Cc4ccccc4C3)C2=O)c1,5.4,1,nM,CHEMBL559386,-5.4,3.5999999999999996,CHEMBL240,hERG,False,False,False
CC(C)Oc1ccccc1CC(c1ccccc1)N1CCNCC1,5.2,1,nM,CHEMBL1083405,-5.2,3.8,CHEMBL240,hERG,True,True,True
CC(C)Oc1ccccc1N1CCC2CN(CCCSc3nnc(-c4cnccn4)n3C)CC21,5.7,2,nM,CHEMBL3775598,-5.7,3.3,CHEMBL240,hERG,True,True,True
CC(C)Oc1cncc(-c2ccc3[nH]nc(C(=O)NCC4CCOCC4)c3c2)c1,6.07,1,nM,CHEMBL4632807,-6.07,2.9299999999999997,CHEMBL240,hERG,False,False,False
CC(C)Oc1nc(C2CCNCC2)ncc1Nc1ncc(Cl)c(Nc2ccccc2S(=O)(=O)C(C)C)n1,6.4,1,nM,CHEMBL2403831,-6.4,2.5999999999999996,CHEMBL240,hERG,False,False,False
CC(C)Oc1ncc(-c2nc(-c3ccc4c(c3)CCNCC4)no2)cc1C#N,5.5,1,nM,CHEMBL1836170,-5.5,3.5,CHEMBL240,hERG,False,False,False
CC(C)Oc1ncc([C@]2(O)CC[C@H](N3CC(NC(=O)CNC(=O)c4cccc(C(F)(F)F)c4)C3)CC2)s1,4.55,1,nM,CHEMBL2204266,-4.55,4.45,CHEMBL240,hERG,False,False,False
CC(C)S(=O)(=O)NCCN1CC2CN(C[C@H](O)COc3ccc(C#N)cc3)CC(C1)O2,5.72,1,nM,CHEMBL3920203,-5.72,3.2800000000000002,CHEMBL240,hERG,False,False,False
CC(C)S(=O)(=O)N[C@@H]1COC[C@@H]1c1ccc(-c2ccc(C#N)cc2)cc1,4.9,1,nM,CHEMBL1289181,-4.9,4.1,CHEMBL240,hERG,False,False,False
CC(C)S(=O)(=O)N[C@@H]1COC[C@@H]1c1ccc(-c2ccc(F)nc2)cc1,4.9,1,nM,CHEMBL1289294,-4.9,4.1,CHEMBL240,hERG,False,False,False
CC(C)S(=O)(=O)N[C@H]1CN(C)C[C@@H]1c1ccc(-c2ccc(C#N)cc2)cc1,5.7,1,nM,CHEMBL1290166,-5.7,3.3,CHEMBL240,hERG,False,False,False
CC(C)S(=O)(=O)N[C@H]1CN(C)C[C@@H]1c1ccc(-c2ccc(F)nc2)cc1,6.0,1,nM,CHEMBL1289062,-6.0,3.0,CHEMBL240,hERG,False,False,False
CC(C)S(=O)(=O)N[C@H]1CN(C)C[C@@H]1c1ccc(-c2cccc(C(F)(F)F)c2)cc1,5.4,1,nM,CHEMBL1290612,-5.4,3.5999999999999996,CHEMBL240,hERG,False,False,False
CC(C)S(=O)(=O)N[C@H]1CN(C)C[C@@H]1c1ccc(-c2cccc(NS(C)(=O)=O)c2)cc1,4.5,1,nM,CHEMBL1289960,-4.5,4.5,CHEMBL240,hERG,False,False,False
CC(C)S(=O)(=O)N[C@H]1CN(C)C[C@@H]1c1ccc(-c2cccnc2)cc1,4.5,1,nM,CHEMBL1290731,-4.5,4.5,CHEMBL240,hERG,False,False,False
CC(C)S(=O)(=O)N[C@H]1CN(C)C[C@@H]1c1ccc(-c2cccnc2F)cc1,5.2,1,nM,CHEMBL1290732,-5.2,3.8,CHEMBL240,hERG,False,False,False
CC(C)S(=O)(=O)N[C@H]1CN(C)C[C@@H]1c1ccc(-c2ccsc2)cc1,5.4,1,nM,CHEMBL1289180,-5.4,3.5999999999999996,CHEMBL240,hERG,False,False,False
CC(C)S(=O)(=O)N[C@H]1CN(c2ccccc2)C[C@@H]1c1ccc(-c2ccc(C#N)cc2)cc1,6.1,1,nM,CHEMBL1290391,-6.1,2.9000000000000004,CHEMBL240,hERG,False,False,False
CC(C)S(=O)(=O)N[C@H]1CN(c2ccccc2)C[C@@H]1c1ccc(-c2ccc(F)nc2)cc1,7.1,1,nM,CHEMBL1289063,-7.1,1.9000000000000004,CHEMBL240,hERG,False,False,False
CC(C)S(=O)(=O)N[C@H]1CN(c2ccccc2)C[C@@H]1c1ccc(-c2cccc(NS(C)(=O)=O)c2)cc1,5.89,1,nM,CHEMBL1290165,-5.89,3.1100000000000003,CHEMBL240,hERG,False,False,False
CC(C)[C@@H](N)CN1C2CCC1CC(OC(c1ccc(F)cc1)c1ccc(F)cc1)C2,5.36,1,nM,CHEMBL429015,-5.36,3.6399999999999997,CHEMBL240,hERG,True,True,True
CC(C)[C@@H](NC(=O)c1ccccc1)C(=O)N1CCC(c2ccc(Cl)cc2)CC1,5.16,1,nM,CHEMBL2180528,-5.16,3.84,CHEMBL240,hERG,False,False,False
CC(C)[C@@H](Nc1nc2cc[nH]c(=O)c2c2cc(F)ccc12)C(F)(F)F,5.46,1,nM,CHEMBL1289097,-5.46,3.54,CHEMBL240,hERG,False,False,False
CC(C)[C@@H](Nc1nc2cc[nH]c(=O)c2c2cnccc12)C(F)(F)F,5.85,1,nM,CHEMBL1289218,-5.85,3.1500000000000004,CHEMBL240,hERG,False,False,False
CC(C)[C@@H](Oc1ccc(CNC(=O)[C@@H]2CCCN2C(=O)CC(N)Cc2cc(F)ccc2F)cc1)C(=O)O,4.12,1,nM,CHEMBL364102,-4.12,4.88,CHEMBL240,hERG,False,False,False
CC(C)[C@@H]1c2nc(-c3ccc(F)cc3)c(Nc3ccc(F)c(Cl)c3)n2CCN1C(=O)CN,4.87,1,nM,CHEMBL2058831,-4.87,4.13,CHEMBL240,hERG,False,False,False
CC(C)[C@H](N)C(=O)N1CC(c2cc(F)ccc2F)=C[C@H]1c1cccc(O)c1,5.07,1,nM,CHEMBL381526,-5.07,3.9299999999999997,CHEMBL240,hERG,False,False,False
CC(C)[C@H](N)C(=O)N1CC(c2cc(F)ccc2F)=C[C@H]1c1ccccc1,5.62,1,nM,CHEMBL379690,-5.62,3.38,CHEMBL240,hERG,False,False,False
CC(C)[C@H](Oc1ccc(CNC(=O)[C@@H]2CCCN2C(=O)C[C@H](N)Cc2cc(F)ccc2F)cc1)C(=O)O,4.12,1,nM,CHEMBL445949,-4.12,4.88,CHEMBL240,hERG,False,False,False
CC(C)[C@H]1CC[C@@H](N2CC(NC(=O)CNc3n[nH]c4ccc(C(F)(F)F)cc34)C2)CC1,5.21,1,nM,CHEMBL1834637,-5.21,3.79,CHEMBL240,hERG,False,False,False
CC(C)[C@H]1CN(C2CCN(c3nc(N)n[nH]3)CC2)[C@@H](Cc2ccc(Cl)cc2)CO1,4.47,1,nM,CHEMBL4794014,-4.47,4.53,CHEMBL240,hERG,False,False,False
CC(C)[C@]1(C(=O)N2CCN(c3cc(C(F)(F)F)ccn3)CC2)CC[C@@H](N2CCC3COCCC32)C1,5.96,2,nM,CHEMBL1782375,-5.96,3.04,CHEMBL240,hERG,False,False,False
CC(C)[C@]1(C(=O)N2CCN(c3cc(C(F)(F)F)ccn3)CC2)CC[C@@H](NC2C3CCCC2COC3)C1,5.904999999999999,2,nM,CHEMBL1782376,-5.904999999999999,3.0950000000000006,CHEMBL240,hERG,False,False,False
CC(C)[C@]1(C(=O)N2CCN(c3cc(C(F)(F)F)ccn3)CC2)CC[C@@H](N[C@H]2CCOC[C@H]2O)C1,6.52,1,nM,CHEMBL1782580,-6.52,2.4800000000000004,CHEMBL240,hERG,False,False,False
CC(C)[C@]1(C(=O)NCc2cc(C(F)(F)F)cc(C(F)(F)F)c2)CC[C@@H](N2CCC(c3ccc(F)cc3)CC2)C1,7.8,1,nM,CHEMBL428594,-7.8,1.2000000000000002,CHEMBL240,hERG,False,False,False
CC(C)[C@]1(C(=O)NCc2cc(C(F)(F)F)cc(C(F)(F)F)c2)CC[C@@H](N2CCC(c3cccc(C(=O)O)c3)CC2)C1,5.885,2,nM,CHEMBL255511,-5.885,3.115,CHEMBL240,hERG,False,False,False
CC(C)[C@]1(C(=O)NCc2cc(C(F)(F)F)cc(C(F)(F)F)c2)CC[C@@H](N2CCC(c3cccc(F)c3)CC2)C1,7.35,1,nM,CHEMBL258246,-7.35,1.6500000000000004,CHEMBL240,hERG,False,False,False
CC(C)[C@]1(C(=O)NCc2cc(C(F)(F)F)cc(C(F)(F)F)c2)CC[C@@H](N2CCC(c3cccc(O)c3)CC2)C1,7.17,1,nM,CHEMBL255312,-7.17,1.83,CHEMBL240,hERG,False,False,False
CC(C)[C@]1(C(=O)NCc2cc(C(F)(F)F)cc(C(F)(F)F)c2)CC[C@@H](N2CCC(c3cccnc3)CC2)C1,6.65,1,nM,CHEMBL255513,-6.65,2.3499999999999996,CHEMBL240,hERG,False,False,False
CC(C)[C@]1(C(=O)NCc2cc(C(F)(F)F)cc(C(F)(F)F)c2)CC[C@@H](N2CCC(c3ccncn3)CC2)C1,6.89,1,nM,CHEMBL256954,-6.89,2.1100000000000003,CHEMBL240,hERG,False,False,False
CC(C)[C@]1(C(=O)NCc2cc(C(F)(F)F)cc(C(F)(F)F)c2)CC[C@@H](N2CCC(c3cncnc3)CC2)C1,5.8,2,nM,CHEMBL256154,-5.8,3.2,CHEMBL240,hERG,False,False,False
CC(C)[C@]1(C)CC(=O)N(Cc2cc(F)cc(C(=O)N[C@@H](C)c3ccccc3)c2)C(=N)N1,5.05,1,nM,CHEMBL3401350,-5.05,3.95,CHEMBL240,hERG,False,False,False
CC(C)c1c(N)ncnc1N1CCC(c2nc(-c3ccc(F)c(C(F)(F)F)c3)cn2CCN2CCC2)CC1,5.75,1,nM,CHEMBL3917410,-5.75,3.25,CHEMBL240,hERG,False,False,False
CC(C)c1cc(C#N)cc2nc(-c3ccc(C(=O)NCC4CN(c5ccc(-c6ccccc6C#N)cn5)C(=O)O4)cc3)oc12,5.92,1,nM,CHEMBL1771136,-5.92,3.08,CHEMBL240,hERG,False,False,False
CC(C)c1cc(C#N)cc2nc(-c3ccc(C(=O)NC[C@H]4CC[C@@H](c5cccc(C(F)(F)F)c5)CC4)cc3)oc12,5.62,1,nM,CHEMBL1771127,-5.62,3.38,CHEMBL240,hERG,False,False,False
CC(C)c1cc(C#N)cc2nc(-c3ccc(C(=O)NC[C@H]4CN(c5ccc(-c6ccccc6OC(F)(F)F)cn5)C(=O)O4)cc3)oc12,5.45,1,nM,CHEMBL1771145,-5.45,3.55,CHEMBL240,hERG,False,False,False
CC(C)c1cc(C(=O)NC[C@H]2CCN(CCc3ccc(C(F)(F)F)cc3)C2)on1,6.39,1,nM,CHEMBL4467412,-6.39,2.6100000000000003,CHEMBL240,hERG,False,False,False
CC(C)c1cc(C(=O)NC[C@H]2CCN(CCc3ccc(Cl)c(Cl)c3)C2)on1,5.82,1,nM,CHEMBL4593748,-5.82,3.1799999999999997,CHEMBL240,hERG,False,False,False
CC(C)c1cc(C(=O)NC[C@H]2CCN(CCc3ccc(Cl)c(F)c3)C2)on1,5.82,1,nM,CHEMBL4454058,-5.82,3.1799999999999997,CHEMBL240,hERG,False,False,False
CC(C)c1cc(C(=O)NC[C@H]2CCN(CCc3ccc(OC(F)(F)F)c(F)c3)C2)on1,6.8,1,nM,CHEMBL4574825,-6.8,2.2,CHEMBL240,hERG,False,False,False
CC(C)c1cc(C(F)(F)F)cc(COCC2(c3ccc(F)cc3)CCN(C)CC2)n1,4.58,1,nM,CHEMBL2333633,-4.58,4.42,CHEMBL240,hERG,False,False,False
CC(C)c1cc(CN2Cc3ccccc3S2(=O)=O)nn1-c1ccc(F)cc1,4.83,1,nM,CHEMBL4102649,-4.83,4.17,CHEMBL240,hERG,False,False,False
CC(C)c1cc(CN2Cc3ccccc3S2(=O)=O)nn1C(C)(C)C,4.71,1,nM,CHEMBL4080064,-4.71,4.29,CHEMBL240,hERG,False,False,False
CC(C)c1cc(COc2ccccc2CC(=O)O)cc(-c2ccc3c(c2)[C@H](N)CO3)c1,4.62,1,nM,CHEMBL4643449,-4.62,4.38,CHEMBL240,hERG,False,False,False
CC(C)c1cc(Nc2nc(N3CCC[C@H](N)C3)ncc2C(N)=O)cc(C(C)C)n1,5.43,1,nM,CHEMBL4635883,-5.43,3.5700000000000003,CHEMBL240,hERG,False,False,False
CC(C)c1cc2cccc(-c3nnc(C4CCN(CC5CCOCC5)CC4)o3)n2n1,5.72,1,nM,CHEMBL4205936,-5.72,3.2800000000000002,CHEMBL240,hERG,False,False,False
CC(C)c1ccc(-c2cc(CN3CCN(c4ccccn4)CC3)nn2-c2ccc(F)cc2)cc1,4.6,1,nM,CHEMBL4591121,-4.6,4.4,CHEMBL240,hERG,False,False,False
CC(C)c1ccc(-c2cc(CN3CCOCC3)nn2C2CCC2)cc1,4.5,1,nM,CHEMBL4476297,-4.5,4.5,CHEMBL240,hERG,False,False,False
CC(C)c1ccc(-c2cc(CN3CC[Si](C)(C)CC3)nn2-c2ccc(F)cc2)cc1,5.7,1,nM,CHEMBL4558187,-5.7,3.3,CHEMBL240,hERG,False,False,False
CC(C)c1ccc(-c2cc(CN3CC[Si](C)(C)CC3)nn2C2CCCCC2)cc1,5.1,1,nM,CHEMBL4443434,-5.1,3.9000000000000004,CHEMBL240,hERG,False,False,False
CC(C)c1ccc(CS(=O)(=O)c2ccc([C@]34CNC[C@H]3C4)cc2)cc1,5.5,1,nM,CHEMBL1223600,-5.5,3.5,CHEMBL240,hERG,False,False,False
CC(C)c1ccc(S(=O)(=O)Cc2ccc([C@]34CNC[C@H]3C4)cc2)cc1,5.9,1,nM,CHEMBL1223598,-5.9,3.0999999999999996,CHEMBL240,hERG,False,False,False
CC(C)c1ccc(S(=O)(=O)Nc2ccc(C34CNCC3C4)cc2)cc1,5.55,2,nM,CHEMBL1223657,-5.55,3.45,CHEMBL240,hERG,False,False,False
CC(C)c1ccc(S(=O)(=O)Nc2ccc([C@@]34C[C@@H]3CN(C)C4)cc2)cc1,5.8,1,nM,CHEMBL1224639,-5.8,3.2,CHEMBL240,hERG,False,False,False
CC(C)c1ccc(S(=O)(=O)Nc2ccc([C@]34CNC[C@H]3C4)cc2)cc1,6.0,1,nM,CHEMBL1224638,-6.0,3.0,CHEMBL240,hERG,False,False,False
CC(C)c1cccc(N2CCN(CCN3Cc4ccccc4C3)C2=O)c1,5.3,1,nM,CHEMBL540241,-5.3,3.7,CHEMBL240,hERG,False,False,False
CC(C)c1cccc(Nc2cc(N[C@@H]3CCCC[C@@H]3N)nnc2C(N)=O)n1,5.1,1,nM,CHEMBL3237559,-5.1,3.9000000000000004,CHEMBL240,hERG,False,False,False
CC(C)c1ccccc1C(=O)N(CC1CCCC1)[C@H]1CCNC1,5.63,1,nM,CHEMBL550402,-5.63,3.37,CHEMBL240,hERG,True,True,True
CC(C)c1cn(-c2ccc(F)cc2)c2ccc(Cl)cc12,5.0,1,nM,CHEMBL53089,-5.0,4.0,CHEMBL240,hERG,False,False,False
CC(C)c1nc(-c2nnc3n2CCN(C(=O)c2ccc(-c4cccs4)cc2)[C@@H]3C)co1,5.14,1,nM,CHEMBL3422015,-5.14,3.8600000000000003,CHEMBL240,hERG,True,True,True
CC(C)c1nc(N2CCN(c3ncc(OCc4ccncc4C#N)cn3)[C@H](C)C2)no1,5.0,1,nM,CHEMBL2086690,-5.0,4.0,CHEMBL240,hERG,False,False,False
CC(C)c1nc(Nc2cc(NCCN)nnc2C(N)=O)ccc1F,5.1,1,nM,CHEMBL3237581,-5.1,3.9000000000000004,CHEMBL240,hERG,False,False,False
CC(C)c1nc(Nc2cc(N[C@@H]3CCOC[C@@H]3N)nnc2C(N)=O)ccc1F,5.1,1,nM,CHEMBL3237580,-5.1,3.9000000000000004,CHEMBL240,hERG,False,False,False
CC(C)c1nc2ccccc2c(=O)n1-c1ccc(OCCCN2CCCC2)cc1,5.41,2,nM,CHEMBL479036,-5.41,3.59,CHEMBL240,hERG,True,True,True
CC(C)c1ncc([C@H]2CC[C@@H](N3CC(NC(=O)CNc4nn(C)c5ccc(C(F)(F)F)cc45)C3)CC2)s1,4.77,1,nM,CHEMBL1834799,-4.77,4.23,CHEMBL240,hERG,False,False,False
CC(C)c1ncc([C@]2(O)CC[C@H](N3CC(NC(=O)CNc4ncnc5ccc(C(F)(F)F)cc45)C3)CC2)s1,4.43,1,nM,CHEMBL2315926,-4.43,4.57,CHEMBL240,hERG,False,False,False
CC(C)c1noc(-c2nnc3n2CCN(C(=O)c2ccc(F)cc2)[C@@H]3C)n1,5.8,1,nM,CHEMBL3608683,-5.8,3.2,CHEMBL240,hERG,True,True,True
CC(C)c1noc(C2CCN(C(C)C[C@H](NC(=O)C3CCC3)c3ccccc3)CC2)n1,5.78,1,nM,CHEMBL459600,-5.78,3.2199999999999998,CHEMBL240,hERG,False,False,False
CC(C)c1noc(N2CCC([C@H]3C[C@H]3CCOc3ccc(CC(=O)N4CCC4)c(F)c3)CC2)n1,5.16,1,nM,CHEMBL4097638,-5.16,3.84,CHEMBL240,hERG,False,False,False
CC(C)c1noc(N2CCN(c3ncc(OCc4ccc(S(C)(=O)=O)cc4F)cn3)[C@H](C)C2)n1,5.13,1,nM,CHEMBL3358014,-5.13,3.87,CHEMBL240,hERG,False,False,False
CC(C)c1noc(N2CCN(c3ncc(OCc4ccncc4C#N)cn3)[C@H](C)C2)n1,4.94,1,nM,CHEMBL2087084,-4.94,4.06,CHEMBL240,hERG,False,False,False
CC(C)n1c(-c2ccc(OCCCN3CCCCC3)cc2)nc2ccccc2c1=O,5.52,2,nM,CHEMBL488251,-5.52,3.4800000000000004,CHEMBL240,hERG,True,True,True
CC(C)n1c(=O)n(C)c2cnc3cc(F)c(-c4ccc(OCCCN5CCCCC5)nc4)cc3c21,5.18,1,nM,CHEMBL4594429,-5.18,3.8200000000000003,CHEMBL240,hERG,False,False,False
CC(C)n1cc(C(=O)c2cncc(NC(=O)Cc3ccc(Cl)cc3)c2)c2c(N)ncnc21,5.11,1,nM,CHEMBL4790022,-5.11,3.8899999999999997,CHEMBL240,hERG,False,False,False
CC(C)n1cc(C(=O)c2cncc(NC(=O)Cn3ccc(C(F)(F)F)n3)c2)c2cnccc21,5.8,1,nM,CHEMBL3955023,-5.8,3.2,CHEMBL240,hERG,False,False,False
CC(C)n1cc(Nc2nc(N)nc(-c3cccc(-n4ccc5cc(C6CC6)cc(F)c5c4=O)c3CO)n2)cc1C#N,4.52,1,nM,CHEMBL4208062,-4.52,4.48,CHEMBL240,hERG,False,False,False
CC(C)n1ccc(NC(=O)c2cc(Oc3ccc(C(=O)N4CCC4)cc3)cc(O[C@@H](C)CO)c2)n1,4.51,1,nM,CHEMBL3219106,-4.51,4.49,CHEMBL240,hERG,False,False,False
CC(C)n1nc(C(=O)NCC2CCN(CCN3CCOCC3)CC2)c2ccccc21,4.49,1,nM,CHEMBL3215681,-4.49,4.51,CHEMBL240,hERG,False,False,False
CC(C)n1nc(C(=O)NCC2CCN(CCNS(C)(=O)=O)CC2)c2ccccc21,5.58,1,nM,CHEMBL2179702,-5.58,3.42,CHEMBL240,hERG,False,False,False
CC(C)n1nc(C(=O)NCC2CCN(CCc3ccc(N)cc3)CC2)c2ccccc21,4.65,1,nM,CHEMBL3216126,-4.65,4.35,CHEMBL240,hERG,False,False,False
CC(C)n1nc([C@]2(c3cnn(C)c3)N[C@@H](c3nc(-c4ccc(F)cn4)c[nH]3)Cc3c2[nH]c2ccccc32)oc1=O,4.55,1,nM,CHEMBL3582335,-4.55,4.45,CHEMBL240,hERG,False,False,False
CC(C)n1ncc2c1C(=O)CC1(CCN(C(=O)c3ccc4[nH]ncc4c3)CC1)C2,4.64,1,nM,CHEMBL3359262,-4.64,4.36,CHEMBL240,hERG,False,False,False
CC(C)n1ncc2c1C(=O)CC1(CCN(C(=O)c3cnc4cc[nH]c4c3)CC1)C2,4.54,1,nM,CHEMBL3359264,-4.54,4.46,CHEMBL240,hERG,False,False,False
CC(C1CC1)n1cc(Nc2nc(N)nc(-c3cccc(-n4ccc5cc(C6CC6)cc(F)c5c4=O)c3CO)n2)cn1,4.87,1,nM,CHEMBL4211893,-4.87,4.13,CHEMBL240,hERG,False,False,False
CC(CC#N)N1C(=O)c2ccccc2C1C(=O)NCc1ccc(OC(F)(F)F)cc1,4.51,1,nM,CHEMBL2164380,-4.51,4.49,CHEMBL240,hERG,False,False,False
CC(CC(C)(C)C)N1CCC(CNC(=O)c2cc(Cl)cc(Cl)c2)CC1,5.66,1,nM,CHEMBL494478,-5.66,3.34,CHEMBL240,hERG,False,False,False
CC(CC(c1ccccc1)c1ccccc1)NC(C)(C)C,5.77,2,nM,CHEMBL363295,-5.77,3.2300000000000004,CHEMBL240,hERG,False,False,False
CC(CN1CCN(CCc2ccc([N+](=O)[O-])cc2)CC1)c1ccc([N+](=O)[O-])cc1,8.51,1,nM,CHEMBL2146865,-8.51,0.4900000000000002,CHEMBL240,hERG,False,False,False
CC(C[C@H](NC(=O)C1CCC1)c1ccccc1)N1CCC(c2[nH]ncc2-c2ccncc2)CC1,6.93,1,nM,CHEMBL460217,-6.93,2.0700000000000003,CHEMBL240,hERG,False,False,False
CC(C[C@H](NC(=O)C1CCC1)c1ccccc1)N1CCC(c2nnc(CN(C)C)o2)CC1,5.51,1,nM,CHEMBL459598,-5.51,3.49,CHEMBL240,hERG,False,False,False
CC(C[C@H](NC(=O)C1CCC1)c1ccccc1)N1CCC(n2cc(-c3ccccc3)[nH]c2=O)CC1,8.33,1,nM,CHEMBL460009,-8.33,0.6699999999999999,CHEMBL240,hERG,False,False,False
CC(Cc1ccc([N+](=O)[O-])cc1)N1CCN(CCc2ccc([N+](=O)[O-])cc2)CC1,8.41,1,nM,CHEMBL2146866,-8.41,0.5899999999999999,CHEMBL240,hERG,False,False,False
CC(Cc1ccccn1)N1C(=O)c2ccccc2C1C(=O)NCc1ccc(OC(F)(F)F)cc1,5.07,1,nM,CHEMBL2164360,-5.07,3.9299999999999997,CHEMBL240,hERG,False,False,False
CC(N(C)C)C1(c2ccc(Cl)c(Cl)c2)CCCCC1,4.4,2,nM,CHEMBL1684047,-4.4,4.6,CHEMBL240,hERG,False,False,False
CC(N(C)C)C1(c2ccc3ccccc3c2)CCCCC1,5.37,2,nM,CHEMBL1684055,-5.37,3.63,CHEMBL240,hERG,False,False,False
CC(NC(=O)C1(N)CCN(c2ncnc3[nH]ccc23)CC1)c1ccc(Cl)cc1,5.14,1,nM,CHEMBL2325997,-5.14,3.8600000000000003,CHEMBL240,hERG,False,False,False
CC(NC(=O)C1(N)CCN(c2ncnc3[nH]ccc23)CC1)c1ccc(F)cc1,4.57,1,nM,CHEMBL2325987,-4.57,4.43,CHEMBL240,hERG,False,False,False
CC(NC(=O)C1c2ccccc2C(=O)N1CCc1ccccn1)c1ccc(OCC(F)(F)F)cc1,5.14,1,nM,CHEMBL2164393,-5.14,3.8600000000000003,CHEMBL240,hERG,False,False,False
CC(NC(=O)c1ccc(C(F)(F)F)cc1Cl)C1(N2CCN(S(=O)(=O)c3cn(C)nn3)CC2)CCC(F)(F)CC1,4.7,1,nM,CHEMBL4448986,-4.7,4.3,CHEMBL240,hERG,False,False,False
CC(NC(=O)c1ccc(Cl)cc1)[C@H]1[C@@H]2C[C@@H](n3cnc4cc(F)c(F)cc43)C[C@@H]21,5.720000000000001,2,nM,CHEMBL4858888,-5.720000000000001,3.2799999999999994,CHEMBL240,hERG,False,False,False
CC(O)(c1ccc(CN2CCC3(CC2)OCc2cc(F)ncc23)cc1)c1ccc(F)c(F)c1,6.28,1,nM,CHEMBL568361,-6.28,2.7199999999999998,CHEMBL240,hERG,False,False,False
CC(O)CN1[C@H](C)CN(CCSC(c2ccc(F)cc2)c2ccc(F)cc2)C[C@@H]1C,6.2,1,nM,CHEMBL4636778,-6.2,2.8,CHEMBL240,hERG,False,False,False
CC(O)CN1[C@H](C)CN(CC[S+]([O-])C(c2ccc(F)cc2)c2ccc(F)cc2)C[C@@H]1C,5.14,1,nM,CHEMBL4634776,-5.14,3.8600000000000003,CHEMBL240,hERG,False,False,False
CC(O)c1cn(-c2ccc(F)cc2)c2ccc(Cl)cc12,5.34,1,nM,CHEMBL52794,-5.34,3.66,CHEMBL240,hERG,False,False,False
CC(OC(=O)N1C[C@@H]2[C@@H](CNC(=O)c3ccc4[nH]c(=O)oc4c3)[C@@H]2C1)c1cc(Cl)cc(Cl)c1,5.07,1,nM,CHEMBL4164658,-5.07,3.9299999999999997,CHEMBL240,hERG,False,False,False
CC(Oc1ccc(S(C)(=O)=O)cc1C(=O)N1CCN(c2ccc(C#N)cc2)CC1)C(F)(F)F,5.92,1,nM,CHEMBL1171498,-5.92,3.08,CHEMBL240,hERG,False,False,False
CC(Oc1ccc(S(C)(=O)=O)cc1C(=O)N1CCN(c2ccc(C#N)cc2F)CC1)C(F)(F)F,5.52,1,nM,CHEMBL1172999,-5.52,3.4800000000000004,CHEMBL240,hERG,False,False,False
CC(Oc1ccc(S(C)(=O)=O)cc1C(=O)N1CCN(c2ccc(C(F)(F)F)cc2)CC1)C(F)(F)F,5.0,1,nM,CHEMBL1171499,-5.0,4.0,CHEMBL240,hERG,False,False,False
CC(Oc1ccc(S(C)(=O)=O)cc1C(=O)N1CCN(c2ccc(C(F)(F)F)cc2F)CC1)C(F)(F)F,5.16,1,nM,CHEMBL1172199,-5.16,3.84,CHEMBL240,hERG,False,False,False
CC(Oc1ccc(S(C)(=O)=O)cc1C(=O)N1CCN(c2ccc(C(F)(F)F)cn2)CC1)C(F)(F)F,4.7,1,nM,CHEMBL1170071,-4.7,4.3,CHEMBL240,hERG,False,False,False
CC(Oc1ccc(S(C)(=O)=O)cc1C(=O)N1CCN(c2ncc(C(F)(F)F)cc2Cl)CC1)C(F)(F)F,5.0,1,nM,CHEMBL1169701,-5.0,4.0,CHEMBL240,hERG,False,False,False
CC(Oc1ccc(S(C)(=O)=O)cc1C(=O)N1CCN(c2ncc(C(F)(F)F)cc2F)CC1)C(F)(F)F,4.7,1,nM,CHEMBL1171649,-4.7,4.3,CHEMBL240,hERG,False,False,False
CC(Oc1ccccc1CC1CC1)C1=NCCN1,5.05,1,nM,CHEMBL1956195,-5.05,3.95,CHEMBL240,hERG,True,True,True
CC(c1ccc(OCCCN2CCC(c3noc4cc(F)ccc34)CC2)cc1)c1nc2ccccc2o1,6.0,1,nM,CHEMBL3634825,-6.0,3.0,CHEMBL240,hERG,False,False,False
CC(c1cccc(C(F)(F)F)c1)N1CCN(CCN2Cc3ccccc3C2)C1=O,5.9,1,nM,CHEMBL564741,-5.9,3.0999999999999996,CHEMBL240,hERG,False,False,False
CC(c1ccccc1)N1[C@@H]2CC[C@H]1C[C@H](Oc1cccc(C(N)=O)c1)C2,8.22,1,nM,CHEMBL1258615,-8.22,0.7799999999999994,CHEMBL240,hERG,False,False,False
CC(c1ccccc1Oc1ccc(Cl)c(Cl)c1)N(C)C,6.05,1,nM,CHEMBL487053,-6.05,2.95,CHEMBL240,hERG,False,False,False
CC(c1ccncc1)N1[C@@H]2CC[C@H]1C[C@H](Oc1cccc(C(N)=O)c1)C2,8.43,1,nM,CHEMBL1258962,-8.43,0.5700000000000003,CHEMBL240,hERG,False,False,False
CC(c1nc(-c2ccc(S(C)(=O)=O)cc2Cl)no1)[C@H](N)C(F)=C1CCCC1,4.72,2,nM,CHEMBL257023,-4.72,4.28,CHEMBL240,hERG,False,False,False
CC/C(=C(\c1ccccc1)c1ccc(OCCN(C)C)cc1)c1ccccc1,5.904999999999999,2,nM,CHEMBL83,-5.904999999999999,3.0950000000000006,CHEMBL240,hERG,True,True,True
CC/N=C(\c1ccc(OC)c(OC)c1)N1CCCc2cc(C3=NNC(=O)SC3C)ccc21,5.18,1,nM,CHEMBL1671890,-5.18,3.8200000000000003,CHEMBL240,hERG,False,False,False
CC1(C#Cc2c(Cl)c3c(Cl)cc(C(N)=O)nc3n2[C@H]2CCCNC2)COC1,8.52,1,nM,CHEMBL4470576,-8.52,0.4800000000000004,CHEMBL240,hERG,True,True,True
CC1(C#N)CN(c2cc(COc3ccc(F)c(F)c3F)nc(-c3ccccn3)n2)C1,5.0,1,nM,CHEMBL3740291,-5.0,4.0,CHEMBL240,hERG,False,False,False
CC1(C(=O)N2CC(c3nc(-c4ccc(C(=O)Nc5cc(C(F)(F)F)ccn5)cc4)c4c(N)nccn34)C2)COC1,6.4,1,nM,CHEMBL4086348,-6.4,2.5999999999999996,CHEMBL240,hERG,False,False,False
CC1(C(=O)N2CCC[C@@H](c3nc(-c4ccc(C(=O)Nc5cc(C(F)(F)F)ccn5)cc4)c4c(N)nccn34)C2)COC1,5.46,1,nM,CHEMBL4094125,-5.46,3.54,CHEMBL240,hERG,False,False,False
CC1(C(=O)N2CCO[C@@H](c3nc(-c4ccc(C(=O)Nc5cc(C(F)(F)F)ccn5)cc4)c4c(N)nccn34)C2)COC1,4.84,1,nM,CHEMBL4075605,-4.84,4.16,CHEMBL240,hERG,False,False,False
CC1(C(=O)N2CCO[C@@H](c3nc(-c4ccc(C(=O)Nc5cc(C(F)(F)F)ccn5)cc4F)c4c(N)nccn34)C2)CCC1,4.85,1,nM,CHEMBL4059723,-4.85,4.15,CHEMBL240,hERG,False,False,False
CC1(C(=O)N2CC[C@@H](c3nc(-c4ccc(C(=O)Nc5cc(C(F)(F)F)ccn5)cc4)c4c(N)nccn34)C2)COC1,5.6,1,nM,CHEMBL4104254,-5.6,3.4000000000000004,CHEMBL240,hERG,False,False,False
CC1(C(=O)NCc2ccc(OC(F)(F)F)cc2)c2ccccc2C(=O)N1CCc1ccccn1,4.96,1,nM,CHEMBL2164367,-4.96,4.04,CHEMBL240,hERG,False,False,False
CC1(C)C(=O)Nc2nc(-n3nc(CCCC(F)(F)F)c4cc(Cl)ccc43)nc(N)c21,5.39,1,nM,CHEMBL4788234,-5.39,3.6100000000000003,CHEMBL240,hERG,False,False,False
CC1(C)C(=O)Nc2nc(-n3nc(Cc4c(F)ccc(F)c4F)c4cc(Cl)ccc43)nc(N)c21,5.85,1,nM,CHEMBL4753045,-5.85,3.1500000000000004,CHEMBL240,hERG,False,False,False
CC1(C)C(=O)Nc2nc(-n3nc(Cc4c(F)ccc(F)c4F)c4ccccc43)nc(N)c21,5.66,1,nM,CHEMBL4755974,-5.66,3.34,CHEMBL240,hERG,False,False,False
CC1(C)C(=O)Nc2nc(-n3nc(Cc4ccccc4F)c4cc(Cl)ccc43)nc(N)c21,5.82,1,nM,CHEMBL4761962,-5.82,3.1799999999999997,CHEMBL240,hERG,False,False,False
CC1(C)C(=O)Nc2nc(-n3nc(Cc4ccccc4F)c4ccccc43)nc(N)c21,5.31,1,nM,CHEMBL4789308,-5.31,3.6900000000000004,CHEMBL240,hERG,False,False,False
CC1(C)C2=C3CC4C5=[N+](CCC4OC3CCN2c2ccc(CC(=O)NCCCCCCN(CCOc3ccc(NS(C)(=O)=O)cc3)CCc3ccc(NS(C)(=O)=O)cc3)cc21)c1ccc(S(=O)(=O)[O-])cc1C5(C)C,6.51,1,nM,CHEMBL227000,-6.51,2.49,CHEMBL240,hERG,False,False,False
CC1(C)C=Cc2cccc(CN3CCC4(CC3)CCN(C(=O)c3ccnc(N)c3)CC4)c2O1,4.42,1,nM,CHEMBL568522,-4.42,4.58,CHEMBL240,hERG,False,False,False
CC1(C)CC(Cc2ccc(-c3ccc(-c4cn[nH]c4)cc3O)nn2)CC(C)(C)N1,4.77,1,nM,CHEMBL4279463,-4.77,4.23,CHEMBL240,hERG,False,False,False
CC1(C)CC(NC(=O)C(C)(C)O)c2cc(-c3ccc(Cl)cc3)c(-c3ccc(Cl)cc3Cl)nc2O1,6.42,1,nM,CHEMBL1094847,-6.42,2.58,CHEMBL240,hERG,False,False,False
CC1(C)CC(NC(=O)C(C)(O)C(F)(F)F)c2cc(-c3ccc(Cl)cc3)c(-c3ccc(Cl)cc3Cl)nc2O1,6.22,1,nM,CHEMBL1097455,-6.22,2.7800000000000002,CHEMBL240,hERG,False,False,False
CC1(C)CC(NC(=O)C(F)(F)CO)c2cc(-c3ccc(Cl)cc3)c(-c3ccc(Cl)cc3Cl)nc2O1,7.1,1,nM,CHEMBL1095159,-7.1,1.9000000000000004,CHEMBL240,hERG,False,False,False
CC1(C)CC(NC(=O)C2(O)CC2)c2cc(-c3ccc(Cl)cc3)c(-c3ccc(Cl)cc3Cl)nc2O1,6.52,1,nM,CHEMBL1095499,-6.52,2.4800000000000004,CHEMBL240,hERG,False,False,False
CC1(C)CC(NC(=O)CC(O)C(F)(F)F)c2cc(-c3ccc(Cl)cc3)c(-c3ccc(Cl)cc3Cl)nc2O1,5.725,2,nM,CHEMBL1097456,-5.725,3.2750000000000004,CHEMBL240,hERG,False,False,False
CC1(C)CC(NC(=O)CCO)c2cc(-c3ccc(Cl)cc3)c(-c3ccc(Cl)cc3Cl)nc2O1,6.42,1,nM,CHEMBL1083025,-6.42,2.58,CHEMBL240,hERG,False,False,False
CC1(C)CC(Nc2ccc(-c3cc4ccccc4s3)nn2)CC(C)(C)N1,6.22,1,nM,CHEMBL4289183,-6.22,2.7800000000000002,CHEMBL240,hERG,False,False,False
CC1(C)CC(Nc2ccc(-c3ccc4ccccc4c3)nn2)CC(C)(C)N1,5.82,1,nM,CHEMBL4285798,-5.82,3.1799999999999997,CHEMBL240,hERG,False,False,False
CC1(C)CC(Oc2ccc(-c3ccc(-c4cn[nH]c4)cc3O)nn2)CC(C)(C)N1,5.2,1,nM,CHEMBL4290141,-5.2,3.8,CHEMBL240,hERG,False,False,False
CC1(C)CC(Oc2ccc(-c3ccc(-n4cccn4)cc3O)nn2)CC(C)(C)N1,6.64,1,nM,CHEMBL4288439,-6.64,2.3600000000000003,CHEMBL240,hERG,False,False,False
CC1(C)CC(c2ccc(OC3CCN(C4CCC4)CC3)cc2)=NNC1=O,4.68,1,nM,CHEMBL1950743,-4.68,4.32,CHEMBL240,hERG,False,False,False
CC1(C)CC2(CCN(C(=O)c3ccc(C[C@@H]4CC[C@H]([C@H](O)c5ccccc5)N4)cc3)CC2)C(=O)O1,4.51,1,nM,CHEMBL3746280,-4.51,4.49,CHEMBL240,hERG,False,False,False
CC1(C)CCN1Cc1cccc(F)c1CNc1cc(F)c(S(=O)(=O)Nc2cscn2)c(F)c1,4.65,1,nM,CHEMBL4460028,-4.65,4.35,CHEMBL240,hERG,False,False,False
CC1(C)CCc2cc(CN3CCC4(CC3)CCN(C(=O)c3ccc(N)cn3)CC4)ccc2O1,4.6,2,nM,CHEMBL567202,-4.6,4.4,CHEMBL240,hERG,False,False,False
CC1(C)CCc2cc(CN3CCC4(CC3)CCN(C(=O)c3ccncn3)CC4)ccc2O1,4.95,1,nM,CHEMBL568503,-4.95,4.05,CHEMBL240,hERG,False,False,False
CC1(C)CCc2cc(S(=O)(=O)N(CC(=O)O)C3(c4cccc(-c5cc(Cl)cc(Cl)c5)c4)CCC3)ccc2O1,4.4,1,nM,CHEMBL3764017,-4.4,4.6,CHEMBL240,hERG,False,False,False
CC1(C)CCc2cc(S(=O)(=O)N(CC(=O)O)Cc3cccc(-c4ccccc4)c3)ccc2O1,4.7,1,nM,CHEMBL3764044,-4.7,4.3,CHEMBL240,hERG,False,False,False
CC1(C)CN(C(=O)Nc2cc(-c3cn(C4CCOCC4)c4cnccc34)ccn2)C1,5.42,1,nM,CHEMBL4649473,-5.42,3.58,CHEMBL240,hERG,False,False,False
CC1(C)CN2C(CS/C(=N\C3CCCCC3)NC3CCCCC3)=CSC2=N1,4.88,1,nM,CHEMBL460491,-4.88,4.12,CHEMBL240,hERG,False,False,False
CC1(C)C[C@@H](CN2CCC(F)(CNC(=O)c3cc(Cl)cc(Cl)c3)CC2)CCO1,5.42,1,nM,CHEMBL488817,-5.42,3.58,CHEMBL240,hERG,False,False,False
CC1(C)C[C@@H](NC(=O)c2ccc3[nH]ncc3c2)c2cc(-c3ccc(Cl)cc3)c(-c3ccc(Cl)cc3Cl)nc2O1,6.2,1,nM,CHEMBL1095554,-6.2,2.8,CHEMBL240,hERG,False,False,False
CC1(C)C[C@@H](NC(=O)c2cn[nH]c2)c2cc(-c3ccc(Cl)cc3)c(-c3ccc(Cl)cc3Cl)nc2O1,6.42,1,nM,CHEMBL1097841,-6.42,2.58,CHEMBL240,hERG,False,False,False
CC1(C)C[C@@H](NC(=O)c2n[nH]c3ccccc23)c2cc(-c3ccc(Cl)cc3)c(-c3ccc(Cl)cc3Cl)nc2O1,5.34,1,nM,CHEMBL1095553,-5.34,3.66,CHEMBL240,hERG,False,False,False
CC1(C)C[C@@H]2C[C@@](C)(CN2CCN2CCN(c3cccc(Cl)c3)C2=O)C1,5.9,2,nM,CHEMBL563563,-5.9,3.0999999999999996,CHEMBL240,hERG,False,False,False
CC1(C)Cc2c(CN3CCC4(CC3)CCN(C(=O)c3ccc(N)cn3)CC4)cccc2O1,4.835,2,nM,CHEMBL566543,-4.835,4.165,CHEMBL240,hERG,False,False,False
CC1(C)Cc2c(CN3CCC4(CC3)CCN(C(=O)c3ccnc(N)c3)CC4)cccc2O1,4.654999999999999,2,nM,CHEMBL567627,-4.654999999999999,4.345000000000001,CHEMBL240,hERG,False,False,False
CC1(C)Cc2c(CN3CCC4(CC3)CCN(C(=O)c3ccncc3)CC4)cccc2O1,4.835,2,nM,CHEMBL583621,-4.835,4.165,CHEMBL240,hERG,False,False,False
CC1(C)Cc2cccc(CN3CCC4(CC3)CCN(C(=O)c3ccc(N)cn3)CC4)c2O1,4.395,2,nM,CHEMBL568523,-4.395,4.605,CHEMBL240,hERG,False,False,False
CC1(C)Cc2cccc(CN3CCC4(CC3)CCN(C(=O)c3ncccc3N)CC4)c2O1,4.9350000000000005,2,nM,CHEMBL566324,-4.9350000000000005,4.0649999999999995,CHEMBL240,hERG,False,False,False
CC1(C)NCCc2c1oc1cc(S(=O)(=O)c3cccc(F)c3)ccc21,6.0,1,nM,CHEMBL1935594,-6.0,3.0,CHEMBL240,hERG,True,True,True
CC1(C)OC(=O)N([C@H]2CC[C@H](c3cnc(N)c(-c4ncccn4)c3)CC2)[C@H]1c1ccccc1,4.96,1,nM,CHEMBL3099716,-4.96,4.04,CHEMBL240,hERG,False,False,False
CC1(C)OC(=O)c2ccc(Nc3ncc(-c4nc(C56CCN(CC5)CC6)no4)c(N[C@H](CO)c4ccccc4)n3)cc21,6.24,1,nM,CHEMBL4780798,-6.24,2.76,CHEMBL240,hERG,False,False,False
CC1(C)OC2(CCN(CCc3ccccc3)CC2)CN(c2ccccc2)C1=O,7.0,1,nM,CHEMBL4516327,-7.0,2.0,CHEMBL240,hERG,False,False,False
CC1(C)Oc2c(CN3CCC4(CC3)CCN(C(=O)c3ccc(N)cn3)CC4)cccc2C1(F)F,4.415,2,nM,CHEMBL579072,-4.415,4.585,CHEMBL240,hERG,False,False,False
CC1(C)Oc2ccc(NC(=O)c3ccc(Cl)cn3)cc2[C@@]2(COC(N)=N2)C12CC2,5.49,2,nM,CHEMBL3650848,-5.49,3.51,CHEMBL240,hERG,False,False,False
CC1(C)Oc2ccc(NC(=O)c3ccc(Cl)cn3)cc2[C@@]2(COC(N)=N2)C12COC2,4.68,2,nM,CHEMBL3650845,-4.68,4.32,CHEMBL240,hERG,False,False,False
CC1(C)Oc2ccc(NC(=O)c3cnc(C(F)F)cn3)cc2[C@@]2(COC(N)=N2)C12CC2,4.82,2,nM,CHEMBL3650851,-4.82,4.18,CHEMBL240,hERG,False,False,False
CC1(C)Oc2cccc(CN3CCC4(CC3)CCN(C(=O)c3ccnc(N)c3)CC4)c2O1,5.45,2,nM,CHEMBL584087,-5.45,3.55,CHEMBL240,hERG,False,False,False
CC1(C)[C@@H]2CC[C@]13CCN(CCN1CCN(c4cccc(Cl)c4)C1=O)C3C2,6.1,2,nM,CHEMBL562833,-6.1,2.9000000000000004,CHEMBL240,hERG,False,False,False
CC1(C)[C@H](Nc2c(C(N)=O)cnn3cc(-c4ccc(C#N)cc4)cc23)CC[C@]1(C)N,4.92,1,nM,CHEMBL4091582,-4.92,4.08,CHEMBL240,hERG,False,False,False
CC1(C)[C@H](Nc2c(C(N)=O)cnn3cc(-c4ccc(C#N)nc4)cc23)CC[C@]1(C)N,5.39,1,nM,CHEMBL4096795,-5.39,3.6100000000000003,CHEMBL240,hERG,False,False,False
CC1(C)[C@H](Nc2c(C(N)=O)cnn3cc(-c4ccc(F)cc4)cc23)CC[C@]1(C)N,4.99,1,nM,CHEMBL4077508,-4.99,4.01,CHEMBL240,hERG,False,False,False
CC1(C)[C@H](Nc2c(C(N)=O)cnn3cc(-c4ccc(F)nc4)cc23)CC[C@]1(C)N,4.46,1,nM,CHEMBL4098840,-4.46,4.54,CHEMBL240,hERG,False,False,False
CC1(C)[C@H](Nc2c(C(N)=O)cnn3cc(-c4cccc(Cl)c4)cc23)CC[C@]1(C)N,5.22,1,nM,CHEMBL4076823,-5.22,3.7800000000000002,CHEMBL240,hERG,False,False,False
CC1(C)[C@H](Nc2c(C(N)=O)cnn3cc(-c4cccc(F)c4)cc23)CC[C@]1(C)N,5.12,1,nM,CHEMBL4071806,-5.12,3.88,CHEMBL240,hERG,False,False,False
CC1(C)[C@H](Nc2c(C(N)=O)cnn3cc(-c4ccccc4)cc23)CC[C@]1(C)N,5.97,2,nM,CHEMBL4096145,-5.97,3.0300000000000002,CHEMBL240,hERG,False,False,False
CC1(C)[C@H](Nc2c(C(N)=O)cnn3cc(-c4ccccc4F)cc23)CC[C@]1(C)N,5.02,1,nM,CHEMBL4076191,-5.02,3.9800000000000004,CHEMBL240,hERG,False,False,False
CC1(C)[C@H](Nc2c(C(N)=O)cnn3cc(-c4ccnc(F)c4)cc23)CC[C@]1(C)N,4.39,1,nM,CHEMBL4104127,-4.39,4.61,CHEMBL240,hERG,False,False,False
CC1(C)[C@H](Nc2c(C(N)=O)cnn3cc(-c4cncc(F)c4)cc23)CC[C@]1(C)N,5.3,1,nM,CHEMBL4088673,-5.3,3.7,CHEMBL240,hERG,False,False,False
CC1(C)[C@H](Nc2c(C(N)=O)cnn3cc(-c4cncnc4)cc23)CC[C@]1(C)N,5.07,1,nM,CHEMBL4089164,-5.07,3.9299999999999997,CHEMBL240,hERG,False,False,False
CC1(C)[C@H]2CC[C@]1(C)CN(CCN1CCN(c3cccc(Cl)c3)C1=O)C2,5.9,2,nM,CHEMBL564930,-5.9,3.0999999999999996,CHEMBL240,hERG,False,False,False
CC1(C)c2cc(C3CCN(CC4CCOCC4)CC3)ccc2C(=O)c2c1[nH]c1cc(C#N)ccc21,5.58,1,nM,CHEMBL3735648,-5.58,3.42,CHEMBL240,hERG,False,False,False
CC1(C)c2nc(-c3ccc(F)cc3)c(Nc3ccc(Cl)cc3)n2CCN1C(=O)CN,5.14,1,nM,CHEMBL2431809,-5.14,3.8600000000000003,CHEMBL240,hERG,False,False,False
CC1(C)c2nc(-c3ccc(F)cc3)c(Nc3ccc(F)cc3)n2CCN1C(=O)CN,4.87,1,nM,CHEMBL2058833,-4.87,4.13,CHEMBL240,hERG,False,False,False
CC1(CC#Cc2c(Cl)c3c(Cl)cc(C(N)=O)nc3n2[C@H]2CCCNC2)COC1,8.3,1,nM,CHEMBL4457389,-8.3,0.6999999999999993,CHEMBL240,hERG,False,False,False
CC1(CN)CCN(c2cnc(-c3cccc(Cl)c3Cl)c(N)n2)CC1,5.77,1,nM,CHEMBL4754023,-5.77,3.2300000000000004,CHEMBL240,hERG,False,False,False
CC1(CN)CCN(c2cnc(Sc3cccc(Cl)c3Cl)c(N)n2)CC1,5.62,1,nM,CHEMBL4789106,-5.62,3.38,CHEMBL240,hERG,False,False,False
CC1(CN)CCN(c2cnc(Sc3cccnc3C(F)(F)F)c(N)n2)CC1,4.91,1,nM,CHEMBL4750422,-4.91,4.09,CHEMBL240,hERG,False,False,False
CC1(CN2CC[C@H](NC(=O)c3cc(-c4ccc(F)cc4F)on3)[C@@H](C(=O)NC3(c4ncccn4)CC3)C2)CC1,4.96,1,nM,CHEMBL4758009,-4.96,4.04,CHEMBL240,hERG,False,False,False
CC1(COc2ccc(OC(F)(F)F)cc2)CCn2cc([N+](=O)[O-])nc2O1,5.42,2,nM,CHEMBL4066553,-5.42,3.58,CHEMBL240,hERG,False,False,False
CC1(Cn2nc(-c3ccc4cc(OC5CC5)ccc4c3)c3c(N)ncnc32)COC1,5.72,1,nM,CHEMBL4439120,-5.72,3.2800000000000002,CHEMBL240,hERG,False,False,False
CC1(N)CCN(c2cnc(-c3cccc(Cl)c3Cl)c(N)n2)CC1,5.23,1,nM,CHEMBL4060033,-5.23,3.7699999999999996,CHEMBL240,hERG,False,False,False
CC1(N)CCN(c2cnc(Sc3cccc(Cl)c3Cl)c(N)n2)CC1,5.55,1,nM,CHEMBL4762625,-5.55,3.45,CHEMBL240,hERG,False,False,False
CC1(N)CCN(c2cnc(Sc3ccccc3Cl)c(N)n2)CC1,5.21,1,nM,CHEMBL4746224,-5.21,3.79,CHEMBL240,hERG,False,False,False
CC1(N)CCN(c2cnc(Sc3cccnc3C(F)(F)F)c(N)n2)CC1,4.76,1,nM,CHEMBL4756767,-4.76,4.24,CHEMBL240,hERG,False,False,False
CC1(N2CCC(N(c3ccccc3)c3cccnc3)CC2)CCN(C(=O)c2c(Cl)c[n+]([O-])cc2Cl)CC1,5.36,1,nM,CHEMBL255645,-5.36,3.6399999999999997,CHEMBL240,hERG,False,False,False
CC1(N2CCC(N(c3ccccc3)c3cccnc3)CC2)CCN(C(=O)c2c(Cl)cncc2Cl)CC1,5.7,1,nM,CHEMBL255644,-5.7,3.3,CHEMBL240,hERG,False,False,False
CC1(O)CN(S(=O)(=O)c2ccc3c(C(=O)NC[C@@H](O)CN4CCC(Oc5ccc(Cl)c(Cl)c5)CC4)c[nH]c(=O)c3c2)C1,5.5,1,nM,CHEMBL2207655,-5.5,3.5,CHEMBL240,hERG,True,True,True
CC1(OC(=O)N2CCC([C@H]3C[C@H]3CCOc3ccc(CC(=O)N4CCC4)c(F)c3)CC2)CC1,4.855,2,nM,CHEMBL4062339,-4.855,4.145,CHEMBL240,hERG,False,False,False
CC1(c2ccc(-n3cnnn3)cc2)NC(=O)N(CC(=O)c2ccc(F)cc2F)C1=O,5.2,1,nM,CHEMBL4535475,-5.2,3.8,CHEMBL240,hERG,False,False,False
CC1(c2ccc(C#N)cc2)NC(=O)N(CC(=O)c2ccc(F)cc2F)C1=O,4.6,1,nM,CHEMBL4466173,-4.6,4.4,CHEMBL240,hERG,False,False,False
CC1(c2ccc(NS(C)(=O)=O)cc2)NC(=O)N(CC(=O)c2ccc(F)cc2F)C1=O,4.4,1,nM,CHEMBL4534405,-4.4,4.6,CHEMBL240,hERG,False,False,False
CC1(c2ccc(OC(F)F)cc2)NC(=O)N(CC(=O)c2ccc(F)cc2F)C1=O,5.3,1,nM,CHEMBL4476371,-5.3,3.7,CHEMBL240,hERG,False,False,False
CC1(c2cccc(-c3cccc(Cl)c3)c2)N=C(N)CCO1,5.21,1,nM,CHEMBL2380444,-5.21,3.79,CHEMBL240,hERG,False,False,False
CC1(c2cccc(-c3cccnc3)c2)N=C(N)c2ccccc2O1,5.55,1,nM,CHEMBL2380438,-5.55,3.45,CHEMBL240,hERG,False,False,False
CC1(c2cccc(-c3cncnc3)c2)N=C(N)c2c(F)cccc2O1,5.05,1,nM,CHEMBL2380440,-5.05,3.95,CHEMBL240,hERG,False,False,False
CC1(c2cccc(-c3cncnc3)c2)N=C(N)c2ccccc2O1,5.24,1,nM,CHEMBL2380461,-5.24,3.76,CHEMBL240,hERG,False,False,False
CC1(c2cccc(-c3cncnc3)c2)N=C(N)c2ccccc2S1,5.22,1,nM,CHEMBL2380442,-5.22,3.7800000000000002,CHEMBL240,hERG,False,False,False
CC1(c2ccccc2)CCN(C[C@@H]2CCc3cccnc3[C@@H](O)C2)CC1,4.96,1,nM,CHEMBL518922,-4.96,4.04,CHEMBL240,hERG,False,False,False
CC1(c2nc(-c3ccccc3)c[nH]2)Cc2c([nH]c3ccccc23)C(C2CCOCC2)N1,5.725,4,nM,CHEMBL3775729,-5.725,3.2750000000000004,CHEMBL240,hERG,False,False,False
CC1=C(c2ccc(OCCCN3CCCC3)cc2)Oc2ccccc2S1,8.36,2,nM,CHEMBL560923,-8.36,0.6400000000000006,CHEMBL240,hERG,False,False,False
CC1=C(c2ccc(OCCCN3CCCC3)cc2)Oc2ccccc2S1(=O)=O,6.33,2,nM,CHEMBL556100,-6.33,2.67,CHEMBL240,hERG,False,False,False
CC1=C(c2cccc(O)c2)[C@H](c2ccc(OCCN3CC(CF)C3)cc2)Oc2ccc(O)cc21,5.34,1,nM,CHEMBL4447340,-5.34,3.66,CHEMBL240,hERG,False,False,False
CC1=C[C@@](CF)(c2cc(NC(=O)c3ccc(C#N)cn3)ccc2F)N=C(N)O1,5.41,1,nM,CHEMBL4208552,-5.41,3.59,CHEMBL240,hERG,False,False,False
CC1=NC(c2cccc(-c3cccnc3)c2)(C2CCCCC2)N=C1N,4.54,1,nM,CHEMBL2180034,-4.54,4.46,CHEMBL240,hERG,False,False,False
CC1=NC(c2cccc(-c3cncc(Cl)c3)c2)(C2CC2)N=C1N,4.91,1,nM,CHEMBL2180033,-4.91,4.09,CHEMBL240,hERG,False,False,False
CC1=NN(c2ccc(C)c(C)c2)C(=O)/C1=N\Nc1cccc(-c2cccc(C(=O)O)c2)c1O,6.16,1,nM,CHEMBL461101,-6.16,2.84,CHEMBL240,hERG,False,False,False
CC1C(c2ccc(OCCCN3CCCC3)cc2)Oc2ccccc2S1(=O)=O,5.89,1,nM,CHEMBL562326,-5.89,3.1100000000000003,CHEMBL240,hERG,False,False,False
CC1CC1c1cc(C(F)(F)F)cc(COCC2(c3ccc(F)cc3)CCN(C)CC2)n1,4.47,1,nM,CHEMBL2333606,-4.47,4.53,CHEMBL240,hERG,False,False,False
CC1CCCCN1CCN1CCN(c2cccc(Cl)c2)C1=O,5.7,1,nM,CHEMBL561054,-5.7,3.3,CHEMBL240,hERG,False,False,False
CC1CCCN(CCN2CCN(c3cccc(Cl)c3)C2=O)C1,5.5,1,nM,CHEMBL552371,-5.5,3.5,CHEMBL240,hERG,False,False,False
CC1CCCN1CCc1ccc2nc(-c3cccs3)ccc2c1,5.61,1,nM,CHEMBL1822869,-5.61,3.3899999999999997,CHEMBL240,hERG,True,True,True
CC1CCCN1CCc1ccc2nc(-c3ccoc3)ccc2c1,5.08,1,nM,CHEMBL1822867,-5.08,3.92,CHEMBL240,hERG,True,True,True
CC1CCCN1CCc1ccc2nc(-c3ccsc3)ccc2c1,5.32,1,nM,CHEMBL1822868,-5.32,3.6799999999999997,CHEMBL240,hERG,True,True,True
CC1CCN(C(=O)c2ccc3c(c2)c2c(n3C)CCN(C3CCOCC3)C2)CC1,5.58,1,nM,CHEMBL1950489,-5.58,3.42,CHEMBL240,hERG,True,True,True
CC1CCN(CCCOc2ccc(=O)n(-c3ccc(Cl)c(Cl)c3)n2)CC1,5.84,1,nM,CHEMBL3806193,-5.84,3.16,CHEMBL240,hERG,False,False,False
CC1CCN(CCCOc2ccc(=O)n(-c3ccc(Cl)cc3)n2)CC1,5.79,1,nM,CHEMBL3805101,-5.79,3.21,CHEMBL240,hERG,False,False,False
CC1CCN(CCCOc2ccc(=O)n(-c3ccc(F)c(Cl)c3)n2)CC1,5.67,1,nM,CHEMBL3805844,-5.67,3.33,CHEMBL240,hERG,False,False,False
CC1CCN(CCCOc2ccc(=O)n(-c3ccc(F)c(F)c3)n2)CC1,5.57,1,nM,CHEMBL3805216,-5.57,3.4299999999999997,CHEMBL240,hERG,False,False,False
CC1CCN(CCN2CCN(c3cccc(Cl)c3)C2=O)CC1,5.8,1,nM,CHEMBL551914,-5.8,3.2,CHEMBL240,hERG,False,False,False
CC1CCN(Cc2ccc3c(c2)Cc2c(-c4csc(C#CCOc5ccccc5)c4)n[nH]c2-3)CC1,7.1,1,nM,CHEMBL387972,-7.1,1.9000000000000004,CHEMBL240,hERG,False,False,False
CC1CCN(c2ccc3cc(CCN4CCC[C@H]4C)ccc3n2)CC1,4.65,1,nM,CHEMBL1085337,-4.65,4.35,CHEMBL240,hERG,True,True,True
CC1CN(CC(=O)N[C@H]2C3CC4CC2C[C@](C(N)=O)(C4)C3)S(=O)(=O)N(c2c(Cl)cc(Cl)cc2Cl)C1,4.43,1,nM,CHEMBL2036234,-4.43,4.57,CHEMBL240,hERG,False,False,False
CC1CN(CCc2ccc([N+](=O)[O-])cc2)CCN1CCc1ccc([N+](=O)[O-])cc1,9.12,1,nM,CHEMBL2146867,-9.12,-0.11999999999999922,CHEMBL240,hERG,False,False,False
CC1COCC(C)N1S(=O)(=O)c1ccc(-c2ccc(CCN3CCC[C@H]3C)cc2)cc1,5.93,1,nM,CHEMBL561279,-5.93,3.0700000000000003,CHEMBL240,hERG,False,False,False
CC1Cc2cccc(CN3CCC4(CC3)CCN(C(=O)c3ccncc3)CC4)c2O1,4.885,2,nM,CHEMBL568296,-4.885,4.115,CHEMBL240,hERG,False,False,False
CC1N(S(=O)(=O)c2ccc(F)cc2)c2ccc(C(=O)NCc3ccccc3Cl)cc2C12CCNCC2,5.96,1,nM,CHEMBL4740373,-5.96,3.04,CHEMBL240,hERG,False,False,False
CC1N=CN=C1CN1CCc2c(c3ccccc3n2C)C1=O,5.5,1,nM,CHEMBL1673440,-5.5,3.5,CHEMBL240,hERG,False,False,False
CC1OC2(CCN(CCc3ccc(F)cc3)CC2)CN(c2ccccc2)C1=O,7.0,1,nM,CHEMBL4544352,-7.0,2.0,CHEMBL240,hERG,True,True,True
CC1OC2(CCN(CCc3cccc(C#N)c3)CC2)CN(c2ccccc2)C1=O,6.22,1,nM,CHEMBL4463621,-6.22,2.7800000000000002,CHEMBL240,hERG,True,True,True
CC1OC2(CCN(CCc3cccc(F)c3)CC2)CN(c2ccccc2)C1=O,6.22,1,nM,CHEMBL4534193,-6.22,2.7800000000000002,CHEMBL240,hERG,True,True,True
CC1OC2(CCN(CCc3ccccc3)CC2)CN(C(C)C)C1=O,5.41,1,nM,CHEMBL4759184,-5.41,3.59,CHEMBL240,hERG,False,False,False
CC1OC2(CCN(CCc3ccccc3)CC2)CN(CCc2ccccc2)C1=O,6.7,1,nM,CHEMBL4796605,-6.7,2.3,CHEMBL240,hERG,False,False,False
CC1OC2(CCN(CCc3ccccc3)CC2)CN(Cc2ccccc2)C1=O,7.0,1,nM,CHEMBL4748898,-7.0,2.0,CHEMBL240,hERG,False,False,False
CC1OC2(CCN(CCc3ccccc3)CC2)CN(c2ccccc2)C1=O,6.4,2,nM,CHEMBL4541206,-6.4,2.5999999999999996,CHEMBL240,hERG,True,True,True
CC1OC2(CCN(CCc3ccccc3)CC2)CN(c2ccccc2Cl)C1=O,6.0,1,nM,CHEMBL4452042,-6.0,3.0,CHEMBL240,hERG,True,True,True
CC1OC2(CCN(CCc3ccccc3)CC2)CN(c2ccccc2F)C1=O,5.92,1,nM,CHEMBL4584335,-5.92,3.08,CHEMBL240,hERG,True,True,True
CC1OC2(CCN(CCc3ccccc3)CC2)CN(c2cccnc2C(F)(F)F)C1=O,5.42,1,nM,CHEMBL4535897,-5.42,3.58,CHEMBL240,hERG,True,True,True
CC1OC2(CCN(CCc3ccccc3)CC2)CN(c2cncc(C(F)(F)F)c2)C1=O,6.3,1,nM,CHEMBL4593220,-6.3,2.7,CHEMBL240,hERG,True,True,True
CC1OC2(CCN(CCc3ccccc3)CC2)CN(c2cncc(F)c2)C1=O,5.96,1,nM,CHEMBL4470425,-5.96,3.04,CHEMBL240,hERG,True,True,True
CC1OC2(CCN(CCc3ccccc3)CC2)CN(c2cnccc2C(F)(F)F)C1=O,5.48,1,nM,CHEMBL4460762,-5.48,3.5199999999999996,CHEMBL240,hERG,True,True,True
CC1OC2(CCN(CCc3ccccc3)CC2)CN(c2cnccn2)C1=O,7.0,1,nM,CHEMBL4439718,-7.0,2.0,CHEMBL240,hERG,True,True,True
CC1OC2(CCN(CCc3ccccc3)CC2)CN(c2ncccc2C(F)(F)F)C1=O,5.09,1,nM,CHEMBL4448670,-5.09,3.91,CHEMBL240,hERG,True,True,True
CC1OC2(CCN(CCc3ccccc3)CC2)CN(c2ncccc2F)C1=O,5.92,1,nM,CHEMBL4483643,-5.92,3.08,CHEMBL240,hERG,True,True,True
CC1OC2(CCN(CCc3ccccc3F)CC2)CN(c2ccccc2)C1=O,6.1,1,nM,CHEMBL4536259,-6.1,2.9000000000000004,CHEMBL240,hERG,True,True,True
CC1OC2(CCN(CCc3ccccn3)CC2)CN(c2ccccc2)C1=O,5.7,1,nM,CHEMBL4473746,-5.7,3.3,CHEMBL240,hERG,True,True,True
CC1c2ccc(C#N)c(c2)Oc2cccc(c2)CN2CC[C@@H](NCc3cncn31)C2=O,4.890000000000001,2,nM,CHEMBL498042,-4.890000000000001,4.109999999999999,CHEMBL240,hERG,False,False,False
CCC#CC[C@H](C)[C@H](O)/C=C/[C@H]1CC(F)(F)C(=O)N1CCCCCCC(=O)O,4.59,1,nM,CHEMBL3918816,-4.59,4.41,CHEMBL240,hERG,True,True,True
CCC#CC[C@H](C)[C@H](O)/C=C/[C@H]1CCC(=O)N1CCCCCCC(=O)O,4.54,1,nM,CHEMBL4558749,-4.54,4.46,CHEMBL240,hERG,True,True,True
CCC(=O)C(CC(C)N(C)C)(c1ccccc1)c1ccccc1,5.01,1,nM,CHEMBL651,-5.01,3.99,CHEMBL240,hERG,False,False,False
CCC(=O)N(C)CCOc1c(N)ncnc1-c1cc(F)cc(NC(=O)c2ccc(C3CC3)cc2F)c1C,5.54,1,nM,CHEMBL4468719,-5.54,3.46,CHEMBL240,hERG,False,False,False
CCC(=O)N(CC1(C2CCN(Cc3ccccc3)CC2)CCOCC1)c1cccc(C(F)(F)F)n1,5.32,1,nM,CHEMBL5089365,-5.32,3.6799999999999997,CHEMBL240,hERG,False,False,False
CCC(=O)N(CC1(N2CC3CN(Cc4ccccc4)CC3C2)CCOCC1)c1cccc(C(F)(F)F)n1,5.47,1,nM,CHEMBL5074927,-5.47,3.5300000000000002,CHEMBL240,hERG,False,False,False
CCC(=O)N(CC1(N2CCN(CCOCC(C)C)CC2)CCOCC1)c1cccc(C(F)(F)F)n1,5.02,1,nM,CHEMBL5087458,-5.02,3.9800000000000004,CHEMBL240,hERG,False,False,False
CCC(=O)N(CC1(N2CCN(CCOCC(F)(F)F)CC2)CCOCC1)c1cccc(C(F)(F)F)n1,5.06,1,nM,CHEMBL5084395,-5.06,3.9400000000000004,CHEMBL240,hERG,False,False,False
CCC(=O)N(CC1(N2CCN(CCOc3ccccc3)CC2)CCOCC1)c1cccc(C(F)(F)F)n1,5.64,1,nM,CHEMBL5092587,-5.64,3.3600000000000003,CHEMBL240,hERG,False,False,False
CCC(=O)N(CC1(N2CCN(Cc3ccccc3)CC2)CC1)c1cccc(C(F)(F)F)n1,5.46,1,nM,CHEMBL5081133,-5.46,3.54,CHEMBL240,hERG,False,False,False
CCC(=O)N(CC1(N2CCN(Cc3ccccc3)CC2)CC1)c1cccc(F)c1,5.92,1,nM,CHEMBL5094899,-5.92,3.08,CHEMBL240,hERG,False,False,False
CCC(=O)N(CC1(N2CCN(Cc3ccccc3)CC2)CC1)c1ccccc1F,5.58,1,nM,CHEMBL5075502,-5.58,3.42,CHEMBL240,hERG,False,False,False
CCC(=O)N(CC1(N2CCN(Cc3ccccc3)CC2)CCOC(C)(C)C1)c1cccc(C(F)(F)F)n1,5.5,1,nM,CHEMBL5090595,-5.5,3.5,CHEMBL240,hERG,False,False,False
CCC(=O)N(CC1(N2CCN(Cc3ccccc3)CC2)CCOCC1)c1cccc(C(F)(F)F)n1,5.17,1,nM,CHEMBL5084344,-5.17,3.83,CHEMBL240,hERG,False,False,False
CCC(=O)N(CC1(N2CCN(Cc3ccccc3)CC2)CCOCC1)c1ccccc1,5.64,1,nM,CHEMBL5070613,-5.64,3.3600000000000003,CHEMBL240,hERG,False,False,False
CCC(=O)N(CC1(N2CCN(Cc3ccccc3)CC2)CCSCC1)c1cccc(C(F)(F)F)n1,5.44,1,nM,CHEMBL5089000,-5.44,3.5599999999999996,CHEMBL240,hERG,False,False,False
CCC(=O)N(CC1(N2CCN(Cc3ccccc3)CC2)COC1)c1ccccc1,5.54,1,nM,CHEMBL5080086,-5.54,3.46,CHEMBL240,hERG,False,False,False
CCC(=O)N(c1ccccc1)C1CCN(CCc2ccccc2)CC1,5.74,1,nM,CHEMBL596,-5.74,3.26,CHEMBL240,hERG,True,True,True
CCC(=O)N1CCc2c(nc(C)n2[C@H]2C[C@H]3CC[C@@H](C2)N3CC[C@H](NC(C)=O)c2cccc(F)c2)C1,5.3,1,nM,CHEMBL1649930,-5.3,3.7,CHEMBL240,hERG,False,False,False
CCC(=O)NCCc1ccccc1-c1ccc([C@H]2CNCC[C@@H]2c2ccn(C)c(=O)c2)c(Cl)c1,5.55,1,nM,CHEMBL1957791,-5.55,3.45,CHEMBL240,hERG,False,False,False
CCC(=O)O[C@@](Cc1ccccc1)(c1ccccc1)[C@@H](C)CN(C)C,5.56,1,nM,CHEMBL1738990,-5.56,3.4400000000000004,CHEMBL240,hERG,False,False,False
CCC(=O)c1cn(-c2ccc(F)cc2)c2ccc(Cl)cc12,5.71,1,nM,CHEMBL53321,-5.71,3.29,CHEMBL240,hERG,False,False,False
CCC(=S)N1CCC(CN2CC[C@H](NC(=O)c3cc(Cl)c(N)cc3OC)[C@H](OC)C2)CC1,5.54,1,nM,CHEMBL3758397,-5.54,3.46,CHEMBL240,hERG,False,False,False
CCC(C)(C)Cc1c[nH]c(CCc2ccc(-c3ccccn3)cc2)n1,5.92,1,nM,CHEMBL1091720,-5.92,3.08,CHEMBL240,hERG,False,False,False
CCC(C)(C)c1ccc(S(=O)(=O)Nc2ccc([C@]34CNC[C@H]3C4)cc2)cc1,5.9,1,nM,CHEMBL1223602,-5.9,3.0999999999999996,CHEMBL240,hERG,False,False,False
CCC(C)C(C)CN1CCC(CNC(=O)c2cc(Cl)cc(Cl)c2)CC1,6.05,1,nM,CHEMBL522697,-6.05,2.95,CHEMBL240,hERG,False,False,False
CCC(C)c1ccc(OCCOc2ccc(Cl)cc2CNn2cnnc2)cc1,5.85,1,nM,CHEMBL4547348,-5.85,3.1500000000000004,CHEMBL240,hERG,False,False,False
CCC(CC)CNc1c(C(N)=O)c(C)nc2ccc(-c3cccnc3)cc12,6.17,1,nM,CHEMBL4574647,-6.17,2.83,CHEMBL240,hERG,False,False,False
CCC(CC)CNc1c(C(N)=O)cnc2c(C)cc(-c3cccnc3)cc12,6.44,1,nM,CHEMBL4543599,-6.44,2.5599999999999996,CHEMBL240,hERG,False,False,False
CCC(CC)CNc1c(C(N)=O)cnc2ccc(-c3ccc(C)nc3)cc12,5.48,1,nM,CHEMBL4567042,-5.48,3.5199999999999996,CHEMBL240,hERG,False,False,False
CCC(CC)CNc1c(C(N)=O)cnc2ccc(-c3ccc(CO)nc3)cc12,5.51,1,nM,CHEMBL4588822,-5.51,3.49,CHEMBL240,hERG,False,False,False
CCC(CC)CNc1c(C(N)=O)cnc2ccc(-c3ccc(COC)cc3)cc12,4.75,1,nM,CHEMBL4551177,-4.75,4.25,CHEMBL240,hERG,False,False,False
CCC(CC)CNc1c(C(N)=O)cnc2ccc(-c3ccc(COC)nc3)cc12,5.6,1,nM,CHEMBL4560522,-5.6,3.4000000000000004,CHEMBL240,hERG,False,False,False
CCC(CC)CNc1c(C(N)=O)cnc2ccc(-c3ccc(CS(C)(=O)=O)cc3)cc12,5.68,1,nM,CHEMBL4519670,-5.68,3.3200000000000003,CHEMBL240,hERG,False,False,False
CCC(CC)CNc1c(C(N)=O)cnc2ccc(-c3ccc(CS(C)(=O)=O)nc3)cc12,5.72,1,nM,CHEMBL4576302,-5.72,3.2800000000000002,CHEMBL240,hERG,False,False,False
CCC(CC)CNc1c(C(N)=O)cnc2ccc(-c3cccnc3)cc12,6.17,1,nM,CHEMBL4543897,-6.17,2.83,CHEMBL240,hERG,False,False,False
CCC(CC)CNc1c(C(N)=O)cnc2ccc(-c3cccnn3)cc12,5.64,1,nM,CHEMBL4585977,-5.64,3.3600000000000003,CHEMBL240,hERG,False,False,False
CCC(CC)CNc1c(C(N)=O)cnc2ccc(-c3ccncc3)cc12,6.21,1,nM,CHEMBL4569880,-6.21,2.79,CHEMBL240,hERG,False,False,False
CCC(CC)CNc1c(C(N)=O)cnc2ccc(-c3ccnnc3)cc12,5.8,1,nM,CHEMBL4535526,-5.8,3.2,CHEMBL240,hERG,False,False,False
CCC(CC)CNc1c(C(N)=O)cnc2ccc(-c3cncnc3)cc12,6.12,1,nM,CHEMBL4585489,-6.12,2.88,CHEMBL240,hERG,False,False,False
CCC(CC)CNc1c(C(N)=O)cnc2ccc(-c3cnn(C)c3)cc12,5.92,1,nM,CHEMBL4549865,-5.92,3.08,CHEMBL240,hERG,False,False,False
CCC(CC)CNc1c(C(N)=O)cnc2ccc(C#N)cc12,5.64,1,nM,CHEMBL4593348,-5.64,3.3600000000000003,CHEMBL240,hERG,False,False,False
CCC(CC)COc1c(C(N)=O)cnc2ccc(-c3cccnc3)cc12,5.68,1,nM,CHEMBL4576684,-5.68,3.3200000000000003,CHEMBL240,hERG,False,False,False
CCC(CC)N(C(=O)c1cccc(Cl)c1Cl)[C@H]1CCNC1,5.11,1,nM,CHEMBL1080969,-5.11,3.8899999999999997,CHEMBL240,hERG,True,True,True
CCC(CC)NCCCc1cc(-c2cccc(C(F)(F)F)c2)nc(C#N)n1,6.5,1,nM,CHEMBL1084401,-6.5,2.5,CHEMBL240,hERG,True,True,True
CCC(CC)Nc1cc(C(F)(F)F)cc(COCC2(c3ccc(F)cc3)CCN(C)CC2)n1,5.15,1,nM,CHEMBL2333620,-5.15,3.8499999999999996,CHEMBL240,hERG,False,False,False
CCC(CC)c1cn(-c2ccc(F)cc2)c2ccc(Cl)cc12,5.83,1,nM,CHEMBL299390,-5.83,3.17,CHEMBL240,hERG,False,False,False
CCC(CO)NS(=O)(=O)c1ccc(-c2ccc(CCN3CCC[C@H]3C)cc2)cc1,5.29,1,nM,CHEMBL1823052,-5.29,3.71,CHEMBL240,hERG,True,True,True
CCC(NC(=O)C1(N)CCN(c2ncnc3[nH]ccc23)CC1)c1ccc(Cl)cc1,5.19,1,nM,CHEMBL2325982,-5.19,3.8099999999999996,CHEMBL240,hERG,False,False,False
CCC(NC(=O)c1ccc(Cl)cc1)[C@H]1[C@@H]2C[C@@H](n3cnc4c(F)cc(F)cc43)C[C@@H]21,5.72,1,nM,CHEMBL4872039,-5.72,3.2800000000000002,CHEMBL240,hERG,False,False,False
CCC(NC(=O)c1ccc(Cl)cc1)[C@H]1[C@@H]2C[C@@H](n3cnc4c(F)cccc43)C[C@@H]21,6.0,1,nM,CHEMBL4873803,-6.0,3.0,CHEMBL240,hERG,False,False,False
CCC(NC(=O)c1ccc(Cl)cc1)[C@H]1[C@@H]2C[C@@H](n3cnc4cc(C#N)ccc43)C[C@@H]21,6.82,1,nM,CHEMBL4870583,-6.82,2.1799999999999997,CHEMBL240,hERG,False,False,False
CCC(NC(=O)c1ccc(Cl)cc1)[C@H]1[C@@H]2C[C@@H](n3cnc4cc(C#N)cnc43)C[C@@H]21,6.16,1,nM,CHEMBL4879173,-6.16,2.84,CHEMBL240,hERG,False,False,False
CCC(NC(=O)c1ccc(Cl)cc1)[C@H]1[C@@H]2C[C@@H](n3cnc4cc(Cl)c(Cl)cc43)C[C@@H]21,5.02,1,nM,CHEMBL4862584,-5.02,3.9800000000000004,CHEMBL240,hERG,False,False,False
CCC(NC(=O)c1ccc(Cl)cc1)[C@H]1[C@@H]2C[C@@H](n3cnc4cc(F)c(F)cc43)C[C@@H]21,5.3,1,nM,CHEMBL4858219,-5.3,3.7,CHEMBL240,hERG,False,False,False
CCC(NC(=O)c1ccc(Cl)cc1)[C@H]1[C@@H]2C[C@@H](n3cnc4cc(F)cc(F)c43)C[C@@H]21,6.24,1,nM,CHEMBL4852566,-6.24,2.76,CHEMBL240,hERG,False,False,False
CCC(NC(=O)c1ccc(Cl)cc1)[C@H]1[C@@H]2C[C@@H](n3cnc4cc(F)ccc43)C[C@@H]21,6.75,1,nM,CHEMBL4866113,-6.75,2.25,CHEMBL240,hERG,False,False,False
CCC(NC(=O)c1ccc(Cl)cc1)[C@H]1[C@@H]2C[C@@H](n3cnc4cc(F)cnc43)C[C@@H]21,5.68,1,nM,CHEMBL4861936,-5.68,3.3200000000000003,CHEMBL240,hERG,False,False,False
CCC(NC(=O)c1ccc(Cl)cc1)[C@H]1[C@@H]2C[C@@H](n3cnc4ccc(F)c(F)c43)C[C@@H]21,5.27,1,nM,CHEMBL4856417,-5.27,3.7300000000000004,CHEMBL240,hERG,False,False,False
CCC(NC(=O)c1ccc(Cl)cc1)[C@H]1[C@@H]2C[C@@H](n3cnc4ccc(F)cc43)C[C@@H]21,5.27,1,nM,CHEMBL4866976,-5.27,3.7300000000000004,CHEMBL240,hERG,False,False,False
CCC(NC(=O)c1ccc(Cl)cc1)[C@H]1[C@@H]2C[C@@H](n3cnc4cccc(F)c43)C[C@@H]21,5.68,1,nM,CHEMBL4866916,-5.68,3.3200000000000003,CHEMBL240,hERG,False,False,False
CCC(NC(=O)c1ccc(Cl)cc1)[C@H]1[C@@H]2C[C@@H](n3cnc4ccccc43)C[C@@H]21,6.11,1,nM,CHEMBL4878766,-6.11,2.8899999999999997,CHEMBL240,hERG,False,False,False
CCC(NC(=O)c1ccc(Cl)cc1)[C@H]1[C@@H]2C[C@@H](n3cnc4cccnc43)C[C@@H]21,4.96,1,nM,CHEMBL4877654,-4.96,4.04,CHEMBL240,hERG,False,False,False
CCC(NC(=O)c1ccc(Cl)cc1)[C@H]1[C@@H]2C[C@@H](n3cnc4ccncc43)C[C@@H]21,5.92,1,nM,CHEMBL4865106,-5.92,3.08,CHEMBL240,hERG,False,False,False
CCC(NC(=O)c1ccc(Cl)cc1)[C@H]1[C@@H]2C[C@@H](n3cnc4cnccc43)C[C@@H]21,7.23,1,nM,CHEMBL4878988,-7.23,1.7699999999999996,CHEMBL240,hERG,False,False,False
CCC(NC(=O)c1ccc(Cl)cc1)[C@H]1[C@@H]2C[C@@H](n3cnc4ncc(C#N)cc43)C[C@@H]21,5.28,1,nM,CHEMBL4853456,-5.28,3.7199999999999998,CHEMBL240,hERG,False,False,False
CCC(NCCCC[C@@H](C[C@@H](OC)c1ccc(F)cc1)C(=O)NO)c1ccc(F)cc1,5.0,1,nM,CHEMBL2012838,-5.0,4.0,CHEMBL240,hERG,False,False,False
CCC(NCCCC[C@@H](Cc1cc(C)c(F)c(C)c1)C(=O)NO)c1ccc(F)cc1,4.88,1,nM,CHEMBL2010824,-4.88,4.12,CHEMBL240,hERG,False,False,False
CCC(NCCCC[C@@H](Nc1cc(C)c(F)c(C)c1)C(=O)NO)c1ccc(F)cc1,6.02,1,nM,CHEMBL2012836,-6.02,2.9800000000000004,CHEMBL240,hERG,False,False,False
CCC(NCCCC[C@@H](Oc1cc(C)c(F)c(C)c1)C(=O)NO)c1ccc(F)cc1,5.57,1,nM,CHEMBL2012837,-5.57,3.4299999999999997,CHEMBL240,hERG,False,False,False
CCC(O)(CC)c1cn(-c2ccc(F)cc2)c2ccc(Cl)cc12,4.8,2,nM,CHEMBL53871,-4.8,4.2,CHEMBL240,hERG,False,False,False
CCC(O)c1cn(-c2ccc(F)cc2)c2ccc(Cl)cc12,5.66,1,nM,CHEMBL53866,-5.66,3.34,CHEMBL240,hERG,False,False,False
CCC(c1nc2cc(Cl)ccc2[nH]1)[C@H]1[C@@H]2C[C@@H](c3ccnc4ccc(F)cc34)C[C@@H]21,6.0,1,nM,CHEMBL4849690,-6.0,3.0,CHEMBL240,hERG,False,False,False
CCC1(C)CC(=O)N(CCCCN2CCN(c3cccc4sccc34)CC2)C(=O)C1,5.21,1,nM,CHEMBL4286717,-5.21,3.79,CHEMBL240,hERG,False,False,False
CCC1(c2cccc(-c3cncnc3)c2)N=C(N)c2ccccc2O1,5.8,1,nM,CHEMBL2380439,-5.8,3.2,CHEMBL240,hERG,False,False,False
CCC1=C(C)CC(C(=O)NCCc2ccc(S(=O)(=O)NC(=O)NC3CCC(C)CC3)cc2)C1=O,4.13,1,nM,CHEMBL1671908,-4.13,4.87,CHEMBL240,hERG,False,False,False
CCC1COCC[C@@H]1N[C@@H]1CC[C@@](C(=O)N2CCN(c3cc(C(F)(F)F)ccn3)CC2)(C(C)C)C1,5.92,1,nM,CHEMBL1782578,-5.92,3.08,CHEMBL240,hERG,False,False,False
CCC1OC(=O)C(C)C(OC2CC(C)(OC)C(O)C(C)O2)C(C)C(OC2OC(C)CC(N(C)C)C2O)C(C)(O)CC(C)/C(=N/OCOCCOC)C(C)C(O)C1(C)O,4.44,1,nM,CHEMBL1671888,-4.44,4.56,CHEMBL240,hERG,False,False,False
CCC1OC(=O)C(C)C(OC2CC(C)(OC)C(O)C(C)O2)C(C)C(OC2OC(C)CC(N(C)C)C2O)C(C)(O)CC(C)C(=O)C(C)C(O)C1(C)O,4.14,1,nM,CHEMBL1671887,-4.14,4.86,CHEMBL240,hERG,False,False,False
CCC1OC(=O)C(C)C(OC2CC(C)(OC)C(O)C(C)O2)C(C)C(OC2OC(C)CC(N(C)C)C2O)C(C)(OC)CC(C)C(=O)C(C)C(O)C1(C)O,4.48,1,nM,CHEMBL1671904,-4.48,4.52,CHEMBL240,hERG,False,False,False
CCC1OC2(CCN(CCc3ccccc3)CC2)CN(c2ccccc2)C1=O,6.4,1,nM,CHEMBL4515812,-6.4,2.5999999999999996,CHEMBL240,hERG,True,True,True
CCCC#Cc1cc(-c2n[nH]c3c2Cc2cc(CN4CCN(C)CC4)ccc2-3)cs1,5.75,1,nM,CHEMBL223997,-5.75,3.25,CHEMBL240,hERG,False,False,False
CCCC(=O)N1CCc2c(nc(C)n2[C@H]2C[C@H]3CC[C@@H](C2)N3CC[C@H](NC(C)=O)c2cccc(F)c2)C1,5.22,1,nM,CHEMBL1649932,-5.22,3.7800000000000002,CHEMBL240,hERG,False,False,False
CCCC(=O)O[C@@H](C(=O)N1N=CC[C@H]1C(=O)NCc1cc(Cl)ccc1-n1cnnn1)c1ccc(F)cc1,4.82,1,nM,CHEMBL3787339,-4.82,4.18,CHEMBL240,hERG,False,False,False
CCCC(N)C(=O)NCCc1ccc(-c2ccc(Cl)c(Cl)c2)cc1,4.4,1,nM,CHEMBL5082793,-4.4,4.6,CHEMBL240,hERG,False,False,False
CCCC1(C(=O)c2cc(F)c3[nH]ccc3c2)CCCN1,5.23,1,nM,CHEMBL1224165,-5.23,3.7699999999999996,CHEMBL240,hERG,False,False,False
CCCC1(C(=O)c2ccc(Cl)c(Cl)c2)CCCN1,5.51,1,nM,CHEMBL1224024,-5.51,3.49,CHEMBL240,hERG,False,False,False
CCCC1(CC)Cc2c(CN3CCC4(CC3)CCN(C(=O)c3ccc(N)cn3)CC4)cccc2O1,5.43,2,nM,CHEMBL567417,-5.43,3.5700000000000003,CHEMBL240,hERG,False,False,False
CCCC1NC(C)C2C(=O)N=C(c3cc(S(=O)(=O)N4CCN(CC)CC4)ccc3OCC)NN12,4.89,1,nM,CHEMBL1673437,-4.89,4.11,CHEMBL240,hERG,False,False,False
CCCCC(=O)O[C@@H](C(=O)N1N=CC[C@H]1C(=O)NCc1cc(Cl)ccc1-n1cnnn1)c1ccc(F)cc1,4.85,1,nM,CHEMBL3787686,-4.85,4.15,CHEMBL240,hERG,False,False,False
CCCCC(N1CCOCC1)C(O)(c1cccnc1)c1cccnc1,4.44,1,nM,CHEMBL1088803,-4.44,4.56,CHEMBL240,hERG,False,False,False
CCCCC(NC(=O)CC1CCN(Cc2ccn(-c3ccc(C(F)(F)F)cc3)c2)CC1)c1ccc(OC)nc1,6.0,1,nM,CHEMBL549984,-6.0,3.0,CHEMBL240,hERG,False,False,False
CCCCC1(CCCC)N[C@@H](c2nc(-c3ccccc3)c[nH]2)Cc2c1[nH]c1ccccc21,6.82,1,nM,CHEMBL2069499,-6.82,2.1799999999999997,CHEMBL240,hERG,False,False,False
CCCCC1(c2ccc3[nH]ccc3c2)CCNC1,5.36,1,nM,CHEMBL463585,-5.36,3.6399999999999997,CHEMBL240,hERG,False,False,False
CCCCCCC#Cc1cccc(C#CCCCCCC)[n+]1C,5.7,1,nM,CHEMBL2325207,-5.7,3.3,CHEMBL240,hERG,False,False,False
CCCCCCC(N1CCOCC1)C(O)(c1cccnc1)c1cccnc1,4.56,1,nM,CHEMBL1088804,-4.56,4.44,CHEMBL240,hERG,False,False,False
CCCCCCCCC(=O)NCc1ccc(CC(O)CO)c(OC)c1,7.0,1,nM,CHEMBL1671885,-7.0,2.0,CHEMBL240,hERG,False,False,False
CCCCCCCCCCn1c(NC2CCN(CCc3ccc(OC)cc3)CC2)nc2ccccc21,5.68,1,nM,CHEMBL4204991,-5.68,3.3200000000000003,CHEMBL240,hERG,False,False,False
CCCCCCCCc1cccc(CCCCCCCC)[n+]1C,7.82,1,nM,CHEMBL2325208,-7.82,1.1799999999999997,CHEMBL240,hERG,False,False,False
CCCCCCCCn1c(NC2CCN(CCc3ccc(OC)cc3)CC2)nc2ccccc21,5.49,1,nM,CHEMBL4205490,-5.49,3.51,CHEMBL240,hERG,False,False,False
CCCCCCCN(CC)C/C=C/CCc1ccc(Cl)cc1,6.62,1,nM,CHEMBL3093955,-6.62,2.38,CHEMBL240,hERG,False,False,False
CCCCCCCN(CC)C/C=C/Cc1ccc(Cl)cc1,7.31,1,nM,CHEMBL3093986,-7.31,1.6900000000000004,CHEMBL240,hERG,False,False,False
CCCCCCCN(CC)C/C=C/Cc1ccccc1,6.75,1,nM,CHEMBL3093953,-6.75,2.25,CHEMBL240,hERG,False,False,False
CCCCCCCN(CC)C/C=C/c1ccc(Cl)cc1,6.61,1,nM,CHEMBL3093984,-6.61,2.3899999999999997,CHEMBL240,hERG,False,False,False
CCCCCCCN(CC)C/C=C\Cc1ccccc1,5.93,1,nM,CHEMBL3093956,-5.93,3.0700000000000003,CHEMBL240,hERG,False,False,False
CCCCCCCN(CC)CC#CC(c1ccccc1)c1ccccc1,6.62,1,nM,CHEMBL3093972,-6.62,2.38,CHEMBL240,hERG,False,False,False
CCCCCCCN(CC)CC#CCCc1ccc(C)cc1,5.72,1,nM,CHEMBL3093978,-5.72,3.2800000000000002,CHEMBL240,hERG,False,False,False
CCCCCCCN(CC)CC#CCCc1ccc(Cl)cc1,6.7,2,nM,CHEMBL3093976,-6.7,2.3,CHEMBL240,hERG,False,False,False
CCCCCCCN(CC)CC#CCCc1ccccc1,5.36,1,nM,CHEMBL3093974,-5.36,3.6399999999999997,CHEMBL240,hERG,False,False,False
CCCCCCCN(CC)CC#CCOC(c1ccccc1)c1ccccc1,6.01,1,nM,CHEMBL3093987,-6.01,2.99,CHEMBL240,hERG,False,False,False
CCCCCCCN(CC)CC#CCOCc1ccc(Cl)cc1,6.08,1,nM,CHEMBL3093950,-6.08,2.92,CHEMBL240,hERG,False,False,False
CCCCCCCN(CC)CC#CCOc1ccc(Cl)cc1,6.425000000000001,2,nM,CHEMBL3093982,-6.425000000000001,2.5749999999999993,CHEMBL240,hERG,False,False,False
CCCCCCCN(CC)CC#CCc1ccc(C)cc1,5.29,1,nM,CHEMBL3093971,-5.29,3.71,CHEMBL240,hERG,False,False,False
CCCCCCCN(CC)CC#CCc1ccc(Cl)cc1,7.1850000000000005,2,nM,CHEMBL3093969,-7.1850000000000005,1.8149999999999995,CHEMBL240,hERG,False,False,False
CCCCCCCN(CC)CC#CCc1ccccc1,5.45,1,nM,CHEMBL3093967,-5.45,3.55,CHEMBL240,hERG,False,False,False
CCCCCCCN(CC)CC#Cc1ccc(Cl)cc1,5.39,1,nM,CHEMBL3093964,-5.39,3.6100000000000003,CHEMBL240,hERG,False,False,False
CCCCCCCN(CC)CCCC(O)c1ccc(NS(C)(=O)=O)cc1,8.0,5,nM,CHEMBL533,-8.0,1.0,CHEMBL240,hERG,False,False,False
CCCCCCCN(CC)CCCCCc1ccc(Cl)cc1,6.91,1,nM,CHEMBL3093961,-6.91,2.09,CHEMBL240,hERG,False,False,False
CCCCCCCN(CC)CCCCc1ccc(Cl)cc1,7.869999999999999,2,nM,CHEMBL3093959,-7.869999999999999,1.1300000000000008,CHEMBL240,hERG,False,False,False
CCCCCCCN(CC)CCCCc1ccc([N+](=O)[O-])cc1,8.33,2,nM,CHEMBL182977,-8.33,0.6699999999999999,CHEMBL240,hERG,False,False,False
CCCCCCCN(CC)CCCCc1ccccc1,6.3,1,nM,CHEMBL3093958,-6.3,2.7,CHEMBL240,hERG,False,False,False
CCCCCCCN1CCC(C(=O)c2ccccc2)CC1,6.91,1,nM,CHEMBL3093963,-6.91,2.09,CHEMBL240,hERG,False,False,False
CCCCCCCN1CCC(Cc2ccccc2)CC1,7.24,1,nM,CHEMBL3093962,-7.24,1.7599999999999998,CHEMBL240,hERG,False,False,False
CCCCCCC[N+](CC)(CC)C/C=C/Cc1ccc(Cl)cc1,8.82,1,nM,CHEMBL3093957,-8.82,0.17999999999999972,CHEMBL240,hERG,False,False,False
CCCCCCC[N+](CC)(CC)CC#Cc1ccc(Cl)cc1,7.4,1,nM,CHEMBL3093965,-7.4,1.5999999999999996,CHEMBL240,hERG,False,False,False
CCCCCCC[N+](CC)(CC)CCCCc1ccc(Cl)cc1,7.6,4,nM,CHEMBL9484,-7.6,1.4000000000000004,CHEMBL240,hERG,False,False,False
CCCCCCCc1[nH]c2ccc([N+](=O)[O-])cc2c(=O)c1CO,4.89,1,nM,CHEMBL3235396,-4.89,4.11,CHEMBL240,hERG,False,False,False
CCCCCCn1c(NC2CCN(CCc3ccc(OC)cc3)CC2)nc2ccccc21,7.52,1,nM,CHEMBL4217209,-7.52,1.4800000000000004,CHEMBL240,hERG,False,False,False
CCCCCN(CCCCC)Cc1cc(C(=O)O)ccc1NC(=O)c1cc2cc(F)cc(NC)c2[nH]c1=O,4.92,1,nM,CHEMBL4798088,-4.92,4.08,CHEMBL240,hERG,False,False,False
CCCCCOc1cccc(CCNCC(=O)N(C)C)c1,5.75,1,nM,CHEMBL4280095,-5.75,3.25,CHEMBL240,hERG,False,False,False
CCCCC[C@@H](Cc1ccc(C(=O)NCCC(=O)O)cc1)C(=O)c1cc2cc(Cl)ccc2n1-c1cccc(C(F)(F)F)c1,5.43,1,nM,CHEMBL1922933,-5.43,3.5700000000000003,CHEMBL240,hERG,False,False,False
CCCCCc1nn(-c2nc(N)c3c(n2)NC(=O)C3(C)C)c2ccc(Cl)cc12,5.05,1,nM,CHEMBL4740488,-5.05,3.95,CHEMBL240,hERG,False,False,False
CCCCN(CC)C/C=C/CCc1ccc(Cl)cc1,5.73,1,nM,CHEMBL3093954,-5.73,3.2699999999999996,CHEMBL240,hERG,False,False,False
CCCCN(CC)C/C=C/Cc1ccc(Cl)cc1,5.95,1,nM,CHEMBL3093985,-5.95,3.05,CHEMBL240,hERG,False,False,False
CCCCN(CC)C/C=C/c1ccc(Cl)cc1,5.98,1,nM,CHEMBL3093983,-5.98,3.0199999999999996,CHEMBL240,hERG,False,False,False
CCCCN(CC)CC#CC#Cc1ccc(Cl)cc1,5.665,2,nM,CHEMBL3093979,-5.665,3.335,CHEMBL240,hERG,False,False,False
CCCCN(CC)CC#CCCc1ccc(C)cc1,5.25,1,nM,CHEMBL3093977,-5.25,3.75,CHEMBL240,hERG,False,False,False
CCCCN(CC)CC#CCCc1ccc(Cl)cc1,5.22,1,nM,CHEMBL3093975,-5.22,3.7800000000000002,CHEMBL240,hERG,False,False,False
CCCCN(CC)CC#CCOC(c1ccccc1)c1ccccc1,5.32,1,nM,CHEMBL3093949,-5.32,3.6799999999999997,CHEMBL240,hERG,False,False,False
CCCCN(CC)CC#CCOCc1ccc(Cl)cc1,5.13,1,nM,CHEMBL3093951,-5.13,3.87,CHEMBL240,hERG,False,False,False
CCCCN(CC)CC#CCOc1ccc(Cl)cc1,4.84,1,nM,CHEMBL3093981,-4.84,4.16,CHEMBL240,hERG,False,False,False
CCCCN(CC)CC#CCc1ccc(C)cc1,5.46,1,nM,CHEMBL3093970,-5.46,3.54,CHEMBL240,hERG,False,False,False
CCCCN(CC)CC#CCc1ccc(Cl)cc1,5.58,1,nM,CHEMBL3093968,-5.58,3.42,CHEMBL240,hERG,False,False,False
CCCCN(CC)CC#CCc1ccccc1,5.11,1,nM,CHEMBL3093966,-5.11,3.8899999999999997,CHEMBL240,hERG,False,False,False
CCCCN(CC)CCCCCc1ccc(Cl)cc1,5.6,1,nM,CHEMBL3093960,-5.6,3.4000000000000004,CHEMBL240,hERG,False,False,False
CCCCN(CCCC)CC(O)c1cc(Cl)cc2c1-c1ccc(Cl)cc1/C2=C/c1ccc(Cl)cc1,5.09,3,nM,CHEMBL38827,-5.09,3.91,CHEMBL240,hERG,False,False,False
CCCCN(CCCC)CCC(O)c1cc2c(Cl)cc(Cl)cc2c2cc(C(F)(F)F)ccc12,6.705,8,nM,CHEMBL1107,-6.705,2.295,CHEMBL240,hERG,False,False,False
CCCCN(CCc1ccc(Cl)c(Cl)c1)C[C@H](O)COc1ccc(NS(C)(=O)=O)cc1,7.16,1,nM,CHEMBL494504,-7.16,1.8399999999999999,CHEMBL240,hERG,False,False,False
CCCCN(Cc1cncn1Cc1ccc(C#N)cc1)[C@H]1CCN(Cc2ccccc2)C1=O,6.72,1,nM,CHEMBL100415,-6.72,2.2800000000000002,CHEMBL240,hERG,False,False,False
CCCCN1CCC2(CC1)OC(OC)c1c2cnn1-c1ccccc1,9.19,1,nM,CHEMBL259732,-9.19,-0.1899999999999995,CHEMBL240,hERG,False,False,False
CCCCN1CCCCC1C(=O)Nc1c(C)cccc1C,4.5,3,nM,CHEMBL1200396,-4.5,4.5,CHEMBL240,hERG,False,False,False
CCCCN1CCCC[C@@H]1C(=O)Nc1c(C)cccc1C,4.08,1,nM,CHEMBL2447962,-4.08,4.92,CHEMBL240,hERG,False,False,False
CCCCN1CCCC[C@H]1C(=O)Nc1c(C)cccc1C,4.785,4,nM,CHEMBL1201193,-4.785,4.215,CHEMBL240,hERG,False,False,False
CCCCN1CCC[C@@H]1Cn1nc(Cc2ccc(Cl)cc2)c2ccccc2c1=O,7.8,1,nM,CHEMBL2146802,-7.8,1.2000000000000002,CHEMBL240,hERG,False,False,False
CCCCN1CCC[C@@H]1Cn1nc(Cc2ccc(Cl)cc2)c2cccnc2c1=O,7.1,1,nM,CHEMBL2146807,-7.1,1.9000000000000004,CHEMBL240,hERG,False,False,False
CCCCN1CCC[C@@H]1Cn1nc(Cc2ccc(Cl)cc2)c2cnccc2c1=O,7.3,1,nM,CHEMBL2146806,-7.3,1.7000000000000002,CHEMBL240,hERG,False,False,False
CCCCN1CCC[C@@H]1Cn1nc(Cc2ccc(Cl)cc2)c2ncccc2c1=O,8.4,1,nM,CHEMBL2146810,-8.4,0.5999999999999996,CHEMBL240,hERG,False,False,False
CCCCN1CCN(C2(CN(C(=O)CC)c3cccc(C(F)(F)F)n3)CCOCC2)CC1,5.66,1,nM,CHEMBL5083271,-5.66,3.34,CHEMBL240,hERG,False,False,False
CCCCNC(=O)C1c2ccccc2C(=O)N1CC(C)c1ccc(Cl)cc1,4.5,1,nM,CHEMBL3785486,-4.5,4.5,CHEMBL240,hERG,False,False,False
CCCCNc1nc(N)nc2c1CN(C(=O)c1cccs1)CC2,6.05,1,nM,CHEMBL4281089,-6.05,2.95,CHEMBL240,hERG,False,False,False
CCCCNc1nc(N)nc2c1CN(C(=O)c1csc(C)n1)CC2,5.89,1,nM,CHEMBL4285364,-5.89,3.1100000000000003,CHEMBL240,hERG,False,False,False
CCCCNc1nccc2[nH]c3ccccc3c12,5.8,1,nM,CHEMBL497171,-5.8,3.2,CHEMBL240,hERG,True,True,True
CCCCOc1cc(Cl)c(/N=N/c2c(O)ccc3ccccc23)c(OCCCC)c1,6.4,1,nM,CHEMBL4451572,-6.4,2.5999999999999996,CHEMBL240,hERG,False,False,False
CCCCOc1cc(Cl)cc(OCCCC)c1/N=N/c1c(O)ccc2ccccc12,6.4,1,nM,CHEMBL4469841,-6.4,2.5999999999999996,CHEMBL240,hERG,False,False,False
CCCCOc1ccc(C(=O)N[C@@H]2COc3cccc(N4CCN(C)CC4)c3C2)cc1,5.2,1,nM,CHEMBL2069399,-5.2,3.8,CHEMBL240,hERG,False,False,False
CCCCOc1ccc(Cl)c(OCCCC)c1/N=N/c1c(O)ccc2ccccc12,6.42,1,nM,CHEMBL4444525,-6.42,2.58,CHEMBL240,hERG,False,False,False
CCCCOc1ccc(S(=O)(=O)NCCc2c[nH]c3ccccc23)cc1,5.5,1,nM,CHEMBL2440392,-5.5,3.5,CHEMBL240,hERG,False,False,False
CCCCOc1cccc(CCNCC(=O)N(C)C)c1,5.03,1,nM,CHEMBL4286909,-5.03,3.9699999999999998,CHEMBL240,hERG,False,False,False
CCCC[C@@H](CCO)Nc1nc(N)nc2c(F)cccc12,5.35,1,nM,CHEMBL4170320,-5.35,3.6500000000000004,CHEMBL240,hERG,False,False,False
CCCC[C@@H](CCO)Nc1nc(N)nc2c1CN(C(=O)c1cccs1)CC2,5.16,1,nM,CHEMBL4279547,-5.16,3.84,CHEMBL240,hERG,False,False,False
CCCC[C@@H](CCO)Nc1nc(N)nc2cc(C)ccc12,5.75,1,nM,CHEMBL4160103,-5.75,3.25,CHEMBL240,hERG,False,False,False
CCCC[C@@H](CCO)Nc1nc(N)nc2cc(F)ccc12,5.31,1,nM,CHEMBL4163469,-5.31,3.6900000000000004,CHEMBL240,hERG,False,False,False
CCCC[C@@H](CCO)Nc1nc(N)nc2cc(OC)ccc12,5.5,1,nM,CHEMBL4166919,-5.5,3.5,CHEMBL240,hERG,False,False,False
CCCC[C@@H](CCO)Nc1nc(N)nc2ccc(C)cc12,5.27,1,nM,CHEMBL4174506,-5.27,3.7300000000000004,CHEMBL240,hERG,False,False,False
CCCC[C@@H](CCO)Nc1nc(N)nc2ccc(F)cc12,5.24,1,nM,CHEMBL4159383,-5.24,3.76,CHEMBL240,hERG,False,False,False
CCCC[C@@H](CCO)Nc1nc(N)nc2ccc(OC)cc12,5.22,1,nM,CHEMBL4176397,-5.22,3.7800000000000002,CHEMBL240,hERG,False,False,False
CCCC[C@@H](CCO)Nc1nc(N)nc2cccc(C)c12,6.22,1,nM,CHEMBL4162750,-6.22,2.7800000000000002,CHEMBL240,hERG,False,False,False
CCCC[C@@H](CCO)Nc1nc(N)nc2ccccc12,5.57,1,nM,CHEMBL4170169,-5.57,3.4299999999999997,CHEMBL240,hERG,False,False,False
CCCC[C@@H]1C[C@H](N(C)C(C)C)CC[C@@H]1NC(=O)CNC(=O)c1cccc(C(F)(F)F)c1,6.44,1,nM,CHEMBL3577937,-6.44,2.5599999999999996,CHEMBL240,hERG,False,False,False
CCCC[C@H]1CN(CC2CCOCC2)C(=O)OC12CCN(C1(C)CCN(C(=O)c3c(C)ncnc3C)CC1)CC2,4.92,1,nM,CHEMBL1078231,-4.92,4.08,CHEMBL240,hERG,False,False,False
CCCCc1cc(N2CCN(CCc3ccc(OCCCN4CCCCCC4)cc3)CC2)c2nc(CCC(=O)O)ccc2c1,5.6,1,nM,CHEMBL3898341,-5.6,3.4000000000000004,CHEMBL240,hERG,True,True,True
CCCCc1cc(OC2CCN(CCC(C)S(=O)(=O)CC)CC2)c2ncccc2c1,6.79,2,nM,CHEMBL4068414,-6.79,2.21,CHEMBL240,hERG,False,False,False
CCCCc1cc(OC2CCN(CCCCN(C)S(=O)(=O)CC)CC2)c2ncccc2c1,6.6,1,nM,CHEMBL4065123,-6.6,2.4000000000000004,CHEMBL240,hERG,False,False,False
CCCCc1cc(OC2CCN(CCCCNS(=O)(=O)C(C)C)CC2)c2ncccc2c1,6.89,1,nM,CHEMBL4060765,-6.89,2.1100000000000003,CHEMBL240,hERG,False,False,False
CCCCc1cc(OC2CCN(CCCCNS(=O)(=O)C3CCCCC3)CC2)c2ncccc2c1,7.74,1,nM,CHEMBL4088039,-7.74,1.2599999999999998,CHEMBL240,hERG,False,False,False
CCCCc1cc(OC2CCN(CCCCNS(=O)(=O)CC(C)C)CC2)c2ncccc2c1,7.36,1,nM,CHEMBL4082646,-7.36,1.6399999999999997,CHEMBL240,hERG,False,False,False
CCCCc1cc(OC2CCN(CCCCNS(=O)(=O)CC)CC2)c2ncccc2c1,7.11,1,nM,CHEMBL4088036,-7.11,1.8899999999999997,CHEMBL240,hERG,False,False,False
CCCCc1cc(OC2CCN(CCCCNS(=O)(=O)CCC)CC2)c2ncccc2c1,7.06,1,nM,CHEMBL4059750,-7.06,1.9400000000000004,CHEMBL240,hERG,False,False,False
CCCCc1cc(OC2CCN(CCCCNS(C)(=O)=O)CC2)c2ncccc2c1,7.7,1,nM,CHEMBL4098192,-7.7,1.2999999999999998,CHEMBL240,hERG,False,False,False
CCCCc1cc(OC2CCN(CCCCS(=O)(=O)C(C)(C)C)CC2)c2ncccc2c1,6.52,1,nM,CHEMBL4095759,-6.52,2.4800000000000004,CHEMBL240,hERG,False,False,False
CCCCc1cc(OC2CCN(CCCCS(=O)(=O)NCCC)CC2)c2ncccc2c1,7.02,1,nM,CHEMBL4063163,-7.02,1.9800000000000004,CHEMBL240,hERG,False,False,False
CCCCc1cc(OC2CCN(CCCNS(=O)(=O)CC)CC2)c2ncccc2c1,7.2,1,nM,CHEMBL4080166,-7.2,1.7999999999999998,CHEMBL240,hERG,False,False,False
CCCCc1cc(OC2CCN(CCCS(=O)(=O)C(C)(C)C)CC2)c2ncccc2c1,6.33,1,nM,CHEMBL4084325,-6.33,2.67,CHEMBL240,hERG,False,False,False
CCCCc1cc(OC2CCN(CCCS(=O)(=O)C(C)C)CC2)c2ncccc2c1,7.04,1,nM,CHEMBL4102287,-7.04,1.96,CHEMBL240,hERG,False,False,False
CCCCc1cc(OC2CCN(CCCS(=O)(=O)CC)CC2)c2ncccc2c1,7.12,1,nM,CHEMBL4098917,-7.12,1.88,CHEMBL240,hERG,False,False,False
CCCCc1cc(OC2CCN(CCCS(=O)(=O)CCC)CC2)c2ncccc2c1,7.54,1,nM,CHEMBL4080880,-7.54,1.46,CHEMBL240,hERG,False,False,False
CCCCc1cc(OC2CCN(CCCS(=O)(=O)NC(C)(C)C)CC2)c2ncccc2c1,6.55,1,nM,CHEMBL4069073,-6.55,2.45,CHEMBL240,hERG,False,False,False
CCCCc1cc(OC2CCN(CCNS(=O)(=O)CC)CC2)c2ncccc2c1,7.12,1,nM,CHEMBL4079248,-7.12,1.88,CHEMBL240,hERG,False,False,False
CCCCc1cc(OC2CCN(CCS(=O)(=O)CC)CC2)c2ncccc2c1,5.78,1,nM,CHEMBL4085417,-5.78,3.2199999999999998,CHEMBL240,hERG,False,False,False
CCCCc1cc(OC2CCN(CCS(=O)(=O)NC(C)(C)C)CC2)c2ncccc2c1,6.2,1,nM,CHEMBL4090136,-6.2,2.8,CHEMBL240,hERG,False,False,False
CCCCc1ccc(S(=O)(=O)Nc2ccc([C@]34CNC[C@H]3C4)cc2)cc1,5.7,1,nM,CHEMBL1223601,-5.7,3.3,CHEMBL240,hERG,False,False,False
CCCCc1ccc(S(=O)(=O)Nc2ccc3c(c2)CCN(Cc2cc[nH]n2)CC3)cc1,5.6,1,nM,CHEMBL1080046,-5.6,3.4000000000000004,CHEMBL240,hERG,False,False,False
CCCCc1nc(C(C)C)c(CC(=O)OCC)c(=O)n1Cc1ccc(-c2ccccc2-c2noc(=O)[nH]2)cc1,5.09,1,nM,CHEMBL4546437,-5.09,3.91,CHEMBL240,hERG,False,False,False
CCCCc1nc(C(C)C)c(CC(=S)N2CCCC2)c(=O)n1Cc1ccc(-c2ccccc2-c2noc(=O)[nH]2)cc1,5.16,1,nM,CHEMBL4288964,-5.16,3.84,CHEMBL240,hERG,False,False,False
CCCCc1nn(-c2nc(N)c3c(n2)NC(=O)C3(C)C)c2ccc(Cl)cc12,4.91,1,nM,CHEMBL4752891,-4.91,4.09,CHEMBL240,hERG,False,False,False
CCCCc1oc2ccc(NS(C)(=O)=O)cc2c1C(=O)c1ccc(OCCCN(CCCC)CCCC)cc1,6.01,2,nM,CHEMBL184412,-6.01,2.99,CHEMBL240,hERG,False,False,False
CCCCc1oc2ccccc2c1C(=O)c1cc(I)c(OCCN(CC)CC)c(I)c1,5.0,4,nM,CHEMBL633,-5.0,4.0,CHEMBL240,hERG,False,False,False
CCCN(CCC)[C@H](c1ccccn1)[C@@H](c1ccccn1)N(CCC)CCC,5.2,1,nM,CHEMBL4476275,-5.2,3.8,CHEMBL240,hERG,False,False,False
CCCN(CCc1c[nH]c2ccccc12)Cc1ccc(/C=C/C(=O)NO)cc1,5.17,1,nM,CHEMBL1819141,-5.17,3.83,CHEMBL240,hERG,False,False,False
CCCN(CCc1ccc(Cl)c(Cl)c1)C[C@H](O)COc1ccc(NS(C)(=O)=O)cc1,6.89,1,nM,CHEMBL524038,-6.89,2.1100000000000003,CHEMBL240,hERG,False,False,False
CCCN1C(=O)CC2(CCN(CC3CCN(C(=O)OCC)CC3)CC2)c2cccnc21,6.17,1,nM,CHEMBL2407175,-6.17,2.83,CHEMBL240,hERG,False,False,False
CCCN1CC[C@H](NC(=O)c2cc(-c3ccc(F)cc3F)on2)[C@@H](C(=O)NC2(c3ncccn3)CC2)C1,5.36,1,nM,CHEMBL4787160,-5.36,3.6399999999999997,CHEMBL240,hERG,False,False,False
CCCN1CNc2cc(Nc3ccnc4cc(Cl)ccc34)ccc2C1,7.66,1,nM,CHEMBL2181207,-7.66,1.3399999999999999,CHEMBL240,hERG,False,False,False
CCCN1C[C@H](CSC)C[C@@H]2c3cccc4[nH]cc(c34)C[C@H]21,6.92,1,nM,CHEMBL531,-6.92,2.08,CHEMBL240,hERG,False,False,False
CCCNC(=O)C1(c2ccc(NC(=O)c3cccc(Cl)c3)cc2)CCC1,4.22,1,nM,CHEMBL4636709,-4.22,4.78,CHEMBL240,hERG,False,False,False
CCCNC(=O)N1CCN(c2cnc3cc(C(F)(F)F)cc(NCc4cccc([N+](=O)[O-])c4)c3c2)CC1,5.89,1,nM,CHEMBL3221108,-5.89,3.1100000000000003,CHEMBL240,hERG,False,False,False
CCCNCC(O)COc1ccc(O)cc1C(=O)CCc1ccccc1,4.4,1,nM,CHEMBL1264,-4.4,4.6,CHEMBL240,hERG,False,False,False
CCCNCC(O)COc1ccccc1C(=O)CCc1ccccc1,5.82,2,nM,CHEMBL631,-5.82,3.1799999999999997,CHEMBL240,hERG,False,False,False
CCCNCc1ccc(CCn2ccc(OCc3ccc(F)cc3)cc2=O)cc1,5.38,1,nM,CHEMBL570296,-5.38,3.62,CHEMBL240,hERG,False,False,False
CCCNCc1ccc(CCn2ccc(OCc3ccc(F)cc3)cc2=O)nc1,5.29,1,nM,CHEMBL565833,-5.29,3.71,CHEMBL240,hERG,False,False,False
CCCNS(=O)(=O)c1cc(C(=O)N2CCC(CCN3C4CCC3CC(n3c(C)nc5ccccc53)C4)(c3cccc(F)c3)CC2)c(Cl)cc1F,5.05,1,nM,CHEMBL1784520,-5.05,3.95,CHEMBL240,hERG,False,False,False
CCCNS(=O)(=O)c1ccc(-c2ccc(CCN3CCC[C@H]3C)cc2)cc1,5.85,1,nM,CHEMBL1823051,-5.85,3.1500000000000004,CHEMBL240,hERG,True,True,True
CCCNc1cc(N2CCOCC2)cc(CCc2nc(C)c(CC)o2)n1,6.32,1,nM,CHEMBL559593,-6.32,2.6799999999999997,CHEMBL240,hERG,False,False,False
CCCOC(c1ccc(Cl)c(Cl)c1)C1CNC1,5.66,1,nM,CHEMBL2171415,-5.66,3.34,CHEMBL240,hERG,False,False,False
CCCOC(c1ccc2ccccc2c1)C1CNC1,6.01,1,nM,CHEMBL2171416,-6.01,2.99,CHEMBL240,hERG,False,False,False
CCCOCCN1CCN(C2(CN(C(=O)CC)c3cccc(C(F)(F)F)n3)CCOCC2)CC1,5.47,1,nM,CHEMBL5080761,-5.47,3.5300000000000002,CHEMBL240,hERG,False,False,False
CCCOCCn1c(=O)c(N2CCN(CC)CC2)nc2cnc(-c3ccc(OC)nc3)cc21,6.5,1,nM,CHEMBL590280,-6.5,2.5,CHEMBL240,hERG,False,False,False
CCCOCCn1c(=O)c(N2CCN(CCO)CC2)nc2cnc(-c3ccc(OC)nc3)cc21,5.75,1,nM,CHEMBL591501,-5.75,3.25,CHEMBL240,hERG,False,False,False
CCCOCCn1c(=O)c(N2CCN(C[C@@H](C)O)CC2)nc2cnc(-c3ccc(OC)nc3)cc21,6.64,1,nM,CHEMBL590036,-6.64,2.3600000000000003,CHEMBL240,hERG,False,False,False
CCCOCCn1c(=O)c(N2CCN([C@@H](C)[C@@H](C)O)CC2)nc2cnc(-c3ccc(OC)nc3)cc21,7.27,1,nM,CHEMBL589069,-7.27,1.7300000000000004,CHEMBL240,hERG,False,False,False
CCCOCCn1c(=O)c(N2CCNCC2)nc2cnc(-c3ccc(OC)nc3)cc21,6.17,1,nM,CHEMBL591477,-6.17,2.83,CHEMBL240,hERG,False,False,False
CCCOCCn1c(=O)c(NCCNCCO)nc2cnc(-c3ccc(OC)nc3)cc21,5.35,1,nM,CHEMBL567252,-5.35,3.6500000000000004,CHEMBL240,hERG,False,False,False
CCCOc1cc([C@](O)(CCN(C)C)[C@@H](c2cc3cc(Br)ccc3nc2OC)c2ccnc(OC)c2OC)cc(OC)n1,5.11,1,nM,CHEMBL4645301,-5.11,3.8899999999999997,CHEMBL240,hERG,False,False,False
CCCOc1cccc(-n2cc3nc(-c4cccnc4C)n(C[C@H]4CCCN(C[C@H]5CCCO5)C4)c(=O)c3n2)c1,5.14,1,nM,CHEMBL3218913,-5.14,3.8600000000000003,CHEMBL240,hERG,False,False,False
CCCOc1ccccc1CC(c1ccccc1)N1CCNCC1,5.23,1,nM,CHEMBL213754,-5.23,3.7699999999999996,CHEMBL240,hERG,True,True,True
CCCOc1sc(C(=O)N2CCC(c3cccc(CN)c3)CC2)c(C)c1Br,6.0,1,nM,CHEMBL1951453,-6.0,3.0,CHEMBL240,hERG,False,False,False
CCCS(=O)(=O)NC1CN(c2ccc3c(c2)[C@@H](Cc2ccccc2)[C@@H](N2CCC2)CC3)C1,5.17,1,nM,CHEMBL4174959,-5.17,3.83,CHEMBL240,hERG,True,True,True
CCCS(=O)(=O)N[C@@H]1CCN(c2ccc3c(c2)[C@@H](Cc2ccccc2)[C@@H](N2CCC2)CC3)C1=O,5.35,1,nM,CHEMBL4159833,-5.35,3.6500000000000004,CHEMBL240,hERG,False,False,False
CCCS(=O)(=O)n1c2c(c3cc(C(=O)N4CCC(C)CC4)ccc31)CN(C1CCOC1)CC2,4.89,1,nM,CHEMBL1950487,-4.89,4.11,CHEMBL240,hERG,True,True,True
CCCS(=O)(=O)n1c2c(c3cc(C(=O)N4CCC(C)CC4)ccc31)CN(C1CCOCC1)CC2,5.7,1,nM,CHEMBL1950346,-5.7,3.3,CHEMBL240,hERG,True,True,True
CCC[C@@H](CCO)Nc1nc(N)nc2c1CN(C(=O)c1cccs1)CC2,5.12,1,nM,CHEMBL4290212,-5.12,3.88,CHEMBL240,hERG,False,False,False
CCC[C@@H](CCO)Nc1nc(N)nc2c1CN(C(=O)c1csc(C)n1)CC2,4.66,1,nM,CHEMBL4276988,-4.66,4.34,CHEMBL240,hERG,False,False,False
CCC[C@@H](CCO)Nc1nc(N)nc2cc(C)ccc12,5.09,1,nM,CHEMBL4168533,-5.09,3.91,CHEMBL240,hERG,False,False,False
CCC[C@@H](CCO)Nc1nc(N)nc2cc(F)ccc12,5.04,1,nM,CHEMBL4168028,-5.04,3.96,CHEMBL240,hERG,False,False,False
CCC[C@@H](CCO)Nc1nc(N)nc2ccc(C)cc12,5.14,1,nM,CHEMBL4176810,-5.14,3.8600000000000003,CHEMBL240,hERG,False,False,False
CCC[C@@H](CCO)Nc1nc(N)nc2ccc(F)cc12,5.03,1,nM,CHEMBL4166593,-5.03,3.9699999999999998,CHEMBL240,hERG,False,False,False
CCC[C@@H](CCO)Nc1nc(N)nc2cccc(C)c12,5.26,1,nM,CHEMBL4175502,-5.26,3.74,CHEMBL240,hERG,False,False,False
CCC[C@@H](CCO)Nc1nc(N)nc2cccc(F)c12,5.05,1,nM,CHEMBL4173454,-5.05,3.95,CHEMBL240,hERG,False,False,False
CCC[C@@H](CCO)Nc1nc(N)nc2ccccc12,5.17,1,nM,CHEMBL4162255,-5.17,3.83,CHEMBL240,hERG,False,False,False
CCC[C@@H]1C[C@H](N(C)C(C)C)CC[C@@H]1N1CC[C@H](NC(=O)c2cc(C(F)(F)F)ccc2NC(=O)NCC)C1=O,4.85,1,nM,CHEMBL3577942,-4.85,4.15,CHEMBL240,hERG,False,False,False
CCC[C@@H]1C[C@H](N(C)C(C)C)CC[C@@H]1N1CC[C@H](Nc2ncnc3ccc(C(F)(F)F)cc23)C1=O,5.75,1,nM,CHEMBL3577945,-5.75,3.25,CHEMBL240,hERG,False,False,False
CCC[C@@H]1C[C@H](N(C)C(C)C)CC[C@@H]1NC(=O)CNC(=O)c1cccc(C(F)(F)F)c1,4.5,1,nM,CHEMBL3577935,-4.5,4.5,CHEMBL240,hERG,False,False,False
CCC[C@@H]1NC(c2cc(C#N)ccn2)=NC1(c1ccc(F)cc1)c1ccc(F)cc1,6.31,1,nM,CHEMBL490949,-6.31,2.6900000000000004,CHEMBL240,hERG,True,True,True
CCC[C@@H]1c2nnc(-c3nc(C)ns3)n2CCN1C(=O)c1ccc(F)cc1,4.21,1,nM,CHEMBL4110242,-4.21,4.79,CHEMBL240,hERG,False,False,False
CCC[S+]([O-])CCCN(CC)CC(O)COc1ccc(C#N)cc1,7.45,2,nM,CHEMBL362103,-7.45,1.5499999999999998,CHEMBL240,hERG,False,False,False
CCCc1cccc(Nc2cc(N[C@@H]3CCCC[C@@H]3N)nnc2C(N)=O)n1,5.2,1,nM,CHEMBL3237557,-5.2,3.8,CHEMBL240,hERG,False,False,False
CCCc1cn(-c2ccc(F)cc2)c2ccc(Cl)cc12,4.58,1,nM,CHEMBL52348,-4.58,4.42,CHEMBL240,hERG,False,False,False
CCCc1nc(Nc2cc(NCCN)nnc2C(N)=O)ccc1OC,5.0,1,nM,CHEMBL3237579,-5.0,4.0,CHEMBL240,hERG,False,False,False
CCCc1nc(Nc2cc(N[C@@H]3CCCC[C@@H]3N)nnc2C(N)=O)ccc1OC,5.4,1,nM,CHEMBL3237574,-5.4,3.5999999999999996,CHEMBL240,hERG,False,False,False
CCCc1nc2cc3c(cc2o1)CCN(CCCSc1nnc(-c2cccc4nc(C)ccc24)n1C)CC3,6.2,1,nM,CHEMBL402826,-6.2,2.8,CHEMBL240,hERG,False,False,False
CCCc1nc2ccccc2c(=O)n1-c1ccc(OCCCN2CCCC2)cc1,5.55,2,nM,CHEMBL515004,-5.55,3.45,CHEMBL240,hERG,True,True,True
CCCc1nn(-c2nc(N)c3c(n2)NC(=O)C3(C)C)c2ccc(Cl)cc12,5.02,1,nM,CHEMBL4778917,-5.02,3.9800000000000004,CHEMBL240,hERG,False,False,False
CCCc1nn(C)c2c(=O)[nH]c(-c3cc(S(=O)(=O)N4CCN(C)CC4)ccc3OCC)nc12,5.48,7,nM,CHEMBL192,-5.48,3.5199999999999996,CHEMBL240,hERG,False,False,False
CCCn1c(-c2ccc(OCCCN3CCCCC3)cc2)nc2ccccc2c1=O,5.75,2,nM,CHEMBL487230,-5.75,3.25,CHEMBL240,hERG,True,True,True
CCCn1c(-c2ccccc2)cc(C(=O)N(C)CCCN2CCN(c3cccc(C)c3C)CC2)c1C,6.16,1,nM,CHEMBL1214176,-6.16,2.84,CHEMBL240,hERG,False,False,False
CCCn1c(-c2ccccc2)cc(C(=O)NCCCN2CCN(c3cccc(Cl)c3Cl)CC2)c1C,6.27,1,nM,CHEMBL1086756,-6.27,2.7300000000000004,CHEMBL240,hERG,False,False,False
CCCn1c(-c2ccccn2)cc(C(=O)NCCCN2CCN(c3cccc(Cl)c3Cl)CC2)c1C,6.0,1,nM,CHEMBL3216702,-6.0,3.0,CHEMBL240,hERG,False,False,False
CCN(C(=O)Cc1ccc(OC)cc1)[C@H]1C[C@H]2CC[C@@H](C1)N2CC[C@H](NC(=O)C1CCC1)c1ccccc1,6.61,1,nM,CHEMBL456019,-6.61,2.3899999999999997,CHEMBL240,hERG,False,False,False
CCN(C(=O)Cc1ccc(S(C)(=O)=O)cc1)C1CCN(CCC(c2ccccc2)N2CCN(S(C)(=O)=O)CC2)CC1,4.6,1,nM,CHEMBL1951896,-4.6,4.4,CHEMBL240,hERG,False,False,False
CCN(C(=O)Cc1ccc(S(C)(=O)=O)cc1)C1CCN(CCC(c2ccccc2)N2CCN(c3cccc(F)c3)CC2)CC1,5.5,1,nM,CHEMBL1951894,-5.5,3.5,CHEMBL240,hERG,False,False,False
CCN(C(=O)Cc1ccc(S(C)(=O)=O)cc1)C1CCN(CCC(c2ccccc2)N2CCN(c3ccccc3)CC2)CC1,4.89,1,nM,CHEMBL1951893,-4.89,4.11,CHEMBL240,hERG,False,False,False
CCN(C(=O)Cc1ccc(S(C)(=O)=O)cc1)C1CCN(CC[C@@H](c2cc(C)cc(C)c2)C2CCN(S(C)(=O)=O)CC2)CC1,5.4,1,nM,CHEMBL1951916,-5.4,3.5999999999999996,CHEMBL240,hERG,False,False,False
CCN(C(=O)Cc1ccc(S(C)(=O)=O)cc1)C1CCN(CC[C@@H](c2cc(Cl)cc(Cl)c2)C2CCN(S(C)(=O)=O)CC2)CC1,5.19,1,nM,CHEMBL1952100,-5.19,3.8099999999999996,CHEMBL240,hERG,False,False,False
CCN(C(=O)Cc1ccc(S(C)(=O)=O)cc1)C1CCN(CC[C@@H](c2cc(F)cc(Cl)c2)C2CCN(S(C)(=O)=O)CC2)CC1,4.85,1,nM,CHEMBL1951915,-4.85,4.15,CHEMBL240,hERG,False,False,False
CCN(C(=O)Cc1ccc(S(C)(=O)=O)cc1)C1CCN(CC[C@@H](c2cc(F)cc(F)c2)C2CCN(S(C)(=O)=O)CC2)CC1,4.79,2,nM,CHEMBL1951914,-4.79,4.21,CHEMBL240,hERG,False,False,False
CCN(C(=O)Cc1ccc(S(C)(=O)=O)cc1)C1CCN(CC[C@@H](c2cccc(C(F)(F)F)c2)C2CCN(S(C)(=O)=O)CC2)CC1,5.1,1,nM,CHEMBL1951918,-5.1,3.9000000000000004,CHEMBL240,hERG,False,False,False
CCN(C(=O)Cc1ccc(S(C)(=O)=O)cc1)C1CCN(CC[C@@H](c2cccc(Cl)c2)C2CCN(S(C)(=O)=O)CC2)CC1,5.1,1,nM,CHEMBL1951917,-5.1,3.9000000000000004,CHEMBL240,hERG,False,False,False
CCN(C(=O)Cc1ccc(S(C)(=O)=O)cc1)C1CCN(CC[C@@H](c2cccc(F)c2)C2CCN(S(C)(=O)=O)CC2)CC1,4.46,1,nM,CHEMBL1951912,-4.46,4.54,CHEMBL240,hERG,False,False,False
CCN(C(=O)Cc1ccc(S(C)(=O)=O)cc1)C1CCN(CC[C@@H](c2cccc(OC)c2)C2CCN(S(C)(=O)=O)CC2)CC1,4.5,1,nM,CHEMBL1951911,-4.5,4.5,CHEMBL240,hERG,False,False,False
CCN(C(=O)Cc1ccc(S(C)(=O)=O)cc1)C1CCN(CC[C@@H](c2ccccc2)C2CCN(S(=O)(=O)C(F)(F)F)CC2)CC1,5.92,1,nM,CHEMBL1951908,-5.92,3.08,CHEMBL240,hERG,False,False,False
CCN(C(=O)Cc1ccc(S(C)(=O)=O)cc1)C1CCN(CC[C@@H](c2ccccc2)C2CCN(S(C)(=O)=O)CC2)CC1,4.6,1,nM,CHEMBL1951906,-4.6,4.4,CHEMBL240,hERG,False,False,False
CCN(C(=O)Cc1ccc(S(C)(=O)=O)cc1)C1CCN(CC[C@@H](c2ccccc2)N2CCN(S(=O)(=O)C(F)(F)F)CC2)CC1,5.5,1,nM,CHEMBL1951898,-5.5,3.5,CHEMBL240,hERG,False,False,False
CCN(C(=O)Cc1ccc(S(C)(=O)=O)cc1)C1CCN(CC[C@@H](c2ccccc2)N2CCN(S(=O)(=O)CC(F)(F)F)CC2)CC1,5.24,1,nM,CHEMBL1951899,-5.24,3.76,CHEMBL240,hERG,False,False,False
CCN(C(=O)Cc1ccc(S(C)(=O)=O)cc1)C1CCN(CC[C@H](c2ccc(S(C)(=O)=O)cc2)c2cc(F)cc(F)c2)CC1,5.43,2,nM,CHEMBL212689,-5.43,3.5700000000000003,CHEMBL240,hERG,False,False,False
CCN(C(=O)Cc1ccc(S(C)(=O)=O)cc1)C1CCN(Cc2ccc(C(F)(F)F)cc2)CC1,5.6,1,nM,CHEMBL2010830,-5.6,3.4000000000000004,CHEMBL240,hERG,False,False,False
CCN(C(=O)c1ccccc1Oc1ccccc1)[C@H]1CCNC1,5.3,1,nM,CHEMBL563117,-5.3,3.7,CHEMBL240,hERG,True,True,True
CCN(C)C(=O)c1ccc(C(=C2CCN(Cc3ccc(F)cc3)CC2)c2ccccc2NC(C)=O)cc1,4.92,1,nM,CHEMBL1946019,-4.92,4.08,CHEMBL240,hERG,False,False,False
CCN(C)C(=O)c1ccc([C@H](c2cccc(NC(=O)C3CC3)c2)N2CCN(CCCOC)CC2)cc1,4.89,1,nM,CHEMBL1939744,-4.89,4.11,CHEMBL240,hERG,False,False,False
CCN(C)C(=O)c1ccc([C@H](c2cccc(NC(=O)C3CC3)c2)N2CCN(Cc3nc(C)cs3)CC2)cc1,4.75,1,nM,CHEMBL1939742,-4.75,4.25,CHEMBL240,hERG,False,False,False
CCN(C)C(=O)c1ccc([C@H](c2cccc(NC(=O)C3CCC3)c2)N2CCN(Cc3cccnc3)CC2)cc1,4.55,1,nM,CHEMBL1939741,-4.55,4.45,CHEMBL240,hERG,False,False,False
CCN(C)C(=O)c1ccc([C@H](c2cccc(NC(=O)OC)c2)N2CCN(Cc3cscn3)CC2)cc1,4.77,1,nM,CHEMBL1939751,-4.77,4.23,CHEMBL240,hERG,False,False,False
CCN(C)C(=O)c1ccc([C@H](c2cccnc2)N2CCN(Cc3ccccn3)CC2)cc1,4.89,1,nM,CHEMBL1939753,-4.89,4.11,CHEMBL240,hERG,False,False,False
CCN(C)C(=O)c1ccc([C@H](c2cccnc2)N2CCN(Cc3cscn3)CC2)cc1,4.82,1,nM,CHEMBL1938410,-4.82,4.18,CHEMBL240,hERG,False,False,False
CCN(C)c1cc(C(F)(F)F)cc(COCC2(c3ccc(F)cc3)CCN(C)CC2)n1,5.21,1,nM,CHEMBL2333621,-5.21,3.79,CHEMBL240,hERG,False,False,False
CCN(CC)C(=O)C1CCCN(C(=O)CC2CCN(Cc3ccn(-c4ccc(C(F)(F)F)cc4)c3)CC2)C1,4.8,1,nM,CHEMBL561463,-4.8,4.2,CHEMBL240,hERG,False,False,False
CCN(CC)C(=O)c1cc(C2=CC3(CCNCC3)Oc3ccccc32)cs1,5.46,1,nM,CHEMBL562898,-5.46,3.54,CHEMBL240,hERG,False,False,False
CCN(CC)C(=O)c1ccc(C(=C2CCN(Cc3ccc(F)cc3)CC2)c2ccc(NC(=O)OC)cc2)cc1,6.05,1,nM,CHEMBL1946024,-6.05,2.95,CHEMBL240,hERG,False,False,False
CCN(CC)C(=O)c1ccc(C(=C2CCN(Cc3ccc(F)cc3)CC2)c2ccc(NC(C)=O)cc2)cc1,5.89,1,nM,CHEMBL1946021,-5.89,3.1100000000000003,CHEMBL240,hERG,False,False,False
CCN(CC)C(=O)c1ccc(C(=C2CCN(Cc3ccc(F)cc3)CC2)c2cccc(NC(=O)OC)c2)cc1,5.96,1,nM,CHEMBL1946023,-5.96,3.04,CHEMBL240,hERG,False,False,False
CCN(CC)C(=O)c1ccc(C(=C2CCN(Cc3ccc(F)cc3)CC2)c2cccc(NC(C)=O)c2)cc1,5.52,1,nM,CHEMBL1946020,-5.52,3.4800000000000004,CHEMBL240,hERG,False,False,False
CCN(CC)C(=O)c1ccc(C(=C2CCN(Cc3ccc(F)cc3)CC2)c2ccccc2NC(=O)OC)cc1,5.33,1,nM,CHEMBL1946022,-5.33,3.67,CHEMBL240,hERG,False,False,False
CCN(CC)C(=O)c1ccc(C(=C2CCN(Cc3ccc(F)cc3)CC2)c2ccccn2)cc1,5.41,1,nM,CHEMBL1946016,-5.41,3.59,CHEMBL240,hERG,False,False,False
CCN(CC)C(=O)c1ccc(C(=C2CCN(Cc3ccc(F)cc3)CC2)c2cccnc2)cc1,5.89,1,nM,CHEMBL1946017,-5.89,3.1100000000000003,CHEMBL240,hERG,False,False,False
CCN(CC)C(=O)c1ccc(C(=C2CCN(Cc3cscn3)CC2)c2ccccn2)cc1,4.8,1,nM,CHEMBL1946620,-4.8,4.2,CHEMBL240,hERG,False,False,False
CCN(CC)C(=O)c1ccc(C(=C2CCNCC2)c2cccc(F)c2)cc1,5.52,1,nM,CHEMBL339457,-5.52,3.4800000000000004,CHEMBL240,hERG,False,False,False
CCN(CC)C(=O)c1ccc(C(=C2CCNCC2)c2ccccn2)cc1,4.48,1,nM,CHEMBL1946619,-4.48,4.52,CHEMBL240,hERG,False,False,False
CCN(CC)C(=O)c1ccc(C2=CC3(CCCNC3)Oc3ccccc32)cc1,4.9,1,nM,CHEMBL563700,-4.9,4.1,CHEMBL240,hERG,False,False,False
CCN(CC)C(=O)c1ccc(C2=CC3(CCCNCC3)Oc3ccccc32)cc1,4.93,1,nM,CHEMBL563893,-4.93,4.07,CHEMBL240,hERG,False,False,False
CCN(CC)C(=O)c1ccc(C2=CC3(CCN(C(C)=O)CC3)Oc3ccccc32)cc1,4.32,1,nM,CHEMBL494274,-4.32,4.68,CHEMBL240,hERG,False,False,False
CCN(CC)C(=O)c1ccc(C2=CC3(CCN(C)CC3)Oc3ccccc32)cc1,6.12,1,nM,CHEMBL494275,-6.12,2.88,CHEMBL240,hERG,False,False,False
CCN(CC)C(=O)c1ccc(C2=CC3(CCNC3)Oc3ccccc32)cc1,5.19,1,nM,CHEMBL556439,-5.19,3.8099999999999996,CHEMBL240,hERG,False,False,False
CCN(CC)C(=O)c1ccc(C2=CC3(CCNCC3)Oc3c(O)cccc32)cc1,4.74,1,nM,CHEMBL523507,-4.74,4.26,CHEMBL240,hERG,False,False,False
CCN(CC)C(=O)c1ccc(C2=CC3(CCNCC3)Oc3cc(O)ccc32)cc1,4.22,1,nM,CHEMBL495094,-4.22,4.78,CHEMBL240,hERG,False,False,False
CCN(CC)C(=O)c1ccc(C2=CC3(CCNCC3)Oc3ccc(O)cc32)cc1,4.7,1,nM,CHEMBL494479,-4.7,4.3,CHEMBL240,hERG,False,False,False
CCN(CC)C(=O)c1ccc(C2=CC3(CCNCC3)Oc3cccc(O)c32)cc1,4.11,1,nM,CHEMBL494480,-4.11,4.89,CHEMBL240,hERG,False,False,False
CCN(CC)C(=O)c1ccc(C2=CC3(CCNCC3)Oc3ccccc32)c(C)c1,5.37,1,nM,CHEMBL562478,-5.37,3.63,CHEMBL240,hERG,True,True,True
CCN(CC)C(=O)c1ccc(C2=CC3(CCNCC3)Oc3ccccc32)c(F)c1,6.38,1,nM,CHEMBL559414,-6.38,2.62,CHEMBL240,hERG,True,True,True
CCN(CC)C(=O)c1ccc(C2=CC3(CCNCC3)Oc3ccccc32)c(O)c1,4.25,1,nM,CHEMBL561339,-4.25,4.75,CHEMBL240,hERG,True,True,True
CCN(CC)C(=O)c1ccc(C2=CC3(CCNCC3)Oc3ccccc32)cc1,5.1,2,nM,CHEMBL494462,-5.1,3.9000000000000004,CHEMBL240,hERG,True,True,True
CCN(CC)C(=O)c1ccc(C2=CC3(CCNCC3)Oc3ccccc32)cc1C,5.35,1,nM,CHEMBL557257,-5.35,3.6500000000000004,CHEMBL240,hERG,True,True,True
CCN(CC)C(=O)c1ccc(C2=CC3(CCNCC3)Oc3ccccc32)cc1F,5.42,1,nM,CHEMBL562873,-5.42,3.58,CHEMBL240,hERG,True,True,True
CCN(CC)C(=O)c1ccc(C2=CC3(CCNCC3)Oc3ccccc32)cc1O,4.68,1,nM,CHEMBL557458,-4.68,4.32,CHEMBL240,hERG,True,True,True
CCN(CC)C(=O)c1ccc(C2=CC3(CCNCC3)Oc3ccccc32)cn1,4.36,1,nM,CHEMBL557054,-4.36,4.64,CHEMBL240,hERG,False,False,False
CCN(CC)C(=O)c1ccc(C2=CC3(CCNCC3)Oc3ccccc32)nc1,4.14,1,nM,CHEMBL561138,-4.14,4.86,CHEMBL240,hERG,False,False,False
CCN(CC)C(=O)c1ccc(C2=CC3(CCNCC3)Oc3ccccc32)o1,5.29,1,nM,CHEMBL550669,-5.29,3.71,CHEMBL240,hERG,False,False,False
CCN(CC)C(=O)c1ccc(C2=CC3(CCNCC3)Oc3ccccc32)s1,5.9,1,nM,CHEMBL550472,-5.9,3.0999999999999996,CHEMBL240,hERG,False,False,False
CCN(CC)C(=O)c1ccc(C2CC3(CCNCC3)Oc3ccccc32)cc1,5.29,1,nM,CHEMBL557121,-5.29,3.71,CHEMBL240,hERG,False,False,False
CCN(CC)C(=O)c1ccc([C@@H]2CC3(CCNCC3)Oc3ccccc32)cc1,4.73,1,nM,CHEMBL550471,-4.73,4.27,CHEMBL240,hERG,False,False,False
CCN(CC)C(=O)c1ccc([C@H](c2cccc(NC(=O)C3CC3)c2)N2CCN(Cc3ccc(F)cc3)CC2)cc1,4.96,1,nM,CHEMBL1939737,-4.96,4.04,CHEMBL240,hERG,False,False,False
CCN(CC)C(=O)c1ccc([C@H](c2cccc(NC(=O)C3CC3)c2)N2CCN(Cc3ccccn3)CC2)cc1,4.7,1,nM,CHEMBL1939740,-4.7,4.3,CHEMBL240,hERG,False,False,False
CCN(CC)C(=O)c1ccc([C@H](c2cccc(NC(=O)OC)c2)N2CCN(Cc3cccnc3)CC2)cc1,4.96,1,nM,CHEMBL1939735,-4.96,4.04,CHEMBL240,hERG,False,False,False
CCN(CC)C(=O)c1ccc([C@H](c2cccc(NC(=O)OC)c2)N2CCN(Cc3cncs3)CC2)cc1,4.85,1,nM,CHEMBL1939736,-4.85,4.15,CHEMBL240,hERG,False,False,False
CCN(CC)C(=O)c1ccc([C@H]2CC3(CCNCC3)Oc3ccccc32)cc1,5.59,1,nM,CHEMBL556648,-5.59,3.41,CHEMBL240,hERG,False,False,False
CCN(CC)C(=O)c1cccc(C2=CC3(CCNCC3)Oc3ccccc32)c1,6.52,1,nM,CHEMBL523204,-6.52,2.4800000000000004,CHEMBL240,hERG,False,False,False
CCN(CC)C(=O)c1ccccc1C1=CC2(CCNCC2)Oc2ccccc21,5.19,1,nM,CHEMBL493454,-5.19,3.8099999999999996,CHEMBL240,hERG,False,False,False
CCN(CC)C1(CNC(=O)N2CCC(c3nc(-c4ccc5ccccc5n4)no3)CC2)CCCC1,5.03,1,nM,CHEMBL1822443,-5.03,3.9699999999999998,CHEMBL240,hERG,False,False,False
CCN(CC)CC#CCOC(=O)[C@](O)(c1ccccc1)C1CCCCC1,4.92,1,nM,CHEMBL185434,-4.92,4.08,CHEMBL240,hERG,False,False,False
CCN(CC)CC(=O)N[C@@H]1CC[C@@H](C(=O)NC(c2ccc(F)cc2)c2ccc(F)cc2)[C@H](c2ccc(Br)cc2)C1,6.11,1,nM,CHEMBL3086028,-6.11,2.8899999999999997,CHEMBL240,hERG,False,False,False
CCN(CC)CCCC(C)Nc1ccnc2cc(Cl)ccc12,5.6,4,nM,CHEMBL76,-5.6,3.4000000000000004,CHEMBL240,hERG,True,True,True
CCN(CC)CCCCNc1nnc(-c2ccc(NC(=O)c3ccccc3F)cc2)o1,4.7,1,nM,CHEMBL2022732,-4.7,4.3,CHEMBL240,hERG,False,False,False
CCN(CC)CCCNc1nnc(-c2ccc(NC(=O)c3ccccc3F)cc2)o1,4.9,1,nM,CHEMBL2022935,-4.9,4.1,CHEMBL240,hERG,False,False,False
CCN(CC)CCN(C)c1ccc(-n2ccc(OCc3ccccc3)cc2=O)cc1,8.77,1,nM,CHEMBL1642493,-8.77,0.23000000000000043,CHEMBL240,hERG,False,False,False
CCN(CC)CCN1CCN(c2cccc(Cl)c2)C1=O,5.5,2,nM,CHEMBL563635,-5.5,3.5,CHEMBL240,hERG,True,True,True
CCN(CC)CCNC(=O)c1c(C)[nH]c(/C=C2\C(=O)Nc3ccc(F)cc32)c1C,6.3,2,nM,CHEMBL535,-6.3,2.7,CHEMBL240,hERG,False,False,False
CCN(CC)CCNC(=O)c1ccc(NC(C)=O)cc1,4.0,1,nM,CHEMBL1097,-4.0,5.0,CHEMBL240,hERG,False,False,False
CCN(CC)CCNC(=O)c1cccn2c(=O)c3ccc4ccccc4c3nc12,5.42,1,nM,CHEMBL5074659,-5.42,3.58,CHEMBL240,hERG,False,False,False
CCN(CC)CCNC(=O)c1ccnc(-c2cnn3ccc(-c4cccs4)nc23)c1,5.93,1,nM,CHEMBL4205708,-5.93,3.0700000000000003,CHEMBL240,hERG,False,False,False
CCN(CC)CCNc1ccc(-n2ccc(OCc3ccccc3)cc2=O)cc1,8.15,1,nM,CHEMBL1642492,-8.15,0.8499999999999996,CHEMBL240,hERG,False,False,False
CCN(CC)CCOC(=O)C1(C2CCCCC2)CCCCC1,4.69,1,nM,CHEMBL1123,-4.69,4.31,CHEMBL240,hERG,False,False,False
CCN(CC)CCOCCC1=CCC2CC1C2(C)C,5.23,1,nM,CHEMBL1630579,-5.23,3.7699999999999996,CHEMBL240,hERG,False,False,False
CCN(CC)CCOc1cc(-c2nc(SC)nc3[nH]cc(C#N)c23)c(Cl)cc1Cl,5.77,1,nM,CHEMBL2158626,-5.77,3.2300000000000004,CHEMBL240,hERG,True,True,True
CCN(CC)CCOc1cc(-c2nc(SCC(=O)NC)nc3[nH]cc(C#N)c23)c(Cl)cc1Cl,5.125,2,nM,CHEMBL2158563,-5.125,3.875,CHEMBL240,hERG,True,True,True
CCN(CC)CCOc1ccc(-n2ccc(OCc3ccccc3)cc2=O)cc1,8.01,1,nM,CHEMBL1642485,-8.01,0.9900000000000002,CHEMBL240,hERG,False,False,False
CCN(CC)CCOc1ccc(/C(=C(\Cl)c2ccccc2)c2ccccc2)cc1,6.74,1,nM,CHEMBL167779,-6.74,2.26,CHEMBL240,hERG,True,True,True
CCN(CC)CCSc1nc(-c2cc(OC)c(C#N)cc2Cl)c2c(C#N)c[nH]c2n1,5.97,1,nM,CHEMBL2158564,-5.97,3.0300000000000002,CHEMBL240,hERG,False,False,False
CCN(CC)CCSc1nc(-c2cc(OC)c(Cl)cc2Cl)c2c(C#N)c[nH]c2n1,5.85,1,nM,CHEMBL2158629,-5.85,3.1500000000000004,CHEMBL240,hERG,False,False,False
CCN(CC)Cc1cc(-c2ccc3ncc(-c4ccc([S+](C)[O-])cc4)n3n2)ccc1F,6.23,1,nM,CHEMBL4483664,-6.23,2.7699999999999996,CHEMBL240,hERG,False,False,False
CCN(CC)Cc1cc(/C=N/N=C(\N)CC(O)c2cc3c(F)cc(F)cc3c3cc(C(F)(F)F)ccc23)ccc1O,6.41,1,nM,CHEMBL4105332,-6.41,2.59,CHEMBL240,hERG,False,False,False
CCN(CC)Cc1cc(Nc2ccc3ncc(-c4ccc([S+](C)[O-])cc4)n3n2)ccc1O,5.11,1,nM,CHEMBL4582849,-5.11,3.8899999999999997,CHEMBL240,hERG,False,False,False
CCN(CC)Cc1cc(Nc2ccnc3cc(Cl)ccc23)ccc1O,5.62,1,nM,CHEMBL1630,-5.62,3.38,CHEMBL240,hERG,False,False,False
CCN(CC)Cc1ccc(-c2ccc3ncc(-c4ccc(S(C)(=O)=O)cc4)n3n2)cc1F,5.28,1,nM,CHEMBL4442584,-5.28,3.7199999999999998,CHEMBL240,hERG,False,False,False
CCN(CC)Cc1ccc(Nc2ccnc3cc(Cl)ccc23)cc1O,5.41,1,nM,CHEMBL147587,-5.41,3.59,CHEMBL240,hERG,False,False,False
CCN(CC)Cc1ccc2c(c1)CC[C@H](N1CCN(CCC3CCCCC3)CC1=O)C2,5.48,1,nM,CHEMBL384000,-5.48,3.5199999999999996,CHEMBL240,hERG,False,False,False
CCN(CC)Cc1ccc2c(c1)CC[C@H](N1CCN(CCC3CCCS3)CC1=O)C2,4.88,1,nM,CHEMBL215526,-4.88,4.12,CHEMBL240,hERG,False,False,False
CCN(CC)Cc1ccc2c(c1)CC[C@H](N1CCN(CCc3ccc(Cl)cc3)CC1=O)C2,5.48,2,nM,CHEMBL384400,-5.48,3.5199999999999996,CHEMBL240,hERG,True,True,True
CCN(CC)Cc1ccc2c(c1)CC[C@H](N1CCN(CCc3ccc(F)cc3)CC1=O)C2,5.09,2,nM,CHEMBL214629,-5.09,3.91,CHEMBL240,hERG,True,True,True
CCN(CC)Cc1ccc2c(c1)CC[C@H](N1CCN(CCc3cccc(C(F)(F)F)c3)CC1=O)C2,5.77,2,nM,CHEMBL214323,-5.77,3.2300000000000004,CHEMBL240,hERG,True,True,True
CCN(CC)[C@@H](C(=O)N1CCC[C@H]1c1ncc(-c2ccc(-c3ccc(-c4cnc([C@@H]5CCCN5C(=O)[C@H](C)NC(=O)OC)[nH]4)cc3)cc2)[nH]1)c1ccccc1,5.04,1,nM,CHEMBL3121151,-5.04,3.96,CHEMBL240,hERG,False,False,False
CCN(CC)[C@@H](C)CNC(=O)c1cc(-c2cnn3ccc(-c4cccs4)nc23)nc(N2CC(OC)C2)c1,5.38,1,nM,CHEMBL4215300,-5.38,3.62,CHEMBL240,hERG,False,False,False
CCN(CC)[C@@H](C)CNC(=O)c1ccnc(-c2cnn3ccc(-c4cccs4)nc23)c1,6.14,1,nM,CHEMBL4217261,-6.14,2.8600000000000003,CHEMBL240,hERG,False,False,False
CCN(CC)c1cc(C(F)(F)F)cc(COCC2(c3ccc(F)cc3)CCN(C)CC2)n1,4.85,1,nM,CHEMBL2333618,-4.85,4.15,CHEMBL240,hERG,False,False,False
CCN(CC)c1ccc(CNC(=O)[C@@H]2CNC[C@H]2c2ccc(C(F)(F)F)cc2)cc1,5.32,1,nM,CHEMBL4515188,-5.32,3.6799999999999997,CHEMBL240,hERG,False,False,False
CCN(CC)c1ccc2cc(C(=O)NCCCCN3CCC(Nc4nc5ccccc5n4Cc4ccc(F)cc4)CC3)c(=O)oc2c1,6.36,1,nM,CHEMBL3804918,-6.36,2.6399999999999997,CHEMBL240,hERG,False,False,False
CCN(CCO)C(=O)c1cc2cccnn2c1-c1cccc(C(F)(F)F)c1,4.63,1,nM,CHEMBL2164565,-4.63,4.37,CHEMBL240,hERG,False,False,False
CCN(CCc1c[nH]c2ccccc12)Cc1ccc(/C=C/C(=O)NO)cc1,5.23,1,nM,CHEMBL1819137,-5.23,3.7699999999999996,CHEMBL240,hERG,False,False,False
CCN(CCc1ccc(Cl)c(Cl)c1)C[C@H](O)COc1ccc(NS(C)(=O)=O)cc1,6.77,1,nM,CHEMBL492620,-6.77,2.2300000000000004,CHEMBL240,hERG,False,False,False
CCN(c1ncc(C(N)=O)c2sc(-c3ccccc3)cc12)[C@H]1CCCNC1,5.62,1,nM,CHEMBL4079391,-5.62,3.38,CHEMBL240,hERG,False,False,False
CCN/C(=N\S(=O)(=O)c1cccc(Cl)c1)N1CC2(C=N1)CCNCC2,5.1,1,nM,CHEMBL1834350,-5.1,3.9000000000000004,CHEMBL240,hERG,True,True,True
CCN1C(=O)c2nc(Cc3ccccc3)n(Cc3ccccc3)c2N2CC3(CCc4ccccc43)N=C12,5.64,1,nM,CHEMBL1778033,-5.64,3.3600000000000003,CHEMBL240,hERG,False,False,False
CCN1CC2(CCN(CCc3ccc(F)cc3)CC2)O[C@H](C)C1=O,5.82,1,nM,CHEMBL4788650,-5.82,3.1799999999999997,CHEMBL240,hERG,False,False,False
CCN1CC2(CCN(CCc3ccc(F)cc3F)CC2)O[C@H](C)C1=O,5.6,1,nM,CHEMBL4777859,-5.6,3.4000000000000004,CHEMBL240,hERG,False,False,False
CCN1CC2(CCN(CCc3cccc(F)c3)CC2)O[C@H](C)C1=O,5.18,1,nM,CHEMBL4754130,-5.18,3.8200000000000003,CHEMBL240,hERG,False,False,False
CCN1CC2(CCN(CCc3ccccc3)CC2)OC(C)C1=O,5.51,1,nM,CHEMBL4755446,-5.51,3.49,CHEMBL240,hERG,False,False,False
CCN1CC2(CCN(CCc3ccccc3)CC2)O[C@H](C)C1=O,5.33,1,nM,CHEMBL4741494,-5.33,3.67,CHEMBL240,hERG,False,False,False
CCN1CC2(CCN(CCc3ccccc3F)CC2)O[C@H](C)C1=O,5.4,1,nM,CHEMBL4776924,-5.4,3.5999999999999996,CHEMBL240,hERG,False,False,False
CCN1CCC(N(C(=O)NCc2ccc(F)cc2)c2ccc(Cl)cc2)CC1,5.18,2,nM,CHEMBL1092105,-5.18,3.8200000000000003,CHEMBL240,hERG,True,True,True
CCN1CCC(N(C(=O)NCc2ccc(F)cc2)c2ccc(Cl)cn2)CC1,5.04,2,nM,CHEMBL1092106,-5.04,3.96,CHEMBL240,hERG,True,True,True
CCN1CCC(Nc2ccc3c(c2)C(=C(c2ccc(Cl)cc2)c2ncc[nH]2)C(=O)N3)CC1,5.47,1,nM,CHEMBL2086760,-5.47,3.5300000000000002,CHEMBL240,hERG,False,False,False
CCN1CCC2(C=C(c3ccc(C(=O)N(CC)CC)cc3)c3ccccc3O2)CC1,5.74,1,nM,CHEMBL494472,-5.74,3.26,CHEMBL240,hERG,False,False,False
CCN1CCCC(CN2CCN(C(=O)Nc3ccc(Cl)c(Cl)c3)CC2)C1,5.37,1,nM,CHEMBL2036750,-5.37,3.63,CHEMBL240,hERG,False,False,False
CCN1CCCC1CNC(=O)c1ccc(Cn2c(Cc3c(Cl)cccc3Cl)nc3ccccc32)cc1,5.8,1,nM,CHEMBL3922790,-5.8,3.2,CHEMBL240,hERG,False,False,False
CCN1CCC[C@@H](C(=O)N2CCN(C(=O)Nc3ccc(Cl)c(Cl)c3)CC2)C1,5.3,1,nM,CHEMBL2036778,-5.3,3.7,CHEMBL240,hERG,False,False,False
CCN1CCC[C@@H](CN2CCN(C(=O)Nc3ccc(Cl)c(Cl)c3)CC2)C1,5.68,1,nM,CHEMBL2036751,-5.68,3.3200000000000003,CHEMBL240,hERG,False,False,False
CCN1CCN(Cc2ccc(Nc3ncc(F)c(-c4cc(F)c5nc(C)n(C(C)C)c5c4)n3)nc2)CC1,4.96,1,nM,CHEMBL3301610,-4.96,4.04,CHEMBL240,hERG,False,False,False
CCN1CCN(Cc2ccc(Nc3ncc(F)c(-c4cc(F)c5nc6n(c5c4)C(C)(C)CC6)n3)nc2)CC1,5.2,1,nM,CHEMBL4208172,-5.2,3.8,CHEMBL240,hERG,False,False,False
CCN1CCN(Cc2cnc(-c3ccc(C(=O)Nc4ccccc4N)cc3)c(Cl)c2)CC1,5.08,1,nM,CHEMBL402542,-5.08,3.92,CHEMBL240,hERG,False,False,False
CCN1CCN(c2cc3[nH]c(C(=O)C4(C)CCC(=O)CC4)nc3cc2Cl)CC1,5.07,1,nM,CHEMBL466307,-5.07,3.9299999999999997,CHEMBL240,hERG,False,False,False
CCN1CCN(c2cc3[nH]c(C(=O)[C@]4(C)CC[C@@H](NC(=O)OC)CC4)nc3cc2C)CC1,5.52,1,nM,CHEMBL466112,-5.52,3.4800000000000004,CHEMBL240,hERG,False,False,False
CCN1CCN(c2cc3[nH]c(C(=O)[C@]4(C)CC[C@@H](NC(=O)OC)CC4)nc3cc2Cl)CC1,5.31,1,nM,CHEMBL466702,-5.31,3.6900000000000004,CHEMBL240,hERG,False,False,False
CCN1CCN(c2cc3[nH]c(C(=O)[C@]4(C)CC[C@@](C)(O)CC4)nc3cc2Cl)CC1,4.7,1,nM,CHEMBL466308,-4.7,4.3,CHEMBL240,hERG,False,False,False
CCN1CCN(c2cc3[nH]c(C(=O)[C@]4(C)CC[C@](C)(O)CC4)nc3cc2Cl)CC1,5.51,1,nM,CHEMBL511742,-5.51,3.49,CHEMBL240,hERG,False,False,False
CCN1CCN(c2cc3[nH]c(C(=O)[C@]4(CC)CC[C@@](C)(O)CC4)nc3cc2Cl)CC1,4.96,1,nM,CHEMBL467533,-4.96,4.04,CHEMBL240,hERG,False,False,False
CCN1CCN(c2cc3[nH]c(SC(C)(C)C)nc3cc2Cl)[C@H](C)C1,6.0,1,nM,CHEMBL468504,-6.0,3.0,CHEMBL240,hERG,False,False,False
CCN1CCN(c2cc3[nH]c(SC4(C)CCC(NC(=O)OC)C4)nc3cc2Cl)CC1,5.7,1,nM,CHEMBL467473,-5.7,3.3,CHEMBL240,hERG,False,False,False
CCN1CCN(c2cc3[nH]c(S[C@]4(C)CC[C@@H](NC(=O)OC)CC4)nc3cc2Cl)CC1,5.46,1,nM,CHEMBL468302,-5.46,3.54,CHEMBL240,hERG,False,False,False
CCN1CCN(c2cc3[nH]c(S[C@]4(C)CC[C@@H](c5nc(C)no5)CC4)nc3cc2Cl)CC1,6.42,1,nM,CHEMBL466252,-6.42,2.58,CHEMBL240,hERG,False,False,False
CCN1CCN(c2cc3[nH]c(S[C@]4(C)CC[C@@H](c5nnco5)CC4)nc3cc2Cl)CC1,5.47,1,nM,CHEMBL467279,-5.47,3.5300000000000002,CHEMBL240,hERG,False,False,False
CCN1CCN(c2cc3[nH]c(S[C@]4(C)CC[C@@H](c5nnn(C)n5)CC4)nc3cc2Cl)CC1,5.36,1,nM,CHEMBL466448,-5.36,3.6399999999999997,CHEMBL240,hERG,False,False,False
CCN1CCN(c2cc3[nH]c(S[C@]4(C)CC[C@@H](c5nnnn5C)CC4)nc3cc2Cl)CC1,5.2,1,nM,CHEMBL511205,-5.2,3.8,CHEMBL240,hERG,False,False,False
CCN1CCN(c2cc3[nH]c(S[C@]4(C)CC[C@H](NC(=O)OC)CC4)nc3cc2Cl)CC1,5.82,1,nM,CHEMBL468301,-5.82,3.1799999999999997,CHEMBL240,hERG,False,False,False
CCN1CCN(c2ccc(/C(=C(/CCCO)c3ccccc3)c3ccc(C)cc3)cc2)CC1,4.77,1,nM,CHEMBL4580171,-4.77,4.23,CHEMBL240,hERG,False,False,False
CCN1CCN(c2ccc(Nc3ncc4scc(-c5cccc(NS(C)(=O)=O)c5)c4n3)cc2)CC1,5.57,1,nM,CHEMBL4846921,-5.57,3.4299999999999997,CHEMBL240,hERG,False,False,False
CCN1CCNC(CN2CCN(C(=O)Nc3ccc(Cl)c(Cl)c3)CC2)C1,5.05,1,nM,CHEMBL2036776,-5.05,3.95,CHEMBL240,hERG,False,False,False
CCN1CCN[C@@H](C(=O)N2CCN(C(=O)Nc3ccc(Cl)c(Cl)c3)CC2)C1,5.0,1,nM,CHEMBL2036780,-5.0,4.0,CHEMBL240,hERG,False,False,False
CCN1CCOC(C(=O)N2CCN(C(=O)Nc3ccc(Cl)c(Cl)c3)CC2)C1,5.3,1,nM,CHEMBL2036779,-5.3,3.7,CHEMBL240,hERG,False,False,False
CCN1CCO[C@@H](CN2CCN(C(=O)Nc3ccc(Cl)c(Cl)c3)CC2)C1,5.1,1,nM,CHEMBL2036773,-5.1,3.9000000000000004,CHEMBL240,hERG,False,False,False
CCN1CCc2c(sc(NC(=O)Nc3ccc(Cl)cc3)c2C(N)=O)C1,5.49,1,nM,CHEMBL4062161,-5.49,3.51,CHEMBL240,hERG,False,False,False
CCN1CCc2cc(C3=CC4(CCNCC4)Oc4ccccc43)ccc2C1=O,4.87,1,nM,CHEMBL551615,-4.87,4.13,CHEMBL240,hERG,False,False,False
CCN1CCc2cc3nc(N)sc3cc2CC1,4.54,1,nM,CHEMBL2326489,-4.54,4.46,CHEMBL240,hERG,True,True,True
CCN1C[C@@H](N(Cc2cc(F)ccc2Cl)c2ccc(C#N)c(Cl)c2)CC1=O,5.51,1,nM,CHEMBL552023,-5.51,3.49,CHEMBL240,hERG,False,False,False
CCN1C[C@@H]2CCCC[C@]2(c2ccc(Cl)c(Cl)c2)C1,5.36,1,nM,CHEMBL1813317,-5.36,3.6399999999999997,CHEMBL240,hERG,False,False,False
CCN1C[C@@H]2C[C@@H](NC3CCOCC3OC)C[C@]2(C(=O)N2CCc3ncc(C(F)(F)F)cc3C2)C1,4.37,1,nM,CHEMBL3115114,-4.37,4.63,CHEMBL240,hERG,False,False,False
CCN1C[C@@H]2[C@H](C1)[C@H]2CN(Cc1cccc(OC(F)(F)F)c1)C(=O)c1cn(C)cn1,5.66,1,nM,CHEMBL564919,-5.66,3.34,CHEMBL240,hERG,False,False,False
CCN1C[C@H](NS(=O)(=O)C(C)C)[C@@H](c2ccc(-c3ccc(C#N)cc3)cc2)C1,6.4,1,nM,CHEMBL1290275,-6.4,2.5999999999999996,CHEMBL240,hERG,False,False,False
CCN1C[C@H](NS(=O)(=O)C(C)C)[C@@H](c2ccc(-c3cccc(NS(C)(=O)=O)c3)cc2)C1,5.6,1,nM,CHEMBL1290058,-5.6,3.4000000000000004,CHEMBL240,hERG,False,False,False
CCN1C[C@H]2CCCC[C@@]2(c2ccc(Cl)c(Cl)c2)C1,5.33,1,nM,CHEMBL1813316,-5.33,3.67,CHEMBL240,hERG,False,False,False
CCN1C[C@H]2C[C@@H](N(Cc3ccc(F)c(C(F)(F)F)c3)C(=O)c3cn(C)cn3)C[C@H]2C1,5.81,1,nM,CHEMBL599480,-5.81,3.1900000000000004,CHEMBL240,hERG,True,True,True
CCN1C[C@H]2C[C@@]2(c2ccc(NS(=O)(=O)c3ccc(C(C)C)cc3)cc2)C1,5.9,1,nM,CHEMBL1224697,-5.9,3.0999999999999996,CHEMBL240,hERG,False,False,False
CCNC(=O)N1CC2(CCN(CC3CCN(C(=O)OCC)CC3)CC2)c2cccnc21,6.64,1,nM,CHEMBL3310798,-6.64,2.3600000000000003,CHEMBL240,hERG,False,False,False
CCNC(=O)N1CCN(c2cnc3cc(C(F)(F)F)cc(NCc4cccc([N+](=O)[O-])c4)c3c2)CC1,6.68,1,nM,CHEMBL3221107,-6.68,2.3200000000000003,CHEMBL240,hERG,False,False,False
CCNC(=O)Nc1ccc(-c2nc(N3CCOC[C@@H]3C)c3c(n2)C(C)(C)S(=O)(=O)C3)cc1,4.32,1,nM,CHEMBL4577549,-4.32,4.68,CHEMBL240,hERG,False,False,False
CCNC(=O)Nc1ccc(-c2nc3c(c(N4CCOC[C@@H]4C)n2)CCN(C(C)C)C3)cc1,5.07,1,nM,CHEMBL2331678,-5.07,3.9299999999999997,CHEMBL240,hERG,True,True,True
CCNC(=O)Nc1cccc(CNc2cc(C(F)(F)F)cc3ncc(N4CCN(C)CC4)cc23)c1,4.09,1,nM,CHEMBL3221123,-4.09,4.91,CHEMBL240,hERG,False,False,False
CCNC(=O)[C@H]1CC(=O)[C@@]2(C)CC[C@@H]3c4ccc(OCCCN5CCC[C@H]5C)cc4CC[C@H]3[C@H]12,4.76,1,nM,CHEMBL4457100,-4.76,4.24,CHEMBL240,hERG,True,True,True
CCNC(=O)[C@H]1CC[C@@]2(C)CC[C@@H]3c4ccc(OCCCN5CCC[C@H]5C)cc4CC[C@H]3[C@H]12,5.39,1,nM,CHEMBL4466132,-5.39,3.6100000000000003,CHEMBL240,hERG,True,True,True
CCNC(=O)[C@H]1C[C@H](OC)[C@@]2(C)CC[C@@H]3c4ccc(OCCCN5CCC[C@H]5C)cc4CC[C@H]3[C@H]12,4.94,1,nM,CHEMBL4447048,-4.94,4.06,CHEMBL240,hERG,False,False,False
CCNC(=O)c1cc(Cc2cccc3[nH]ccc23)nc(-c2cn(C)nn2)c1,4.5,1,nM,CHEMBL4856853,-4.5,4.5,CHEMBL240,hERG,False,False,False
CCNC(=O)c1ccc(-c2ccc3c(c2)CCN(CCN2CCCC2)C3=O)cc1,4.8,1,nM,CHEMBL2031869,-4.8,4.2,CHEMBL240,hERG,True,True,True
CCNC(=O)c1ccc(-c2ccc3c(c2)CCN(CCN2CCC[C@H]2C)C3=O)cc1,5.13,1,nM,CHEMBL2031884,-5.13,3.87,CHEMBL240,hERG,True,True,True
CCNC(=O)c1ccc(C2=CC3(CCNCC3)Oc3ccccc32)cc1,4.92,1,nM,CHEMBL551412,-4.92,4.08,CHEMBL240,hERG,True,True,True
CCNC(=O)c1cnc(N)c(O[C@H]2CN(C(=O)Cc3ccc(OC(F)(F)F)cc3)CC2(F)F)c1,4.37,1,nM,CHEMBL4216371,-4.37,4.63,CHEMBL240,hERG,False,False,False
CCNC(=O)c1n[nH]c2cc(-c3ccc(-n4cccc(C)c4=O)cc3Cl)ccc12,4.8,1,nM,CHEMBL4748552,-4.8,4.2,CHEMBL240,hERG,False,False,False
CCNC1(CNC(=O)N2CCC(c3nc(-c4ccc5ccccc5n4)no3)CC2)CCCC1,4.62,1,nM,CHEMBL1822446,-4.62,4.38,CHEMBL240,hERG,False,False,False
CCNCc1cc(C(=O)N[C@@H]2CCc3ccc(Oc4ccnc5c4CCC(=O)N5)cc3C2)cc(C(F)(F)F)c1,5.25,1,nM,CHEMBL3765509,-5.25,3.75,CHEMBL240,hERG,False,False,False
CCNCc1cc(Nc2ccnc3cc(Cl)ccc23)ccc1O,5.02,1,nM,CHEMBL1235,-5.02,3.9800000000000004,CHEMBL240,hERG,False,False,False
CCNS(=O)(=O)c1cc(C(=O)N2CCC(CCN3C4CCC3CC(n3c(C)nc5ccccc53)C4)(c3cccc(F)c3)CC2)c(Cl)cc1F,4.52,1,nM,CHEMBL1784516,-4.52,4.48,CHEMBL240,hERG,False,False,False
CCNS(=O)(=O)c1ccc(-c2ccc(CCN3CCC[C@H]3C)cc2)cc1,5.47,1,nM,CHEMBL569832,-5.47,3.5300000000000002,CHEMBL240,hERG,True,True,True
CCN[C@@H]1CCC=C(c2ccc(F)cc2)[C@H]1COc1cc(F)c(S(=O)(=O)Nc2cscn2)cc1Cl,5.36,1,nM,CHEMBL4203948,-5.36,3.6399999999999997,CHEMBL240,hERG,False,False,False
CCN[C@H]1CCC[C@@H](c2c[nH]c3ccc(NC(=N)c4cccs4)cc23)C1,4.79,1,nM,CHEMBL2036275,-4.79,4.21,CHEMBL240,hERG,False,False,False
CCN[C@H]1CCN(CC(=O)Nc2cc(-n3nc(C)cc3C)nc(-c3ccc(C)o3)n2)C1,6.38,1,nM,CHEMBL409229,-6.38,2.62,CHEMBL240,hERG,True,True,True
CCN[C@H]1CC[C@@H](c2c[nH]c3ccc(NC(=N)c4cccs4)cc32)CC1,4.64,1,nM,CHEMBL2036270,-4.64,4.36,CHEMBL240,hERG,False,False,False
CCNc1cc(C(F)(F)F)cc(COCC2(c3ccc(F)cc3)CCN(C)CC2)n1,4.1,1,nM,CHEMBL2333619,-4.1,4.9,CHEMBL240,hERG,False,False,False
CCNc1cc(N2CCOCC2)cc(CCc2nc(C)c(CC)o2)n1,6.4,1,nM,CHEMBL564513,-6.4,2.5999999999999996,CHEMBL240,hERG,False,False,False
CCNc1nc2c(c(C(N)=O)n1)CN(C(=O)CCc1ccc(OC(F)(F)F)cc1)CC2,5.34,1,nM,CHEMBL2331648,-5.34,3.66,CHEMBL240,hERG,False,False,False
CCO/N=C(/c1ccc(CN2CCC3(CC2)OCc2cc(F)ncc23)cc1)c1ccc(F)c(F)c1,6.85,1,nM,CHEMBL568571,-6.85,2.1500000000000004,CHEMBL240,hERG,False,False,False
CCO/N=C(/c1ccc(F)c(F)c1)c1ccc(CN2CCC3(CC2)OCc2cc(F)ncc23)cn1,5.75,1,nM,CHEMBL582792,-5.75,3.25,CHEMBL240,hERG,False,False,False
CCO/N=C(/c1ccc(F)c(F)c1)c1ccc(CN2CCC3(CC2)OCc2cn(C)c(=O)cc23)cn1,5.43,1,nM,CHEMBL585664,-5.43,3.5700000000000003,CHEMBL240,hERG,False,False,False
CCO/N=C/c1ccc(OCCC(C)CCN2CCN(c3ccnc(N)c3)C2=O)cc1,6.1,1,nM,CHEMBL4210399,-6.1,2.9000000000000004,CHEMBL240,hERG,False,False,False
CCO/N=C/c1ccc(OCCCCCN2CCN(c3ccnc(N)c3)S2(=O)=O)cc1,5.05,1,nM,CHEMBL4215737,-5.05,3.95,CHEMBL240,hERG,False,False,False
CCO/N=C1\CCc2cc(OCCCCCN3CCN(c4ccnc(N)c4)S3(=O)=O)ccc21,5.22,1,nM,CHEMBL4204909,-5.22,3.7800000000000002,CHEMBL240,hERG,False,False,False
CCOC(=N)c1ccc(-c2ccc3cc(CCN4CCC[C@H]4C)ccc3n2)s1,5.32,1,nM,CHEMBL1086534,-5.32,3.6799999999999997,CHEMBL240,hERG,True,True,True
CCOC(=O)C(CC12CCC(NCc3ccc4c(n3)NC(=O)CO4)(CC1)CO2)c1c(F)cnc2ccc(OC)nc12,5.08,1,nM,CHEMBL3753081,-5.08,3.92,CHEMBL240,hERG,False,False,False
CCOC(=O)C(F)(F)CCOc1ccc2ncc(F)c(CCC34CCC(NCc5ccc6c(n5)NC(=O)CO6)(CC3)CO4)c2n1,4.59,1,nM,CHEMBL3605000,-4.59,4.41,CHEMBL240,hERG,False,False,False
CCOC(=O)C(N)c1ccc(C(=O)Nc2cc(-c3cccs3)ccc2N)cc1,5.24,1,nM,CHEMBL402911,-5.24,3.76,CHEMBL240,hERG,False,False,False
CCOC(=O)C1(C)Oc2ccc(CNC34CCC(CCc5c(F)cnc6ccc(OC)nc56)(CC3)OC4)nc2NC1=O,5.53,2,nM,CHEMBL3604801,-5.53,3.4699999999999998,CHEMBL240,hERG,False,False,False
CCOC(=O)C1(c2ccccc2)CCN(C)CC1,4.13,3,nM,CHEMBL607,-4.13,4.87,CHEMBL240,hERG,False,False,False
CCOC(=O)C1=C(C)NC(C)=C(C(=O)OC)C1c1cccc([N+](=O)[O-])c1,5.0,4,nM,CHEMBL475534,-5.0,4.0,CHEMBL240,hERG,False,False,False
CCOC(=O)C1=C(CN2CCOC(CO)C2)NC(c2nccs2)=NC1c1ccc(F)cc1Br,5.13,1,nM,CHEMBL4102761,-5.13,3.87,CHEMBL240,hERG,False,False,False
CCOC(=O)C1=C(CN2CCOCC2)NC(c2ccccn2)=NC1c1ccc(F)cc1Br,5.42,1,nM,CHEMBL4070728,-5.42,3.58,CHEMBL240,hERG,False,False,False
CCOC(=O)C1=C(CN2CCOCC2)NC(c2cccs2)=NC1c1ccc(F)cc1Br,6.05,1,nM,CHEMBL4077161,-6.05,2.95,CHEMBL240,hERG,False,False,False
CCOC(=O)C1=C(CN2CCOCC2)NC(c2nc(CC(=O)OC)cs2)=NC1c1ccc(F)cc1Br,5.79,1,nM,CHEMBL4088287,-5.79,3.21,CHEMBL240,hERG,False,False,False
CCOC(=O)C1=C(CN2CCOCC2)NC(c2ncc(OC)s2)=NC1c1ccc(F)cc1Br,5.38,1,nM,CHEMBL4068707,-5.38,3.62,CHEMBL240,hERG,False,False,False
CCOC(=O)C1=C(CN2CCOCC2)NC(c2nccn2C)=NC1c1ccc(F)cc1Br,6.77,1,nM,CHEMBL4079561,-6.77,2.2300000000000004,CHEMBL240,hERG,False,False,False
CCOC(=O)C1=C(CN2CCOCC2)NC(c2nccs2)=NC1c1ccc(Cl)cc1Cl,6.52,1,nM,CHEMBL4078766,-6.52,2.4800000000000004,CHEMBL240,hERG,False,False,False
CCOC(=O)C1=C(CN2CCOCC2)NC(c2nccs2)=NC1c1ccc(F)cc1-c1ccccc1,5.3,1,nM,CHEMBL4067663,-5.3,3.7,CHEMBL240,hERG,False,False,False
CCOC(=O)C1=C(CN2CCOCC2)NC(c2nccs2)=NC1c1ccc(F)cc1Br,6.07,1,nM,CHEMBL3742114,-6.07,2.9299999999999997,CHEMBL240,hERG,False,False,False
CCOC(=O)C1=C(CN2CCOCC2)NC(c2nccs2)=NC1c1ccc(F)cc1Cl,5.64,1,nM,CHEMBL4076401,-5.64,3.3600000000000003,CHEMBL240,hERG,False,False,False
CCOC(=O)C1=C(CN2CCOCC2)NC(c2nccs2)=NC1c1ccccc1Cl,5.39,1,nM,CHEMBL4062770,-5.39,3.6100000000000003,CHEMBL240,hERG,False,False,False
CCOC(=O)C1=C(CN2CCOCC2)NC(c2nccs2)=NC1c1ccccc1[N+](=O)[O-],6.58,1,nM,CHEMBL4103602,-6.58,2.42,CHEMBL240,hERG,False,False,False
CCOC(=O)C1=C(CN2CCOCC2)NC(c2nccs2)=N[C@@H]1c1ccc(F)cc1Br,5.31,1,nM,CHEMBL4092509,-5.31,3.6900000000000004,CHEMBL240,hERG,False,False,False
CCOC(=O)C1=C(CN2CCOCC2)NC(c2nccs2)=N[C@H]1c1ccc(F)cc1Br,5.35,1,nM,CHEMBL4064808,-5.35,3.6500000000000004,CHEMBL240,hERG,False,False,False
CCOC(=O)C1=C(CN2CCOCC2)NC(c2nncs2)=NC1c1ccc(F)cc1Br,5.46,1,nM,CHEMBL4075908,-5.46,3.54,CHEMBL240,hERG,False,False,False
CCOC(=O)C1=C(CN2CCOCC2)NC(n2cncn2)=NC1c1ccc(F)cc1Br,6.16,1,nM,CHEMBL4082519,-6.16,2.84,CHEMBL240,hERG,False,False,False
CCOC(=O)C1=C(CN2CCOC[C@H]2CO)NC(c2nccs2)=N[C@H]1c1ccc(F)cc1Br,4.62,1,nM,CHEMBL4100106,-4.62,4.38,CHEMBL240,hERG,False,False,False
CCOC(=O)C1=C(CN2CCS(=O)(=O)CC2)NC(c2nccs2)=NC1c1ccc(F)cc1Br,5.97,1,nM,CHEMBL4087396,-5.97,3.0300000000000002,CHEMBL240,hERG,False,False,False
CCOC(=O)C1=C(CN2CC[S+]([O-])CC2)NC(c2nccs2)=NC1c1ccc(F)cc1Br,5.24,1,nM,CHEMBL4098434,-5.24,3.76,CHEMBL240,hERG,False,False,False
CCOC(=O)C1=C(CNC(Cc2ccccc2)C(=O)O)NC(c2nccs2)=NC1c1ccc(F)cc1Br,5.06,1,nM,CHEMBL4103771,-5.06,3.9400000000000004,CHEMBL240,hERG,False,False,False
CCOC(=O)C1=C[C@]2(CC)CCCN3CCc4c(n1c1ccccc41)[C@@H]32,7.41,1,nM,CHEMBL71752,-7.41,1.5899999999999999,CHEMBL240,hERG,False,False,False
CCOC(=O)C1=NN(c2ccccc2)/C(=C2/S/C(=N\c3nc(-c4ccccc4)cc(-c4ccccc4)c3C#N)N(c3ccccc3)C2=O)S1,5.34,1,nM,CHEMBL3408395,-5.34,3.66,CHEMBL240,hERG,False,False,False
CCOC(=O)C1C(OC(=O)c2ccccc2)CC2CCC1N2C,5.92,1,nM,CHEMBL127457,-5.92,3.08,CHEMBL240,hERG,False,False,False
CCOC(=O)C1CCN(C(=O)c2ccc(C[C@@H]3CC[C@H]([C@H](O)c4ccccc4)N3)cc2)CC1,5.08,1,nM,CHEMBL3747487,-5.08,3.92,CHEMBL240,hERG,False,False,False
CCOC(=O)C1CCN(CCCCOc2ccc(S(N)(=O)=O)cc2)CC1,4.73,1,nM,CHEMBL2024383,-4.73,4.27,CHEMBL240,hERG,False,False,False
CCOC(=O)C1CCN(CCCOc2ccc(S(=O)(=O)NC(=O)Nc3ccccc3)cc2)CC1,4.1,1,nM,CHEMBL2021969,-4.1,4.9,CHEMBL240,hERG,False,False,False
CCOC(=O)C1CCN(CCCOc2ccc(S(N)(=O)=O)cc2)CC1,4.12,1,nM,CHEMBL2024379,-4.12,4.88,CHEMBL240,hERG,False,False,False
CCOC(=O)C1CCN(CCOc2ccc(S(N)(=O)=O)cc2)CC1,4.64,1,nM,CHEMBL2024310,-4.64,4.36,CHEMBL240,hERG,False,False,False
CCOC(=O)CCCOc1ccc2ncc(F)c(CCC34CCC(NCc5ccc6c(n5)NC(=O)CO6)(CC3)CO4)c2n1,6.0,1,nM,CHEMBL3605117,-6.0,3.0,CHEMBL240,hERG,False,False,False
CCOC(=O)CCc1ccc(OC[C@H](O)CNC(C)(C)Cc2ccc3ccccc3c2)c(C#N)c1,8.77,1,nM,CHEMBL1204009,-8.77,0.23000000000000043,CHEMBL240,hERG,False,False,False
CCOC(=O)CNc1cc(N2CCOCC2)cc(CCc2nc(C)c(CC)o2)n1,6.04,1,nM,CHEMBL562831,-6.04,2.96,CHEMBL240,hERG,False,False,False
CCOC(=O)COc1ccc2ncc(F)c(CCC34CCC(NCc5ccc6c(n5)NC(=O)CO6)(CC3)CO4)c2n1,5.07,1,nM,CHEMBL3605026,-5.07,3.9299999999999997,CHEMBL240,hERG,False,False,False
CCOC(=O)C[C@H]1Cc2ccccc2C2(CCC(N3CCN(C4CCCCC4)CC3)CC2)O1,5.76,1,nM,CHEMBL4159233,-5.76,3.24,CHEMBL240,hERG,True,True,True
CCOC(=O)N(Cc1ccccc1-c1ccccc1)[C@H]1CCNC1,5.3,1,nM,CHEMBL478834,-5.3,3.7,CHEMBL240,hERG,True,True,True
CCOC(=O)N1CCC(=C2c3ccc(Cl)cc3CCc3cccnc32)CC1,6.765,6,nM,CHEMBL998,-6.765,2.2350000000000003,CHEMBL240,hERG,True,True,True
CCOC(=O)N1CCC(C)(CN2CCC3(CC2)CN(S(C)(=O)=O)c2ncccc23)CC1,5.44,1,nM,CHEMBL3289442,-5.44,3.5599999999999996,CHEMBL240,hERG,False,False,False
CCOC(=O)N1CCC(C)(CN2CC[C@H](N3C(=O)Cc4ccccc43)C2)CC1,5.46,1,nM,CHEMBL2336056,-5.46,3.54,CHEMBL240,hERG,False,False,False
CCOC(=O)N1CCC(C)(Sc2nc3cc(Cl)c(N4CCN(CC)CC4)cc3[nH]2)CC1,5.41,1,nM,CHEMBL466222,-5.41,3.59,CHEMBL240,hERG,False,False,False
CCOC(=O)N1CCC(CN2CCC3(CC2)CC(=O)N(C)c2ncccc23)CC1,5.59,1,nM,CHEMBL2407173,-5.59,3.41,CHEMBL240,hERG,False,False,False
CCOC(=O)N1CCC(CN2CCC3(CC2)CC(=O)N(CC)c2ncccc23)CC1,5.54,2,nM,CHEMBL2407174,-5.54,3.46,CHEMBL240,hERG,False,False,False
CCOC(=O)N1CCC(CN2CCC3(CC2)CC(=O)Nc2ncccc23)CC1,5.55,1,nM,CHEMBL2407172,-5.55,3.45,CHEMBL240,hERG,False,False,False
CCOC(=O)N1CCC(CN2CCC3(CC2)CN(C(=O)N(CC)CC)c2ncccc23)CC1,5.59,1,nM,CHEMBL3310799,-5.59,3.41,CHEMBL240,hERG,False,False,False
CCOC(=O)N1CCC(CN2CCC3(CC2)CN(C(=O)NC)c2ncccc23)CC1,6.52,1,nM,CHEMBL3310800,-6.52,2.4800000000000004,CHEMBL240,hERG,False,False,False
CCOC(=O)N1CCC(CN2CCC3(CC2)CN(C(N)=O)c2ncccc23)CC1,6.72,1,nM,CHEMBL3310801,-6.72,2.2800000000000002,CHEMBL240,hERG,False,False,False
CCOC(=O)N1CCC(CN2CCC3(CC2)CN(S(C)(=O)=O)c2ncccc23)CC1,5.72,2,nM,CHEMBL3289440,-5.72,3.2800000000000002,CHEMBL240,hERG,False,False,False
CCOC(=O)N1CCC(CN2CCC3(CC2)OC(=O)N(C)c2ncccc23)CC1,5.83,1,nM,CHEMBL2407170,-5.83,3.17,CHEMBL240,hERG,False,False,False
CCOC(=O)N1CCC(CN2CCC3(CC2)OC(=O)Nc2ncccc23)CC1,6.04,1,nM,CHEMBL2407171,-6.04,2.96,CHEMBL240,hERG,False,False,False
CCOC(=O)N1CCC(CN2CC[C@H](N3C(=O)Cc4ccccc43)C2)CC1,6.1,1,nM,CHEMBL2336055,-6.1,2.9000000000000004,CHEMBL240,hERG,False,False,False
CCOC(=O)N1CCC(CN2CC[C@H](NC(=O)c3cc(Cl)c(N)cc3OC)[C@H](OC)C2)CC1,5.34,1,nM,CHEMBL3758398,-5.34,3.66,CHEMBL240,hERG,False,False,False
CCOC(=O)N1CCC(O)(CN2CC[C@H](N3C(=O)Cc4ccccc43)C2)CC1,5.41,1,nM,CHEMBL2336057,-5.41,3.59,CHEMBL240,hERG,False,False,False
CCOC(=O)N1CCCc2nc([C@@H](C)NC(=O)c3ccc(F)cc3)ccc21,4.22,1,nM,CHEMBL4788473,-4.22,4.78,CHEMBL240,hERG,False,False,False
CCOC(=O)N1CCN(CCOc2cc(C)n(-c3ccc(Cl)c(Cl)c3)n2)CC1,5.39,1,nM,CHEMBL2170232,-5.39,3.6100000000000003,CHEMBL240,hERG,False,False,False
CCOC(=O)N1CCN(Cc2nc(-c3cccc(Cl)c3)no2)CC1,4.81,1,nM,CHEMBL1716297,-4.81,4.19,CHEMBL240,hERG,False,False,False
CCOC(=O)N1CCN(Cc2noc(-c3cc(Cl)ccc3F)n2)CC1,4.51,1,nM,CHEMBL2069930,-4.51,4.49,CHEMBL240,hERG,False,False,False
CCOC(=O)N1[C@@H]2CC[C@H]1C[C@H](CN1CC[C@H](N3C(=O)Cc4ccccc43)C1)C2,5.62,1,nM,CHEMBL2336059,-5.62,3.38,CHEMBL240,hERG,False,False,False
CCOC(=O)NCCc1ccccc1-c1ccc([C@H]2CNCC[C@@H]2c2ccn(C)c(=O)c2)c(Cl)c1,5.5,1,nM,CHEMBL1957793,-5.5,3.5,CHEMBL240,hERG,False,False,False
CCOC(=O)Nc1ccc([C@@H](c2ccc(C(=O)N(CC)CC)cc2)N2CCN(Cc3cscn3)CC2)cc1,5.14,1,nM,CHEMBL1939747,-5.14,3.8600000000000003,CHEMBL240,hERG,False,False,False
CCOC(=O)Nc1cccc([C@@H](c2ccc(C(=O)N(CC)CC)cc2)N2CCN(Cc3cscn3)CC2)c1,5.27,1,nM,CHEMBL1939746,-5.27,3.7300000000000004,CHEMBL240,hERG,False,False,False
CCOC(=O)Nc1cccc([C@@H](c2ccc(C(=O)N3CCC3)cc2)N2CCN(Cc3cccnc3)CC2)c1,4.96,1,nM,CHEMBL1939752,-4.96,4.04,CHEMBL240,hERG,False,False,False
CCOC(=O)Nc1ccccc1[C@@H](c1ccc(C(=O)N(CC)CC)cc1)N1CCN(Cc2ccccn2)CC1,5.0,1,nM,CHEMBL1939748,-5.0,4.0,CHEMBL240,hERG,False,False,False
CCOC(=O)Nc1ccccc1[C@@H](c1ccc(C(=O)N(CC)CC)cc1)N1CCN(Cc2cscn2)CC1,5.06,1,nM,CHEMBL1939745,-5.06,3.9400000000000004,CHEMBL240,hERG,False,False,False
CCOC(=O)[C@@H]1C2CCC(C[C@@H]1OC(c1ccc(F)cc1)c1ccc(F)cc1)N2CCc1c[nH]c2ccccc12,4.85,1,nM,CHEMBL4085107,-4.85,4.15,CHEMBL240,hERG,True,True,True
CCOC(=O)[C@@H]1[C@@H]2CN(C(=O)c3ccc(C[C@@H]4CC[C@H]([C@H](O)c5ccccc5)N4)cc3)C[C@@H]21,4.92,1,nM,CHEMBL3746885,-4.92,4.08,CHEMBL240,hERG,False,False,False
CCOC(=O)[C@H]1CC[C@@H](N2CC(NC(=O)CNC3=NC(Cc4ccccc4)c4ccc(C(F)(F)F)cc43)C2)CC1,5.85,1,nM,CHEMBL1834783,-5.85,3.1500000000000004,CHEMBL240,hERG,False,False,False
CCOC(=O)[C@H]1CC[C@@H](N2CC(NC(=O)CNc3n[nH]c4ccc(C(F)(F)F)cc34)C2)CC1,5.04,1,nM,CHEMBL1834719,-5.04,3.96,CHEMBL240,hERG,False,False,False
CCOC(=O)[C@H]1CC[C@@H](N2CC(NC(=O)CNc3nn(C(N)=O)c4ccc(C(F)(F)F)cc34)C2)CC1,4.7,1,nM,CHEMBL1834781,-4.7,4.3,CHEMBL240,hERG,False,False,False
CCOC(=O)[C@H]1CC[C@@H](N2CC(NC(=O)CNc3nn(C)c4ccc(C(F)(F)F)cc34)C2)CC1,5.1,1,nM,CHEMBL1834640,-5.1,3.9000000000000004,CHEMBL240,hERG,False,False,False
CCOC(=O)[C@H]1CC[C@@H](N2CC(NC(=O)CNc3nn(C4CCCC4)c4ccc(C(F)(F)F)cc34)C2)CC1,5.39,1,nM,CHEMBL1834784,-5.39,3.6100000000000003,CHEMBL240,hERG,False,False,False
CCOC(=O)[C@H]1CC[C@@H](N2CC(NC(=O)CNc3nn(CC(F)(F)F)c4ccc(C(F)(F)F)cc34)C2)CC1,5.6,1,nM,CHEMBL1834780,-5.6,3.4000000000000004,CHEMBL240,hERG,False,False,False
CCOC(=O)[C@H]1CC[C@@H](N2CC(NC(=O)CNc3nn(CC)c4ccc(C(F)(F)F)cc34)C2)CC1,5.12,1,nM,CHEMBL1834721,-5.12,3.88,CHEMBL240,hERG,False,False,False
CCOC(=O)[C@H]1CC[C@@H](N2CC(NC(=O)CNc3nn(S(C)(=O)=O)c4ccc(C(F)(F)F)cc34)C2)CC1,4.6,1,nM,CHEMBL1834782,-4.6,4.4,CHEMBL240,hERG,False,False,False
CCOC(=O)[C@H]1CC[C@@H](N2CC(NC(=O)CNc3noc4ccc(C(F)(F)F)cc34)C2)CC1,5.25,1,nM,CHEMBL1834720,-5.25,3.75,CHEMBL240,hERG,False,False,False
CCOC(=O)[C@H]1[C@@H]2CN(C(=O)c3ccc(C[C@@H]4CC[C@H]([C@H](O)c5ccccc5)N4)cc3)C[C@@H]21,5.16,1,nM,CHEMBL3747546,-5.16,3.84,CHEMBL240,hERG,False,False,False
CCOC(=O)c1c(OC)cnc2c(CCC34CCC(NCc5ccc6c(n5)NC(=O)CO6)(CC3)CO4)ccnc12,8.1,1,nM,CHEMBL3422982,-8.1,0.9000000000000004,CHEMBL240,hERG,False,False,False
CCOC(=O)c1ccc(CCN2CCN(CCc3ccc([N+](=O)[O-])cc3)CC2)cc1,7.72,1,nM,CHEMBL2146857,-7.72,1.2800000000000002,CHEMBL240,hERG,False,False,False
CCOC(=O)c1ccc([C@@]2(c3cnn(C)c3)N[C@@H](c3nc(-c4ccc(F)cc4)c[nH]3)Cc3c2[nH]c2ccccc32)nc1,5.55,1,nM,CHEMBL3323079,-5.55,3.45,CHEMBL240,hERG,False,False,False
CCOC(=O)c1ccc([C@]2(c3cnn(C)c3)N[C@@H](c3nc(-c4ccc(F)cc4)c[nH]3)Cc3c2[nH]c2ccccc32)nc1,5.79,1,nM,CHEMBL3323078,-5.79,3.21,CHEMBL240,hERG,False,False,False
CCOC(=O)c1cccc([C@@]2(c3cnn(C)c3)N[C@@H](c3nc(-c4ccc(F)cc4)c[nH]3)Cc3c2[nH]c2ccccc32)n1,6.2,1,nM,CHEMBL3323073,-6.2,2.8,CHEMBL240,hERG,False,False,False
CCOC(=O)c1cccc([C@]2(c3cnn(C)c3)N[C@@H](c3nc(-c4ccc(F)cc4)c[nH]3)Cc3c2[nH]c2ccccc32)n1,6.15,1,nM,CHEMBL3323072,-6.15,2.8499999999999996,CHEMBL240,hERG,False,False,False
CCOC(=O)c1ccnc([C@@]2(c3cnn(C)c3)N[C@@H](c3nc(-c4ccc(F)cc4)c[nH]3)Cc3c2[nH]c2ccccc32)c1,5.92,1,nM,CHEMBL3323075,-5.92,3.08,CHEMBL240,hERG,False,False,False
CCOC(=O)c1ccnc([C@]2(c3cnn(C)c3)N[C@@H](c3nc(-c4ccc(F)cc4)c[nH]3)Cc3c2[nH]c2ccccc32)c1,5.85,1,nM,CHEMBL3323074,-5.85,3.1500000000000004,CHEMBL240,hERG,False,False,False
CCOC(=O)c1cncc([C@@]2(c3cnn(C)c3)N[C@@H](c3nc(-c4ccc(F)cc4)c[nH]3)Cc3c2[nH]c2ccccc32)c1,5.6,1,nM,CHEMBL3323077,-5.6,3.4000000000000004,CHEMBL240,hERG,False,False,False
CCOC(=O)c1cncc([C@]2(c3cnn(C)c3)N[C@@H](c3nc(-c4ccc(F)cc4)c[nH]3)Cc3c2[nH]c2ccccc32)c1,5.65,1,nM,CHEMBL3323076,-5.65,3.3499999999999996,CHEMBL240,hERG,False,False,False
CCOC(=O)c1nn(-c2ccc(C)cc2)/c(=N/c2nc(-c3ccccc3)cc(-c3ccccc3)c2C#N)s1,5.03,1,nM,CHEMBL3408388,-5.03,3.9699999999999998,CHEMBL240,hERG,False,False,False
CCOC(=O)c1nn(-c2ccc(Cl)cc2)/c(=N/c2nc(-c3ccccc3)cc(-c3ccccc3)c2C#N)s1,5.08,1,nM,CHEMBL3408389,-5.08,3.92,CHEMBL240,hERG,False,False,False
CCOC(=O)c1nn(-c2ccccc2)/c(=N/c2nc(-c3ccccc3)cc(-c3ccccc3)c2C#N)s1,4.98,1,nM,CHEMBL3408387,-4.98,4.02,CHEMBL240,hERG,False,False,False
CCOC(=O)c1sc2nc(/C=C/c3ccc(-n4cnc(C)c4)c(OC)c3)nc(N)c2c1C,6.01,1,nM,CHEMBL1642188,-6.01,2.99,CHEMBL240,hERG,False,False,False
CCOC(CN1CCN(CCc2ccc(C#N)c(OC)c2)CC1)c1ccc2c(c1C)COC2=O,5.46,1,nM,CHEMBL3612801,-5.46,3.54,CHEMBL240,hERG,False,False,False
CCOCC1(COCC)N[C@@H](c2nc(-c3ccccc3)c[nH]2)Cc2c1[nH]c1ccccc21,6.75,1,nM,CHEMBL2069501,-6.75,2.25,CHEMBL240,hERG,False,False,False
CCOCCn1c(N2CC[C@H](N(C)C)C2)nc2ccccc21,6.63,1,nM,CHEMBL1087493,-6.63,2.37,CHEMBL240,hERG,False,False,False
CCOCCn1c([C@@H]2CCCN(C3CCOCC3)C2)nc2ccccc21,5.68,1,nM,CHEMBL1095202,-5.68,3.3200000000000003,CHEMBL240,hERG,False,False,False
CCOCCn1nc(C)c2nc(NC3CCNCC3)nc(Nc3cc(C)ccn3)c21,5.55,1,nM,CHEMBL1097783,-5.55,3.45,CHEMBL240,hERG,False,False,False
CCOCCn1nc(CC)c2nc(N3CCC(C(=O)O)CC3)nc(Nc3cc(C)ccn3)c21,5.96,1,nM,CHEMBL1094365,-5.96,3.04,CHEMBL240,hERG,False,False,False
CCOC[C@@H](CC(C)C)NC(=O)[C@@H]1CNC[C@H](C(=O)N(c2cc(OCCCOC)c(C(C)C)cc2F)C2CC2)C1,5.26,1,nM,CHEMBL3318939,-5.26,3.74,CHEMBL240,hERG,False,False,False
CCOC[C@@H](CC(C)C)NC(=O)[C@@H]1CNC[C@H](C(=O)N(c2ccc(C(C)C)c(OCCCOC)n2)C2CC2)C1,5.48,1,nM,CHEMBL3318942,-5.48,3.5199999999999996,CHEMBL240,hERG,False,False,False
CCOC[C@@H](CC(C)C)NC(=O)[C@@H]1CNC[C@H](C(=O)N(c2ccc(C(C)C)cn2)C2CC2)C1,5.16,1,nM,CHEMBL3318928,-5.16,3.84,CHEMBL240,hERG,False,False,False
CCOC[C@H](Oc1ncnc2c1cnn2-c1ccccc1Cl)C(=O)Nc1cnc(C)cn1,4.3,1,nM,CHEMBL3221486,-4.3,4.7,CHEMBL240,hERG,False,False,False
CCOC[C@H](Oc1ncnc2c1cnn2-c1ncccc1Cl)C(=O)Nc1ccc(C#N)cn1,4.7,1,nM,CHEMBL3221504,-4.7,4.3,CHEMBL240,hERG,False,False,False
CCOC[C@H](Oc1ncnc2c1cnn2-c1ncccc1Cl)C(=O)Nc1ccc(C)cn1,4.2,1,nM,CHEMBL3221485,-4.2,4.8,CHEMBL240,hERG,False,False,False
CCOC[C@H](Oc1ncnc2c1cnn2-c1ncccc1Cl)C(=O)Nc1ccc(Cl)cn1,5.0,1,nM,CHEMBL3221495,-5.0,4.0,CHEMBL240,hERG,False,False,False
CCOC[C@H](Oc1ncnc2c1cnn2-c1ncccc1Cl)C(=O)Nc1ccc(F)cn1,4.2,1,nM,CHEMBL3221498,-4.2,4.8,CHEMBL240,hERG,False,False,False
CCOC[C@H](Oc1ncnc2c1cnn2-c1ncccc1Cl)C(=O)Nc1cnc(C)cn1,4.8,1,nM,CHEMBL3221487,-4.8,4.2,CHEMBL240,hERG,False,False,False
CCOC[C@H]1CC[C@@H](N2CC(NC(=O)CNc3nn(C)c4ccc(C(F)(F)F)cc34)C2)CC1,5.25,1,nM,CHEMBL1834644,-5.25,3.75,CHEMBL240,hERG,False,False,False
CCOC[C@H]1[C@@H]2CNC[C@@]21c1ccc(Cl)c(Cl)c1,5.38,1,nM,CHEMBL608151,-5.38,3.62,CHEMBL240,hERG,True,True,True
CCOC[C@]12Cc3cnn(-c4ccc(F)cc4)c3C=C1CCN(S(=O)(=O)c1ccc(C(F)(F)F)cc1)C2,6.1,1,nM,CHEMBL271220,-6.1,2.9000000000000004,CHEMBL240,hERG,True,True,True
CCOCc1nnc(N2C[C@@H]3C[C@]3(c3ccc(F)cc3Cl)C2)n1-c1ccc(OC)nc1,5.21,1,nM,CHEMBL4464246,-5.21,3.79,CHEMBL240,hERG,False,False,False
CCON=C1CCC(CN2CCN(c3nc(=O)c4cc(C(F)(F)F)cc([N+](=O)[O-])c4s3)CC2)CC1,4.41,1,nM,CHEMBL4571987,-4.41,4.59,CHEMBL240,hERG,False,False,False
CCOP(=O)(Sc1ccccc1)Sc1ccccc1,4.3,1,nM,CHEMBL1671900,-4.3,4.7,CHEMBL240,hERG,False,False,False
CCO[C@@H]1COCC[C@@H]1N[C@@H]1CC[C@@](C(=O)N2CCN(c3cc(C(F)(F)F)ccn3)CC2)(C(C)C)C1,5.07,1,nM,CHEMBL1782577,-5.07,3.9299999999999997,CHEMBL240,hERG,False,False,False
CCO[C@@H]1Cc2cc(C(F)(F)F)ccc2[C@H]1N1CCN(C2(C)CCN(C(=O)c3c(C)ncnc3C)CC2)C[C@@H]1C,5.35,1,nM,CHEMBL1688243,-5.35,3.6500000000000004,CHEMBL240,hERG,False,False,False
CCO[C@H]1CC[C@@H](N2CC(NC(=O)CNc3n[nH]c4ccc(C(F)(F)F)cc34)C2)CC1,5.35,1,nM,CHEMBL1834647,-5.35,3.6500000000000004,CHEMBL240,hERG,False,False,False
CCO[C@H]1CN([C@H]2CC[C@@](O)(c3ccc(C)cc3)CC2)C[C@@H]1NC(=O)CNC(=O)c1cccc(C(F)(F)F)c1,4.96,1,nM,CHEMBL1289203,-4.96,4.04,CHEMBL240,hERG,False,False,False
CCO[C@H]1CN([C@H]2CC[C@@](O)(c3ccc4c(c3)OCO4)CC2)C[C@@H]1NC(=O)CNC(=O)c1cccc(C(F)(F)F)c1,4.89,1,nM,CHEMBL1289316,-4.89,4.11,CHEMBL240,hERG,False,False,False
CCO[C@H]1CN([C@H]2CC[C@@](O)(c3ccccc3)CC2)C[C@@H]1NC(=O)CNC(=O)c1cccc(C(F)(F)F)c1,4.77,1,nM,CHEMBL1289083,-4.77,4.23,CHEMBL240,hERG,False,False,False
CCO[C@H]1COCC[C@H]1N[C@@H]1CC[C@@](C(=O)N2CCN(c3cc(C(F)(F)F)ccn3)CC2)(C(C)C)C1,5.19,1,nM,CHEMBL1782576,-5.19,3.8099999999999996,CHEMBL240,hERG,False,False,False
CCOc1c([C@H](C)n2nc(C)c3c(N)ncnc32)cc(Cl)c(F)c1[C@@H]1CNC(=O)C1,4.12,1,nM,CHEMBL4297615,-4.12,4.88,CHEMBL240,hERG,False,False,False
CCOc1cc(C(=O)N2CCC(N3CCCC3)CC2)ccc1Nc1cc2c(cn1)N(C)C(=O)c1ccccc1N2C,6.5,1,nM,CHEMBL4757477,-6.5,2.5,CHEMBL240,hERG,False,False,False
CCOc1cc(C(=O)Nc2cc(C(F)(F)F)ccn2)ccc1-c1nc(C23CCC(C(=O)O)(CC2)CC3)n2ccnc(N)c12,4.58,1,nM,CHEMBL4097019,-4.58,4.42,CHEMBL240,hERG,False,False,False
CCOc1cc(C(O)(CCN(C)C)C(c2cc3cc(Br)ccc3nc2OC)c2ccnc(OC)c2OC)cc(OC(C)C)n1,5.11,1,nM,CHEMBL4534128,-5.11,3.8899999999999997,CHEMBL240,hERG,False,False,False
CCOc1cc(C(O)CN2CCN(C[C@H](O)c3ccc4c(c3C)COC4=O)CC2)ncc1C#N,4.96,3,nM,CHEMBL3612926,-4.96,4.04,CHEMBL240,hERG,False,False,False
CCOc1cc(C)c2ncc(F)c(CCC34CCC(NCc5ccc6c(n5)NC(=O)CO6)(CC3)CO4)c2n1,8.92,1,nM,CHEMBL3422954,-8.92,0.08000000000000007,CHEMBL240,hERG,False,False,False
CCOc1cc(CCN2CCN(CCc3ccc4c(c3)COC4=O)CC2)ccc1C#N,6.17,1,nM,CHEMBL2146877,-6.17,2.83,CHEMBL240,hERG,False,False,False
CCOc1cc(CN2CCC(C3CCN(S(=O)(=O)c4ccccc4)CC3)CC2)cc(OCC)c1-c1ccc(F)cc1,6.66,1,nM,CHEMBL4278161,-6.66,2.34,CHEMBL240,hERG,False,False,False
CCOc1cc(CN2CCC(COc3cccc4cccnc34)CC2)cc(OCC)c1-c1ccc(F)cc1,6.68,1,nM,CHEMBL4288848,-6.68,2.3200000000000003,CHEMBL240,hERG,False,False,False
CCOc1cc(CN2CCC(NC(=O)c3cccc(S(C)(=O)=O)c3)CC2)ccc1Cl,5.89,1,nM,CHEMBL241330,-5.89,3.1100000000000003,CHEMBL240,hERG,False,False,False
CCOc1cc(CN2CCC(NC(=O)c3cncc(C)c3)CC2)cc(OCC)c1-c1ccc(F)cc1,5.77,1,nM,CHEMBL1210207,-5.77,3.2300000000000004,CHEMBL240,hERG,True,True,True
CCOc1cc(CN2CCC(Nc3nc4cc(C(N)=O)ccc4o3)CC2)cc(OCC)c1F,6.37,1,nM,CHEMBL1080584,-6.37,2.63,CHEMBL240,hERG,False,False,False
CCOc1cc(CN2CCC(Nc3nc4cc(S(=O)(=O)CC)ccc4o3)CC2)ccc1OC,6.75,1,nM,CHEMBL1079313,-6.75,2.25,CHEMBL240,hERG,True,True,True
CCOc1cc(CN2CCC(Nc3nc4cc(S(N)(=O)=O)ccc4o3)CC2)ccc1OC,5.46,1,nM,CHEMBL393718,-5.46,3.54,CHEMBL240,hERG,True,True,True
CCOc1cc(CN2CCC(c3ncc(-c4ccc(F)cc4)[nH]3)CC2)cc(OCC)c1-c1ccc(F)cc1,6.58,1,nM,CHEMBL4288417,-6.58,2.42,CHEMBL240,hERG,False,False,False
CCOc1cc(CN2CCC3(CC2)CC(=O)N(c2ccc(C(=O)O)cc2)C3)cc(OCC)c1-c1ccc(F)cc1,4.35,1,nM,CHEMBL4282052,-4.35,4.65,CHEMBL240,hERG,False,False,False
CCOc1cc(CN2CCC3(CC2)CC(Cc2ccc(F)cc2)C(=O)O3)cc(OCC)c1-c1ccc(F)cc1,6.02,1,nM,CHEMBL4292255,-6.02,2.9800000000000004,CHEMBL240,hERG,False,False,False
CCOc1cc(CN2CCC3(CC2)CCN(S(=O)(=O)c2cccnc2)CC3)cc(OCC)c1-c1ccc(F)cc1,6.68,1,nM,CHEMBL4280531,-6.68,2.3200000000000003,CHEMBL240,hERG,False,False,False
CCOc1cc(CN2CCC3(CC2)NC(=O)NC3=O)cc(OCC)c1-c1ccc(F)cc1,4.6,1,nM,CHEMBL4289922,-4.6,4.4,CHEMBL240,hERG,False,False,False
CCOc1cc(CN2CC[C@H]3C(Nc4nc5ccc(C(=O)O)cc5o4)CC[C@H]32)cc(OCC)c1-c1ccc(F)cc1,4.82,1,nM,CHEMBL4277106,-4.82,4.18,CHEMBL240,hERG,False,False,False
CCOc1cc(N)c(Cl)cc1C(=O)NCC1CN(Cc2ccc(F)cc2)CCO1,5.32,2,nM,CHEMBL60889,-5.32,3.6799999999999997,CHEMBL240,hERG,False,False,False
CCOc1cc(NC(=O)c2ccccc2F)ccc1-c1nnc(NCCCN2CCCCC2)o1,4.9,1,nM,CHEMBL2023927,-4.9,4.1,CHEMBL240,hERG,False,False,False
CCOc1cc(Nc2nc3c(cc2F)ncn3[C@@H](CO)c2ccc(F)cn2)n[nH]1,4.5,1,nM,CHEMBL2151325,-4.5,4.5,CHEMBL240,hERG,False,False,False
CCOc1cc([C@H](c2cc3cc(Br)ccc3cc2OC)[C@@](O)(CCN(C)C)c2cccc3ccoc23)cc(OC)n1,5.12,1,nM,CHEMBL4227403,-5.12,3.88,CHEMBL240,hERG,False,False,False
CCOc1cc([C@H](c2cc3cc(C#N)ccc3cc2OC)[C@@](O)(CCN(C)C)c2cccc3ccoc23)cc(OCC)n1,5.48,1,nM,CHEMBL4225190,-5.48,3.5199999999999996,CHEMBL240,hERG,False,False,False
CCOc1cc([C@](O)(CCN(C)C)[C@@H](c2cc3cc(Br)ccc3nc2OC)c2cccc(OC)c2F)cc(OCC)n1,5.0,1,nM,CHEMBL4565089,-5.0,4.0,CHEMBL240,hERG,False,False,False
CCOc1cc([C@](O)(CCN(C)C)[C@@H](c2cc3cc(Br)ccc3nc2OC)c2cccc(OC)c2OC)cc(OCC)n1,5.26,1,nM,CHEMBL4532620,-5.26,3.74,CHEMBL240,hERG,False,False,False
CCOc1cc([C@](O)(CCN(C)C)[C@@H](c2cc3cc(Br)ccc3nc2OC)c2cccc3c2OCCO3)cc(OCC)n1,4.88,1,nM,CHEMBL4554862,-4.88,4.12,CHEMBL240,hERG,False,False,False
CCOc1cc([C@](O)(CCN(C)C)[C@@H](c2cc3cc(Br)ccc3nc2OC)c2ccnc(OC)c2OC)cc(OC)n1,5.48,1,nM,CHEMBL4647327,-5.48,3.5199999999999996,CHEMBL240,hERG,False,False,False
CCOc1cc([C@](O)(CCN(C)C)[C@@H](c2cc3cc(C#N)ccc3nc2OC)c2cccc3c2OCCO3)cc(OCC)n1,5.35,1,nM,CHEMBL4561342,-5.35,3.6500000000000004,CHEMBL240,hERG,False,False,False
CCOc1cc([C@](O)(CCN(C)C)[C@H](c2ccc(N(CC)CC)nc2)c2cc3cc(Br)ccc3nc2OC)cc(OCC)n1,5.0,1,nM,CHEMBL4534204,-5.0,4.0,CHEMBL240,hERG,False,False,False
CCOc1cc2ncc(C(N)=O)c(Nc3ccc(C)cc3F)c2cc1N1CCN(C)CC1,4.82,1,nM,CHEMBL521096,-4.82,4.18,CHEMBL240,hERG,False,False,False
CCOc1cc2ncc(C(N)=O)c(Nc3ccc(F)cc3F)c2cc1C1CCN(C)CC1,4.96,1,nM,CHEMBL2409309,-4.96,4.04,CHEMBL240,hERG,False,False,False
CCOc1cc2ncc(C(N)=O)c(Nc3ccc(F)cc3F)c2cc1N1CCC(O)CC1,4.77,1,nM,CHEMBL481717,-4.77,4.23,CHEMBL240,hERG,False,False,False
CCOc1cc2ncc(C(N)=O)c(Nc3ccc(F)cc3F)c2cc1N1CCCN(C)CC1,5.22,1,nM,CHEMBL520431,-5.22,3.7800000000000002,CHEMBL240,hERG,False,False,False
CCOc1cc2ncc(C(N)=O)c(Nc3ccc(F)cc3F)c2cc1N1CCN(C)CC1,4.64,1,nM,CHEMBL481806,-4.64,4.36,CHEMBL240,hERG,False,False,False
CCOc1cc2ncc(C(N)=O)c(Nc3cccc(Cl)c3Cl)c2cc1C1CCN(C)CC1,5.4,1,nM,CHEMBL2409310,-5.4,3.5999999999999996,CHEMBL240,hERG,False,False,False
CCOc1cc2ncc(C(N)=O)c(Nc3cccc(Cl)c3Cl)c2cc1N1CCN(C)CC1,5.1,1,nM,CHEMBL481008,-5.1,3.9000000000000004,CHEMBL240,hERG,False,False,False
CCOc1cc2nccc(Oc3cnc(CC(=O)Nc4n[nH]c(CC)c4C)c(OC)c3)c2cc1OC,4.12,1,nM,CHEMBL2023802,-4.12,4.88,CHEMBL240,hERG,False,False,False
CCOc1ccc(-c2cc3c(N[C@@H]4CC[C@](C)(N)C4(C)C)c(C(N)=O)cnn3c2)cn1,4.77,1,nM,CHEMBL4091096,-4.77,4.23,CHEMBL240,hERG,False,False,False
CCOc1ccc(-n2nc3c(N4CC(OC)C4)nnc(C)c3c2C)c(F)c1,5.22,1,nM,CHEMBL1801192,-5.22,3.7800000000000002,CHEMBL240,hERG,False,False,False
CCOc1ccc(-n2ncc(-c3ccc4cc(CCN5CCC[C@H]5C)ccc4n3)c2C)nn1,4.98,1,nM,CHEMBL237394,-4.98,4.02,CHEMBL240,hERG,True,True,True
CCOc1ccc(CCN2C(=O)N(NS(C)(=O)=O)C[C@@H]2c2ccc(OC)cc2)cc1,4.91,1,nM,CHEMBL570805,-4.91,4.09,CHEMBL240,hERG,False,False,False
CCOc1ccc([C@]2(O)CC[C@H](N3CC(NC(=O)CNC(=O)c4cccc(C(F)(F)F)c4)C3)CC2)cn1,4.84,1,nM,CHEMBL2204249,-4.84,4.16,CHEMBL240,hERG,False,False,False
CCOc1ccc2c(c1)C(C1=C[C@H](C)N(C)CC1)=Nc1cc(Cl)ccc1N2,6.05,1,nM,CHEMBL4758966,-6.05,2.95,CHEMBL240,hERG,False,False,False
CCOc1ccc2cc(-c3nn(CC(C)(C)CO)c(N)c3C(N)=O)ccc2c1,4.52,1,nM,CHEMBL4753941,-4.52,4.48,CHEMBL240,hERG,False,False,False
CCOc1ccc2cc(-c3nn(CC4CC4)c(N)c3C(N)=O)ccc2c1,4.8,1,nM,CHEMBL4740515,-4.8,4.2,CHEMBL240,hERG,False,False,False
CCOc1ccc2cc(-c3nn(CC4CCN(C(C)C)CC4)c4ncnc(N)c34)ccc2c1,6.52,1,nM,CHEMBL4445679,-6.52,2.4800000000000004,CHEMBL240,hERG,False,False,False
CCOc1ccc2cc(-c3nn(CC4CCN(C)CC4)c4ncnc(N)c34)ccc2c1,6.4,1,nM,CHEMBL2078876,-6.4,2.5999999999999996,CHEMBL240,hERG,False,False,False
CCOc1ccc2cc(-c3nn(CC4CCN(C)CC4)c4ncnc(N)c34)ccc2n1,5.0,1,nM,CHEMBL4576165,-5.0,4.0,CHEMBL240,hERG,False,False,False
CCOc1ccc2cc(-c3nn(CC4CN(C)C4)c4ncnc(N)c34)ccc2c1,5.85,1,nM,CHEMBL4558606,-5.85,3.1500000000000004,CHEMBL240,hERG,False,False,False
CCOc1ccc2cc(-c3nn(CC4CNC4)c4ncnc(N)c34)ccc2c1,5.77,1,nM,CHEMBL4587540,-5.77,3.2300000000000004,CHEMBL240,hERG,False,False,False
CCOc1ccc2ncc(F)c(CCC34CCC(NCc5ccc6c(n5)NC(=O)CO6)(CC3)CO4)c2n1,6.4,1,nM,CHEMBL3605140,-6.4,2.5999999999999996,CHEMBL240,hERG,False,False,False
CCOc1cccc(-c2cccc(-n3cc(C(=O)NC(C)C)c(=O)c4cccnc43)c2)c1,5.57,1,nM,CHEMBL456808,-5.57,3.4299999999999997,CHEMBL240,hERG,False,False,False
CCOc1cccc(-n2cc3nc(-c4cccnc4C)n(C[C@H]4CCCN(C[C@H]5CCCO5)C4)c(=O)c3n2)c1,4.85,1,nM,CHEMBL3218912,-4.85,4.15,CHEMBL240,hERG,False,False,False
CCOc1ccccc1C[C@H](c1ccccc1)N1CCNCC1,4.98,2,nM,CHEMBL534723,-4.98,4.02,CHEMBL240,hERG,True,True,True
CCOc1cncc(-c2ccc3c(c2)C2(COC(N)=N2)C2(CC2)CO3)c1,5.24,2,nM,CHEMBL3703300,-5.24,3.76,CHEMBL240,hERG,False,False,False
CCOc1nc(NC(=O)C2(NC(=O)c3ccc4c(C5CCCC5)c(-c5ccc(F)cn5)n(C)c4c3)CCC2)ccc1/C=C/C(=O)O,5.68,1,nM,CHEMBL3408617,-5.68,3.3200000000000003,CHEMBL240,hERG,False,False,False
CCOc1nc(NC(=O)C2(NC(=O)c3ccc4c(c3)c(C)c(-c3ccc(F)cn3)n4C3CCCCC3)CCC2)ccc1/C=C/C(=O)O,5.85,1,nM,CHEMBL3408622,-5.85,3.1500000000000004,CHEMBL240,hERG,False,False,False
CCOc1nn(C2CCN(C(C)=O)CC2)cc1Nc1ncc(Cl)c(-c2cnn3ccccc23)n1,5.19,1,nM,CHEMBL3822943,-5.19,3.8099999999999996,CHEMBL240,hERG,False,False,False
CCS(=O)(=O)C[C@@H]1C[C@H](N(C)C(C)C)CC[C@@H]1N1CC[C@H](NC(=O)c2cccc(-c3ccccc3)c2)C1=O,4.22,1,nM,CHEMBL3233185,-4.22,4.78,CHEMBL240,hERG,False,False,False
CCS(=O)(=O)Nc1cc(-c2cn(C)c3c(=O)[nH]ccc23)cc2c1ccn2C(C)(c1ccccn1)c1ccccn1,4.53,1,nM,CHEMBL4637258,-4.53,4.47,CHEMBL240,hERG,False,False,False
CCS(=O)(=O)[C@]1(C)CC[C@@](CF)(c2cc(NC(=O)c3cc4c(cn3)OC(F)(F)O4)ccc2F)N=C1N,5.08,1,nM,CHEMBL5092328,-5.08,3.92,CHEMBL240,hERG,False,False,False
CCS(=O)(=O)c1ccc(-c2cnc(N)c(-c3ccc(C(F)(F)F)nc3)n2)cc1,5.43,1,nM,CHEMBL3124985,-5.43,3.5700000000000003,CHEMBL240,hERG,False,False,False
CCS(=O)(=O)c1ccc(C(CC(=O)N(C)C)C(=O)Nc2ccc(C(O)(C(F)(F)F)C(F)(F)F)cc2)cc1,5.1,1,nM,CHEMBL4868403,-5.1,3.9000000000000004,CHEMBL240,hERG,False,False,False
CCS(=O)(=O)c1ccc(C(Cn2cccn2)C(=O)Nc2ccc(C(O)(C(F)(F)F)C(F)(F)F)cc2)cc1,5.62,1,nM,CHEMBL4852181,-5.62,3.38,CHEMBL240,hERG,False,False,False
CCS(=O)(=O)c1ccc(C(NC(=O)CC2CC2)C(=O)Nc2ccc(C(O)(C(F)(F)F)C(F)(F)F)cc2)nc1,4.47,1,nM,CHEMBL4849302,-4.47,4.53,CHEMBL240,hERG,False,False,False
CCS(=O)(=O)c1ccc(C(NC(=O)Cc2ccccc2)C(=O)Nc2ccc(C(O)(C(F)(F)F)C(F)(F)F)cc2)nc1,4.8,1,nM,CHEMBL4852138,-4.8,4.2,CHEMBL240,hERG,False,False,False
CCS(=O)(=O)c1ccc(C(NC(=O)Cc2ccccn2)C(=O)Nc2ccc(C(O)(C(F)(F)F)C(F)(F)F)cc2)nc1,5.39,1,nM,CHEMBL4864731,-5.39,3.6100000000000003,CHEMBL240,hERG,False,False,False
CCS(=O)(=O)c1ccc(C(NC(=O)Cc2nccs2)C(=O)Nc2ccc(C(O)(C(F)(F)F)C(F)(F)F)cc2)nc1,5.26,1,nM,CHEMBL4866908,-5.26,3.74,CHEMBL240,hERG,False,False,False
CCS(=O)(=O)c1ccc(C(NC(=O)OC)C(=O)Nc2ccc(C(O)(C(F)(F)F)C(F)(F)F)cc2)nc1,5.03,1,nM,CHEMBL4862137,-5.03,3.9699999999999998,CHEMBL240,hERG,False,False,False
CCS(=O)(=O)c1ccc(C(NC(C)=O)C(=O)Nc2ccc(C(O)(C(F)(F)F)C(F)(F)F)cc2)nc1,4.8,1,nM,CHEMBL4847134,-4.8,4.2,CHEMBL240,hERG,False,False,False
CCS(=O)(=O)c1ccc(CNc2nc3cnc(-c4c(C)ncnc4C4CC4)nc3n(C(C)C)c2=O)nc1,4.96,1,nM,CHEMBL4790838,-4.96,4.04,CHEMBL240,hERG,False,False,False
CCS(=O)(=O)c1ccc(CNc2nc3cnc(-c4c(C)ncnc4C4CC4)nc3n([C@@H](C)C3CC3)c2=O)cn1,4.66,1,nM,CHEMBL4761472,-4.66,4.34,CHEMBL240,hERG,False,False,False
CCS(=O)(=O)c1ccc(CNc2nc3cnc(-c4c(C)ncnc4C4CC4)nc3n([C@@H](C)C3CC3)c2=O)nc1,5.0,1,nM,CHEMBL4787938,-5.0,4.0,CHEMBL240,hERG,False,False,False
CCS(=O)(=O)c1ccc(CNc2nc3cnc(-c4c(OC)ncnc4C4CC4)nc3n(C(C)C)c2=O)nc1,4.89,1,nM,CHEMBL4748518,-4.89,4.11,CHEMBL240,hERG,False,False,False
CCS(=O)(=O)c1ccc(CNc2nc3cnc(-c4c(OC)ncnc4C4CC4)nc3n([C@@H](C)C(F)(F)F)c2=O)nc1,5.33,1,nM,CHEMBL4749982,-5.33,3.67,CHEMBL240,hERG,False,False,False
CCS(=O)(=O)c1ccc(CNc2nc3cnc(-c4c(OC)ncnc4C4CC4)nc3n([C@@H](C)C3CC3)c2=O)nc1,5.51,1,nM,CHEMBL4744994,-5.51,3.49,CHEMBL240,hERG,False,False,False
CCS(=O)(=O)c1ccc(CNc2nc3cnc(-c4c(OC)ncnc4C4CC4)nc3n([C@H](C)C3CC3)c2=O)nc1,5.25,1,nM,CHEMBL4752825,-5.25,3.75,CHEMBL240,hERG,False,False,False
CCS(=O)(=O)c1ccc2c(c1)CN(C(C)=O)C2C(=O)Nc1ccc(C(O)(C(F)(F)F)C(F)(F)F)cc1,4.47,1,nM,CHEMBL4865352,-4.47,4.53,CHEMBL240,hERG,False,False,False
CCS(=O)(=O)c1ccc2c(c1)CN(C(C)=O)[C@@H]2C(=O)Nc1ccc(C(O)(C(F)(F)F)C(F)(F)F)cc1,4.82,1,nM,CHEMBL4875842,-4.82,4.18,CHEMBL240,hERG,False,False,False
CCS(=O)(=O)c1ccc2c(c1)CN(C(C)=O)[C@H]2C(=O)Nc1ccc(C(O)(C(F)(F)F)C(F)(F)F)cc1,4.4,1,nM,CHEMBL4854122,-4.4,4.6,CHEMBL240,hERG,False,False,False
CCS(=O)(=O)c1ccc2c(c1)nc(C(C)(C)C)n2CC1CC1,5.58,1,nM,CHEMBL1800168,-5.58,3.42,CHEMBL240,hERG,False,False,False
CCS(=O)(=O)c1cnc(CNc2nc3cnc(-c4c(C)ncnc4C4CC4)nc3n([C@@H](C)C3CC3)c2=O)nc1,5.06,1,nM,CHEMBL4783619,-5.06,3.9400000000000004,CHEMBL240,hERG,False,False,False
CCS(=O)(=O)c1cnc(N2CC3(CCN(C[C@H](O)c4ccc5c(c4C)COC5=O)CC3)CC2=O)cn1,5.21,1,nM,CHEMBL4074870,-5.21,3.79,CHEMBL240,hERG,False,False,False
CCS(=O)(=O)n1c2c(c3cc(C(=O)N4CCC(C)CC4)ccc31)CN(C1CCOC1)CC2,4.6,1,nM,CHEMBL1950488,-4.6,4.4,CHEMBL240,hERG,True,True,True
CCS(=O)(=O)n1c2c(c3cc(C(=O)N4CCC(C)CC4)ccc31)CN(C1CCOCC1)CC2,5.51,2,nM,CHEMBL1950351,-5.51,3.49,CHEMBL240,hERG,True,True,True
CCSc1cc([C@](O)(CCN(C)C)[C@@H](c2cc3cc(Br)ccc3nc2OC)c2ccnc(OC)c2OC)cc(SCC)n1,5.04,1,nM,CHEMBL4647399,-5.04,3.96,CHEMBL240,hERG,False,False,False
CCSc1cc([C@](O)(CCN(C)C)[C@@H](c2cc3cc(C#N)ccc3nc2OC)c2ccnc(OC)c2OC)cc(SCC)n1,5.82,1,nM,CHEMBL4638334,-5.82,3.1799999999999997,CHEMBL240,hERG,False,False,False
CCSc1ccc([C@H](c2cc3cc(Br)ccc3nc2OC)[C@@](O)(CCN(C)C)c2cccc(F)c2)cn1,6.34,1,nM,CHEMBL4212501,-6.34,2.66,CHEMBL240,hERG,False,False,False
CCSc1ccccc1C(=O)N(CC1CCC1)[C@H]1CCNC1,5.12,1,nM,CHEMBL556539,-5.12,3.88,CHEMBL240,hERG,True,True,True
CCSc1ncccc1C(=O)N1CC[C@H](NCc2cncn2Cc2ccc(C#N)cc2)C1=O,4.85,1,nM,CHEMBL500945,-4.85,4.15,CHEMBL240,hERG,False,False,False
CC[C@@H](C)Oc1cc2c(cc1OC)CC(=O)N(c1ccc(N(C)C[C@H]3CC[C@H](N(C)C)CC3)cc1)[C@H]2c1ccc(Cl)cc1,5.89,1,nM,CHEMBL3601322,-5.89,3.1100000000000003,CHEMBL240,hERG,False,False,False
CC[C@@H](C)n1c(=O)c(NCc2ccc(S(=O)(=O)CC)cn2)nc2cnc(-c3c(OC)ncnc3C3CC3)nc21,5.32,1,nM,CHEMBL4742024,-5.32,3.6799999999999997,CHEMBL240,hERG,False,False,False
CC[C@@H](CC(=O)NCC1CCCCC1)n1c(N)nc2cc(Cl)ccc21,5.12,1,nM,CHEMBL1222240,-5.12,3.88,CHEMBL240,hERG,False,False,False
CC[C@@H](NC(=O)C12CC(F)(C1)C2)[C@H]1[C@@H]2C[C@@H](n3cnc4cc(F)c(F)cc43)C[C@@H]21,4.32,1,nM,CHEMBL4859674,-4.32,4.68,CHEMBL240,hERG,False,False,False
CC[C@@H](NC(=O)c1cc(C(=O)N2CCC[C@@H]2C)n2c1COCC2)c1ccc(Cl)c(Cl)c1,5.0,1,nM,CHEMBL3964723,-5.0,4.0,CHEMBL240,hERG,False,False,False
CC[C@@H](NC(=O)c1ccc(C#N)cc1)[C@@H]1[C@@H]2C[C@@H](n3cnc4ccc(C#N)cc43)C[C@@H]21,5.92,1,nM,CHEMBL4863103,-5.92,3.08,CHEMBL240,hERG,False,False,False
CC[C@@H](NC(=O)c1ccc(C#N)cc1)[C@H]1[C@@H]2C[C@@H](n3cnc4cc(F)c(F)cc43)C[C@@H]21,5.904999999999999,2,nM,CHEMBL4853672,-5.904999999999999,3.0950000000000006,CHEMBL240,hERG,False,False,False
CC[C@@H](NC(=O)c1ccc(C#N)cc1)[C@H]1[C@@H]2C[C@@H](n3cnc4ccc(Cl)cc43)C[C@@H]21,5.99,2,nM,CHEMBL4870418,-5.99,3.01,CHEMBL240,hERG,False,False,False
CC[C@@H](NC(=O)c1ccc(Cl)c(F)c1)[C@H]1[C@@H]2C[C@@H](n3cnc4cc(F)c(F)cc43)C[C@@H]21,5.6,1,nM,CHEMBL4869547,-5.6,3.4000000000000004,CHEMBL240,hERG,False,False,False
CC[C@@H](NC(=O)c1ccc(Cl)cc1)[C@H]1[C@@H]2C[C@@H](n3c(C)nc4ccc(F)cc43)C[C@@H]21,5.69,3,nM,CHEMBL4864639,-5.69,3.3099999999999996,CHEMBL240,hERG,False,False,False
CC[C@@H](NC(=O)c1ccc(Cl)cc1)[C@H]1[C@@H]2C[C@@H](n3cnc4cc(F)c(F)cc43)C[C@@H]21,5.62,5,nM,CHEMBL4861332,-5.62,3.38,CHEMBL240,hERG,False,False,False
CC[C@@H](NC(=O)c1ccc(Cl)cc1)[C@H]1[C@@H]2C[C@@H](n3cnc4ccc(C#N)cc43)C[C@@H]21,5.265000000000001,2,nM,CHEMBL4848514,-5.265000000000001,3.7349999999999994,CHEMBL240,hERG,False,False,False
CC[C@@H](NC(=O)c1ccc(Cl)cc1)[C@H]1[C@@H]2C[C@@H](n3cnc4ccc(Cl)cc43)C[C@@H]21,5.64,1,nM,CHEMBL4863359,-5.64,3.3600000000000003,CHEMBL240,hERG,False,False,False
CC[C@@H](NC(=O)c1ccc(Cl)cc1)[C@H]1[C@@H]2C[C@@H](n3cnc4ccc(F)cc43)C[C@@H]21,5.0,1,nM,CHEMBL4859064,-5.0,4.0,CHEMBL240,hERG,False,False,False
CC[C@@H](NC(=O)c1ccc(OC)nc1)[C@H]1CC[C@@H](c2ccnc(OC)c2C(F)F)CC1,4.76,1,nM,CHEMBL4848094,-4.76,4.24,CHEMBL240,hERG,False,False,False
CC[C@@H](c1nc2cccc(F)c2c(=O)n1C1CC1)n1nc(-c2ccc(OC)c(F)c2)c2c(N)ncnc21,4.86,1,nM,CHEMBL4781849,-4.86,4.14,CHEMBL240,hERG,False,False,False
CC[C@@H]1NC(c2cc(C#N)ccn2)=NC1(c1ccc(F)cc1)c1ccc(F)cc1,6.31,1,nM,CHEMBL522793,-6.31,2.6900000000000004,CHEMBL240,hERG,True,True,True
CC[C@@H]1Sc2ccccc2O[C@@H]1c1ccc(OCCCN2CCCC2)cc1,7.96,2,nM,CHEMBL549433,-7.96,1.04,CHEMBL240,hERG,True,True,True
CC[C@@H]1c2nnc(-c3nc(C)ns3)n2CCN1C(=O)c1ccc(F)cc1,4.16,1,nM,CHEMBL4112608,-4.16,4.84,CHEMBL240,hERG,False,False,False
CC[C@H](NC(=O)c1ccc(Cl)cc1)[C@@H]1[C@@H]2C[C@@H](n3cnc4ccc(F)cc43)C[C@@H]21,4.85,1,nM,CHEMBL4871068,-4.85,4.15,CHEMBL240,hERG,False,False,False
CC[C@H](OC(C)=O)C(C[C@H](C)N(C)C)(c1ccccc1)c1ccccc1,5.66,1,nM,CHEMBL1514,-5.66,3.34,CHEMBL240,hERG,False,False,False
CC[C@H]1CN(C2CCN(c3nc(N)n[nH]3)CC2)[C@@H](Cc2ccc(Cl)cc2)CO1,4.48,1,nM,CHEMBL4776610,-4.48,4.52,CHEMBL240,hERG,False,False,False
CC[C@H]1OC(=O)[C@H](C)C(=O)[C@H](C)[C@@H](O[C@@H]2O[C@H](C)C[C@H](N(C)C)[C@H]2O)[C@](C)(O)C[C@@H](C)C(=O)[C@H](C)[C@H]2N(C3CN(Cc4c(O)cnc5cccnc45)C3)C(=O)O[C@]12C,4.17,1,nM,CHEMBL583299,-4.17,4.83,CHEMBL240,hERG,False,False,False
CC[C@H]1OC(=O)[C@H](C)C(=O)[C@H](C)[C@@H](O[C@@H]2O[C@H](C)C[C@H](N(C)C)[C@H]2O)[C@](C)(O)C[C@@H](C)C(=O)[C@H](C)[C@H]2N(C3CN(Cc4ccnc5ncccc45)C3)C(=O)O[C@]12C,4.1,1,nM,CHEMBL583091,-4.1,4.9,CHEMBL240,hERG,False,False,False
CC[C@H]1OC(=O)[C@H](C)C(=O)[C@H](C)[C@@H](O[C@@H]2O[C@H](C)C[C@H](N(C)C)[C@H]2O)[C@](C)(O)C[C@@H](C)C(=O)[C@H](C)[C@H]2N(C3CN([C@H](C)c4ccnc5ncccc45)C3)C(=O)O[C@]12C,4.37,1,nM,CHEMBL583093,-4.37,4.63,CHEMBL240,hERG,False,False,False
CC[C@H]1OC(=O)[C@H](C)C(=O)[C@H](C)[C@@H](O[C@@H]2O[C@H](C)C[C@H](N(C)C)[C@H]2O)[C@](C)(OC)C[C@@H](C)C(=O)[C@H](C)[C@H]2N(CCCCn3cnc(-c4cccnc4)c3)C(=O)O[C@]12C,4.4,1,nM,CHEMBL1136,-4.4,4.6,CHEMBL240,hERG,False,False,False
CC[C@H]1OC(=O)[C@H](C)[C@@H](O[C@H]2C[C@@](C)(OC)C[C@H](C)O2)[C@H](C)[C@@H](O[C@@H]2O[C@H](C)C[C@H](N(C)C(C)C)[C@H]2O)[C@](C)(O)C[C@@H](C)[C@H](OCC(=O)NC)[C@H](C)[C@@H](O)[C@]1(C)O,4.52,1,nM,CHEMBL1778052,-4.52,4.48,CHEMBL240,hERG,False,False,False
CC[C@H]1OC(=O)[C@H](C)[C@@H](O[C@H]2C[C@@](C)(OC)[C@@H](O)[C@H](C)O2)[C@H](C)[C@@H](O[C@@H]2O[C@H](C)C[C@H](N(C)C(C)C)[C@H]2O)[C@](C)(O)C[C@@H](C)[C@H](O)[C@H](C)[C@@H](O)[C@]1(C)O,8.0,1,nM,CHEMBL584549,-8.0,1.0,CHEMBL240,hERG,False,False,False
CC[C@H]1OC(=O)[C@H](C)[C@@H](O[C@H]2C[C@@](C)(OC)[C@@H](O)[C@H](C)O2)[C@H](C)[C@@H](O[C@@H]2O[C@H](C)C[C@H](N(C)C(C)C)[C@H]2O)[C@](C)(O)C[C@@H](C)[C@H](OCC(=O)NC)[C@H](C)[C@@H](O)[C@]1(C)O,6.39,1,nM,CHEMBL572996,-6.39,2.6100000000000003,CHEMBL240,hERG,False,False,False
CC[C@H]1OC(=O)[C@H](C)[C@@H](O[C@H]2C[C@@](C)(OC)[C@@H](O)[C@H](C)O2)[C@H](C)[C@@H](O[C@@H]2O[C@H](C)C[C@H](N(C)C)[C@H]2O)[C@](C)(O)C[C@@H](C)C(=O)[C@H](C)[C@@H](O)[C@]1(C)O,5.91,2,nM,CHEMBL532,-5.91,3.09,CHEMBL240,hERG,False,False,False
CC[C@H]1OC(=O)[C@H](C)[C@@H](O[C@H]2C[C@@](C)(OC)[C@@H](O)[C@H](C)O2)[C@H](C)[C@@H](O[C@@H]2O[C@H](C)C[C@H](N(C)C)[C@H]2O)[C@](C)(OC)C[C@@H](C)C(=O)[C@H](C)[C@@H](O)[C@]1(C)O,4.23,5,nM,CHEMBL1741,-4.23,4.77,CHEMBL240,hERG,False,False,False
CC[C@H]1OC2(CCN(CCc3ccccc3)CC2)CN(C)C1=O,5.18,1,nM,CHEMBL4752386,-5.18,3.8200000000000003,CHEMBL240,hERG,False,False,False
CC[C@]1(c2cccc(C(N)=O)c2)[C@@H]2CN(CC3(O)Cc4ccccc4C3)C[C@@H]21,5.66,1,nM,CHEMBL3219615,-5.66,3.34,CHEMBL240,hERG,True,True,True
CC[C@]1(c2cccc(NS(C)(=O)=O)c2)[C@@H]2CN(CC3(O)Cc4ccccc4C3)C[C@@H]21,5.8,1,nM,CHEMBL3219616,-5.8,3.2,CHEMBL240,hERG,True,True,True
CC[C@]1(c2cccc(NS(C)(=O)=O)c2)[C@@H]2CN(CC3Cc4ccccc4C3)C[C@@H]21,6.49,1,nM,CHEMBL1957718,-6.49,2.51,CHEMBL240,hERG,False,False,False
CC[C@]1(c2cccc(NS(C)(=O)=O)c2)[C@@H]2CN(CCCC3(O)CCCCC3)C[C@@H]21,6.15,1,nM,CHEMBL3219614,-6.15,2.8499999999999996,CHEMBL240,hERG,False,False,False
CC[N+]1(C)CCc2c(sc(NC(=O)Nc3ccc(Cl)cc3)c2C(N)=O)C1,5.47,1,nM,CHEMBL4074997,-5.47,3.5300000000000002,CHEMBL240,hERG,False,False,False
CC[N+]1(C)Cc2sc(NC(=O)Nc3ccc(Cl)cc3)c(C(N)=O)c2C1,5.48,1,nM,CHEMBL4074914,-5.48,3.5199999999999996,CHEMBL240,hERG,False,False,False
CCc1[nH]ncc1Cn1cc(-c2ccc(Cl)c(OC(F)F)c2)cn1,4.46,1,nM,CHEMBL3983077,-4.46,4.54,CHEMBL240,hERG,False,False,False
CCc1c(-c2ccc(N3CCC(N(C)C)C3)cc2)[nH]c(=O)c2c(=O)[nH]sc12,4.7,1,nM,CHEMBL4526887,-4.7,4.3,CHEMBL240,hERG,False,False,False
CCc1c(C(=O)NC(C)(C)c2nnnn2C)nn(-c2ccc(Cl)cc2Cl)c1-c1ccc(Br)cc1,4.64,1,nM,CHEMBL1814154,-4.64,4.36,CHEMBL240,hERG,False,False,False
CCc1c(CCN2CCN(C(=O)Cc3ccc(-n4cnnn4)cc3)CC2)ccc2c1COC2=O,4.57,1,nM,CHEMBL2441418,-4.57,4.43,CHEMBL240,hERG,False,False,False
CCc1c(CNC23CCC(CCc4c(F)cnc5ccc(OC)nc45)(CC2)OC3)nc2c(c1C)OCC(=O)N2,6.16,1,nM,CHEMBL3604693,-6.16,2.84,CHEMBL240,hERG,False,False,False
CCc1c(CN[C@H]2CC[C@@H](F)C2)nc(-c2ncccc2Cl)n1-c1ccc(C)nc1,4.82,1,nM,CHEMBL564812,-4.82,4.18,CHEMBL240,hERG,False,False,False
CCc1c(N)ncnc1N1CCC(c2nc(-c3ccc(F)c(C(F)(F)F)c3)cn2CCN(C)C)CC1,5.89,1,nM,CHEMBL3911401,-5.89,3.1100000000000003,CHEMBL240,hERG,False,False,False
CCc1c(N)ncnc1N1CCC(c2nc(-c3ccc(F)c(C(F)(F)F)c3)cn2CCN2CCC2)CC1,5.8,1,nM,CHEMBL3922798,-5.8,3.2,CHEMBL240,hERG,False,False,False
CCc1c(Nc2ncc(Cl)c(-c3cnn4ccccc34)n2)cnn1C1CCN(C(C)=O)CC1,4.77,1,nM,CHEMBL3822962,-4.77,4.23,CHEMBL240,hERG,False,False,False
CCc1cc(-c2ccc3c(c2)-c2nnc(Nc4cccc(C(F)(F)F)c4)n2CCO3)ccn1,6.48,1,nM,CHEMBL4752684,-6.48,2.5199999999999996,CHEMBL240,hERG,False,False,False
CCc1cc(-c2ccccc2)cc(S(=O)(=O)c2cnc(CN)s2)c1,4.44,1,nM,CHEMBL4564074,-4.44,4.56,CHEMBL240,hERG,False,False,False
CCc1cc(-c2cnn(C)c2)cc(S(=O)(=O)c2cnc(CN)s2)c1,4.33,1,nM,CHEMBL4444163,-4.33,4.67,CHEMBL240,hERG,False,False,False
CCc1cc(-c2cnn(C)c2)cc(S(=O)(=O)c2csc(CN)n2)c1,4.54,1,nM,CHEMBL4463882,-4.54,4.46,CHEMBL240,hERG,False,False,False
CCc1cc(-c2nnc(NCCCN3CCCCC3)o2)ccc1NC(=O)c1ccccc1F,4.6,1,nM,CHEMBL2023922,-4.6,4.4,CHEMBL240,hERG,False,False,False
CCc1cc(C(=O)NC[C@H](C)N(CC)CC)cc(-c2cnn3ccc(-c4cccs4)nc23)n1,5.48,1,nM,CHEMBL4209443,-5.48,3.5199999999999996,CHEMBL240,hERG,False,False,False
CCc1cc(C(=O)N[C@@H]2CC(C)(C)Oc3nc(-c4ccc(Cl)cc4Cl)c(-c4ccc(Cl)cc4)cc32)n[nH]1,5.92,1,nM,CHEMBL1095789,-5.92,3.08,CHEMBL240,hERG,False,False,False
CCc1cc(COc2cc(C(=O)N3CCC[C@@H](N)C3)nn2-c2ccc(C#N)cc2)on1,5.3,1,nM,CHEMBL4101067,-5.3,3.7,CHEMBL240,hERG,False,False,False
CCc1cc(F)c2nc(N3CCC(NC4CCOCC4)CC3)c(-c3nc(C)no3)c(C)c2c1,9.0,1,nM,CHEMBL4592045,-9.0,0.0,CHEMBL240,hERG,False,False,False
CCc1cc(N2CCN(CCc3ccc(OCCCN4CCCCCC4)cc3)CC2)c2nc(CCC(=O)O)ccc2c1,4.3,1,nM,CHEMBL3926412,-4.3,4.7,CHEMBL240,hERG,True,True,True
CCc1cc(NC(=O)c2ccccc2F)ccc1-c1nnc(NCCCN2CCCCC2)o1,5.4,1,nM,CHEMBL2023930,-5.4,3.5999999999999996,CHEMBL240,hERG,False,False,False
CCc1cc(Oc2cc(Cl)ccc2CNC)ccc1Cl,5.94,1,nM,CHEMBL449542,-5.94,3.0599999999999996,CHEMBL240,hERG,False,False,False
CCc1cc(Oc2ccc(F)cc2CNC)ccc1Cl,5.34,1,nM,CHEMBL507721,-5.34,3.66,CHEMBL240,hERG,False,False,False
CCc1cc2c(s1)CCN1Cc3ccccc3CC21,4.98,1,nM,CHEMBL4169575,-4.98,4.02,CHEMBL240,hERG,False,False,False
CCc1cc2nccc(Nc3n[nH]c(C)c3C)c2cc1S(=O)(=O)C(C)(C)C,4.62,1,nM,CHEMBL4285837,-4.62,4.38,CHEMBL240,hERG,False,False,False
CCc1ccc2c(=O)cc(C(=O)NC3CCN(Cc4ccc5c(c4)OCO5)CC3)oc2c1,8.13,1,nM,CHEMBL214377,-8.13,0.8699999999999992,CHEMBL240,hERG,False,False,False
CCc1ccc2c(c1)C(C1=C[C@H](C)N(C)CC1)=Nc1cc(Cl)ccc1N2,5.96,1,nM,CHEMBL4760903,-5.96,3.04,CHEMBL240,hERG,False,False,False
CCc1ccc2c(c1)C(C1=C[C@H](C)N(C)CC1)=Nc1ccccc1N2,6.22,1,nM,CHEMBL4756987,-6.22,2.7800000000000002,CHEMBL240,hERG,False,False,False
CCc1ccc2oc(N3CCN4CCC3CC4)nc2n1,4.56,1,nM,CHEMBL598555,-4.56,4.44,CHEMBL240,hERG,False,False,False
CCc1cccc(Nc2cc(N[C@@H]3CCCC[C@@H]3N)nnc2C(N)=O)n1,5.2,1,nM,CHEMBL3237556,-5.2,3.8,CHEMBL240,hERG,False,False,False
CCc1ccn2ccnc2c1N1CCCN(CC2CCN(C(=O)[C@H]3C[C@@H]4CC[C@H]3O4)CC2)CC1,5.89,1,nM,CHEMBL4072602,-5.89,3.1100000000000003,CHEMBL240,hERG,False,False,False
CCc1ccn2ccnc2c1N1CCCN([C@@H](CC(N)=O)C2CCN(C(=O)[C@H]3C[C@@H]4CC[C@H]3O4)CC2)CC1,5.08,1,nM,CHEMBL4084050,-5.08,3.92,CHEMBL240,hERG,False,False,False
CCc1cn(-c2ccc(F)cc2)c2ccc(Cl)cc12,5.46,1,nM,CHEMBL300907,-5.46,3.54,CHEMBL240,hERG,False,False,False
CCc1cnc(N2CCC([C@H]3C[C@H]3CCOc3ccc(CC(=O)N4CCC4)c(F)c3)CC2)nc1,5.5,1,nM,CHEMBL4098051,-5.5,3.5,CHEMBL240,hERG,False,False,False
CCc1cncc(-c2ccc3c(c2)C2(COC(N)=N2)C2(CC2)CO3)c1,5.35,2,nM,CHEMBL3703264,-5.35,3.6500000000000004,CHEMBL240,hERG,False,False,False
CCc1n[nH]c(CC)c1Oc1cc(C#N)cc(C#N)c1,5.01,1,nM,CHEMBL565829,-5.01,3.99,CHEMBL240,hERG,False,False,False
CCc1n[nH]c(CC)c1Oc1cc(C)cc(C#N)c1,4.0,1,nM,CHEMBL576256,-4.0,5.0,CHEMBL240,hERG,False,False,False
CCc1n[nH]c(CC)c1Oc1cc(Cl)cc(C#N)c1,4.41,1,nM,CHEMBL567916,-4.41,4.59,CHEMBL240,hERG,False,False,False
CCc1nc(C)cn2nc(-c3cc(=O)n4cc(C5CCN(C)CC5)cc(C)c4n3)cc12,5.75,1,nM,CHEMBL4459971,-5.75,3.25,CHEMBL240,hERG,False,False,False
CCc1nc([C@]2(c3cnn(C)c3)N[C@@H](c3nc(-c4ccc(F)cn4)c[nH]3)Cc3c2[nH]c2ccccc32)no1,5.02,1,nM,CHEMBL3582320,-5.02,3.9800000000000004,CHEMBL240,hERG,False,False,False
CCc1nc2c(C)cc(C)nc2n1Cc1ccc(/C=C/CN2CCN(C(C)C)CC2)cc1,6.0,2,nM,CHEMBL3675746,-6.0,3.0,CHEMBL240,hERG,False,False,False
CCc1nc2c(C)cc(C)nn2c1Cc1ccc(/C=C/CN2CCN(C(C)C)CC2)cc1,5.64,1,nM,CHEMBL4205308,-5.64,3.3600000000000003,CHEMBL240,hERG,False,False,False
CCc1nc2c(C)cc(N3CCN(CC(=O)N4CC(O)C4)CC3)cn2c1N(C)c1nc(-c2ccc(F)cc2)c(C#N)s1,4.82,2,nM,CHEMBL3828074,-4.82,4.18,CHEMBL240,hERG,False,False,False
CCc1nc2c(Cc3ccc(C(=O)NO)cc3)cccc2c(=O)n1CCc1ccccc1,5.33,1,nM,CHEMBL2425952,-5.33,3.67,CHEMBL240,hERG,False,False,False
CCc1nc2c3c(ccc2o1)CCN(CCCSc1nnc(-c2cccc4nc(C)ccc24)n1C)CC3,5.2,1,nM,CHEMBL442456,-5.2,3.8,CHEMBL240,hERG,False,False,False
CCc1nc2c3c(ccc2o1)CCN(CCCSc1nnc(-c2ocnc2C)n1C)CC3,5.3,1,nM,CHEMBL427836,-5.3,3.7,CHEMBL240,hERG,False,False,False
CCc1nc2cc(CN3CCC(NC(=O)c4cc(=O)c5ccc(F)cc5o4)CC3)ccc2o1,4.7,1,nM,CHEMBL384043,-4.7,4.3,CHEMBL240,hERG,False,False,False
CCc1nc2cc3c(c(Br)c2o1)CCN(C(C)CCSc1nnc(-c2cccc4nc(C)ccc24)n1C)CC3,5.5,1,nM,CHEMBL255417,-5.5,3.5,CHEMBL240,hERG,False,False,False
CCc1nc2cc3c(c(Br)c2o1)CCN(CCCCSc1nnc(-c2cccc4nc(C)ccc24)n1C)CC3,5.8,1,nM,CHEMBL256482,-5.8,3.2,CHEMBL240,hERG,False,False,False
CCc1nc2cc3c(c(Br)c2o1)CCN(CCCSc1nnc(-c2cccc4nc(C)ccc24)n1C)CC3,5.9,1,nM,CHEMBL255778,-5.9,3.0999999999999996,CHEMBL240,hERG,False,False,False
CCc1nc2cc3c(c(Br)c2o1)CCN(CCSc1nnc(-c2cccc4nc(C)ccc24)n1C)CC3,5.6,1,nM,CHEMBL272378,-5.6,3.4000000000000004,CHEMBL240,hERG,False,False,False
CCc1nc2cc3c(c(C)c2o1)CCN(C(C)CCSc1nnc(-c2cccc4nc(C)ccc24)n1C)CC3,5.4,1,nM,CHEMBL257524,-5.4,3.5999999999999996,CHEMBL240,hERG,False,False,False
CCc1nc2cc3c(c(C)c2o1)CCN(CCCCSc1nnc(-c2cccc4nc(C)ccc24)n1C)CC3,5.8,1,nM,CHEMBL269994,-5.8,3.2,CHEMBL240,hERG,False,False,False
CCc1nc2cc3c(c(C)c2o1)CCN(CCCSc1nnc(-c2cccc4nc(C)ccc24)n1C)CC3,6.3,1,nM,CHEMBL401752,-6.3,2.7,CHEMBL240,hERG,False,False,False
CCc1nc2cc3c(c(C)c2o1)CCN(CCSc1nnc(-c2cccc4nc(C)ccc24)n1C)CC3,5.6,1,nM,CHEMBL401777,-5.6,3.4000000000000004,CHEMBL240,hERG,False,False,False
CCc1nc2cc3c(cc2o1)CCN(CCCSc1nnc(-c2ccc(C(F)(F)F)cc2)n1C)CC3,6.6,1,nM,CHEMBL271096,-6.6,2.4000000000000004,CHEMBL240,hERG,False,False,False
CCc1nc2cc3c(cc2o1)CCN(CCCSc1nnc(-c2ccc(F)c(F)c2)n1C)CC3,5.9,1,nM,CHEMBL256651,-5.9,3.0999999999999996,CHEMBL240,hERG,False,False,False
CCc1nc2cc3c(cc2o1)CCN(CCCSc1nnc(-c2cccc4nc(C)ccc24)n1C)CC3,5.3,1,nM,CHEMBL272545,-5.3,3.7,CHEMBL240,hERG,False,False,False
CCc1nc2cc3c(cc2o1)CCN(CCCSc1nnc(-c2cccnc2)n1C)CC3,4.8,1,nM,CHEMBL272302,-4.8,4.2,CHEMBL240,hERG,False,False,False
CCc1nc2cc3c(cc2o1)CCN(CCCSc1nnc(-c2ocnc2C)n1C)CC3,5.2,1,nM,CHEMBL272546,-5.2,3.8,CHEMBL240,hERG,False,False,False
CCc1nc2cc3c(cc2s1)CCN(CCCSc1nnc(-c2cccc4nc(C)ccc24)n1C)CC3,6.6,1,nM,CHEMBL271631,-6.6,2.4000000000000004,CHEMBL240,hERG,False,False,False
CCc1nc2cc3c(cc2s1)CCN(CCCSc1nnc(-c2ocnc2C)n1C)CC3,5.9,1,nM,CHEMBL255567,-5.9,3.0999999999999996,CHEMBL240,hERG,False,False,False
CCc1nc2ccc(C3CCN(CC(=O)N4CC(O)C4)CC3)cn2c1N(C)c1nc(-c2ccc(F)cc2)c(C#N)s1,5.54,1,nM,CHEMBL4061747,-5.54,3.46,CHEMBL240,hERG,False,False,False
CCc1nc2ccc(C3CCN(CC(=O)N4CC(O)C4)CC3)cn2c1N(C)c1nc(-c2ccc(F)cc2)cs1,5.25,1,nM,CHEMBL4063869,-5.25,3.75,CHEMBL240,hERG,False,False,False
CCc1nc2ccc(CN3CCC(NC(=O)c4cc(=O)c5ccc(F)cc5o4)CC3)cc2o1,4.57,1,nM,CHEMBL215457,-4.57,4.43,CHEMBL240,hERG,False,False,False
CCc1nc2ccc3c(c2s1)CCN(CCCSc1nnc(-c2cccc4nc(C)ccc24)n1C)CC3,6.8,1,nM,CHEMBL256442,-6.8,2.2,CHEMBL240,hERG,False,False,False
CCc1nc2ccc3c(c2s1)CCN(CCCSc1nnc(-c2ocnc2C)n1C)CC3,5.5,1,nM,CHEMBL403804,-5.5,3.5,CHEMBL240,hERG,False,False,False
CCc1nc2ccccc2c(=O)n1-c1ccc(OCCCN2CCCC2)cc1,5.3,2,nM,CHEMBL476723,-5.3,3.7,CHEMBL240,hERG,True,True,True
CCc1ncc(-c2cc(-c3ccc(C(=O)O)cc3C)ccc2OC)c(CN2C(=O)O[C@H](c3cc(C(F)(F)F)cc(C(F)(F)F)c3)[C@@H]2C)n1,4.72,1,nM,CHEMBL4848688,-4.72,4.28,CHEMBL240,hERG,False,False,False
CCc1ncc([C@H]2CC[C@@H](N3CC(NC(=O)CNc4nn(C)c5ccc(C(F)(F)F)cc45)C3)CC2)s1,4.64,1,nM,CHEMBL1834798,-4.64,4.36,CHEMBL240,hERG,False,False,False
CCc1nn(C)c2cc3c(cc12)CCN(CCCSc1nnc(-c2cccc4nc(C)ccc24)n1C)CC3,6.0,1,nM,CHEMBL256477,-6.0,3.0,CHEMBL240,hERG,False,False,False
CCc1nn(C2CCN(C(C)=O)CC2)cc1Nc1ncc(Cl)c(-c2cnn3ccccc23)n1,5.28,1,nM,CHEMBL3822619,-5.28,3.7199999999999998,CHEMBL240,hERG,False,False,False
CCc1nn(CCOCC(F)(F)F)c2c(Nc3ccncn3)nc(N3CCNCC3)nc12,5.29,1,nM,CHEMBL1099069,-5.29,3.71,CHEMBL240,hERG,False,False,False
CCc1nn(CCOCC(F)(F)F)c2c(Nc3ccncn3)nc(N3CCN[C@H](C)C3)nc12,5.85,1,nM,CHEMBL1095121,-5.85,3.1500000000000004,CHEMBL240,hERG,False,False,False
CCc1nn2c(C)cc(C)nc2c1Cc1ccc(-c2nnc(C3CCNCC3)o2)cc1,4.72,1,nM,CHEMBL3675743,-4.72,4.28,CHEMBL240,hERG,False,False,False
CCc1nn2c(C)cc(C)nc2c1Cc1ccc(/C=C/CN2CCN(C(C)C)CC2)cc1,5.68,1,nM,CHEMBL4209248,-5.68,3.3200000000000003,CHEMBL240,hERG,False,False,False
CCc1nn2c(C)cc(C)nc2c1Cc1ccc(/C=C/CN2CCNCC2=O)cc1,4.6,1,nM,CHEMBL4207309,-4.6,4.4,CHEMBL240,hERG,False,False,False
CCc1nn2c(C)cc(C)nc2c1Cc1ccc(CCC(=O)N2CCNCC2)cc1,4.64,1,nM,CHEMBL4212656,-4.64,4.36,CHEMBL240,hERG,False,False,False
CCc1nn2c(C)cc(C)nc2c1Cc1ccc(CCC(O)C2CCNCC2)cc1,5.28,1,nM,CHEMBL4208267,-5.28,3.7199999999999998,CHEMBL240,hERG,False,False,False
CCc1nn2c(C)cc(C)nc2c1Cc1ccc(CCCC2(O)CCN(C(C)C)CC2)cc1,5.24,1,nM,CHEMBL4211343,-5.24,3.76,CHEMBL240,hERG,False,False,False
CCc1nn2c(C)cc(C)nc2c1Cc1ccc(CCCC2(O)CCNCC2)cc1,4.62,1,nM,CHEMBL4213196,-4.62,4.38,CHEMBL240,hERG,False,False,False
CCc1nn2c(C)cc(C)nc2c1Cc1ccc(CCCN2CCN(C(C)C)CC2)cc1,5.35,1,nM,CHEMBL3639746,-5.35,3.6500000000000004,CHEMBL240,hERG,False,False,False
CCc1nn2ccccc2c1CCN(Cc1ccc(/C=C/C(=O)NO)cc1)C(C)C,5.12,1,nM,CHEMBL1819274,-5.12,3.88,CHEMBL240,hERG,False,False,False
CCc1nnc([C@H]2[C@@H]3CN(C(=O)c4ccc(C[C@@H]5CC[C@H]([C@H](O)c6ccccc6)N5)cc4)C[C@@H]32)o1,4.44,1,nM,CHEMBL3747455,-4.44,4.56,CHEMBL240,hERG,False,False,False
CCc1nnc([C@]2(c3cnn(C)c3)N[C@@H](c3nc(-c4ccc(F)cn4)c[nH]3)Cc3c2[nH]c2ccccc32)o1,5.37,1,nM,CHEMBL3582325,-5.37,3.63,CHEMBL240,hERG,False,False,False
CCc1noc(-c2nnc3n2CCN(C(=O)c2ccc(-c4cccs4)cc2)[C@@H]3C)n1,4.5,1,nM,CHEMBL4108623,-4.5,4.5,CHEMBL240,hERG,False,False,False
CCc1noc(-c2nnc3n2CCN(C(=O)c2ccc(F)cc2)[C@@H]3C)n1,4.16,1,nM,CHEMBL4110286,-4.16,4.84,CHEMBL240,hERG,False,False,False
CCc1noc2cc3c(cc12)CCN(CCCSc1nnc(-c2cccc4nc(C)ccc24)n1C)CC3,6.0,1,nM,CHEMBL403181,-6.0,3.0,CHEMBL240,hERG,False,False,False
CCc1nsc(-c2nnc3n2CCN(C(=O)c2ccc(F)cc2)[C@@H]3C)n1,4.5,1,nM,CHEMBL4113741,-4.5,4.5,CHEMBL240,hERG,False,False,False
CCc1oc(CCc2cc(N3CCOCC3)cc(NC(C)=O)n2)nc1C,5.16,1,nM,CHEMBL559987,-5.16,3.84,CHEMBL240,hERG,False,False,False
CCc1oc(CCc2cc(N3CCOCC3)cc(NC(C)C)n2)nc1C,6.27,1,nM,CHEMBL557648,-6.27,2.7300000000000004,CHEMBL240,hERG,False,False,False
CCc1oc(CCc2cc(N3CCOCC3)cc(NC)n2)nc1C,6.08,1,nM,CHEMBL571013,-6.08,2.92,CHEMBL240,hERG,False,False,False
CCc1oc(CCc2cc(N3CCOCC3)cc(NCC#N)n2)nc1C,5.37,1,nM,CHEMBL556183,-5.37,3.63,CHEMBL240,hERG,False,False,False
CCc1oc(CCc2cc(N3CCOCC3)cc(NCC(F)(F)F)n2)nc1C,5.8,1,nM,CHEMBL560182,-5.8,3.2,CHEMBL240,hERG,False,False,False
CCc1oc(CCc2cc(N3CCOCC3)cc(NCCC#N)n2)nc1C,5.8,1,nM,CHEMBL560921,-5.8,3.2,CHEMBL240,hERG,False,False,False
CCc1oc(CCc2cc(N3CCOCC3)cc(NCCOC)n2)nc1C,6.05,1,nM,CHEMBL562677,-6.05,2.95,CHEMBL240,hERG,False,False,False
CCc1oc(SCc2cc(N3CCOCC3)cc(NCC#N)n2)nc1C,5.08,1,nM,CHEMBL551197,-5.08,3.92,CHEMBL240,hERG,False,False,False
CCc1sc(CCc2cc(N3CCOCC3)cc(NC(C)c3cc(Cl)cc(NC(=O)OC(C)C)c3)n2)nc1C,7.44,1,nM,CHEMBL564536,-7.44,1.5599999999999996,CHEMBL240,hERG,False,False,False
CCn1c(-c2ccc(OCCCN3CCCCC3)cc2)nc2ccccc2c1=O,5.77,2,nM,CHEMBL519067,-5.77,3.2300000000000004,CHEMBL240,hERG,True,True,True
CCn1c(=O)oc2ccc(-c3ccc(C[C@@H](C#N)NC(=O)[C@@H]4CNCCCO4)cc3)cc21,4.51,1,nM,CHEMBL3980602,-4.51,4.49,CHEMBL240,hERG,False,False,False
CCn1cc(C2(c3cccc(-c4cncc(F)c4)c3)N=C(N)c3c(F)cccc32)cc(C)c1=O,5.57,1,nM,CHEMBL2177301,-5.57,3.4299999999999997,CHEMBL240,hERG,False,False,False
CCn1cc(C2(c3cccc(-c4cncnc4)c3)N=C(N)c3c(F)cccc32)cc(C)c1=O,4.82,1,nM,CHEMBL2177920,-4.82,4.18,CHEMBL240,hERG,False,False,False
CCn1cc(C2(c3nn(C)c(=O)o3)NC(c3nc(-c4ccc(F)cn4)c[nH]3)Cc3c2[nH]c2ccccc32)cn1,4.57,1,nM,CHEMBL3582338,-4.57,4.43,CHEMBL240,hERG,False,False,False
CCn1cc(C2(c3nn(C)c(=O)o3)N[C@@H](c3nc(-c4ccc(F)cn4)c[nH]3)Cc3c2[nH]c2ccccc32)cn1,4.4,1,nM,CHEMBL3582337,-4.4,4.6,CHEMBL240,hERG,False,False,False
CCn1cc(N2CCN(Cc3nc4c5cccc(OC)c5nc(N)n4n3)[C@H](C)C2)cn1,4.41,1,nM,CHEMBL3596589,-4.41,4.59,CHEMBL240,hERG,True,True,True
CCn1cc(Nc2nc(N)nc(-c3cccc(-n4ccc5cc(C6CC6)cc(F)c5c4=O)c3CO)n2)cc1C#N,5.11,1,nM,CHEMBL4216339,-5.11,3.8899999999999997,CHEMBL240,hERG,False,False,False
CCn1cc([C@@]2(c3nn(C(C)C)c(=O)o3)N[C@@H](c3nc(-c4ccc(F)cn4)c[nH]3)Cc3c2[nH]c2ccccc32)cn1,5.11,1,nM,CHEMBL3582340,-5.11,3.8899999999999997,CHEMBL240,hERG,False,False,False
CCn1cc([C@@]2(c3nn(C)c(=O)o3)N[C@@H](c3nc(-c4ccc(F)cn4)c[nH]3)Cc3c2[nH]c2ccccc32)cn1,4.53,2,nM,CHEMBL3582336,-4.53,4.47,CHEMBL240,hERG,False,False,False
CCn1cc([C@@]2(c3nn(CC(=O)O)c(=O)o3)N[C@@H](c3nc(-c4ccc(F)cn4)c[nH]3)Cc3c2[nH]c2ccccc32)cn1,4.52,1,nM,CHEMBL3582343,-4.52,4.48,CHEMBL240,hERG,False,False,False
CCn1cc([C@@]2(c3nn(CC(N)=O)c(=O)o3)N[C@@H](c3nc(-c4ccc(F)cn4)c[nH]3)Cc3c2[nH]c2ccccc32)cn1,4.46,1,nM,CHEMBL3582344,-4.46,4.54,CHEMBL240,hERG,False,False,False
CCn1cc([C@@]2(c3nn(CC)c(=O)o3)N[C@@H](c3nc(-c4ccc(F)cn4)c[nH]3)Cc3c2[nH]c2ccccc32)cn1,5.11,1,nM,CHEMBL3582339,-5.11,3.8899999999999997,CHEMBL240,hERG,False,False,False
CCn1cc([C@@]2(c3nn(CC4CC4)c(=O)o3)N[C@@H](c3nc(-c4ccc(F)cn4)c[nH]3)Cc3c2[nH]c2ccccc32)cn1,5.26,1,nM,CHEMBL3582341,-5.26,3.74,CHEMBL240,hERG,False,False,False
CCn1cc([C@@]2(c3nn(CCN(C)C)c(=O)o3)N[C@@H](c3nc(-c4ccc(F)cn4)c[nH]3)Cc3c2[nH]c2ccccc32)cn1,5.47,1,nM,CHEMBL3582342,-5.47,3.5300000000000002,CHEMBL240,hERG,False,False,False
CCn1cc([C@@]2(c3nnc(C)o3)N[C@@H](c3nc(-c4ccc(F)cn4)c[nH]3)Cc3c2[nH]c2ccccc32)cn1,5.07,1,nM,CHEMBL3582326,-5.07,3.9299999999999997,CHEMBL240,hERG,False,False,False
CCn1cc([C@@]2(c3nnc(N(C)C)o3)N[C@@H](c3nc(-c4ccc(F)cn4)c[nH]3)Cc3c2[nH]c2ccccc32)cn1,5.26,1,nM,CHEMBL3582332,-5.26,3.74,CHEMBL240,hERG,False,False,False
CCn1cc([C@@]2(c3nnc(NC)o3)N[C@@H](c3nc(-c4ccc(F)cn4)c[nH]3)Cc3c2[nH]c2ccccc32)cn1,5.96,1,nM,CHEMBL3582331,-5.96,3.04,CHEMBL240,hERG,False,False,False
CCn1cc([C@@]2(c3nnc(O)o3)N[C@@H](c3nc(-c4ccc(F)cn4)c[nH]3)Cc3c2[nH]c2ccccc32)cn1,4.65,1,nM,CHEMBL3582327,-4.65,4.35,CHEMBL240,hERG,False,False,False
CCn1cc([C@@]2(c3nnc(S)o3)N[C@@H](c3nc(-c4ccc(F)cn4)c[nH]3)Cc3c2[nH]c2ccccc32)cn1,4.98,1,nM,CHEMBL3582328,-4.98,4.02,CHEMBL240,hERG,False,False,False
CCn1cc([C@@]2(c3nnc(SC)o3)N[C@@H](c3nc(-c4ccc(F)cn4)c[nH]3)Cc3c2[nH]c2ccccc32)cn1,5.8,1,nM,CHEMBL3582329,-5.8,3.2,CHEMBL240,hERG,False,False,False
CCn1cc([C@@]2(c3noc(C)n3)N[C@@H](c3nc(-c4ccc(F)cn4)c[nH]3)Cc3c2[nH]c2ccccc32)cn1,5.14,1,nM,CHEMBL3582319,-5.14,3.8600000000000003,CHEMBL240,hERG,False,False,False
CCn1cc([C@]2(c3cccc(C#CC4CC4)c3)N=C(N)c3c(F)cccc32)cc(C)c1=O,5.07,1,nM,CHEMBL2177304,-5.07,3.9299999999999997,CHEMBL240,hERG,False,False,False
CCn1cc([C@]2(c3cccc(NC(=O)c4ccc(Cl)cn4)c3)N=C(N)c3c(F)cccc32)cc(C)c1=O,5.89,1,nM,CHEMBL2177305,-5.89,3.1100000000000003,CHEMBL240,hERG,False,False,False
CCn1ccc(NC(=O)c2cc(Oc3ccc(C(=O)N4CCC4)cc3)cc(O[C@@H](C)CO)c2)n1,4.27,1,nM,CHEMBL3219105,-4.27,4.73,CHEMBL240,hERG,False,False,False
CCn1cnc2c(-c3ccc(F)c(-c4ccc(S(=O)(=O)CC)cc4OC)c3)cnnc21,4.57,1,nM,CHEMBL3647536,-4.57,4.43,CHEMBL240,hERG,False,False,False
CCn1nc(C(F)(F)F)cc1Nc1nc(-c2ccc(-n3cnc(C)c3)c(OC)n2)cs1,4.72,1,nM,CHEMBL4763513,-4.72,4.28,CHEMBL240,hERG,False,False,False
CCn1nc(C2(C)CC2)cc1Nc1nc(-c2ccc(-n3cnc(C)c3)c(OC)n2)cs1,4.91,1,nM,CHEMBL4749020,-4.91,4.09,CHEMBL240,hERG,False,False,False
CCn1nc(N2CCC3(CCN(C[C@H](O)c4ccc5c(c4C)COC5=O)CC3)C2=O)ccc1=O,5.12,1,nM,CHEMBL4093121,-5.12,3.88,CHEMBL240,hERG,False,False,False
CCn1nc([C@]2(c3cnn(C)c3)N[C@@H](c3nc(-c4ccc(F)cn4)c[nH]3)Cc3c2[nH]c2ccccc32)oc1=O,4.29,1,nM,CHEMBL3580681,-4.29,4.71,CHEMBL240,hERG,False,False,False
CCn1nc2c(c1Nc1nc(-c3ccc(-n4cnc(C)c4)c(OC)n3)cs1)CCC2,5.92,1,nM,CHEMBL4758131,-5.92,3.08,CHEMBL240,hERG,False,False,False
CCn1nc2c(c1Nc1nc(-c3ccc(-n4cnc(C)c4)c(OC)n3)cs1)CCCC2,5.07,1,nM,CHEMBL4445443,-5.07,3.9299999999999997,CHEMBL240,hERG,False,False,False
CN(C(=O)Cc1ccc(-n2cnnn2)cc1)C1CCN(Cc2ccc(C(F)(F)F)c(F)c2)CC1,5.55,1,nM,CHEMBL2010840,-5.55,3.45,CHEMBL240,hERG,False,False,False
CN(C(=O)Cc1ccc(-n2cnnn2)cc1)C1CCN(Cc2ccc(C(F)(F)F)cc2)CC1,5.92,1,nM,CHEMBL2010836,-5.92,3.08,CHEMBL240,hERG,False,False,False
CN(C(=O)Cc1ccc(-n2cnnn2)cc1)C1CCN(Cc2ccc(C(F)(F)F)cn2)CC1,5.38,1,nM,CHEMBL2010838,-5.38,3.62,CHEMBL240,hERG,False,False,False
CN(C(=O)Cc1ccc(-n2cnnn2)cc1)C1CCN(Cc2ccc(C(F)(F)F)nc2)CC1,4.89,1,nM,CHEMBL2010839,-4.89,4.11,CHEMBL240,hERG,False,False,False
CN(C(=O)Cc1ccc(-n2cnnn2)cc1)C1CCN(Cc2nc3c(s2)CCCC3)CC1,5.12,1,nM,CHEMBL2010843,-5.12,3.88,CHEMBL240,hERG,False,False,False
CN(C(=O)Cc1ccc(-n2cnnn2)cc1)C1CCN(Cc2nc3cc(F)ccc3s2)CC1,5.89,1,nM,CHEMBL2010842,-5.89,3.1100000000000003,CHEMBL240,hERG,False,False,False
CN(C(=O)Cc1ccc(-n2cnnn2)cc1)[C@@H]1CCN(Cc2ccc(C(F)(F)F)cc2)C[C@@H]1F,5.7,1,nM,CHEMBL2010845,-5.7,3.3,CHEMBL240,hERG,False,False,False
CN(C(=O)Cc1ccc(-n2cnnn2)cc1)[C@@H]1CCN(Cc2ccc(C(F)(F)F)cn2)C[C@@H]1F,5.0,1,nM,CHEMBL2010848,-5.0,4.0,CHEMBL240,hERG,False,False,False
CN(C(=O)Cc1ccc(-n2cnnn2)cc1)[C@@H]1CCN(Cc2ccc(C(F)(F)F)nc2)C[C@@H]1F,4.82,1,nM,CHEMBL2010849,-4.82,4.18,CHEMBL240,hERG,False,False,False
CN(C(=O)Cc1ccc(-n2cnnn2)cc1)[C@@H]1CCN(Cc2nc3cc(F)ccc3s2)C[C@@H]1F,5.33,1,nM,CHEMBL2010850,-5.33,3.67,CHEMBL240,hERG,False,False,False
CN(C(=O)Cc1ccc(-n2cnnn2)cc1)[C@H]1CCN(Cc2ccc(C(F)(F)F)cc2)C[C@H]1F,5.44,1,nM,CHEMBL2010844,-5.44,3.5599999999999996,CHEMBL240,hERG,False,False,False
CN(C(=O)Cc1ccc(S(C)(=O)=O)c(F)c1)C1CCN(Cc2ccc(C(F)(F)F)cc2)CC1,5.54,1,nM,CHEMBL2010833,-5.54,3.46,CHEMBL240,hERG,False,False,False
CN(C(=O)Cc1ccc(S(C)(=O)=O)cc1)C1CCN(Cc2ccc(C(F)(F)F)cc2)CC1,5.52,1,nM,CHEMBL2010831,-5.52,3.4800000000000004,CHEMBL240,hERG,False,False,False
CN(C(=O)Cc1ccc(S(C)(=O)=O)cc1)[C@@H]1CCN(Cc2ccc(C(F)(F)F)cc2)C[C@@H]1F,5.38,1,nM,CHEMBL2010851,-5.38,3.62,CHEMBL240,hERG,False,False,False
CN(C(=O)Cc1ccc(S(C)(=O)=O)cc1)[C@@H]1CCN(Cc2nc3cc(F)ccc3s2)C[C@@H]1F,5.16,1,nM,CHEMBL2010853,-5.16,3.84,CHEMBL240,hERG,False,False,False
CN(C(=O)Cc1ccc(S(C)(=O)=O)cc1)[C@@H]1CCN(Cc2nc3ccccc3s2)C[C@@H]1F,4.8,1,nM,CHEMBL2010852,-4.8,4.2,CHEMBL240,hERG,False,False,False
CN(C(=O)Cc1ccc(S(C)(=O)=O)cc1F)C1CCN(Cc2ccc(C(F)(F)F)cc2)CC1,5.58,1,nM,CHEMBL2010832,-5.58,3.42,CHEMBL240,hERG,False,False,False
CN(C(=O)Cc1ccccc1)C1CCN(Cc2ccc(C(F)(F)F)cc2)CC1,5.8,1,nM,CHEMBL2010837,-5.8,3.2,CHEMBL240,hERG,False,False,False
CN(C(=O)N1CC(c2cc(F)ccc2F)=CC1c1cccc(O)c1)C1CCNCC1,5.18,1,nM,CHEMBL206249,-5.18,3.8200000000000003,CHEMBL240,hERG,False,False,False
CN(C(=O)N1CC(c2cc(F)ccc2F)=C[C@@]1(CO)c1ccccc1)C1CCN(C2CC2)CC1,4.82,1,nM,CHEMBL481921,-4.82,4.18,CHEMBL240,hERG,False,False,False
CN(C(=O)N1CC(c2cc(F)ccc2F)=C[C@@]1(CO)c1ccccc1)C1CCN(CCF)CC1,4.86,1,nM,CHEMBL481920,-4.86,4.14,CHEMBL240,hERG,False,False,False
CN(C(=O)N1CC(c2cc(F)ccc2F)=C[C@@]1(CO)c1ccccc1)C1CCNCC1,4.72,1,nM,CHEMBL518148,-4.72,4.28,CHEMBL240,hERG,False,False,False
CN(C(=O)N1CC(c2cc(F)ccc2F)=C[C@H]1c1ccccc1)C1CCNCC1,5.89,1,nM,CHEMBL205437,-5.89,3.1100000000000003,CHEMBL240,hERG,False,False,False
CN(C(=O)c1ccc(-c2ccc(F)cc2)cc1)[C@H]1CCc2cc(CN3CCN(C(N)=O)CC3)ccc2C1,5.17,1,nM,CHEMBL437728,-5.17,3.83,CHEMBL240,hERG,False,False,False
CN(C(=O)c1ccc(-n2cccn2)cc1)[C@@H]1CCN(C2CCC2)C1,4.6,1,nM,CHEMBL1835999,-4.6,4.4,CHEMBL240,hERG,True,True,True
CN(C(=O)c1ccccc1Oc1ccccc1)[C@H]1CCNC1,5.04,1,nM,CHEMBL554336,-5.04,3.96,CHEMBL240,hERG,True,True,True
CN(C)C(=N)c1ccc(C(=O)Nc2ccc(Cl)cc2C(=O)Nc2ccc(Cl)cn2)cc1,6.48,1,nM,CHEMBL221906,-6.48,2.5199999999999996,CHEMBL240,hERG,True,True,True
CN(C)C(=O)C(CO)N(C)Cc1ccc2c(c1)CC[C@H](N1CCN(CCc3ccc(F)cc3)CC1=O)C2,4.6,1,nM,CHEMBL385710,-4.6,4.4,CHEMBL240,hERG,False,False,False
CN(C)C(=O)C(N)c1ccc(C(=O)Nc2cc(-c3cccs3)ccc2N)cc1,5.17,1,nM,CHEMBL258132,-5.17,3.83,CHEMBL240,hERG,False,False,False
CN(C)C(=O)CN1CCCC(c2nc3ccccc3n2CCOc2ccccc2)C1,6.35,1,nM,CHEMBL1935439,-6.35,2.6500000000000004,CHEMBL240,hERG,False,False,False
CN(C)C(=O)CNCCc1cccc(OCCCC(C)(F)F)c1,5.12,1,nM,CHEMBL4291394,-5.12,3.88,CHEMBL240,hERG,False,False,False
CN(C)C(=O)CNCCc1cccc(OCCCC(F)(F)CF)c1,4.82,1,nM,CHEMBL4575754,-4.82,4.18,CHEMBL240,hERG,False,False,False
CN(C)C(=O)CNCCc1cccc(OCCCC(F)(F)F)c1,4.75,1,nM,CHEMBL4463136,-4.75,4.25,CHEMBL240,hERG,False,False,False
CN(C)C(=O)CNCCc1cccc(OCCCCC(F)(F)F)c1,5.02,1,nM,CHEMBL4555166,-5.02,3.9800000000000004,CHEMBL240,hERG,False,False,False
CN(C)C(=O)N1CC(c2cc(F)ccc2F)=C[C@@]1(CC[C@@H](N)C(F)F)c1ccccc1,4.8,1,nM,CHEMBL240923,-4.8,4.2,CHEMBL240,hERG,False,False,False
CN(C)C(=O)N1CC(c2cc(F)ccc2F)=C[C@H]1c1cccc(O)c1,4.48,1,nM,CHEMBL381533,-4.48,4.52,CHEMBL240,hERG,False,False,False
CN(C)C(=O)N[C@H]1CC[C@H](CCN2CCN(c3cccc(Cl)c3Cl)CC2)CC1,4.68,1,nM,CHEMBL2028019,-4.68,4.32,CHEMBL240,hERG,True,True,True
CN(C)C(=O)[C@@H](c1ccc(-c2ccc(F)cc2)cc1)[C@H](N)C(=O)N1CC[C@H](F)C1,5.34,3,nM,CHEMBL237119,-5.34,3.66,CHEMBL240,hERG,False,False,False
CN(C)C(=O)[C@@H](c1ccc(-c2ccc3ncnn3c2)cc1)[C@H](N)C(=O)N1CC[C@H](F)C1,4.07,1,nM,CHEMBL237337,-4.07,4.93,CHEMBL240,hERG,False,False,False
CN(C)C(=O)[C@@H](c1ccc(C2=CN3N=CNC3C=C2)cc1)[C@H](N)C(=O)N1CC[C@H](F)C1,4.07,1,nM,CHEMBL459357,-4.07,4.93,CHEMBL240,hERG,False,False,False
CN(C)C(=O)[C@@H]1CCCN1Cc1ccc2c(c1)CC[C@H](N(C)C(=O)c1ccc(-c3ccc(F)cc3)cc1)C2,5.3,1,nM,CHEMBL424895,-5.3,3.7,CHEMBL240,hERG,False,False,False
CN(C)C(=O)[C@H]1CN(C2CCCCC2)CC[C@@H]1NC(=O)c1cc(-c2ccc(F)cc2F)on1,5.26,1,nM,CHEMBL4747997,-5.26,3.74,CHEMBL240,hERG,False,False,False
CN(C)C(=O)[C@H]1C[C@@H]1c1ccc(-c2ncn(C)c2Sc2ccc(Cl)cn2)cc1,4.43,1,nM,CHEMBL2386558,-4.43,4.57,CHEMBL240,hERG,False,False,False
CN(C)C(=O)c1c(-c2ccc(O)cc2)oc2ccc(O)c(CN3CCC4(COC4)C3)c12,4.97,1,nM,CHEMBL5069500,-4.97,4.03,CHEMBL240,hERG,False,False,False
CN(C)C(=O)c1cc(CN2CCOc3c(F)cccc32)c2oc(N3CCOCC3)cc(=O)c2c1,4.03,1,nM,CHEMBL3799831,-4.03,4.97,CHEMBL240,hERG,False,False,False
CN(C)C(=O)c1ccc(-c2ccc3c(c2)CCN(CCN2CCCC2)C3=O)c(F)c1,4.49,1,nM,CHEMBL2031882,-4.49,4.51,CHEMBL240,hERG,True,True,True
CN(C)C(=O)c1ccc(-c2ccc3c(c2)CCN(CCN2CCCC2)C3=O)cc1,4.96,1,nM,CHEMBL2031874,-4.96,4.04,CHEMBL240,hERG,True,True,True
CN(C)C(=O)c1ccc(C(=C2CCN(Cc3cscn3)CC2)c2ccccn2)cc1,4.75,1,nM,CHEMBL1946621,-4.75,4.25,CHEMBL240,hERG,False,False,False
CN(C)C(=O)c1ccc(C2=CC3(CCNCC3)Oc3ccccc32)cc1,4.64,1,nM,CHEMBL561805,-4.64,4.36,CHEMBL240,hERG,True,True,True
CN(C)C(=O)c1ccc(CN2CCc3cc4nc(N)sc4cc3CC2)cc1,4.92,1,nM,CHEMBL2326481,-4.92,4.08,CHEMBL240,hERG,True,True,True
CN(C)C(=O)c1cccc(-c2ccc(F)cc2CC(c2cccnc2)c2cccnc2)c1,4.58,1,nM,CHEMBL4094185,-4.58,4.42,CHEMBL240,hERG,False,False,False
CN(C)C(C(=O)N[C@](Cc1ccccc1)(c1ccc(F)cc1)c1cc(F)cc(C(F)(F)F)c1)C(O)(C(F)(F)F)C(F)(F)F,4.8,1,nM,CHEMBL4468680,-4.8,4.2,CHEMBL240,hERG,False,False,False
CN(C)C/C=C/C(=O)N1CCN(c2cnc3cc(C(F)(F)F)cc(NCc4cccc([N+](=O)[O-])c4)c3c2)CC1,4.04,1,nM,CHEMBL3220882,-4.04,4.96,CHEMBL240,hERG,False,False,False
CN(C)C1(CNC(=O)N2CCC(c3nc(-c4ccc5ccccc5n4)no3)CC2)CCCC1,4.42,1,nM,CHEMBL1822444,-4.42,4.58,CHEMBL240,hERG,False,False,False
CN(C)CC(C)(C)COc1cc(NC(=O)N2CCCc3cc(C(F)F)c(C=O)nc32)ncc1C#N,4.92,1,nM,CHEMBL4779862,-4.92,4.08,CHEMBL240,hERG,False,False,False
CN(C)CC(C)(C)Cn1nc(-c2ccc3nc(OC4CC4)ccc3c2)c2c(N)ncnc21,7.09,1,nM,CHEMBL4443394,-7.09,1.9100000000000001,CHEMBL240,hERG,False,False,False
CN(C)CC(C)(O)CNc1cc(NC(=O)N2CCCc3cc(CO)c(C=O)nc32)ncc1C#N,4.6,1,nM,CHEMBL3955498,-4.6,4.4,CHEMBL240,hERG,False,False,False
CN(C)CC(O)Cn1ncc2cc(-n3ccc(OCc4ccccc4)cc3=O)ccc21,4.92,1,nM,CHEMBL1289400,-4.92,4.08,CHEMBL240,hERG,False,False,False
CN(C)CC/C=C1/c2ccccc2COc2ccccc21,5.19,1,nM,CHEMBL101740,-5.19,3.8099999999999996,CHEMBL240,hERG,False,False,False
CN(C)CCC(=O)N[C@H]1c2ccccc2C[C@@H]1NC(=O)c1cc2cc(F)c(F)cc2[nH]1,5.4,1,nM,CHEMBL4167669,-5.4,3.5999999999999996,CHEMBL240,hERG,False,False,False
CN(C)CCC(c1ccc(Br)cc1)c1ccccn1,6.05,1,nM,CHEMBL811,-6.05,2.95,CHEMBL240,hERG,False,False,False
CN(C)CCC(c1ccc(Cl)cc1)c1ccccn1,4.68,5,nM,CHEMBL505,-4.68,4.32,CHEMBL240,hERG,False,False,False
CN(C)CCC1=C(Cc2cccnn2)c2ccc(Cl)cc2C1,6.66,1,nM,CHEMBL1092652,-6.66,2.34,CHEMBL240,hERG,True,True,True
CN(C)CCC1=C(Cc2cccnn2)c2ccc(F)cc2C1,6.05,1,nM,CHEMBL1092662,-6.05,2.95,CHEMBL240,hERG,False,False,False
CN(C)CCC1=C(Cc2cnccn2)c2ccc(Cl)cc2C1,6.96,1,nM,CHEMBL1092259,-6.96,2.04,CHEMBL240,hERG,True,True,True
CN(C)CCC1=C(Cc2cnccn2)c2ccc(F)cc2C1,6.23,1,nM,CHEMBL1092649,-6.23,2.7699999999999996,CHEMBL240,hERG,True,True,True
CN(C)CCC1=C(Cc2cnccn2)c2ccccc2C1,5.265,2,nM,CHEMBL559251,-5.265,3.7350000000000003,CHEMBL240,hERG,True,True,True
CN(C)CCC1CCN(c2cc(C(=O)NC[C@H]3CC[C@H](CNC(=O)OCC(C)(C)C)CC3)c3ccccc3n2)CC1,4.85,1,nM,CHEMBL1818303,-4.85,4.15,CHEMBL240,hERG,False,False,False
CN(C)CCC=C1c2ccccc2CCc2ccccc21,5.0,9,nM,CHEMBL629,-5.0,4.0,CHEMBL240,hERG,False,False,False
CN(C)CCCC1(c2ccc(F)cc2)OCc2cc(C#N)ccc21,5.4,6,nM,CHEMBL549,-5.4,3.5999999999999996,CHEMBL240,hERG,True,True,True
CN(C)CCCCc1ccc(C(C)(C)C)cc1,5.12,1,nM,CHEMBL1083999,-5.12,3.88,CHEMBL240,hERG,False,False,False
CN(C)CCCCc1ccc(C2(C)COC2)cc1,4.46,1,nM,CHEMBL1084000,-4.46,4.54,CHEMBL240,hERG,False,False,False
CN(C)CCCN1c2ccccc2CCc2ccccc21,5.47,5,nM,CHEMBL11,-5.47,3.5300000000000002,CHEMBL240,hERG,False,False,False
CN(C)CCCN1c2ccccc2Sc2ccc(Cl)cc21,5.83,6,nM,CHEMBL71,-5.83,3.17,CHEMBL240,hERG,False,False,False
CN(C)CCCNC(=O)c1ccc(Cn2c(Cc3c(Cl)cccc3Cl)nc3ccccc32)cc1,5.34,1,nM,CHEMBL3947919,-5.34,3.66,CHEMBL240,hERG,False,False,False
CN(C)CCCNC(=O)c1cccn2c(=O)c3ccc4ccccc4c3nc12,5.25,1,nM,CHEMBL5081532,-5.25,3.75,CHEMBL240,hERG,False,False,False
CN(C)CCCOc1ccc(-c2ccc3ncc4c(c3c2)n([C@H]2CCCOC2)c(=O)n4C)cn1,4.57,1,nM,CHEMBL3890490,-4.57,4.43,CHEMBL240,hERG,False,False,False
CN(C)CCCOc1ccc(CN2CCC(NC(=O)c3cc(=O)c4ccc(F)cc4o3)CC2)cc1F,4.19,1,nM,CHEMBL248296,-4.19,4.81,CHEMBL240,hERG,False,False,False
CN(C)CCCn1cc(C2=C(c3c[nH]c4ccccc34)C(=O)NC2=O)c2ccccc21,6.0,1,nM,CHEMBL7463,-6.0,3.0,CHEMBL240,hERG,False,False,False
CN(C)CCCn1nc(-c2cnc3[nH]cc(C(=O)NC(C)(C)CO)c3n2)c2cc(OC(F)F)ccc21,5.2,1,nM,CHEMBL2347419,-5.2,3.8,CHEMBL240,hERG,False,False,False
CN(C)CCCn1nc(C2=C(c3cn(-c4ccc5ccccc5c4)c4ccccc34)C(=O)NC2=O)c2ccccc21,7.55,1,nM,CHEMBL368895,-7.55,1.4500000000000002,CHEMBL240,hERG,True,True,True
CN(C)CCCn1ncc2cc(-n3ccc(OCc4ccccc4)cc3=O)ccc21,5.85,1,nM,CHEMBL1289399,-5.85,3.1500000000000004,CHEMBL240,hERG,False,False,False
CN(C)CCN(C)C(=O)c1ccc(C2=NN(c3ccc(C#N)cc3)C(c3ccc(F)cc3)C2)cc1,6.77,1,nM,CHEMBL1215755,-6.77,2.2300000000000004,CHEMBL240,hERG,False,False,False
CN(C)CCN1C2CCC1CC(NC(c1ccc(F)cc1)c1ccc(F)cc1)C2,5.26,1,nM,CHEMBL4090416,-5.26,3.74,CHEMBL240,hERG,True,True,True
CN(C)CCN1C2CCC1CC(OC(c1ccc(F)cc1)c1ccc(F)cc1)C2,5.08,1,nM,CHEMBL4062435,-5.08,3.92,CHEMBL240,hERG,True,True,True
CN(C)CCN1CCN(c2ccc3nc(-c4ccccc4)c(-c4ccc(CN5CCC(c6nnc(-c7ccccn7)[nH]6)CC5)cc4)nc3n2)CC1,5.22,1,nM,CHEMBL499554,-5.22,3.7800000000000002,CHEMBL240,hERG,False,False,False
CN(C)CCN1CCN(c2ncc3cc(-c4ccccc4)c(-c4ccc(CN5CCC(c6nnc(-c7cc[n+]([O-])cc7)[nH]6)CC5)cc4)nc3n2)CC1,5.1,1,nM,CHEMBL455071,-5.1,3.9000000000000004,CHEMBL240,hERG,False,False,False
CN(C)CCN1CCN(c2ncc3cc(-c4ccccc4)c(-c4ccc(CN5CCC(c6nnc(-c7ccc(=O)[nH]c7)[nH]6)CC5)cc4)nc3n2)CC1,6.1,1,nM,CHEMBL503652,-6.1,2.9000000000000004,CHEMBL240,hERG,False,False,False
CN(C)CCN1CCN(c2ncc3cc(-c4ccccc4)c(-c4ccc(CN5CCC(c6nnc(-c7ccc(N)nc7)[nH]6)CC5)cc4)nc3n2)CC1,5.46,1,nM,CHEMBL503270,-5.46,3.54,CHEMBL240,hERG,False,False,False
CN(C)CCN1CCN(c2ncc3cc(-c4ccccc4)c(-c4ccc(CN5CCC(c6nnc(-c7ccccn7)[nH]6)CC5)cc4)nc3n2)CC1,5.68,1,nM,CHEMBL443661,-5.68,3.3200000000000003,CHEMBL240,hERG,False,False,False
CN(C)CCN1CCN(c2ncc3cc(-c4ccccc4)c(-c4ccc(CN5CCC(c6nnc(-c7ncccn7)[nH]6)CC5)cc4)nc3n2)CC1,5.32,1,nM,CHEMBL505848,-5.32,3.6799999999999997,CHEMBL240,hERG,False,False,False
CN(C)CCNC(=O)[C@@H]1c2ccccc2C[C@H]1NC(=O)c1cc2ccccc2[nH]1,4.9,1,nM,CHEMBL4172217,-4.9,4.1,CHEMBL240,hERG,False,False,False
CN(C)CCNC(=O)[C@H]1c2ccccc2C[C@@H]1NC(=O)c1cc2ccccc2[nH]1,4.5,1,nM,CHEMBL4164328,-4.5,4.5,CHEMBL240,hERG,False,False,False
CN(C)CCNC(=O)c1cccn2c(=O)c3ccc4ccccc4c3nc12,5.34,1,nM,CHEMBL5091256,-5.34,3.66,CHEMBL240,hERG,False,False,False
CN(C)CCOC(c1ccccc1)c1ccccc1,4.57,5,nM,CHEMBL657,-4.57,4.43,CHEMBL240,hERG,True,True,True
CN(C)CCOc1ccc(-c2cc(=O)c3c(O)cc(OCCCCCC(=O)NO)cc3o2)cc1,5.92,1,nM,CHEMBL4798571,-5.92,3.08,CHEMBL240,hERG,False,False,False
CN(C)CCn1cc(-c2ccc(F)c(C(F)(F)F)c2)nc1C1CCN(c2ncnc(N)c2-c2ccc(F)cc2)CC1,5.92,1,nM,CHEMBL3933645,-5.92,3.08,CHEMBL240,hERG,False,False,False
CN(C)CCn1cc(-c2ccc(F)c(C(F)(F)F)c2)nc1C1CCN(c2ncnc(N)c2C#N)CC1,5.8,1,nM,CHEMBL3916864,-5.8,3.2,CHEMBL240,hERG,False,False,False
CN(C)CCn1cc(-c2ccc(F)c(C(F)(F)F)c2)nc1C1CCN(c2ncnc(N)c2C(N)=O)CC1,5.4,1,nM,CHEMBL3936329,-5.4,3.5999999999999996,CHEMBL240,hERG,False,False,False
CN(C)CCn1cc(-c2ccc(F)c(C(F)(F)F)c2)nc1C1CCN(c2ncnc(N)c2C2CC2)CC1,6.08,1,nM,CHEMBL3900512,-6.08,2.92,CHEMBL240,hERG,False,False,False
CN(C)CCn1cc2cc(NC(=O)c3cccc(C(F)(F)F)n3)c(C(C)(C)O)cc2n1,4.78,1,nM,CHEMBL4791626,-4.78,4.22,CHEMBL240,hERG,False,False,False
CN(C)CCn1ncc2cc(-n3ccc(OCc4ccccc4)cc3=O)ccc21,5.75,1,nM,CHEMBL1289282,-5.75,3.25,CHEMBL240,hERG,False,False,False
CN(C)C[C@@H]1CCN(C(=O)Nc2nc3c(s2)-c2nc(C(C)(C)C)sc2CC3)[C@@H]1C(N)=O,5.24,1,nM,CHEMBL3609521,-5.24,3.76,CHEMBL240,hERG,False,False,False
CN(C)Cc1cc(-c2ccnc3[nH]c(-c4cccc5c4ccn5C)nc23)nn1C,4.89,1,nM,CHEMBL4750942,-4.89,4.11,CHEMBL240,hERG,False,False,False
CN(C)Cc1cc(C(=O)N[C@@H]2CCc3ccc(Oc4ccnc5c4CCC(=O)N5)cc3C2)cc(C(F)(F)F)c1,5.2,1,nM,CHEMBL3764357,-5.2,3.8,CHEMBL240,hERG,False,False,False
CN(C)Cc1ccc(-n2cc(-c3ccc4cc[nH]c4c3)c3c(Cl)ccnc32)cc1,5.77,1,nM,CHEMBL4645343,-5.77,3.2300000000000004,CHEMBL240,hERG,False,False,False
CN(C)Cc1ccc(C(F)(F)F)cc1Oc1ccc(Cl)c(Cl)c1,5.95,1,nM,CHEMBL488069,-5.95,3.05,CHEMBL240,hERG,False,False,False
CN(C)Cc1ccc2c(c1)CCN(C(=O)c1cc3cc(Br)ncc3n1C)C2,4.51,1,nM,CHEMBL3314352,-4.51,4.49,CHEMBL240,hERG,False,False,False
CN(C)Cc1ccc2c(c1)CCN(C(=O)c1cc3cc(Cl)ccc3n1C)C2,5.31,1,nM,CHEMBL3314349,-5.31,3.6900000000000004,CHEMBL240,hERG,False,False,False
CN(C)Cc1ccc2c(c1)CC[C@H](N(C)C(=O)c1ccc(-c3ccc(Cl)cc3)cn1)C2,5.58,1,nM,CHEMBL215278,-5.58,3.42,CHEMBL240,hERG,False,False,False
CN(C)Cc1ccc2c(c1)CC[C@H](N(C)C(=O)c1ccc(-c3ccc(Cl)cc3)nc1)C2,5.29,1,nM,CHEMBL217820,-5.29,3.71,CHEMBL240,hERG,False,False,False
CN(C)Cc1ccc2c(c1)CC[C@H](N(C)C(=O)c1ccc(-c3ccc(Cl)cn3)cc1)C2,4.85,1,nM,CHEMBL216741,-4.85,4.15,CHEMBL240,hERG,False,False,False
CN(C)Cc1ccc2c(c1)CC[C@H](N(C)C(=O)c1ccc(-c3ccc(F)cc3)cc1)C2,5.75,1,nM,CHEMBL216821,-5.75,3.25,CHEMBL240,hERG,False,False,False
CN(C)Cc1ccc2c(c1)CC[C@H](N(C)C(=O)c1ccc(-c3ccc(F)cc3)cn1)C2,5.28,1,nM,CHEMBL215660,-5.28,3.7199999999999998,CHEMBL240,hERG,False,False,False
CN(C)Cc1ccc2c(c1)CC[C@H](N(C)C(=O)c1ccc(-c3ccc(F)cc3)nc1)C2,5.0,1,nM,CHEMBL216314,-5.0,4.0,CHEMBL240,hERG,False,False,False
CN(C)Cc1ccc2c(c1)CC[C@H](N(C)C(=O)c1ccc(-c3ccccc3)cn1)C2,4.7,1,nM,CHEMBL216406,-4.7,4.3,CHEMBL240,hERG,False,False,False
CN(C)Cc1ccc2c(c1)CC[C@H](N(C)C(=O)c1ccc(-c3ccccn3)cc1)C2,4.52,1,nM,CHEMBL267320,-4.52,4.48,CHEMBL240,hERG,False,False,False
CN(C)Cc1ccccc1-c1ccc(NC(=O)Nc2cccnc2Oc2ccccc2C(C)(C)C)c(F)c1,5.27,1,nM,CHEMBL2381898,-5.27,3.7300000000000004,CHEMBL240,hERG,True,True,True
CN(C)Cc1ccccc1Oc1ccc(Cl)c(Cl)c1,5.67,1,nM,CHEMBL443922,-5.67,3.33,CHEMBL240,hERG,False,False,False
CN(C)Cc1cn(-c2ccc(F)cc2)c2ccc(Cl)cc12,7.96,2,nM,CHEMBL301956,-7.96,1.04,CHEMBL240,hERG,False,False,False
CN(C)Cc1cnn(-c2ccnc3[nH]c(-c4cccc5c4ccn5C)nc23)c1,5.05,1,nM,CHEMBL4747780,-5.05,3.95,CHEMBL240,hERG,False,False,False
CN(C)S(=O)(=O)N(C)[C@@H]1CCCn2c1nc(C(=O)NCc1ccc(F)cc1)c(O)c2=O,4.7,1,nM,CHEMBL408479,-4.7,4.3,CHEMBL240,hERG,False,False,False
CN(C)S(=O)(=O)c1ccc2c(C(=O)NC[C@@H](O)CN3CCC(Oc4ccc(Cl)c(Cl)c4)CC3)c[nH]c(=O)c2c1,6.0,1,nM,CHEMBL2207286,-6.0,3.0,CHEMBL240,hERG,True,True,True
CN(C)[C@@H]1CCC[C@H]1Nc1nc(Nc2ccc(S(C)(=O)=O)cc2)ncc1C(F)(F)F,5.33,1,nM,CHEMBL519418,-5.33,3.67,CHEMBL240,hERG,False,False,False
CN(C)[C@@H]1CCN(c2ccc(Cl)c(Cl)c2)c2ccccc21,5.07,1,nM,CHEMBL1643514,-5.07,3.9299999999999997,CHEMBL240,hERG,False,False,False
CN(C)[C@H]1CC[C@H](n2cc(C(N)=O)c(Nc3ccc(Cl)cc3)n2)[C@@H](C#N)C1,5.215,2,nM,CHEMBL3703085,-5.215,3.785,CHEMBL240,hERG,False,False,False
CN(C)c1cc(C(F)(F)F)cc(COCC2(c3ccc(F)cc3)CCNCC2)n1,5.08,1,nM,CHEMBL2333617,-5.08,3.92,CHEMBL240,hERG,False,False,False
CN(C)c1ccc(-c2cc(NC[C@H]3CCCNC3)c3cccnc3c2)cn1,4.4,1,nM,CHEMBL4472827,-4.4,4.6,CHEMBL240,hERG,False,False,False
CN(C)c1ccc(-c2cc3nccnc3c(CCC3CCCNC3)n2)cn1,4.8,1,nM,CHEMBL4560963,-4.8,4.2,CHEMBL240,hERG,False,False,False
CN(C)c1ccc(-c2cc3nccnc3c(NCCCCN)n2)cn1,4.4,1,nM,CHEMBL4437415,-4.4,4.6,CHEMBL240,hERG,False,False,False
CN(C)c1ccc(-c2cc3nccnc3c(NCCCCO)n2)cn1,4.5,1,nM,CHEMBL4439653,-4.5,4.5,CHEMBL240,hERG,False,False,False
CN(C)c1ccc(-c2cc3nccnc3c(NC[C@@H]3CNCCC3(F)F)n2)cn1,5.1,1,nM,CHEMBL4460676,-5.1,3.9000000000000004,CHEMBL240,hERG,False,False,False
CN(C)c1ccc(-c2cc3nccnc3c(NC[C@H]3CCCNC3)n2)cn1,4.6,1,nM,CHEMBL4528289,-4.6,4.4,CHEMBL240,hERG,False,False,False
CN(C)c1ccc(-c2cc3nccnc3c(NC[C@H]3CNCCC3(F)F)n2)cn1,4.7,1,nM,CHEMBL4556378,-4.7,4.3,CHEMBL240,hERG,False,False,False
CN(C)c1ccc(-c2cc3nccnc3c(NC[C@H]3CNCCN3C)n2)cn1,4.8,1,nM,CHEMBL4468195,-4.8,4.2,CHEMBL240,hERG,False,False,False
CN(C)c1ccc(-c2cc3nccnc3c(OC[C@@H]3CCCNC3)n2)cn1,4.9,1,nM,CHEMBL4583779,-4.9,4.1,CHEMBL240,hERG,False,False,False
CN(C)c1ccc(-c2cc3nccnc3c(OC[C@H]3CCCNC3)n2)cn1,5.0,1,nM,CHEMBL3546703,-5.0,4.0,CHEMBL240,hERG,False,False,False
CN(C)c1ccc(/C=C/c2c(F)cccc2Cl)cn1,4.22,1,nM,CHEMBL3314429,-4.22,4.78,CHEMBL240,hERG,False,False,False
CN(C)c1ccc(/C=C/c2c(F)cccc2Cl)nc1,4.68,1,nM,CHEMBL3314424,-4.68,4.32,CHEMBL240,hERG,False,False,False
CN(C)c1ccc(/C=C/c2c(F)cccc2F)cc1,4.49,1,nM,CHEMBL2153098,-4.49,4.51,CHEMBL240,hERG,False,False,False
CN(C)c1ccc(/C=C/c2c(F)cccc2F)cn1,4.66,1,nM,CHEMBL3314426,-4.66,4.34,CHEMBL240,hERG,False,False,False
CN(C)c1ccc(/C=C/c2c(F)cccc2F)nc1,4.68,1,nM,CHEMBL3314423,-4.68,4.32,CHEMBL240,hERG,False,False,False
CN(C)c1ccc(/N=N/c2ccccn2)c(O)c1,6.66,13,nM,CHEMBL4857685,-6.66,2.34,CHEMBL240,hERG,False,False,False
CN(C)c1ccc(/N=N/c2ccccn2)c([O-])c1,6.96,1,nM,CHEMBL4846230,-6.96,2.04,CHEMBL240,hERG,False,False,False
CN(C)c1ccc(C(=O)N(CC(=O)NC2CCCCC2)Cc2ccc(C(=O)NO)cc2)cc1,4.475,2,nM,CHEMBL4063658,-4.475,4.525,CHEMBL240,hERG,False,False,False
CN(C)c1ccc(C(=O)N(CCCCCC(=O)NO)CC(=O)NCc2ccccc2)cc1,4.29,1,nM,CHEMBL4069631,-4.29,4.71,CHEMBL240,hERG,False,False,False
CN(C)c1ccc(CC(=O)N[C@@H]2CNC[C@H]2c2ccc(C(C)(F)F)cc2)cc1,5.55,1,nM,CHEMBL4759278,-5.55,3.45,CHEMBL240,hERG,False,False,False
CN(C)c1ccc(CC(=O)N[C@@H]2CNC[C@H]2c2ccc(C(F)(F)F)cc2)cc1,5.23,1,nM,CHEMBL4750688,-5.23,3.7699999999999996,CHEMBL240,hERG,False,False,False
CN(C)c1ccc(CC(=O)N[C@@H]2CNC[C@H]2c2ccc(S(F)(F)(F)(F)F)cc2)cc1,5.59,1,nM,CHEMBL4755729,-5.59,3.41,CHEMBL240,hERG,False,False,False
CN(C)c1ccc(CNC(=O)[C@@H]2CNC[C@H]2c2ccc(C(F)(F)F)c(Cl)c2)cc1,5.12,1,nM,CHEMBL4567098,-5.12,3.88,CHEMBL240,hERG,False,False,False
CN(C)c1ccc(CNC(=O)[C@@H]2CNC[C@H]2c2ccc(C(F)(F)F)c(F)c2)cc1,5.07,1,nM,CHEMBL4483725,-5.07,3.9299999999999997,CHEMBL240,hERG,False,False,False
CN(C)c1ccc(CNC(=O)[C@@H]2CNC[C@H]2c2ccc(Oc3ccccc3)cc2)cc1,5.68,1,nM,CHEMBL4453475,-5.68,3.3200000000000003,CHEMBL240,hERG,False,False,False
CN(C)c1ccc(CNC(=O)[C@H]2CNC[C@@H]2c2ccc(C(F)(F)F)cc2)cc1,5.03,1,nM,CHEMBL4435264,-5.03,3.9699999999999998,CHEMBL240,hERG,False,False,False
CN(C)c1ccc(CNC(=O)[C@H]2CNC[C@@H]2c2ccc(C(F)(F)F)nc2)cc1,4.66,1,nM,CHEMBL4475207,-4.66,4.34,CHEMBL240,hERG,False,False,False
CN(C)c1ccc([C@]2(O)CC[C@H](N3CC(NC(=O)CNC(=O)c4cccc(C(F)(F)F)c4)C3)CC2)cn1,4.65,1,nM,CHEMBL2204245,-4.65,4.35,CHEMBL240,hERG,False,False,False
CN(C)c1ccc2ncc(F)c(CCC34CCC(NCc5ccc6c(n5)NC(=O)CO6)(CC3)CO4)c2n1,8.08,1,nM,CHEMBL3422949,-8.08,0.9199999999999999,CHEMBL240,hERG,False,False,False
CN(C)c1cccc([C@H]2CC[C@@H](N3CC(NC(=O)CNc4nn(C)c5ccc(C(F)(F)F)cc45)C3)CC2)c1,4.92,1,nM,CHEMBL1834786,-4.92,4.08,CHEMBL240,hERG,False,False,False
CN(C)c1cccc([C@]2(O)CC[C@@H](N3CC(NC(=O)CNC(=O)c4cccc(C(F)(F)F)c4)C3)CC2)c1,4.6,1,nM,CHEMBL1829631,-4.6,4.4,CHEMBL240,hERG,False,False,False
CN(C)c1cn(-c2ccc(F)cc2)c2ccc(Cl)cc12,7.96,1,nM,CHEMBL513608,-7.96,1.04,CHEMBL240,hERG,False,False,False
CN(C)c1cnc2c(CCC34CCC(NCc5ccc6c(n5)NC(=O)CO6)(CC3)CO4)c(F)cnc2c1,7.74,1,nM,CHEMBL3422960,-7.74,1.2599999999999998,CHEMBL240,hERG,False,False,False
CN(C)c1cncc(-c2ccc(C(=O)N(c3ncccc3Cl)[C@@H]3CCCNC3)cc2)n1,4.37,1,nM,CHEMBL4127311,-4.37,4.63,CHEMBL240,hERG,True,True,True
CN(C)c1nc(NCc2ccccn2)c2c(-c3ccccc3)cccc2n1,5.6,1,nM,CHEMBL4441179,-5.6,3.4000000000000004,CHEMBL240,hERG,False,False,False
CN(C)c1nc2c(CCC34CCC(NCc5ccc6c(n5)NC(=O)CO6)(CC3)CO4)ccnc2cc1C(F)(F)F,8.64,1,nM,CHEMBL3422975,-8.64,0.35999999999999943,CHEMBL240,hERG,False,False,False
CN(C)c1nc2c(CCC34CCC(NCc5ccc6c(n5)NC(=O)CO6)(CC3)CO4)ccnc2cc1F,8.92,1,nM,CHEMBL3422976,-8.92,0.08000000000000007,CHEMBL240,hERG,False,False,False
CN(C)c1ncc(/C=C/c2c(F)cccc2F)cn1,4.39,1,nM,CHEMBL3314433,-4.39,4.61,CHEMBL240,hERG,False,False,False
CN(C)c1ncc([C@H]2CC[C@H](N3CC(NC(=O)CNC(=O)c4cccc(C(F)(F)F)c4)C3)CC2)cn1,5.01,1,nM,CHEMBL1829623,-5.01,3.99,CHEMBL240,hERG,False,False,False
CN(C/C=C/C=C/C=C/c1ccc(C(F)(F)F)cc1)Cc1ccc2c(c1)OCCO2,5.06,1,nM,CHEMBL4284707,-5.06,3.9400000000000004,CHEMBL240,hERG,False,False,False
CN(C/C=C/C=C/c1ccc(C(F)(F)F)cc1)Cc1ccc2c(c1)OCCO2,4.92,1,nM,CHEMBL4288408,-4.92,4.08,CHEMBL240,hERG,False,False,False
CN(C/C=C/C=C/c1ccc(C(F)(F)F)cc1F)Cc1ccc2c(c1)OCO2,7.85,1,nM,CHEMBL4162120,-7.85,1.1500000000000004,CHEMBL240,hERG,False,False,False
CN(C/C=C/c1ccc(-c2ccccc2)cc1)Cc1ccc2c(c1)CCO2,4.95,1,nM,CHEMBL4075121,-4.95,4.05,CHEMBL240,hERG,False,False,False
CN(C/C=C/c1ccc(-c2ccccc2)cc1)Cc1ccc2c(c1)OCCC2,4.49,1,nM,CHEMBL4064940,-4.49,4.51,CHEMBL240,hERG,False,False,False
CN(C/C=C/c1ccc(-c2ccccc2)cc1)Cc1coc2ccccc12,4.46,1,nM,CHEMBL4086008,-4.46,4.54,CHEMBL240,hERG,False,False,False
CN(C/C=C/c1ccc(Br)cc1)Cc1ccc2c(c1)OCCC2,5.72,1,nM,CHEMBL4069757,-5.72,3.2800000000000002,CHEMBL240,hERG,False,False,False
CN(C/C=C/c1ccc(C(F)(F)F)c(F)c1)Cc1ccc2c(c1)OCCC2,6.7,1,nM,CHEMBL4092973,-6.7,2.3,CHEMBL240,hERG,False,False,False
CN(C/C=C/c1ccc(C(F)(F)F)cc1)Cc1ccc2c(c1)CCCC2,5.85,2,nM,CHEMBL3828585,-5.85,3.1500000000000004,CHEMBL240,hERG,False,False,False
CN(C/C=C/c1ccc(C(F)(F)F)cc1)Cc1ccc2c(c1)CCO2,5.66,1,nM,CHEMBL4096875,-5.66,3.34,CHEMBL240,hERG,False,False,False
CN(C/C=C/c1ccc(C(F)(F)F)cc1)Cc1ccc2c(c1)OCCC2,5.54,1,nM,CHEMBL4094016,-5.54,3.46,CHEMBL240,hERG,False,False,False
CN(C/C=C/c1ccc(C(F)(F)F)cc1)Cc1ccc2c(c1)OCCO2,5.41,1,nM,CHEMBL4278050,-5.41,3.59,CHEMBL240,hERG,False,False,False
CN(C/C=C/c1ccc(C(F)(F)F)cc1)Cc1cccc2ccoc12,5.43,2,nM,CHEMBL3814424,-5.43,3.5700000000000003,CHEMBL240,hERG,False,False,False
CN(C/C=C/c1ccc(C(F)(F)F)cc1F)Cc1ccc2c(c1)CCO2,5.54,1,nM,CHEMBL4102707,-5.54,3.46,CHEMBL240,hERG,False,False,False
CN(C/C=C/c1ccc(C(F)(F)F)cc1F)Cc1ccc2c(c1)OCCC2,5.5,1,nM,CHEMBL4065307,-5.5,3.5,CHEMBL240,hERG,False,False,False
CN(C/C=C/c1ccc(C(F)F)cc1)Cc1ccc2c(c1)CCO2,5.89,1,nM,CHEMBL4078841,-5.89,3.1100000000000003,CHEMBL240,hERG,False,False,False
CN(C/C=C/c1ccc(C(F)F)cc1)Cc1ccc2c(c1)OCCC2,5.72,1,nM,CHEMBL4072535,-5.72,3.2800000000000002,CHEMBL240,hERG,False,False,False
CN(C/C=C/c1ccc(F)cc1C(F)(F)F)Cc1ccc2c(c1)OCO2,8.38,1,nM,CHEMBL4161555,-8.38,0.6199999999999992,CHEMBL240,hERG,False,False,False
CN(C/C=C/c1ccc2ccccc2c1)Cc1ccc2c(c1)CCO2,5.17,1,nM,CHEMBL4102178,-5.17,3.83,CHEMBL240,hERG,False,False,False
CN(C/C=C/c1ccc2ccccc2c1)Cc1ccc2c(c1)OCCC2,4.79,1,nM,CHEMBL4088312,-4.79,4.21,CHEMBL240,hERG,False,False,False
CN(CC(=O)N(C)C)Cc1ccc2c(c1)CC[C@H](N(C)C(=O)c1ccc(-c3ccc(F)cc3)cc1)C2,5.75,1,nM,CHEMBL214432,-5.75,3.25,CHEMBL240,hERG,False,False,False
CN(CC1(O)CCCCC1)C(=O)NC1CCN(Cc2ccn(-c3ccc(C(F)(F)F)cc3)c2)CC1,5.67,1,nM,CHEMBL558863,-5.67,3.33,CHEMBL240,hERG,False,False,False
CN(CC1CCOCC1)C1CCN(c2nc3ccccc3n2Cc2ccc(F)cc2)CC1,7.54,3,nM,CHEMBL550818,-7.54,1.46,CHEMBL240,hERG,True,True,True
CN(CCC(=O)N1CCCC1)C(=O)CC1CCN(Cc2ccn(-c3ccc(C(F)(F)F)cc3)c2)CC1,4.55,1,nM,CHEMBL550513,-4.55,4.45,CHEMBL240,hERG,False,False,False
CN(CCC1CCN(C(=O)OCc2cc(Cl)cc(Cl)c2)CC1)C(=O)c1c[nH]c(=O)o1,5.14,1,nM,CHEMBL3931791,-5.14,3.8600000000000003,CHEMBL240,hERG,False,False,False
CN(CCC1CCN(C(=O)OCc2cc(Cl)cc(Cl)c2)CC1)C(=O)c1c[nH]nn1,5.07,1,nM,CHEMBL3974814,-5.07,3.9299999999999997,CHEMBL240,hERG,False,False,False
CN(CCCN)C(=O)N1CC(c2cc(F)ccc2F)=C[C@H]1c1ccccc1,5.89,1,nM,CHEMBL382587,-5.89,3.1100000000000003,CHEMBL240,hERG,False,False,False
CN(CCN1CCN(C2COOC2)C1=O)C[C@]12CC[C@H](CC1)C2(C)C,5.2,1,nM,CHEMBL567919,-5.2,3.8,CHEMBL240,hERG,True,True,True
CN(CCN1CCN(c2ccc(F)cc2)C1=O)C[C@]12CC[C@H](CC1)C2(C)C,5.5,2,nM,CHEMBL562836,-5.5,3.5,CHEMBL240,hERG,True,True,True
CN(CCN1CCN(c2ccc3c(c2)OCO3)C1=O)C[C@]12CC[C@H](CC1)C2(C)C,5.2,1,nM,CHEMBL564347,-5.2,3.8,CHEMBL240,hERG,False,False,False
CN(CCN1CCN(c2cccc(C(F)(F)F)c2)C1=O)C[C@]12CC[C@H](CC1)C2(C)C,5.2,2,nM,CHEMBL558058,-5.2,3.8,CHEMBL240,hERG,True,True,True
CN(CCN1CCN(c2cccc(Cl)c2)C1=O)C[C@]12CC[C@H](CC1)C2(C)C,5.5,2,nM,CHEMBL563274,-5.5,3.5,CHEMBL240,hERG,True,True,True
CN(CCN1CCN(c2cccc(Cl)c2)C1=O)Cc1cc2ccccc2s1,5.8,2,nM,CHEMBL554738,-5.8,3.2,CHEMBL240,hERG,False,False,False
CN(CCN1CCN(c2ccccc2)C1=O)C[C@]12CC[C@H](CC1)C2(C)C,5.4,2,nM,CHEMBL562948,-5.4,3.5999999999999996,CHEMBL240,hERG,True,True,True
CN(CCO)C(=O)N1CC(c2cc(F)ccc2F)=C[C@H]1c1cccc(O)c1,4.82,1,nM,CHEMBL206798,-4.82,4.18,CHEMBL240,hERG,False,False,False
CN(CCO)C(=O)c1ccc([C@H](c2cccc(NC(=O)C3CC3)c2)N2CCN(Cc3ccc(F)cc3)CC2)cc1,4.82,1,nM,CHEMBL1939738,-4.82,4.18,CHEMBL240,hERG,False,False,False
CN(CCOc1ccc(-n2ccc(OCc3ccccc3)cc2=O)cc1)Cc1ccccc1,9.09,1,nM,CHEMBL1642487,-9.09,-0.08999999999999986,CHEMBL240,hERG,False,False,False
CN(CCOc1ccc(CC2SC(=O)NC2=O)cc1)c1ccccn1,4.53,1,nM,CHEMBL121,-4.53,4.47,CHEMBL240,hERG,True,True,True
CN(CCOc1ccc(NS(C)(=O)=O)cc1)CCc1ccc(NS(C)(=O)=O)cc1,7.91,13,nM,CHEMBL473,-7.91,1.0899999999999999,CHEMBL240,hERG,False,False,False
CN(CCc1ccc(Cl)c(Cl)c1)C[C@H](O)COc1ccc(NS(C)(=O)=O)cc1,6.43,1,nM,CHEMBL523167,-6.43,2.5700000000000003,CHEMBL240,hERG,False,False,False
CN(C[C@@H](O)CN1CCC(Oc2ccc(Cl)c(Cl)c2)CC1)C(=O)c1c[nH]c(=O)c2ccccc12,5.7,1,nM,CHEMBL2208433,-5.7,3.3,CHEMBL240,hERG,False,False,False
CN(C[C@H]1Cc2c(cccc2N2CCNCC2)CN1)[C@H]1CCCc2cccnc21,4.69,1,nM,CHEMBL4172669,-4.69,4.31,CHEMBL240,hERG,False,False,False
CN(Cc1ccc(-c2ccccc2)cc1)C(=O)N1CCC[C@H]1CN1CCCC1,5.29,1,nM,CHEMBL216666,-5.29,3.71,CHEMBL240,hERG,False,False,False
CN(Cc1ccc(C(F)(F)F)cc1)c1cc(C(=O)Nc2ccccc2)ncn1,5.48,1,nM,CHEMBL4088721,-5.48,3.5199999999999996,CHEMBL240,hERG,False,False,False
CN(Cc1ccc(C(F)(F)F)nc1)c1cc(C(=O)Nc2ccccc2)ncn1,5.25,1,nM,CHEMBL4075071,-5.25,3.75,CHEMBL240,hERG,False,False,False
CN(Cc1ccc(C(F)(F)F)nc1)c1cc(C(=O)Nc2nncs2)ncn1,4.85,1,nM,CHEMBL4083549,-4.85,4.15,CHEMBL240,hERG,False,False,False
CN(Cc1ccc(F)cc1)c1cc(C(=O)Nc2nncs2)ncn1,5.38,1,nM,CHEMBL4101551,-5.38,3.62,CHEMBL240,hERG,False,False,False
CN(Cc1ccc(OC2CN(C(=O)c3nnc(-c4ccccc4)o3)C2)cc1)CC1(C)COC1,4.85,1,nM,CHEMBL3785343,-4.85,4.15,CHEMBL240,hERG,False,False,False
CN(Cc1cccc(F)c1CNc1cc(F)c(S(=O)(=O)Nc2cscn2)c(F)c1)C(C)(C)C,4.58,1,nM,CHEMBL4471825,-4.58,4.42,CHEMBL240,hERG,False,False,False
CN(Cc1ccccc1)C(=O)c1ccc(C2=CC3(CCNCC3)Oc3ccccc32)cc1,5.8,1,nM,CHEMBL551536,-5.8,3.2,CHEMBL240,hERG,True,True,True
CN(Cc1ccccn1)Cc1ccccc1CNc1ccnc2cc(Cl)ccc12,6.06,2,nM,CHEMBL4099387,-6.06,2.9400000000000004,CHEMBL240,hERG,False,False,False
CN(Cc1cnccn1)S(=O)(=O)Nc1ccc2ccc3ncc(-c4cnn(C)c4)cc3c(=O)c2c1,5.15,1,nM,CHEMBL1802909,-5.15,3.8499999999999996,CHEMBL240,hERG,False,False,False
CN(Cc1nc2ccccc2c(=O)[nH]1)Cc1nc(-c2ccccc2)no1,4.58,1,nM,CHEMBL2069922,-4.58,4.42,CHEMBL240,hERG,False,False,False
CN([C@H]1CC[C@H](n2cc(C(N)=O)c(Nc3ccc(Cl)cc3)n2)[C@@H](C#N)C1)C1(C)COC1,4.34,1,nM,CHEMBL4094682,-4.34,4.66,CHEMBL240,hERG,False,False,False
CN([C@H]1c2cc(OCCCC(F)(F)F)ccc2OC(C)(C)[C@@H]1O)S(C)(=O)=O,4.9,1,nM,CHEMBL298475,-4.9,4.1,CHEMBL240,hERG,False,False,False
CN(c1ccc(-c2cc3ccccc3cc2O)nn1)C1CC(C)(C)NC(C)(C)C1,7.1,1,nM,CHEMBL4292990,-7.1,1.9000000000000004,CHEMBL240,hERG,False,False,False
CN(c1ccc(-c2cc3ccccc3s2)nn1)C1CC(C)(C)NC(C)(C)C1,6.96,1,nM,CHEMBL4281315,-6.96,2.04,CHEMBL240,hERG,False,False,False
CN(c1ccc(-c2cc3cccnc3cc2O)nn1)C1CC(C)(C)NC(C)(C)C1,5.35,1,nM,CHEMBL4277023,-5.35,3.6500000000000004,CHEMBL240,hERG,False,False,False
CN(c1ccc(-c2cc3cnccc3cc2O)nn1)C1CC(C)(C)NC(C)(C)C1,4.85,1,nM,CHEMBL4279018,-4.85,4.15,CHEMBL240,hERG,False,False,False
CN(c1ccc(-c2ccc(-c3cn[nH]c3)cc2O)nn1)C1CC(C)(C)NC(C)(C)C1,5.22,1,nM,CHEMBL4283367,-5.22,3.7800000000000002,CHEMBL240,hERG,False,False,False
CN(c1ccc(-c2ccc(-n3cc(CO)cn3)cc2O)nn1)C1CC(C)(C)NC(C)(C)C1,4.8,1,nM,CHEMBL4291213,-4.8,4.2,CHEMBL240,hERG,False,False,False
CN(c1ccc(-c2ccc(-n3ccc(N)n3)cc2O)nn1)C1CC(C)(C)NC(C)(C)C1,4.8,1,nM,CHEMBL4286948,-4.8,4.2,CHEMBL240,hERG,False,False,False
CN(c1ccc(-c2ccc(-n3cccn3)cc2O)nn1)C1CC(C)(C)NC(C)(C)C1,6.52,1,nM,CHEMBL4280558,-6.52,2.4800000000000004,CHEMBL240,hERG,False,False,False
CN(c1ccc(-c2ccc(C#N)cc2O)nn1)C1CC(C)(C)NC(C)(C)C1,6.52,1,nM,CHEMBL4283397,-6.52,2.4800000000000004,CHEMBL240,hERG,False,False,False
CN(c1ccc(-c2ccc(F)cc2O)nn1)C1CC(C)(C)NC(C)(C)C1,5.66,1,nM,CHEMBL4282391,-5.66,3.34,CHEMBL240,hERG,False,False,False
CN(c1ccc(CN2CCC3(CC2)OCc2cc(F)ncc23)cc1)c1ccc(F)c(F)c1,7.6,1,nM,CHEMBL585856,-7.6,1.4000000000000004,CHEMBL240,hERG,False,False,False
CN(c1cnn(-c2ccnc3[nH]c(-c4cccc5c4ccn5C)nc23)c1)[C@@H]1CCOC[C@@H]1N,5.04,1,nM,CHEMBL4781060,-5.04,3.96,CHEMBL240,hERG,False,False,False
CN(c1ncc(C(N)=O)c2sc(-c3ccccc3)cc12)[C@H]1CCCNC1,5.57,1,nM,CHEMBL4097424,-5.57,3.4299999999999997,CHEMBL240,hERG,False,False,False
CN(c1nccc(=O)[nH]1)C1CCN(c2nc3ccccc3n2Cc2ccc(F)cc2)CC1,6.36,6,nM,CHEMBL94454,-6.36,2.6399999999999997,CHEMBL240,hERG,True,True,True
CN(c1ncnc2[nH]ccc12)[C@@H]1CCN(C(=O)CC#N)C1,4.03,1,nM,CHEMBL4224807,-4.03,4.97,CHEMBL240,hERG,False,False,False
CN1C(=O)CC[C@H]1CN(Cc1ccc(Cl)cc1)S(=O)(=O)c1cccc(C#N)c1,4.52,1,nM,CHEMBL3127404,-4.52,4.48,CHEMBL240,hERG,False,False,False
CN1C(=O)Cn2c1nc1nc(N3CCC[C@@H](N)C3)n(Cc3cc(F)ccc3C#N)c1c2=O,4.4,1,nM,CHEMBL3687984,-4.4,4.6,CHEMBL240,hERG,False,False,False
CN1C(=O)[C@@H](CN2CCCCC2)C[C@H]1C#Cc1ccccc1,5.16,1,nM,CHEMBL454407,-5.16,3.84,CHEMBL240,hERG,False,False,False
CN1C(=O)c2ccccc2CC1CN1CCC2(CCc3ccccc32)CC1,5.16,1,nM,CHEMBL3786486,-5.16,3.84,CHEMBL240,hERG,False,False,False
CN1C(C)(C)CC(Nc2nc3c(-c4ccc(C(=O)N5CCN(S(C)(=O)=O)CC5)cc4)cnn3c(N)c2-c2ccccc2)CC1(C)C,4.85,1,nM,CHEMBL4639022,-4.85,4.15,CHEMBL240,hERG,False,False,False
CN1C(C)(C)CC(Nc2nc3c(-c4ccc(C(=O)N5C[C@@H]6C[C@H]5CO6)cc4)cnn3c(N)c2-c2ccccc2)CC1(C)C,5.4399999999999995,2,nM,CHEMBL4636056,-5.4399999999999995,3.5600000000000005,CHEMBL240,hERG,False,False,False
CN1C2CCCC1CC(NC(=O)c1nn(C)c3ccccc13)C2,5.42,3,nM,CHEMBL289469,-5.42,3.58,CHEMBL240,hERG,False,False,False
CN1CC(=O)N2C(Cc3c([nH]c4ccccc34)C2c2ccc3c(c2)OCO3)C1=O,4.0,1,nM,CHEMBL1671905,-4.0,5.0,CHEMBL240,hERG,False,False,False
CN1CC(=O)N2[C@H](c3ccc4c(c3)OCO4)c3[nH]c4ccccc4c3C[C@@H]2C1=O,4.0,1,nM,CHEMBL779,-4.0,5.0,CHEMBL240,hERG,False,False,False
CN1CC(C)(NC(=O)Nc2cccc(-c3nnnn3C)c2)C(CN2CCC[C@@H](Cc3ccc(F)cc3)C2)OC1=O,4.8,1,nM,CHEMBL505914,-4.8,4.2,CHEMBL240,hERG,False,False,False
CN1CC(Cn2nc(-c3cnc4[nH]cc(C(=O)NC(C)(C)C)c4n3)c3cc(OC(F)F)ccc32)C1,6.53,1,nM,CHEMBL2347416,-6.53,2.4699999999999998,CHEMBL240,hERG,False,False,False
CN1CC(c2c[nH]c3cc(-n4ccc(OCc5ccccc5)cc4=O)ccc23)C1,4.92,1,nM,CHEMBL1830042,-4.92,4.08,CHEMBL240,hERG,False,False,False
CN1CC2(CCN(CCc3ccccc3)CC2)OC2(CC2)C1=O,5.44,1,nM,CHEMBL4762816,-5.44,3.5599999999999996,CHEMBL240,hERG,False,False,False
CN1CC=CCC(c2cc3ccccc3o2)C1,4.82,1,nM,CHEMBL2326689,-4.82,4.18,CHEMBL240,hERG,False,False,False
CN1CC=CCC(c2ccc(Cl)c(Cl)c2)C1,5.12,1,nM,CHEMBL2321995,-5.12,3.88,CHEMBL240,hERG,True,True,True
CN1CC=CC[C@H](c2ccc(Cl)c(Cl)c2)C1,5.0,1,nM,CHEMBL2321996,-5.0,4.0,CHEMBL240,hERG,True,True,True
CN1CCC(=C2c3ccccc3C=Cc3ccccc32)CC1,4.77,1,nM,CHEMBL516,-4.77,4.23,CHEMBL240,hERG,False,False,False
CN1CCC(C(=O)Nc2nc(-c3ccc(F)cc3)c(-c3ccnc(Nc4ccc(N5CCNCC5)cc4)n3)s2)CC1,4.3,1,nM,CHEMBL4459919,-4.3,4.7,CHEMBL240,hERG,False,False,False
CN1CCC(CNC2=NC(=O)/C(=C/c3csc(-c4ccc(OC(F)(F)F)cc4)n3)S2)CC1,5.31,1,nM,CHEMBL4757567,-5.31,3.6900000000000004,CHEMBL240,hERG,False,False,False
CN1CCC(CNc2ccc3ncc(-c4cccc(OC(F)(F)F)c4)n3n2)CC1,6.005,4,nM,CHEMBL1952141,-6.005,2.995,CHEMBL240,hERG,False,False,False
CN1CCC(CNc2ccn3ncc(-c4cccc(OC(F)(F)F)c4)c3n2)CC1,5.72,1,nM,CHEMBL3355541,-5.72,3.2800000000000002,CHEMBL240,hERG,False,False,False
CN1CCC(COCc2cc(C#N)cc(C3CC3)n2)(c2ccc(F)cc2)CC1,4.77,1,nM,CHEMBL2333612,-4.77,4.23,CHEMBL240,hERG,False,False,False
CN1CCC(COCc2cc(C(F)(F)F)cc(C#N)n2)(c2ccccc2)CC1,4.48,1,nM,CHEMBL2333631,-4.48,4.52,CHEMBL240,hERG,False,False,False
CN1CCC(COCc2cc(C(F)(F)F)cc(C3(F)CC3)n2)(c2ccc(F)cc2)CC1,5.37,1,nM,CHEMBL2333608,-5.37,3.63,CHEMBL240,hERG,False,False,False
CN1CCC(COCc2cc(C(F)(F)F)cc(C3(F)CC3)n2)(c2ccccc2)CC1,4.92,1,nM,CHEMBL2333609,-4.92,4.08,CHEMBL240,hERG,False,False,False
CN1CCC(COCc2cc(C(F)(F)F)cc(C3CC3(C)C)n2)(c2ccc(F)cc2)CC1,5.05,1,nM,CHEMBL2333607,-5.05,3.95,CHEMBL240,hERG,False,False,False
CN1CCC(COCc2cc(C(F)(F)F)cc(C3CC3)n2)(c2ccc(Cl)cc2)CC1,5.51,1,nM,CHEMBL2333613,-5.51,3.49,CHEMBL240,hERG,False,False,False
CN1CCC(COCc2cc(C(F)(F)F)cc(C3CC3)n2)(c2ccc(F)cc2)CC1,4.89,1,nM,CHEMBL2333637,-4.89,4.11,CHEMBL240,hERG,False,False,False
CN1CCC(COCc2cc(C(F)(F)F)cc(C3CC3)n2)(c2cccc(Cl)c2)CC1,5.04,1,nM,CHEMBL2333614,-5.04,3.96,CHEMBL240,hERG,False,False,False
CN1CCC(COCc2cc(C(F)(F)F)cc(C3CC3)n2)(c2cccc(F)c2)CC1,5.05,1,nM,CHEMBL2333615,-5.05,3.95,CHEMBL240,hERG,False,False,False
CN1CCC(COCc2cc(C(F)(F)F)cc(C3CC3)n2)(c2ccccc2)CC1,5.05,1,nM,CHEMBL2333604,-5.05,3.95,CHEMBL240,hERG,False,False,False
CN1CCC(COCc2cc(C(F)(F)F)cc(C3CCCC3)n2)(c2ccc(F)cc2)CC1,4.92,1,nM,CHEMBL2333610,-4.92,4.08,CHEMBL240,hERG,False,False,False
CN1CCC(COCc2cc(C(F)(F)F)cc(Cl)n2)(c2ccc(Cl)cc2)CC1,4.64,1,nM,CHEMBL2333641,-4.64,4.36,CHEMBL240,hERG,False,False,False
CN1CCC(COCc2cc(C(F)(F)F)cc(Cl)n2)(c2ccc(F)cc2)CC1,5.22,1,nM,CHEMBL2333643,-5.22,3.7800000000000002,CHEMBL240,hERG,False,False,False
CN1CCC(COCc2cc(C(F)(F)F)cc(Cl)n2)(c2ccccc2)CC1,4.6,1,nM,CHEMBL2333640,-4.6,4.4,CHEMBL240,hERG,False,False,False
CN1CCC(COCc2cc(C(F)(F)F)cc(Cl)n2)(c2ccccc2F)CC1,4.37,1,nM,CHEMBL2333644,-4.37,4.63,CHEMBL240,hERG,False,False,False
CN1CCC(COCc2cc(C(F)(F)F)cc(N3CC=CC3)n2)(c2ccc(F)cc2)CC1,5.06,1,nM,CHEMBL2333626,-5.06,3.9400000000000004,CHEMBL240,hERG,False,False,False
CN1CCC(COCc2cc(C(F)(F)F)cc(N3CCC(C#N)C3)n2)(c2ccc(F)cc2)CC1,5.08,1,nM,CHEMBL2333627,-5.08,3.92,CHEMBL240,hERG,False,False,False
CN1CCC(COCc2cc(C(F)(F)F)cc(N3CCC(C#N)CC3)n2)(c2ccc(F)cc2)CC1,5.11,1,nM,CHEMBL2333629,-5.11,3.8899999999999997,CHEMBL240,hERG,False,False,False
CN1CCC(COCc2cc(C(F)(F)F)cc(N3CCC4CC43)n2)(c2ccc(F)cc2)CC1,4.92,1,nM,CHEMBL2333625,-4.92,4.08,CHEMBL240,hERG,False,False,False
CN1CCC(COCc2cc(C(F)(F)F)cc(N3CCCC3)n2)(c2ccccc2)CC1,5.13,1,nM,CHEMBL2333624,-5.13,3.87,CHEMBL240,hERG,False,False,False
CN1CCC(COCc2cc(C(F)(F)F)ccn2)(c2ccc(F)cc2)CC1,4.54,1,nM,CHEMBL2333630,-4.54,4.46,CHEMBL240,hERG,False,False,False
CN1CCC(COCc2cc(C3CC3)cc(C3CC3)n2)(c2ccc(F)cc2)CC1,4.77,1,nM,CHEMBL2333611,-4.77,4.23,CHEMBL240,hERG,False,False,False
CN1CCC(COCc2cc(Cl)cc(C(F)(F)F)n2)(c2ccccc2)CC1,4.92,1,nM,CHEMBL2333616,-4.92,4.08,CHEMBL240,hERG,False,False,False
CN1CCC(COCc2cncc(Br)c2)(c2ccccc2)CC1,4.89,1,nM,CHEMBL2333646,-4.89,4.11,CHEMBL240,hERG,False,False,False
CN1CCC(COc2cc(NC(=O)N3CCCc4cc(C(F)F)c(C=O)nc43)ncc2C#N)CC1,5.0,1,nM,CHEMBL4785725,-5.0,4.0,CHEMBL240,hERG,False,False,False
CN1CCC(Cc2ccc3c(c2)Cc2c(-c4csc(C#CCOc5ccccc5)c4)n[nH]c2-3)CC1,5.68,1,nM,CHEMBL223999,-5.68,3.3200000000000003,CHEMBL240,hERG,False,False,False
CN1CCC(Cn2nc(-c3ccc4cc(OC5CC5)ccc4c3)c3c(N)ncnc32)CC1,6.43,1,nM,CHEMBL4543259,-6.43,2.5700000000000003,CHEMBL240,hERG,False,False,False
CN1CCC(Cn2nc(-c3ccc4cc(OC5CCC5)ccc4c3)c3c(N)ncnc32)CC1,6.7,1,nM,CHEMBL4444685,-6.7,2.3,CHEMBL240,hERG,False,False,False
CN1CCC(Cn2nc(-c3ccc4cc(OCC5CC5)ccc4c3)c3c(N)ncnc32)CC1,6.05,1,nM,CHEMBL4572930,-6.05,2.95,CHEMBL240,hERG,False,False,False
CN1CCC(Cn2nc(-c3ccc4nc(OC5CC5)ccc4c3)c3c(N)ncnc32)CC1,5.77,1,nM,CHEMBL4517731,-5.77,3.2300000000000004,CHEMBL240,hERG,False,False,False
CN1CCC(Cn2nc(-c3ccc4nc(OCC(F)(F)F)ccc4c3)c3c(N)ncnc32)CC1,6.3,1,nM,CHEMBL4450160,-6.3,2.7,CHEMBL240,hERG,False,False,False
CN1CCC(N(C)C(=O)N2CC(c3cc(F)ccc3F)=C[C@@]2(CO)c2ccccc2)CC1,4.84,1,nM,CHEMBL479796,-4.84,4.16,CHEMBL240,hERG,False,False,False
CN1CCC(N(C)C(=O)N2CC(c3cc(F)ccc3F)=C[C@H]2c2ccccc2)CC1,5.92,1,nM,CHEMBL481959,-5.92,3.08,CHEMBL240,hERG,False,False,False
CN1CCC(NC(=O)c2cccn3c(=O)c4ccc5ccccc5c4nc23)CC1,5.13,1,nM,CHEMBL5087053,-5.13,3.87,CHEMBL240,hERG,False,False,False
CN1CCC(Oc2cccc3ncnc(Nc4ccc(OCc5ccccn5)c(Cl)c4)c23)CC1,5.3,1,nM,CHEMBL193544,-5.3,3.7,CHEMBL240,hERG,False,False,False
CN1CCC(c2ccc3nc(Nc4ccc(C(F)(F)F)cn4)[nH]c3c2)CC1,5.37,1,nM,CHEMBL3321972,-5.37,3.63,CHEMBL240,hERG,False,False,False
CN1CCC(c2nc(-c3ccc(F)c(NS(C)(=O)=O)c3)c(-c3ccnc(NCC4CC4)n3)s2)CC1,5.87,1,nM,CHEMBL4286841,-5.87,3.13,CHEMBL240,hERG,False,False,False
CN1CCC(c2nc(-c3ccc(F)cc3)c(-c3ccnc(Nc4ccc(N5CCNCC5)cc4)n3)s2)CC1,4.55,1,nM,CHEMBL4288103,-4.55,4.45,CHEMBL240,hERG,False,False,False
CN1CCC(c2noc(-c3cnc(Nc4ccc5c(c4)C(C)(C)OC5=O)nc3N[C@H](CO)c3ccccc3)n2)CC1,5.6,1,nM,CHEMBL4778959,-5.6,3.4000000000000004,CHEMBL240,hERG,False,False,False
CN1CCCC(CN2CCN(C(=O)Nc3ccc(Cl)c(Cl)c3)CC2)C1,5.8,1,nM,CHEMBL2036748,-5.8,3.2,CHEMBL240,hERG,False,False,False
CN1CCCC(CNC(=O)c2nn(C)cc2NC(=O)c2cccc(-c3ccnc(NCC4CC4)c3)n2)C1,4.92,1,nM,CHEMBL4466893,-4.92,4.08,CHEMBL240,hERG,False,False,False
CN1CCCC(n2nc(Cc3ccc(Cl)cc3)c3ccccc3c2=O)CC1,7.0,4,nM,CHEMBL639,-7.0,2.0,CHEMBL240,hERG,False,False,False
CN1CCCC1CCOc1ccc(/C(=C(/CCCO)c2ccccc2)c2ccc(Br)cc2)cc1,5.77,1,nM,CHEMBL4790844,-5.77,3.2300000000000004,CHEMBL240,hERG,False,False,False
CN1CCCC1CCOc1ccc(/C(=C(/CCCO)c2ccccc2)c2ccc(O)cc2)cc1,5.27,1,nM,CHEMBL4757503,-5.27,3.7300000000000004,CHEMBL240,hERG,False,False,False
CN1CCCC1COc1ccc(-n2ccc(OCc3ccccc3)cc2=O)cc1,8.03,1,nM,CHEMBL1642491,-8.03,0.9700000000000006,CHEMBL240,hERG,False,False,False
CN1CCCCC(c2ccc(Cl)c(Cl)c2)C1,5.0,1,nM,CHEMBL2326691,-5.0,4.0,CHEMBL240,hERG,False,False,False
CN1CCCCC1CCN1c2ccccc2Sc2ccc([S+](C)[O-])cc21,6.495,6,nM,CHEMBL1088,-6.495,2.505,CHEMBL240,hERG,False,True,True
CN1CCCCC1COc1ccc(-n2ccc(OCc3ccccc3)cc2=O)cc1,8.24,1,nM,CHEMBL1642490,-8.24,0.7599999999999998,CHEMBL240,hERG,False,False,False
CN1CCCN(C(=O)c2ccc(-c3cnc(N)c(-c4ccc(C(F)(F)F)cc4)n3)cc2)CC1,5.3,1,nM,CHEMBL4763365,-5.3,3.7,CHEMBL240,hERG,False,False,False
CN1CCCN(c2nccc3[nH]c(-c4cc(F)cc(F)c4)nc23)CC1,6.4,1,nM,CHEMBL4758157,-6.4,2.5999999999999996,CHEMBL240,hERG,False,False,False
CN1CCCN(c2nccc3[nH]c(-c4ccc(F)c(F)c4)nc23)CC1,6.4,1,nM,CHEMBL4746185,-6.4,2.5999999999999996,CHEMBL240,hERG,False,False,False
CN1CCC[C@@H](c2nc3ccccc3n2Cc2ccc(F)cc2)C1,6.14,2,nM,CHEMBL1095819,-6.14,2.8600000000000003,CHEMBL240,hERG,True,True,True
CN1CCC[C@@H]1CCO[C@](C)(c1ccccc1)c1ccc(Cl)cc1,6.4,1,nM,CHEMBL1626,-6.4,2.5999999999999996,CHEMBL240,hERG,False,False,False
CN1CCC[C@@H]1Cn1nc(Cc2ccc(Cl)cc2)c2ccccc2c1=O,6.7,1,nM,CHEMBL1767136,-6.7,2.3,CHEMBL240,hERG,True,True,True
CN1CCC[C@@H]1Cn1nc(Cc2ccc(Cl)cc2)c2cccnc2c1=O,5.6,1,nM,CHEMBL2146484,-5.6,3.4000000000000004,CHEMBL240,hERG,False,False,False
CN1CCC[C@@H]1Cn1nc(Cc2ccc(Cl)cc2)c2ccncc2c1=O,5.9,1,nM,CHEMBL2146804,-5.9,3.0999999999999996,CHEMBL240,hERG,False,False,False
CN1CCC[C@@H]1Cn1nc(Cc2ccc(Cl)cc2)c2cnccc2c1=O,5.6,1,nM,CHEMBL2146805,-5.6,3.4000000000000004,CHEMBL240,hERG,False,False,False
CN1CCC[C@@H]1Cn1nc(Cc2ccc(Cl)cc2)c2ncccc2c1=O,6.8,1,nM,CHEMBL2146809,-6.8,2.2,CHEMBL240,hERG,False,False,False
CN1CCC[C@@H]1Cn1nc(Cc2ccc(Cl)cc2)c2nccnc2c1=O,5.9,1,nM,CHEMBL2146812,-5.9,3.0999999999999996,CHEMBL240,hERG,False,False,False
CN1CCC[C@H]1CCN1CCCc2cc(NC(=N)c3cccs3)ccc21,5.33,1,nM,CHEMBL1956112,-5.33,3.67,CHEMBL240,hERG,False,False,False
CN1CCC[C@H]1COc1ccc(/C(=C(/CCCO)c2ccccc2)c2ccc(Br)cc2)cc1,5.33,1,nM,CHEMBL4791571,-5.33,3.67,CHEMBL240,hERG,False,False,False
CN1CCC[C@H]1COc1ccc(/C(=C(/CCCO)c2ccccc2)c2ccc(O)cc2)cc1,4.75,1,nM,CHEMBL4791981,-4.75,4.25,CHEMBL240,hERG,False,False,False
CN1CCN(C(=O)C2CCN(c3nccc4[nH]c(-c5ccc(F)c(F)c5)cc34)CC2)CC1,5.52,1,nM,CHEMBL4757759,-5.52,3.4800000000000004,CHEMBL240,hERG,False,False,False
CN1CCN(C(=O)C2CCN(c3nccc4[nH]c(-c5ccc(F)c(F)c5)nc34)CC2)CC1,4.92,1,nM,CHEMBL4776200,-4.92,4.08,CHEMBL240,hERG,False,False,False
CN1CCN(C(=O)NC2CCN(Cc3ccn(-c4ccc(C(F)(F)F)cc4)c3)CC2)C(c2ccccc2)C1,5.33,1,nM,CHEMBL558532,-5.33,3.67,CHEMBL240,hERG,False,False,False
CN1CCN(C(=O)c2ccc(-c3cnc(N)c(-c4ccc(C(F)(F)F)cc4)c3)cc2)CC1,4.79,1,nM,CHEMBL2181296,-4.79,4.21,CHEMBL240,hERG,False,False,False
CN1CCN(C(=O)c2ccc(-c3cnc(N)c(-c4ccc(C(F)(F)F)nc4)c3)cc2)CC1,5.09,1,nM,CHEMBL2181490,-5.09,3.91,CHEMBL240,hERG,False,False,False
CN1CCN(C(=O)c2ccc3c(c2)Cc2c(-c4csc(C#CCOc5ccccc5)c4)n[nH]c2-3)CC1,5.76,1,nM,CHEMBL390735,-5.76,3.24,CHEMBL240,hERG,False,False,False
CN1CCN(C(=O)c2cccc(-c3ncnc4ccc(-c5cnc6ccccc6c5)cc34)c2)CC1,5.58,1,nM,CHEMBL4437791,-5.58,3.42,CHEMBL240,hERG,False,False,False
CN1CCN(C)C(C(=O)N2CCN(C(=O)Nc3ccc(Cl)c(Cl)c3)CC2)C1,4.89,1,nM,CHEMBL2036784,-4.89,4.11,CHEMBL240,hERG,False,False,False
CN1CCN(C)c2nc(CNC34CCC(C[C@]5(O)Cn6c(=O)ccc7ncc(F)c5c76)(CC3)OC4)ccc21,4.51,1,nM,CHEMBL3425929,-4.51,4.49,CHEMBL240,hERG,False,False,False
CN1CCN(C2=Nc3cc(Cl)ccc3Nc3ccccc32)CC1,6.49,11,nM,CHEMBL42,-6.49,2.51,CHEMBL240,hERG,False,False,False
CN1CCN(C2=Nc3ccccc3Nc3sc(CO)cc32)CC1,4.94,1,nM,CHEMBL100454,-4.94,4.06,CHEMBL240,hERG,False,False,False
CN1CCN(C2CCN(c3nccc4[nH]c(-c5cc(F)cc(F)c5)cc34)CC2)CC1,5.4,1,nM,CHEMBL4778630,-5.4,3.5999999999999996,CHEMBL240,hERG,False,False,False
CN1CCN(CC2CCN(c3nccc4[nH]c(-c5cc(F)cc(F)c5)cc34)CC2)CC1,5.3,1,nM,CHEMBL4789774,-5.3,3.7,CHEMBL240,hERG,False,False,False
CN1CCN(CCCCN2C(=O)CN(/N=C/c3ccc(-c4ccc(Cl)cc4)o3)C2=O)CC1,6.05,6,nM,CHEMBL123558,-6.05,2.95,CHEMBL240,hERG,False,False,False
CN1CCN(CCCN2c3ccccc3Sc3ccc(C(F)(F)F)cc32)CC1,5.21,1,nM,CHEMBL422,-5.21,3.79,CHEMBL240,hERG,False,False,False
CN1CCN(CCCN2c3ccccc3Sc3ccc(Cl)cc32)CC1,5.73,1,nM,CHEMBL728,-5.73,3.2699999999999996,CHEMBL240,hERG,False,False,False
CN1CCN(CCCNc2nnc(-c3ccc(NC(=O)c4ccccc4F)cc3)o2)CC1,4.2,1,nM,CHEMBL2022501,-4.2,4.8,CHEMBL240,hERG,False,False,False
CN1CCN(CCN2CCN(c3cccc(Cl)c3)C2=O)CC1,5.4,1,nM,CHEMBL571221,-5.4,3.5999999999999996,CHEMBL240,hERG,False,False,False
CN1CCN(CCc2ccc3c(c2)Cc2c(-c4csc(C#CCOc5ccccc5)c4)n[nH]c2-3)CC1,5.23,1,nM,CHEMBL390353,-5.23,3.7699999999999996,CHEMBL240,hERG,False,False,False
CN1CCN(Cc2ccc(-c3cnc4[nH]cc(-c5ccc6[nH]ccc6c5)c4c3)cc2)CC1,4.68,1,nM,CHEMBL2436978,-4.68,4.32,CHEMBL240,hERG,False,False,False
CN1CCN(Cc2ccc(OCCCCN3CCC(c4noc5cc(F)ccc45)CC3)cc2)CC1,5.98,1,nM,CHEMBL4846866,-5.98,3.0199999999999996,CHEMBL240,hERG,False,False,False
CN1CCN(Cc2ccc(OCCCN3CCC(c4noc5cc(F)ccc45)CC3)cc2)CC1,5.81,1,nM,CHEMBL4865907,-5.81,3.1900000000000004,CHEMBL240,hERG,False,False,False
CN1CCN(Cc2ccc3c(c2)Cc2c(-c4csc(C#CCCOc5ccccc5)c4)n[nH]c2-3)CC1,6.35,1,nM,CHEMBL225090,-6.35,2.6500000000000004,CHEMBL240,hERG,False,False,False
CN1CCN(Cc2ccc3c(c2)Cc2c(-c4csc(C#CCCc5ccccc5)c4)n[nH]c2-3)CC1,5.32,1,nM,CHEMBL223998,-5.32,3.6799999999999997,CHEMBL240,hERG,False,False,False
CN1CCN(Cc2ccc3c(c2)Cc2c(-c4csc(C#CCNC(=O)Nc5ccccc5)c4)n[nH]c2-3)CC1,5.1,1,nM,CHEMBL225336,-5.1,3.9000000000000004,CHEMBL240,hERG,False,False,False
CN1CCN(Cc2ccc3c(c2)Cc2c(-c4csc(C#CCNC(=O)Oc5ccccc5)c4)n[nH]c2-3)CC1,5.56,1,nM,CHEMBL224968,-5.56,3.4400000000000004,CHEMBL240,hERG,False,False,False
CN1CCN(Cc2ccc3c(c2)Cc2c(-c4csc(C#CCNC(=O)c5ccccc5)c4)n[nH]c2-3)CC1,5.13,1,nM,CHEMBL225311,-5.13,3.87,CHEMBL240,hERG,False,False,False
CN1CCN(Cc2ccc3c(c2)Cc2c(-c4csc(C#CCNS(=O)(=O)c5ccccc5)c4)n[nH]c2-3)CC1,5.31,1,nM,CHEMBL376779,-5.31,3.6900000000000004,CHEMBL240,hERG,False,False,False
CN1CCN(Cc2ccc3c(c2)Cc2c(-c4csc(C#CCNc5ccccc5)c4)n[nH]c2-3)CC1,5.76,1,nM,CHEMBL426009,-5.76,3.24,CHEMBL240,hERG,False,False,False
CN1CCN(Cc2ccc3c(c2)Cc2c(-c4csc(C#CCOc5ccc(CN6CCOCC6)cc5)c4)n[nH]c2-3)CC1,5.59,1,nM,CHEMBL225240,-5.59,3.41,CHEMBL240,hERG,False,False,False
CN1CCN(Cc2ccc3c(c2)Cc2c(-c4csc(C#CCOc5ccc(Cl)cc5)c4)n[nH]c2-3)CC1,5.45,1,nM,CHEMBL387929,-5.45,3.55,CHEMBL240,hERG,False,False,False
CN1CCN(Cc2ccc3c(c2)Cc2c(-c4csc(C#CCOc5cccc(Cl)c5)c4)n[nH]c2-3)CC1,5.59,1,nM,CHEMBL225319,-5.59,3.41,CHEMBL240,hERG,False,False,False
CN1CCN(Cc2ccc3c(c2)Cc2c(-c4csc(C#CCOc5ccccc5Cl)c4)n[nH]c2-3)CC1,6.1,1,nM,CHEMBL225318,-6.1,2.9000000000000004,CHEMBL240,hERG,False,False,False
CN1CCN(Cc2ccc3c(c2)Cc2c(-c4csc(C#CCOc5cccnc5)c4)n[nH]c2-3)CC1,5.47,1,nM,CHEMBL223219,-5.47,3.5300000000000002,CHEMBL240,hERG,False,False,False
CN1CCN(Cc2ccc3nc(Nc4ccc(C(F)(F)F)cn4)[nH]c3c2)CC1,4.67,1,nM,CHEMBL3321963,-4.67,4.33,CHEMBL240,hERG,False,False,False
CN1CCN(Cc2cnc(NC(=O)/C(=N/N3CCCC3)c3ccc(S(=O)(=O)C4CC4)cc3)s2)CC1,4.77,1,nM,CHEMBL4646396,-4.77,4.23,CHEMBL240,hERG,False,False,False
CN1CCN(Nc2cccc3c2C[C@@H](CN(C)[C@H]2CCCc4cccnc42)NC3)CC1,5.17,1,nM,CHEMBL4858136,-5.17,3.83,CHEMBL240,hERG,False,False,False
CN1CCN(c2cc(C(F)(F)F)cc(COCC3(c4ccccc4)CCNCC3)n2)CC1,4.8,1,nM,CHEMBL2333628,-4.8,4.2,CHEMBL240,hERG,False,False,False
CN1CCN(c2cc(Cl)c3nc(Nc4ccc(Br)cn4)[nH]c3c2)CC1,5.14,1,nM,CHEMBL3321968,-5.14,3.8600000000000003,CHEMBL240,hERG,False,False,False
CN1CCN(c2ccc(NC(=O)c3cc(N(C)Cc4ccc(C(F)(F)F)cc4)ncn3)cc2)CC1,6.05,1,nM,CHEMBL4070191,-6.05,2.95,CHEMBL240,hERG,False,False,False
CN1CCN(c2ccc(Nc3cc(-c4cccc(-n5ccc6cc(C7CC7)cc(F)c6c5=O)c4CO)cn(C)c3=O)nc2)CC1,5.85,1,nM,CHEMBL2057918,-5.85,3.1500000000000004,CHEMBL240,hERG,False,False,False
CN1CCN(c2ccc(Nc3nccc(-c4sc(C5CCNCC5)nc4-c4ccc(F)cc4)n3)cc2)CC1,4.88,1,nM,CHEMBL4531058,-4.88,4.12,CHEMBL240,hERG,False,False,False
CN1CCN(c2ccc3c(c2)Cc2c(-c4csc(C#CCOc5ccccc5)c4)n[nH]c2-3)CC1,5.76,1,nM,CHEMBL224547,-5.76,3.24,CHEMBL240,hERG,False,False,False
CN1CCN(c2ccc3nc(-c4ccc(CN5CCC(c6nnc(-c7ccccn7)[nH]6)CC5)cc4)c(-c4ccccc4)nc3n2)CC1,5.67,1,nM,CHEMBL452823,-5.67,3.33,CHEMBL240,hERG,False,False,False
CN1CCN(c2ccc3nc(-c4ccccc4)c(-c4ccc(CN5CCC(c6nnc(-c7ccc(N)nc7)[nH]6)CC5)cc4)nc3n2)CC1,5.33,1,nM,CHEMBL499961,-5.33,3.67,CHEMBL240,hERG,False,False,False
CN1CCN(c2ccc3nc(-c4ccccc4)c(-c4ccc(CN5CCC(c6nnc(-c7ccccn7)[nH]6)CC5)cc4)nc3n2)CC1,5.04,1,nM,CHEMBL443620,-5.04,3.96,CHEMBL240,hERG,False,False,False
CN1CCN(c2ccc3nc(-c4ccccc4)c(-c4ccc(CN5CCC(c6nnc(-c7ncccn7)[nH]6)CC5)cc4)nc3n2)CC1,5.08,1,nM,CHEMBL508098,-5.08,3.92,CHEMBL240,hERG,False,False,False
CN1CCN(c2ccc3nc(N)n(CC(O)c4ccc(C(F)(F)F)cc4Cl)c3n2)CC1,4.91,1,nM,CHEMBL3289806,-4.91,4.09,CHEMBL240,hERG,False,False,False
CN1CCN(c2ccc3nc(Nc4ccc(Br)cn4)[nH]c3c2)CC1,5.46,1,nM,CHEMBL3321871,-5.46,3.54,CHEMBL240,hERG,False,False,False
CN1CCN(c2cccc3c2C[C@H](NC(=O)c2ccc(OC(F)(F)F)cc2)CO3)CC1,5.1,1,nM,CHEMBL2069400,-5.1,3.9000000000000004,CHEMBL240,hERG,False,False,False
CN1CCN(c2cccc3c2C[C@H](NC(=O)c2ccc(OCC(F)(F)F)nc2)CO3)CC1,5.1,1,nM,CHEMBL2069401,-5.1,3.9000000000000004,CHEMBL240,hERG,False,False,False
CN1CCN(c2cccc3c2C[C@H](NC(=O)c2ccc(OCCC(F)(F)F)nc2)CO3)CC1,4.9,1,nM,CHEMBL2069402,-4.9,4.1,CHEMBL240,hERG,False,False,False
CN1CCN(c2ccccc2CNC(=O)c2ccc(F)c(NC(=O)c3cnc4cc(-c5ccnn5C)ccn34)c2)CC1,5.4,1,nM,CHEMBL3979322,-5.4,3.5999999999999996,CHEMBL240,hERG,False,False,False
CN1CCN(c2cnc3cc(C(F)(F)F)cc(NCc4ccc5cccnc5c4)c3c2)CC1,4.12,1,nM,CHEMBL3221126,-4.12,4.88,CHEMBL240,hERG,False,False,False
CN1CCN(c2cnc3cc(C(F)(F)F)cc(NCc4cccc(C#N)c4)c3c2)CC1,6.76,1,nM,CHEMBL3221111,-6.76,2.24,CHEMBL240,hERG,False,False,False
CN1CCN(c2cnc3cc(C(F)(F)F)cc(NCc4cccc([N+](=O)[O-])c4)c3c2)CC1,7.31,1,nM,CHEMBL1766528,-7.31,1.6900000000000004,CHEMBL240,hERG,False,False,False
CN1CCN(c2cnc3cc(C(F)(F)F)cc(NCc4cccc5nonc45)c3c2)CC1,6.97,1,nM,CHEMBL3221125,-6.97,2.0300000000000002,CHEMBL240,hERG,False,False,False
CN1CCN(c2ncc(C(=O)Nc3ccc(OC(F)(F)F)cc3)cc2-c2cncnc2)CC1,6.51,1,nM,CHEMBL3910823,-6.51,2.49,CHEMBL240,hERG,False,False,False
CN1CCN(c2ncc3cc(-c4ccccc4)c(-c4ccc(CN5CCC(c6nnc(-c7cc[n+]([O-])cc7)[nH]6)CC5)cc4)nc3n2)CC1,5.01,1,nM,CHEMBL507204,-5.01,3.99,CHEMBL240,hERG,False,False,False
CN1CCN(c2ncc3cc(-c4ccccc4)c(-c4ccc(CN5CCC(c6nnc(-c7ccc(N)nc7)[nH]6)CC5)cc4)nc3n2)CC1,5.21,1,nM,CHEMBL445212,-5.21,3.79,CHEMBL240,hERG,False,False,False
CN1CCN(c2ncnc3c2nc(-c2ccc(Cl)cc2Cl)n3-c2ccc(Cl)cc2)CC1,6.46,1,nM,CHEMBL498411,-6.46,2.54,CHEMBL240,hERG,True,True,True
CN1CCN(c2ncnc3c2nc(-c2ccccc2Cl)n3-c2ccc(Cl)cc2)CC1,6.2,1,nM,CHEMBL496555,-6.2,2.8,CHEMBL240,hERG,True,True,True
CN1CCN=C1Cn1ncc2cc(-n3ccc(OCc4ccccc4)cc3=O)ccc21,5.48,1,nM,CHEMBL1289726,-5.48,3.5199999999999996,CHEMBL240,hERG,False,False,False
CN1CCN[C@@H](C(=O)N2CCN(C(=O)Nc3ccc(Cl)c(Cl)c3)CC2)C1,4.7,1,nM,CHEMBL2036783,-4.7,4.3,CHEMBL240,hERG,False,False,False
CN1CCOc2c1cnn1c(-c3ccc4ccc(Cl)c(NCC5(F)CCNCC5)c4n3)nnc21,5.68,1,nM,CHEMBL4483071,-5.68,3.3200000000000003,CHEMBL240,hERG,False,False,False
CN1CCOc2c1cnn1c(-c3ccc4cccc(NC5CCCCC5)c4c3)nnc21,5.22,1,nM,CHEMBL4449598,-5.22,3.7800000000000002,CHEMBL240,hERG,False,False,False
CN1CCOc2c1cnn1c(-c3ccc4cccc(NCC5(F)CCNCC5)c4n3)nnc21,4.71,1,nM,CHEMBL4576509,-4.71,4.29,CHEMBL240,hERG,False,False,False
CN1CCOc2c1cnn1c(-c3ccc4ccnc(NC5CCCCC5)c4c3)nnc21,5.4,1,nM,CHEMBL4521827,-5.4,3.5999999999999996,CHEMBL240,hERG,False,False,False
CN1CC[C@@H](N(Cc2ccccc2C(F)(F)F)c2ccc(C#N)c(Cl)c2)C1,6.11,1,nM,CHEMBL563341,-6.11,2.8899999999999997,CHEMBL240,hERG,False,False,False
CN1CC[C@H](N(C)C(=O)N2CC(c3cc(F)ccc3F)=C[C@@]2(CO)c2ccccc2)[C@@H](F)C1,4.43,1,nM,CHEMBL481932,-4.43,4.57,CHEMBL240,hERG,False,False,False
CN1CC[C@H](N(C)C(=O)N2CC(c3cc(F)ccc3F)=C[C@@]2(CO)c2ccccc2)[C@H](F)C1,4.69,1,nM,CHEMBL481931,-4.69,4.31,CHEMBL240,hERG,False,False,False
CN1CC[C@H](N(Cc2ccccc2C(F)(F)F)c2ccc(C#N)c(Cl)c2)C1,6.11,1,nM,CHEMBL558664,-6.11,2.8899999999999997,CHEMBL240,hERG,False,False,False
CN1CCc2c(sc3c2c2ncnn2c(=O)n3Cc2ccc(Cl)cc2)C1,7.16,1,nM,CHEMBL4068450,-7.16,1.8399999999999999,CHEMBL240,hERG,False,False,False
CN1CCc2ccc(OCCCN3CCC(c4noc5cc(F)ccc45)CC3)cc2C1=O,5.64,1,nM,CHEMBL4764679,-5.64,3.3600000000000003,CHEMBL240,hERG,False,False,False
CN1CCc2cccc3c2[C@H]1Cc1ccc(O)c(O)c1-3,5.62,1,nM,CHEMBL53,-5.62,3.38,CHEMBL240,hERG,False,False,False
CN1CCc2cncn2Cc2ccc(C#N)c(c2)Oc2ccc3cccc(c3c2)N2CC[C@@H]1C2=O,6.75,1,nM,CHEMBL498100,-6.75,2.25,CHEMBL240,hERG,False,False,False
CN1CCc2cncn2Cc2ccc(C#N)c(c2)Oc2ccc3cccc(c3c2)N2CC[C@H]1C2=O,5.31,1,nM,CHEMBL525368,-5.31,3.6900000000000004,CHEMBL240,hERG,False,False,False
CN1C[C@@H](C(=O)Nc2ccc(Cl)cc2)[C@H](c2ccc(/C=C/C(=O)Nc3ccccc3N)cc2)C1,5.3,1,nM,CHEMBL2177588,-5.3,3.7,CHEMBL240,hERG,False,False,False
CN1C[C@@H](N(Cc2ccccc2F)c2ccc(C#N)c(Cl)c2)CC1=O,5.19,1,nM,CHEMBL563283,-5.19,3.8099999999999996,CHEMBL240,hERG,False,False,False
CN1C[C@@H]2CCCC[C@]2(c2ccc(Cl)c(Cl)c2)C1,5.63,1,nM,CHEMBL1813315,-5.63,3.37,CHEMBL240,hERG,False,False,False
CN1C[C@@H]2CCC[C@]2(c2ccc(Cl)c(Cl)c2)C1,5.25,1,nM,CHEMBL1813478,-5.25,3.75,CHEMBL240,hERG,False,False,False
CN1C[C@@H]2[C@H](C1)[C@H]2CN(Cc1ccc(F)c(Cl)c1)C(=O)c1cn(C)cn1,5.07,1,nM,CHEMBL563251,-5.07,3.9299999999999997,CHEMBL240,hERG,False,False,False
CN1C[C@@H]2[C@H](C1)[C@H]2CN(Cc1cccc(OC(F)(F)F)c1)C(=O)c1cn(C)cn1,5.42,1,nM,CHEMBL556247,-5.42,3.58,CHEMBL240,hERG,False,False,False
CN1C[C@H](C(=O)Nc2ccc(Cl)cc2)[C@@H](c2ccc(/C=C/C(=O)Nc3ccccc3N)cc2)C1,5.0,1,nM,CHEMBL2177587,-5.0,4.0,CHEMBL240,hERG,False,False,False
CN1C[C@H](C(=O)Nc2ccc(Cl)cc2)[C@@H](c2ccc(/C=C/C(=O)Nc3ccccc3N)cc2F)C1,5.16,1,nM,CHEMBL2177582,-5.16,3.84,CHEMBL240,hERG,False,False,False
CN1C[C@H](Cc2ccc(Cl)cc2)N(C2CCN(c3n[nH]c(N)n3)CC2)Cc2cc(Cl)ccc21,6.1,1,nM,CHEMBL4643001,-6.1,2.9000000000000004,CHEMBL240,hERG,False,False,False
CN1C[C@H](Cc2ccc(Cl)cc2)N(C2CCN(c3n[nH]c(N)n3)CC2)Cc2ccccc21,5.5,1,nM,CHEMBL4635305,-5.5,3.5,CHEMBL240,hERG,False,False,False
CN1C[C@H]2CCCC[C@@]2(c2ccc(Cl)c(Cl)c2)C1,5.38,1,nM,CHEMBL1813314,-5.38,3.62,CHEMBL240,hERG,False,False,False
CN1C[C@H]2CCC[C@@]2(c2ccc(Cl)c(Cl)c2)C1,5.26,1,nM,CHEMBL1813484,-5.26,3.74,CHEMBL240,hERG,False,False,False
CN1C[C@H]2C[C@@H](N(Cc3ccc(F)c(C(F)(F)F)c3)C(=O)c3cn(C)cn3)C[C@H]2C1,5.76,1,nM,CHEMBL603695,-5.76,3.24,CHEMBL240,hERG,True,True,True
CN1Cc2cc(Cl)ccc2-n2c(nnc2C2CCN(c3ccccn3)CC2)C1,4.75,1,nM,CHEMBL1837037,-4.75,4.25,CHEMBL240,hERG,False,False,False
CN1Cc2cc(N3CCOCC3)ccc2[C@@H](c2ccc3sccc3c2)C1,6.0,1,nM,CHEMBL3323181,-6.0,3.0,CHEMBL240,hERG,False,True,True
CN1Cc2cccc(Oc3ncccc3NC(=O)Nc3ccc(OC(F)(F)F)cc3)c2C1C(C)(C)C,5.14,1,nM,CHEMBL3092629,-5.14,3.8600000000000003,CHEMBL240,hERG,False,False,False
CN1Cc2ccccc2[C@@H](c2ccccc2)N=C1CCc1ccccc1,7.05,1,nM,CHEMBL362721,-7.05,1.9500000000000002,CHEMBL240,hERG,False,False,False
CN1Cc2cncn2Cc2ccc(C#N)c(c2)Oc2ccc3c(c2)[C@@H](CC3)N2CC[C@@H]1C2=O,5.58,1,nM,CHEMBL496065,-5.58,3.42,CHEMBL240,hERG,False,False,False
CN1Cc2cncn2Cc2ccc(C#N)c(c2)Oc2ccc3cccc(c3c2)N2CC[C@H]1C2=O,5.36,1,nM,CHEMBL497048,-5.36,3.6399999999999997,CHEMBL240,hERG,False,False,False
CN1[C@@H](c2ccc(OCc3ccccc3F)cc2)CC[C@H]1C(N)=O,4.3,1,nM,CHEMBL4633318,-4.3,4.7,CHEMBL240,hERG,False,False,False
CN1[C@@H]2CCC[C@H]1C[C@H](NC(=O)c1cccc3oc(C4CC4)nc13)C2,6.7,1,nM,CHEMBL3084778,-6.7,2.3,CHEMBL240,hERG,True,True,True
CN1[C@@H]2CCC[C@H]1C[C@H](NC(=O)c1cccc3oc(N4CCOCC4)nc13)C2,5.85,1,nM,CHEMBL3084761,-5.85,3.1500000000000004,CHEMBL240,hERG,True,True,True
CN1[C@@H]2CC[C@H]1c1c(sc(NC(=O)Nc3ccc(Cl)cc3)c1C(N)=O)C2,5.25,1,nM,CHEMBL4096279,-5.25,3.75,CHEMBL240,hERG,False,False,False
CN1c2nc(-c3ccc(Cl)cc3Cl)c(-c3ccc(Cl)cc3)cc2C(C(=O)NCO)CC1(C)C,7.4,1,nM,CHEMBL1082330,-7.4,1.5999999999999996,CHEMBL240,hERG,False,False,False
CN=[S+](C)([O-])c1ccc(Nc2ncc(C(F)(F)F)c(N[C@@H]3CCC[C@H]3N(C)C)n2)cc1,4.69,1,nM,CHEMBL2029180,-4.69,4.31,CHEMBL240,hERG,False,False,False
CNC(=O)CN(CCc1ccc(Cl)cc1)C1CCN(c2nc(N)n[nH]2)CC1,5.58,1,nM,CHEMBL4524503,-5.58,3.42,CHEMBL240,hERG,False,False,False
CNC(=O)CN1CCC(n2nc(C)c(Nc3ncc(Cl)c(-c4cnn5ccccc45)n3)c2C)CC1,4.92,1,nM,CHEMBL3823962,-4.92,4.08,CHEMBL240,hERG,False,False,False
CNC(=O)N(Cc1ccsc1)C1CCN([C@H](C)CCNC(=O)c2c(C)cc(Cl)nc2C)CC1,5.8,1,nM,CHEMBL2164203,-5.8,3.2,CHEMBL240,hERG,False,False,False
CNC(=O)N1CCC(C2N[C@@H](c3nc(-c4ccccc4)c[nH]3)Cc3c2[nH]c2ccccc32)CC1,6.62,1,nM,CHEMBL2069513,-6.62,2.38,CHEMBL240,hERG,False,False,False
CNC(=O)NCCN(CCc1ccc(Cl)cc1)C1CCN(c2nc(N)n[nH]2)CC1,5.75,1,nM,CHEMBL4555101,-5.75,3.25,CHEMBL240,hERG,False,False,False
CNC(=O)Nc1ccc(O)cc1OC[C@@H](O)CN1CCC2(CC1)Cc1cc(Cl)ccc1O2,5.34,1,nM,CHEMBL3099942,-5.34,3.66,CHEMBL240,hERG,False,False,False
CNC(=O)Nc1ccc(O)cc1OC[C@@H](O)CN1CCC2(CC1)Cc1cc(F)ccc1O2,4.88,1,nM,CHEMBL3099961,-4.88,4.12,CHEMBL240,hERG,False,False,False
CNC(=O)[C@@H](C)Oc1cccc2ncnc(Nc3ccc(OCc4ccccn4)c(Cl)c3)c12,4.5,1,nM,CHEMBL403594,-4.5,4.5,CHEMBL240,hERG,False,False,False
CNC(=O)[C@@H]1CC[C@H](c2ccc(OCc3ccccc3F)cc2)N1,4.6,1,nM,CHEMBL4638413,-4.6,4.4,CHEMBL240,hERG,False,False,False
CNC(=O)[C@@H]1C[C@H](N2CCc3c(cccc3OCCC3CC3)C2)CN1C(=O)c1ccc(CN)c(OC)c1,4.96,1,nM,CHEMBL4528713,-4.96,4.04,CHEMBL240,hERG,False,False,False
CNC(=O)[C@@H]1C[C@H](N2CCc3c(cccc3OCCc3ccccc3)C2)CN1C(=O)c1ccc(CN)c(OC)c1,5.4,1,nM,CHEMBL4435231,-5.4,3.5999999999999996,CHEMBL240,hERG,False,False,False
CNC(=O)[C@@]12C[C@@H]1[C@@H](n1cnc3c(NC)nc(C#Cc4ccc(Cl)s4)nc31)[C@H](O)[C@@H]2O,4.89,1,nM,CHEMBL3407784,-4.89,4.11,CHEMBL240,hERG,True,True,True
CNC(=O)[C@@]12C[C@@H]1[C@@H](n1cnc3c(NC)nc(C#Cc4ccc(F)c(F)c4)nc31)[C@H](O)[C@@H]2O,4.57,1,nM,CHEMBL2064645,-4.57,4.43,CHEMBL240,hERG,True,True,True
CNC(=O)[C@@]12C[C@@H]1[C@@H](n1cnc3c(NC)nc(C#Cc4cccs4)nc31)[C@H](O)[C@@H]2O,4.94,1,nM,CHEMBL3407783,-4.94,4.06,CHEMBL240,hERG,True,True,True
CNC(=O)[C@@]12C[C@@H]1[C@@H](n1cnc3c(NCc4cccc(Cl)c4)nc(C#Cc4ccc(F)c(F)c4)nc31)[C@H](O)[C@@H]2O,4.91,1,nM,CHEMBL2064657,-4.91,4.09,CHEMBL240,hERG,True,True,True
CNC(=O)[C@H](C)Cn1cnc2ccc(-c3cnc(OC)c(NS(=O)(=O)c4ccc(F)cc4Cl)c3)cc2c1=O,4.56,1,nM,CHEMBL4632970,-4.56,4.44,CHEMBL240,hERG,False,False,False
CNC(=O)c1c(-c2ccc(F)cc2)oc2cc(N(c3cc(Cl)c4c(c3)COB4O)S(C)(=O)=O)c(C3CC3)cc12,4.8,1,nM,CHEMBL4467259,-4.8,4.2,CHEMBL240,hERG,False,False,False
CNC(=O)c1c(-c2ccc(F)cc2)oc2cc(N(c3ccc(B(O)O)c(Cl)c3)S(C)(=O)=O)c(C3CC3)cc12,5.8,1,nM,CHEMBL4528447,-5.8,3.2,CHEMBL240,hERG,False,False,False
CNC(=O)c1c(-c2ccc(F)cc2)oc2ccc(-c3cc(C(=O)NC4(c5ccccn5)CC4)ccc3C)cc12,5.24,1,nM,CHEMBL4078188,-5.24,3.76,CHEMBL240,hERG,False,False,False
CNC(=O)c1c(-c2ccc(F)cc2)oc2ccc(-c3cc(C(=O)NC4(c5ncccn5)CC4)ccc3C)c(F)c12,4.6850000000000005,2,nM,CHEMBL4093031,-4.6850000000000005,4.3149999999999995,CHEMBL240,hERG,False,False,False
CNC(=O)c1c(-c2ccc(F)cc2)oc2ccc(-c3cc(C(=O)NC4(c5ncccn5)CC4)ccc3C)cc12,5.32,1,nM,CHEMBL4104000,-5.32,3.6799999999999997,CHEMBL240,hERG,False,False,False
CNC(=O)c1c(-c2ccc(O)c(C)c2)oc2ccc(O)c(CN3CCC4(COC4)C3)c12,4.78,1,nM,CHEMBL5085116,-4.78,4.22,CHEMBL240,hERG,False,False,False
CNC(=O)c1c(-c2ccc(O)c(F)c2)oc2ccc(O)c(CN3CCC4(COC4)C3)c12,5.57,1,nM,CHEMBL5069637,-5.57,3.4299999999999997,CHEMBL240,hERG,False,False,False
CNC(=O)c1c(-c2ccc(O)cc2)oc2ccc(O)c(CN3CC4(CCO4)C3)c12,4.67,1,nM,CHEMBL5086050,-4.67,4.33,CHEMBL240,hERG,False,False,False
CNC(=O)c1c(-c2ccc(O)cc2)oc2ccc(O)c(CN3CC4(CCOC4)C3)c12,4.63,1,nM,CHEMBL5090580,-4.63,4.37,CHEMBL240,hERG,False,False,False
CNC(=O)c1c(-c2ccc(O)cc2)oc2ccc(O)c(CN3CCC(F)CC3)c12,5.16,1,nM,CHEMBL5083712,-5.16,3.84,CHEMBL240,hERG,False,False,False
CNC(=O)c1c(-c2ccc(O)cc2)oc2ccc(O)c(CN3CCC3)c12,4.96,1,nM,CHEMBL5074531,-4.96,4.04,CHEMBL240,hERG,False,False,False
CNC(=O)c1c(-c2ccc(O)cc2)oc2ccc(O)c(CN3CCC4(CCO4)C3)c12,4.71,1,nM,CHEMBL5074920,-4.71,4.29,CHEMBL240,hERG,False,False,False
CNC(=O)c1c(-c2ccc(O)cc2)oc2ccc(O)c(CN3CCCC3)c12,4.82,1,nM,CHEMBL5070158,-4.82,4.18,CHEMBL240,hERG,False,False,False
CNC(=O)c1c(-c2ccc(O)cc2)oc2ccc(O)c(CN3CCCCC3)c12,5.16,1,nM,CHEMBL4443524,-5.16,3.84,CHEMBL240,hERG,False,False,False
CNC(=O)c1c(-c2ccc(O)cc2C)oc2ccc(O)c(CN3CCC4(COC4)C3)c12,4.52,1,nM,CHEMBL5084912,-4.52,4.48,CHEMBL240,hERG,False,False,False
CNC(=O)c1c(-c2ccc(OC)cc2)oc2ccc(O)c(CN3CCC4(COC4)C3)c12,5.75,1,nM,CHEMBL5093338,-5.75,3.25,CHEMBL240,hERG,False,False,False
CNC(=O)c1c(-c2ccc3[nH]ccc3c2)oc2ccc(O)c(CN3CCC4(COC4)C3)c12,5.04,1,nM,CHEMBL5090267,-5.04,3.96,CHEMBL240,hERG,False,False,False
CNC(=O)c1c(-c2ccccc2)oc2ccc(O)c(CN3CCC4(COC4)C3)c12,5.41,1,nM,CHEMBL5087069,-5.41,3.59,CHEMBL240,hERG,False,False,False
CNC(=O)c1c(NCC2CCC3(CC2)OCCO3)nc(C#N)nc1OCC1CCN(C)CC1,5.24,1,nM,CHEMBL513921,-5.24,3.76,CHEMBL240,hERG,False,False,False
CNC(=O)c1c(NCC2CCC3(CCC3)CC2)nc(C#N)nc1OC1CC(C)(C)NC(C)(C)C1,5.3,1,nM,CHEMBL478224,-5.3,3.7,CHEMBL240,hERG,False,False,False
CNC(=O)c1c(NCC2CCC3(CCC3)CC2)nc(C#N)nc1OCC1CCN(C(C)C)CC1,6.27,1,nM,CHEMBL478013,-6.27,2.7300000000000004,CHEMBL240,hERG,False,False,False
CNC(=O)c1c(NCC2CCC3(CCC3)CC2)nc(C#N)nc1OCC1CCN(C)CC1,6.15,1,nM,CHEMBL515025,-6.15,2.8499999999999996,CHEMBL240,hERG,False,False,False
CNC(=O)c1c(NCC2CCC3(CCC3)CC2)nc(C#N)nc1OCC1CCN(CCO)CC1,6.05,1,nM,CHEMBL514042,-6.05,2.95,CHEMBL240,hERG,False,False,False
CNC(=O)c1c(NCC2CCC3(CCC3)CC2)nc(C#N)nc1OCC1CCNCC1,5.63,1,nM,CHEMBL476130,-5.63,3.37,CHEMBL240,hERG,False,False,False
CNC(=O)c1c(NCC2CCC3(CCC3)CC2)nc(C#N)nc1OCCC1CCN(C)CC1,6.38,1,nM,CHEMBL478011,-6.38,2.62,CHEMBL240,hERG,False,False,False
CNC(=O)c1c(NCC2CCC3(CCCC3)CC2)nc(C#N)nc1OCC1CCN(C)CC1,5.84,1,nM,CHEMBL478462,-5.84,3.16,CHEMBL240,hERG,False,False,False
CNC(=O)c1c(NCCC2CCCC2)nc(C#N)nc1OCC1CCN(C)CC1,6.44,1,nM,CHEMBL478012,-6.44,2.5599999999999996,CHEMBL240,hERG,False,False,False
CNC(=O)c1cc(-c2ccc3c(N4CCOC[C@@H]4C)nc(N4CCOC[C@@H]4C)nc3n2)ccc1OC(F)F,4.62,1,nM,CHEMBL2336323,-4.62,4.38,CHEMBL240,hERG,False,False,False
CNC(=O)c1cc(-n2ncc3cc(Nc4c(F)cccc4Cl)cnc32)cs1,5.05,1,nM,CHEMBL4857979,-5.05,3.95,CHEMBL240,hERG,False,False,False
CNC(=O)c1cc(-n2ncc3cc(Oc4ccccc4Cl)ccc32)cs1,4.8,1,nM,CHEMBL4864514,-4.8,4.2,CHEMBL240,hERG,False,False,False
CNC(=O)c1cc(OCCCCN2CCC(c3noc4cc(F)ccc34)CC2)ccc1F,6.0,1,nM,CHEMBL3805518,-6.0,3.0,CHEMBL240,hERG,False,False,False
CNC(=O)c1cc(Oc2ccc3nc(NC(=O)c4cc(C(F)(F)F)cc(C(F)(F)F)c4)sc3c2)ccn1,4.32,1,nM,CHEMBL3799621,-4.32,4.68,CHEMBL240,hERG,False,False,False
CNC(=O)c1ccc(-c2cc(Cl)cc(Cl)c2Cl)c(N)n1,4.52,1,nM,CHEMBL3589894,-4.52,4.48,CHEMBL240,hERG,False,False,False
CNC(=O)c1ccc(-c2cc(F)c3ncc(Cc4ccc5ncccc5c4)n3c2)cc1F,4.03,1,nM,CHEMBL3582294,-4.03,4.97,CHEMBL240,hERG,False,False,False
CNC(=O)c1ccc(-c2ccc(N3C(=O)N(c4cc(OC)ncn4)C4(CCN(Cc5ncccc5C)CC4)C3=O)cc2)cc1,5.07,1,nM,CHEMBL2041178,-5.07,3.9299999999999997,CHEMBL240,hERG,False,False,False
CNC(=O)c1ccc(-c2ccc3c(c2)CCN(CCN2CCCC2)C3=O)c(F)c1,5.43,1,nM,CHEMBL2031881,-5.43,3.5700000000000003,CHEMBL240,hERG,True,True,True
CNC(=O)c1ccc(-c2ccc3c(c2)CCN(CCN2CCCC2)C3=O)cc1,4.54,1,nM,CHEMBL2031868,-4.54,4.46,CHEMBL240,hERG,True,True,True
CNC(=O)c1ccc(-c2ccc3c(c2)CCN(CCN2CCC[C@H]2C)C3=O)cc1,4.77,1,nM,CHEMBL2031883,-4.77,4.23,CHEMBL240,hERG,True,True,True
CNC(=O)c1ccc(CC(=O)N(C)C2CCN(Cc3ccc(C(F)(F)F)cc3)CC2)cc1,5.68,1,nM,CHEMBL2010834,-5.68,3.3200000000000003,CHEMBL240,hERG,False,False,False
CNC(=O)c1ccc(Nc2ncc(F)c(-c3cnc(C)n3C(C)C)n2)cc1,4.92,1,nM,CHEMBL453655,-4.92,4.08,CHEMBL240,hERG,False,False,False
CNC(=O)c1ccc(Nc2ncc(F)c(-c3cnc(C)n3C(C)C)n2)cc1F,4.72,1,nM,CHEMBL455651,-4.72,4.28,CHEMBL240,hERG,False,False,False
CNC(=O)c1ccc(Nc2nccc(-c3cnc(C)n3C(C)C)n2)cc1F,4.8,1,nM,CHEMBL455428,-4.8,4.2,CHEMBL240,hERG,False,False,False
CNC(=O)c1cccc(-c2ccc3c(N4CCOC[C@@H]4C)nc(N4CCOC[C@@H]4C)nc3n2)c1,4.32,1,nM,CHEMBL2336325,-4.32,4.68,CHEMBL240,hERG,False,False,False
CNC(=O)c1cccc(C2CCN([C@@H]3C[C@H]4OCC[C@@]4(C(=O)N4COc5ccc(C(F)(F)F)cc5C4)C3)CC2)c1,5.51,1,nM,CHEMBL3263286,-5.51,3.49,CHEMBL240,hERG,False,False,False
CNC(=O)c1cccc(NC(=O)COc2ccc(C(=O)c3cc(Cl)ccc3Br)cc2)c1,7.66,1,nM,CHEMBL4755955,-7.66,1.3399999999999999,CHEMBL240,hERG,False,False,False
CNC(=O)c1cccc(OCCCCN2CCC(c3noc4cc(F)ccc34)CC2)c1,5.99,1,nM,CHEMBL3805559,-5.99,3.01,CHEMBL240,hERG,False,False,False
CNC(=O)c1cnc(N)c(O[C@H]2CN(C(=O)Cc3ccc(OC(F)(F)F)cc3)CC2(F)F)c1,4.08,2,nM,CHEMBL4207042,-4.08,4.92,CHEMBL240,hERG,False,False,False
CNC(=O)c1cnc(Nc2cc(C)c(F)cn2)cc1Nc1cccc(-c2ncn(C)n2)c1OC,4.42,1,nM,CHEMBL4557190,-4.42,4.58,CHEMBL240,hERG,False,False,False
CNC(=O)c1cnc(Nc2cc(C)ccn2)cc1Nc1ccccc1S(C)(=O)=O,4.8,1,nM,CHEMBL4548200,-4.8,4.2,CHEMBL240,hERG,False,False,False
CNC(=O)c1cnc(Nc2ccc(C#N)cn2)cc1Nc1cccc(-c2ncn(C)n2)c1OC,5.17,1,nM,CHEMBL4469750,-5.17,3.83,CHEMBL240,hERG,False,False,False
CNC(=O)c1cnc(Nc2ccc(C(F)(F)F)cn2)cc1Nc1cccc(-c2ncn(C)n2)c1OC,4.8,1,nM,CHEMBL4559585,-4.8,4.2,CHEMBL240,hERG,False,False,False
CNC(=O)c1cnc(Nc2ccc(C)nn2)cc1Nc1ccccc1S(C)(=O)=O,4.37,1,nM,CHEMBL4453545,-4.37,4.63,CHEMBL240,hERG,False,False,False
CNC(=O)c1cnc(Nc2ccc(F)cn2)cc1Nc1ccccc1S(C)(=O)=O,5.1,2,nM,CHEMBL4526283,-5.1,3.9000000000000004,CHEMBL240,hERG,False,False,False
CNC(=O)c1cnc(Nc2ccc(N3CCOCC3)cn2)cc1Nc1ccccc1S(C)(=O)=O,4.4,1,nM,CHEMBL4472802,-4.4,4.6,CHEMBL240,hERG,False,False,False
CNC(=O)c1cnc(Nc2ccc(OC)cn2)cc1Nc1ccccc1S(C)(=O)=O,4.77,1,nM,CHEMBL4444606,-4.77,4.23,CHEMBL240,hERG,False,False,False
CNC(=O)c1cnc(Nc2ccccn2)cc1Nc1ccccc1S(C)(=O)=O,4.44,1,nM,CHEMBL4544320,-4.44,4.56,CHEMBL240,hERG,False,False,False
CNC(=O)c1n[nH]c2cc(-c3ccc(-n4cccc(C)c4=O)cc3Cl)ccc12,4.68,1,nM,CHEMBL4742230,-4.68,4.32,CHEMBL240,hERG,False,False,False
CNC(=O)c1nc(-c2ccc(Cl)c(S(=O)(=O)Nc3cccc(F)c3F)c2)cnc1N,4.76,1,nM,CHEMBL2152252,-4.76,4.24,CHEMBL240,hERG,False,False,False
CNC(=O)c1nc(C)n2ccc(Nc3nccc(-n4cc(CN(C)C)cn4)n3)cc12,5.15,1,nM,CHEMBL4800498,-5.15,3.8499999999999996,CHEMBL240,hERG,False,False,False
CNC(=O)c1nc(C)n2ccc(Nc3nccc(-n4cc([C@@H]5C[C@@H](F)CN5C)cn4)n3)cc12,5.0,1,nM,CHEMBL4792651,-5.0,4.0,CHEMBL240,hERG,False,False,False
CNC(=O)c1nc(C)n2ccc(Nc3nccc(-n4cc([C@@H]5C[C@H](O)CN5C)cn4)n3)cc12,4.85,1,nM,CHEMBL4784783,-4.85,4.15,CHEMBL240,hERG,False,False,False
CNC(=O)c1ncn2c1COc1c(CCN3CCN(c4cccc5nc(C)ccc45)CC3)cccc1-2,5.8,1,nM,CHEMBL1241912,-5.8,3.2,CHEMBL240,hERG,True,True,True
CNC(=O)c1ncn2ccc(Nc3nccc(-n4cc(CN(C)C)cn4)n3)cc12,5.14,1,nM,CHEMBL4753469,-5.14,3.8600000000000003,CHEMBL240,hERG,False,False,False
CNC(=O)c1nn(C)c2c(C)cc(Nc3nccc(-n4cc(CN(C)C)cn4)n3)cc12,5.31,1,nM,CHEMBL4762290,-5.31,3.6900000000000004,CHEMBL240,hERG,False,False,False
CNC(=O)c1nn(C)c2ccc(Nc3nccc(-n4cc(CN(C)C)c(C)n4)n3)cc12,5.52,3,nM,CHEMBL4751083,-5.52,3.4800000000000004,CHEMBL240,hERG,False,False,False
CNC(=O)c1nn(C)c2ccc(Nc3nccc(-n4cc(CN(C)C)c(F)n4)n3)cc12,4.96,1,nM,CHEMBL4752008,-4.96,4.04,CHEMBL240,hERG,False,False,False
CNC(=O)c1nn(C)c2ccc(Nc3nccc(-n4cc(CN(C)C)c(OC)n4)n3)cc12,5.44,1,nM,CHEMBL4753141,-5.44,3.5599999999999996,CHEMBL240,hERG,False,False,False
CNC(=O)c1nn(C)c2ccc(Nc3nccc(-n4cc(CN(C)C)cn4)n3)cc12,5.35,1,nM,CHEMBL4786316,-5.35,3.6500000000000004,CHEMBL240,hERG,False,False,False
CNC(=O)c1nn(C)c2ccc(Nc3nccc(-n4cc(CN5CC(O)C5)c(C)n4)n3)cc12,4.92,1,nM,CHEMBL4780257,-4.92,4.08,CHEMBL240,hERG,False,False,False
CNC(=O)c1nn(C)c2ccc(Nc3nccc(-n4cc(NCC5(N)CC5)c(C)n4)n3)cc12,4.96,1,nM,CHEMBL4748041,-4.96,4.04,CHEMBL240,hERG,False,False,False
CNC(=O)c1nn(C)c2ccc(Nc3nccc(-n4cc(N[C@@H]5CCOC[C@@H]5N)c(C)n4)n3)cc12,4.77,1,nM,CHEMBL4742918,-4.77,4.23,CHEMBL240,hERG,False,False,False
CNC(=O)c1nn(C)c2ccc(Nc3nccc(-n4cc(N[C@@H]5CCOC[C@@H]5N)cn4)n3)cc12,4.82,1,nM,CHEMBL4786007,-4.82,4.18,CHEMBL240,hERG,False,False,False
CNC(=O)c1nn(C)c2ccc(Nc3nccc(-n4cc(N[C@H]5CNC[C@@H]5F)c(C)n4)n3)cc12,4.72,1,nM,CHEMBL4776734,-4.72,4.28,CHEMBL240,hERG,False,False,False
CNC(=O)c1nn(C)c2ccc(Nc3nccc(-n4cc(O[C@@H]5CCCNC5)c(C)n4)n3)cc12,5.6,1,nM,CHEMBL4758052,-5.6,3.4000000000000004,CHEMBL240,hERG,False,False,False
CNC(=O)c1nn(C)c2ccc(Nc3nccc(-n4cc(O[C@@H]5CCNC5)c(C)n4)n3)cc12,5.28,1,nM,CHEMBL4782062,-5.28,3.7199999999999998,CHEMBL240,hERG,False,False,False
CNC(=O)c1nn(C)c2ccc(Nc3nccc(-n4cc(O[C@H]5CNC[C@H]5F)c(C)n4)n3)cc12,5.43,1,nM,CHEMBL4795975,-5.43,3.5700000000000003,CHEMBL240,hERG,False,False,False
CNC(=O)c1nnc2ccc(-c3ccc(OCCCN(C)C)nc3)cc2c1N[C@@H](C)C1CCOCC1,4.82,1,nM,CHEMBL4218854,-4.82,4.18,CHEMBL240,hERG,False,False,False
CNC(C(=O)N[C@](Cc1ccccc1)(c1ccc(F)cc1)c1cc(F)cc(C(F)(F)F)c1)C(O)(C(F)(F)F)C(F)(F)F,4.89,1,nM,CHEMBL4545593,-4.89,4.11,CHEMBL240,hERG,False,False,False
CNC(C)(C)C(=O)N1CCN(C(=O)c2cc(Cc3c[nH]c(=O)c4cc(Cl)c(Cl)n34)ccc2F)CC1,4.96,2,nM,CHEMBL590791,-4.96,4.04,CHEMBL240,hERG,False,False,False
CNC(C)C1(c2ccc(Cl)c(Cl)c2)CCCCC1,4.64,2,nM,CHEMBL1684045,-4.64,4.36,CHEMBL240,hERG,False,False,False
CNC(C)c1cc(C(F)(F)F)ccc1Oc1ccc(Cl)c(Cl)c1,5.52,1,nM,CHEMBL453630,-5.52,3.4800000000000004,CHEMBL240,hERG,False,False,False
CNC(C)c1cc(C)ccc1Oc1ccc(Cl)c(Cl)c1,5.57,1,nM,CHEMBL453631,-5.57,3.4299999999999997,CHEMBL240,hERG,False,False,False
CNC(C)c1cc(F)ccc1Oc1ccc(Cl)c(Cl)c1,5.17,1,nM,CHEMBL488437,-5.17,3.83,CHEMBL240,hERG,False,False,False
CNC(C)c1cc(F)ccc1Oc1ccc(Cl)cc1,5.28,1,nM,CHEMBL444203,-5.28,3.7199999999999998,CHEMBL240,hERG,False,False,False
CNC(C)c1ccc(Cl)cc1Oc1ccc(C)c(C)c1,5.61,1,nM,CHEMBL513629,-5.61,3.3899999999999997,CHEMBL240,hERG,False,False,False
CNC(C)c1ccc(Cl)cc1Oc1ccc(C)cc1,5.43,1,nM,CHEMBL461631,-5.43,3.5700000000000003,CHEMBL240,hERG,False,False,False
CNC(C)c1ccc(OC)cc1Oc1ccc(Cl)c(Cl)c1,6.11,1,nM,CHEMBL527094,-6.11,2.8899999999999997,CHEMBL240,hERG,False,False,False
CNC(C)c1ccccc1Oc1ccc(Cl)c(Cl)c1,5.42,1,nM,CHEMBL487221,-5.42,3.58,CHEMBL240,hERG,False,False,False
CNC1CCCC(c2c[nH]c3ccc(NC(=N)c4cccs4)cc23)C1,4.48,1,nM,CHEMBL2036273,-4.48,4.52,CHEMBL240,hERG,False,False,False
CNC1CCN(c2ccc(-n3cnn4cc(-c5ccc(Cl)cc5)cc4c3=O)cn2)C1,5.52,1,nM,CHEMBL3618330,-5.52,3.4800000000000004,CHEMBL240,hERG,True,True,True
CNC1CCN(c2ccc(Cl)c(Cl)c2)c2ccccc21,5.11,1,nM,CHEMBL1643511,-5.11,3.8899999999999997,CHEMBL240,hERG,False,False,False
CNCC(=O)N1CCN(c2ccc(Nc3ncc(Cl)c(-c4cnc5ccccn45)n3)c(OC)c2)CC1,5.02,1,nM,CHEMBL1809073,-5.02,3.9800000000000004,CHEMBL240,hERG,False,False,False
CNCCC(Oc1ccc(C(F)(F)F)cc1)c1ccccc1,5.82,7,nM,CHEMBL41,-5.82,3.1799999999999997,CHEMBL240,hERG,True,True,True
CNCCC(c1ccccc1)c1c[nH]c2ccccc12,6.0,1,nM,CHEMBL487763,-6.0,3.0,CHEMBL240,hERG,False,False,False
CNCCCN1c2ccccc2CCc2ccccc21,5.86,7,nM,CHEMBL72,-5.86,3.1399999999999997,CHEMBL240,hERG,True,True,True
CNCCNC(=O)c1cc2c([nH]c3c(C)cccc32)c(-c2ccc(Cl)c(Cl)c2)n1,6.29,1,nM,CHEMBL5070756,-6.29,2.71,CHEMBL240,hERG,False,False,False
CNCCOc1ccccc1C(C)(C)Nc1nccn(-c2cc(C(=O)NC3CC3)ccc2C)c1=O,4.57,1,nM,CHEMBL4792347,-4.57,4.43,CHEMBL240,hERG,False,False,False
CNCC[C@@H](Oc1cc(Cl)ccc1C#N)c1ccccc1,5.0,1,nM,CHEMBL1762472,-5.0,4.0,CHEMBL240,hERG,False,False,False
CNCC[C@@H](Oc1ccccc1C)c1ccccc1,5.68,1,nM,CHEMBL641,-5.68,3.3200000000000003,CHEMBL240,hERG,False,False,False
CNC[C@@H](O)CCN1c2ccccc2N(c2c(F)cccc2F)S1(=O)=O,4.7,1,nM,CHEMBL1083429,-4.7,4.3,CHEMBL240,hERG,False,False,False
CNC[C@@H](O)CCN1c2ccccc2N(c2cc(F)ccc2F)S1(=O)=O,4.89,1,nM,CHEMBL1083118,-4.89,4.11,CHEMBL240,hERG,False,False,False
CNC[C@@H](O)CCN1c2ccccc2N(c2ccccc2)S1(=O)=O,5.1,1,nM,CHEMBL1083409,-5.1,3.9000000000000004,CHEMBL240,hERG,False,False,False
CNC[C@@H]1Cc2ccccc2[C@H](c2ccc(Cl)c(Cl)c2)C1,5.7,1,nM,CHEMBL1642908,-5.7,3.3,CHEMBL240,hERG,False,False,False
CNC[C@H]1Cc2ccccc2[C@H](c2ccc(Cl)c(Cl)c2)C1,5.79,1,nM,CHEMBL1642906,-5.79,3.21,CHEMBL240,hERG,False,False,False
CNCc1cc(-c2cn(C)nc2-c2ccc(F)cc2)ccn1,4.91,2,nM,CHEMBL2420702,-4.91,4.09,CHEMBL240,hERG,False,False,False
CNCc1cc(Br)ccc1Oc1ccc(Cl)c(Cl)c1,5.79,1,nM,CHEMBL488435,-5.79,3.21,CHEMBL240,hERG,False,False,False
CNCc1cc(C#N)ccc1Oc1ccc(Cl)c(Cl)c1,5.34,1,nM,CHEMBL451076,-5.34,3.66,CHEMBL240,hERG,False,False,False
CNCc1cc(C(=O)N[C@@H]2CCc3ccc(Oc4ccnc5c4CCC(=O)N5)cc3C2)cc(C(F)(F)F)c1,5.0,1,nM,CHEMBL3764238,-5.0,4.0,CHEMBL240,hERG,False,False,False
CNCc1cc(C(F)(F)F)ccc1Oc1ccc(C)cc1,4.98,1,nM,CHEMBL472388,-4.98,4.02,CHEMBL240,hERG,False,False,False
CNCc1cc(C(F)(F)F)ccc1Oc1ccc(Cl)c(Cl)c1,5.88,1,nM,CHEMBL507884,-5.88,3.12,CHEMBL240,hERG,False,False,False
CNCc1cc(C(N)=O)ccc1Oc1ccc(Cl)c(Cl)c1,5.26,1,nM,CHEMBL455426,-5.26,3.74,CHEMBL240,hERG,False,False,False
CNCc1cc(C)c(C)cc1Oc1ccc(Cl)c(Cl)c1,5.83,1,nM,CHEMBL455425,-5.83,3.17,CHEMBL240,hERG,False,False,False
CNCc1cc(Cl)ccc1Oc1ccc(C)c(C)c1,5.28,1,nM,CHEMBL462225,-5.28,3.7199999999999998,CHEMBL240,hERG,False,False,False
CNCc1cc(Cl)ccc1Oc1ccc(Cl)c(Cl)c1,5.51,1,nM,CHEMBL505091,-5.51,3.49,CHEMBL240,hERG,False,False,False
CNCc1cc(Cl)ccc1Oc1ccc(Cl)cc1,5.32,1,nM,CHEMBL462226,-5.32,3.6799999999999997,CHEMBL240,hERG,False,False,False
CNCc1cc(F)c(Cl)cc1Oc1ccc(Cl)c(Cl)c1,5.49,1,nM,CHEMBL455675,-5.49,3.51,CHEMBL240,hERG,False,False,False
CNCc1cc(F)c(OC)cc1Oc1ccc(Cl)c(Cl)c1,5.67,1,nM,CHEMBL454657,-5.67,3.33,CHEMBL240,hERG,False,False,False
CNCc1cc(F)ccc1Oc1ccc(C)c(C)c1,4.7,1,nM,CHEMBL488021,-4.7,4.3,CHEMBL240,hERG,False,False,False
CNCc1cc(F)ccc1Oc1ccc(Cl)c(Cl)c1,5.25,1,nM,CHEMBL488060,-5.25,3.75,CHEMBL240,hERG,False,False,False
CNCc1cc(F)ccc1Oc1ccc(Cl)c(F)c1,5.33,1,nM,CHEMBL448461,-5.33,3.67,CHEMBL240,hERG,False,False,False
CNCc1cc(F)ccc1Oc1ccc(Cl)cc1,5.13,1,nM,CHEMBL488434,-5.13,3.87,CHEMBL240,hERG,False,False,False
CNCc1cc(F)ccc1Oc1ccc(F)c(Cl)c1,5.08,1,nM,CHEMBL442923,-5.08,3.92,CHEMBL240,hERG,False,False,False
CNCc1cc(OC)c(OC)cc1Oc1ccc(Cl)c(Cl)c1,5.0,1,nM,CHEMBL487188,-5.0,4.0,CHEMBL240,hERG,False,False,False
CNCc1cc(Oc2ccc3c(ccn3C(=O)Nc3ccc(F)c(C(F)(F)F)c3)c2)ncn1,5.24,1,nM,CHEMBL3746204,-5.24,3.76,CHEMBL240,hERG,False,False,False
CNCc1cc(S(=O)(=O)NC)ccc1Oc1ccc(Cl)c(Cl)c1,5.32,1,nM,CHEMBL455424,-5.32,3.6799999999999997,CHEMBL240,hERG,False,False,False
CNCc1ccc(-c2cc(-c3nc(-c4ccc(S(=O)(=O)C(C)C)cc4)cnc3N)on2)cc1,5.52,1,nM,CHEMBL3989870,-5.52,3.4800000000000004,CHEMBL240,hERG,True,True,True
CNCc1ccc(Br)cc1Oc1ccc(Cl)c(Cl)c1,6.01,1,nM,CHEMBL451137,-6.01,2.99,CHEMBL240,hERG,False,False,False
CNCc1ccc(C#N)cc1Oc1ccc(Cl)c(Cl)c1,5.88,1,nM,CHEMBL510435,-5.88,3.12,CHEMBL240,hERG,False,False,False
CNCc1ccc(C(F)(F)F)cc1Oc1ccc(Cl)c(Cl)c1,5.92,1,nM,CHEMBL488260,-5.92,3.08,CHEMBL240,hERG,False,False,False
CNCc1ccc(C(F)(F)F)cc1Oc1ccc(Cl)cc1,5.29,1,nM,CHEMBL507075,-5.29,3.71,CHEMBL240,hERG,False,False,False
CNCc1ccc(Cl)cc1Oc1ccc(C)c(C)c1,5.76,1,nM,CHEMBL475121,-5.76,3.24,CHEMBL240,hERG,False,False,False
CNCc1ccc(Cl)cc1Oc1ccc(C)c(Cl)c1,5.97,1,nM,CHEMBL451330,-5.97,3.0300000000000002,CHEMBL240,hERG,False,False,False
CNCc1ccc(Cl)cc1Oc1ccc(C)cc1,5.79,1,nM,CHEMBL447864,-5.79,3.21,CHEMBL240,hERG,False,False,False
CNCc1ccc(Cl)cc1Oc1ccc(Cl)c(C)c1,5.75,1,nM,CHEMBL452091,-5.75,3.25,CHEMBL240,hERG,False,False,False
CNCc1ccc(Cl)cc1Oc1ccc(Cl)c(Cl)c1,5.91,1,nM,CHEMBL488261,-5.91,3.09,CHEMBL240,hERG,False,False,False
CNCc1ccc(Cl)cc1Oc1ccc(Cl)c(F)c1,5.91,1,nM,CHEMBL445754,-5.91,3.09,CHEMBL240,hERG,False,False,False
CNCc1ccc(Cl)cc1Oc1ccc(Cl)cc1,6.19,1,nM,CHEMBL462387,-6.19,2.8099999999999996,CHEMBL240,hERG,False,False,False
CNCc1ccc(Cl)cc1Oc1ccc(F)c(C(F)(F)F)c1,6.06,1,nM,CHEMBL453880,-6.06,2.9400000000000004,CHEMBL240,hERG,False,False,False
CNCc1ccc(Cl)cc1Oc1ccc(F)c(C)c1,5.52,1,nM,CHEMBL455184,-5.52,3.4800000000000004,CHEMBL240,hERG,False,False,False
CNCc1ccc(Cl)cc1Oc1ccc(F)c(Cl)c1,5.68,1,nM,CHEMBL453879,-5.68,3.3200000000000003,CHEMBL240,hERG,False,False,False
CNCc1ccc(Cl)cc1Oc1cccc(Cl)c1,5.68,1,nM,CHEMBL449048,-5.68,3.3200000000000003,CHEMBL240,hERG,False,False,False
CNCc1ccc(F)cc1Oc1ccc(Cl)c(Cl)c1,5.52,1,nM,CHEMBL487223,-5.52,3.4800000000000004,CHEMBL240,hERG,False,False,False
CNCc1ccc(OC)cc1Oc1ccc(Cl)c(Cl)c1,6.16,1,nM,CHEMBL500329,-6.16,2.84,CHEMBL240,hERG,False,False,False
CNCc1cccc(-c2ccc3c(N4CCOCC4)nc(N4C[C@@H](C)O[C@@H](C)C4)nc3n2)c1,4.76,1,nM,CHEMBL2336329,-4.76,4.24,CHEMBL240,hERG,False,False,False
CNCc1ccccc1Oc1ccc(Cl)c(Cl)c1,5.41,1,nM,CHEMBL488912,-5.41,3.59,CHEMBL240,hERG,False,False,False
CNCc1cnc(C)cc1Oc1ccccc1Oc1ccccc1,4.95,1,nM,CHEMBL273208,-4.95,4.05,CHEMBL240,hERG,True,True,True
CNS(=O)(=O)CCN(CCc1ccc(Cl)cc1)C1CCN(c2nc(N)n[nH]2)CC1,4.8,1,nM,CHEMBL4453964,-4.8,4.2,CHEMBL240,hERG,False,False,False
CNS(=O)(=O)c1cc(C(=O)N2CCC(CCN3C4CCC3CC(n3c(C)nc5ccccc53)C4)(c3cccc(F)c3)CC2)c(Cl)cc1F,4.72,1,nM,CHEMBL1784521,-4.72,4.28,CHEMBL240,hERG,False,False,False
CNS(=O)(=O)c1ccc(CNc2nc3cnc(-c4c(C)ncnc4C4CC4)nc3n([C@@H](C)C3CC3)c2=O)nc1,4.92,1,nM,CHEMBL4785102,-4.92,4.08,CHEMBL240,hERG,False,False,False
CNS(=O)(=O)c1ccc2c(C(=O)NC[C@@H](O)CN3CCC(Oc4ccc(Cl)c(Cl)c4)CC3)c[nH]c(=O)c2c1,5.7,1,nM,CHEMBL2207284,-5.7,3.3,CHEMBL240,hERG,True,True,True
CNS(=O)(=O)c1cccc(C(=O)N2CCC(CCN3C4CCC3CC(n3c(C)nc5ccccc53)C4)(c3ccccc3)CC2)c1,4.2,1,nM,CHEMBL1784476,-4.2,4.8,CHEMBL240,hERG,False,False,False
CN[C@@H](C)C(=O)N[C@@H]1C(=O)N(Cc2c(C)ccc3ccccc23)c2ccc(C#N)cc2N(C(C)=O)[C@H]1C,4.45,1,nM,CHEMBL2436226,-4.45,4.55,CHEMBL240,hERG,False,False,False
CN[C@@H]1CCN(c2ccc(Cl)c(Cl)c2)c2ccccc21,5.49,1,nM,CHEMBL1643513,-5.49,3.51,CHEMBL240,hERG,False,False,False
CN[C@@H]1C[C@H]2O[C@@](C)([C@@H]1OC)n1c3ccccc3c3c4c(c5c6ccccc6n2c5c31)C(=O)NC4,4.04,1,nM,CHEMBL388978,-4.04,4.96,CHEMBL240,hERG,False,False,False
CN[C@@H]1Cc2ccccc2[C@@H](c2ccc(Cl)c(Cl)c2)C1,5.63,1,nM,CHEMBL1642895,-5.63,3.37,CHEMBL240,hERG,False,False,False
CN[C@@H]1Cc2ccccc2[C@H](c2ccc(Cl)c(Cl)c2)C1,5.28,1,nM,CHEMBL1642896,-5.28,3.7199999999999998,CHEMBL240,hERG,False,False,False
CN[C@H]1CC[C@@H](N2CCc3ccc(NC(=N)c4cccs4)cc32)CC1,4.89,1,nM,CHEMBL1956107,-4.89,4.11,CHEMBL240,hERG,False,False,False
CN[C@H]1CC[C@@H](c2c[nH]c3ccc(NC(=N)c4cccs4)cc32)CC1,4.41,1,nM,CHEMBL2036268,-4.41,4.59,CHEMBL240,hERG,False,False,False
CN[C@H]1CC[C@@H](c2ccc(Cl)c(Cl)c2)c2ccccc21,5.08,1,nM,CHEMBL809,-5.08,3.92,CHEMBL240,hERG,False,False,False
CN[C@H]1Cc2ccccc2[C@@H](c2ccc(Cl)c(Cl)c2)C1,5.8,1,nM,CHEMBL1642897,-5.8,3.2,CHEMBL240,hERG,False,False,False
CNc1cc(CCN2CCN(CCc3ccc4c(c3)COC4=O)CC2)ccc1C#N,6.17,1,nM,CHEMBL2146881,-6.17,2.83,CHEMBL240,hERG,False,False,False
CNc1cc(F)cc2cc(C(=O)Nc3ccc(CO)cc3CN(CCO)C3CCCCC3)c(=O)[nH]c12,5.62,1,nM,CHEMBL4755340,-5.62,3.38,CHEMBL240,hERG,False,False,False
CNc1cc(Nc2cnc(C#N)c(O[C@@H]3CCN(C)C3)n2)ncc1-c1cnn(C)c1,4.62,1,nM,CHEMBL2203841,-4.62,4.38,CHEMBL240,hERG,False,False,False
CNc1cc(Nc2cnc(C#N)c(O[C@@H]3CCNC3)n2)ncc1C(=O)OC,4.8,1,nM,CHEMBL2203848,-4.8,4.2,CHEMBL240,hERG,False,False,False
CNc1cc(Nc2cnc(C#N)c(O[C@H](C)CN(C)C)n2)ncc1-c1cnn(C)c1,4.92,1,nM,CHEMBL2204592,-4.92,4.08,CHEMBL240,hERG,False,False,False
CNc1cc(Nc2cnc(C#N)c(O[C@H](C)CN(C)C)n2)ncc1C(=O)OC,5.3,1,nM,CHEMBL2203847,-5.3,3.7,CHEMBL240,hERG,False,False,False
CNc1cc(Nc2cnc(C#N)c(O[C@H](C)CN(C)C)n2)ncc1C(F)(F)F,6.0,1,nM,CHEMBL2204587,-6.0,3.0,CHEMBL240,hERG,False,False,False
CNc1cc(Nc2cnc(C#N)c(O[C@H](C)CN(C)C)n2)ncc1C1CC1,5.22,1,nM,CHEMBL2204588,-5.22,3.7800000000000002,CHEMBL240,hERG,False,False,False
CNc1cc(Nc2cnc(C#N)c(O[C@H](C)CN(C)C)n2)ncc1Cl,6.0,1,nM,CHEMBL2204586,-6.0,3.0,CHEMBL240,hERG,False,False,False
CNc1cc(Nc2cnc(C#N)c(O[C@H]3CCN(C)C3)n2)ncc1-c1cnn(C)c1,4.72,1,nM,CHEMBL2203842,-4.72,4.28,CHEMBL240,hERG,False,False,False
CNc1ccc(/C=C/c2c(F)cccc2Cl)cc1,4.3,1,nM,CHEMBL3314420,-4.3,4.7,CHEMBL240,hERG,False,False,False
CNc1ccc(/C=C/c2c(F)cccc2Cl)cn1,4.7,1,nM,CHEMBL3314430,-4.7,4.3,CHEMBL240,hERG,False,False,False
CNc1ccc(/C=C/c2c(F)cccc2F)cc1,4.31,1,nM,CHEMBL3314417,-4.31,4.69,CHEMBL240,hERG,False,False,False
CNc1nc(NCCCN(C)C)c2sc(-c3ccc(C(F)(F)F)cc3)cc2n1,5.57,2,nM,CHEMBL3120274,-5.57,3.4299999999999997,CHEMBL240,hERG,False,False,False
CNc1nc(NCCCN(C)C)c2sc(-c3ccc(N4CCOCC4)cc3)cc2n1,5.75,1,nM,CHEMBL3120287,-5.75,3.25,CHEMBL240,hERG,False,False,False
CNc1nc(NCCCN(C)C)c2sc(-c3ccc(OC(F)(F)F)cc3)cc2n1,5.55,1,nM,CHEMBL3120280,-5.55,3.45,CHEMBL240,hERG,False,False,False
CNc1nc(NCCCN(C)C)c2sc(-c3ccc(OC)nc3)cc2n1,5.17,1,nM,CHEMBL3120281,-5.17,3.83,CHEMBL240,hERG,False,False,False
CNc1nc(NCCCN(C)C)c2sc(-c3ccc4nonc4c3)cc2n1,5.7,1,nM,CHEMBL3120293,-5.7,3.3,CHEMBL240,hERG,False,False,False
CNc1nc(NCCCN(C)C)c2sc(-c3ccccc3)cc2n1,5.07,1,nM,CHEMBL3120265,-5.07,3.9299999999999997,CHEMBL240,hERG,False,False,False
CNc1nc(NCCN2CCNCC2)c2sc(-c3ccc(C(F)(F)F)cc3)cc2n1,5.85,1,nM,CHEMBL3617330,-5.85,3.1500000000000004,CHEMBL240,hERG,False,False,False
CNc1nc(Nc2ccc(-n3cnc(C)n3)c(OC)c2)nc2c1CC[C@H]2c1ccc(F)cc1,5.92,1,nM,CHEMBL4209316,-5.92,3.08,CHEMBL240,hERG,False,False,False
CNc1nc(Nc2ccc(-n3cnc(Cl)c3)c(OC)c2)nc2c1CC[C@H]2c1ccccc1,6.7,1,nM,CHEMBL4794465,-6.7,2.3,CHEMBL240,hERG,False,False,False
CNc1nc2ccccc2n1-c1nc(N2CCOC[C@H]2C)cc(C2(S(C)(=O)=O)CC2)n1,5.34,1,nM,CHEMBL4291436,-5.34,3.66,CHEMBL240,hERG,False,False,False
CNc1nc2ccccc2n1-c1nc(N2CCOC[C@H]2C)cc(C2([S@](C)(=N)=O)CC2)n1,4.82,1,nM,CHEMBL3648329,-4.82,4.18,CHEMBL240,hERG,False,False,False
CNc1nccc(N2CCC3(CCN(C[C@H](O)c4ccc5c(c4C)COC5=O)CC3)C2=O)n1,5.03,1,nM,CHEMBL4078730,-5.03,3.9699999999999998,CHEMBL240,hERG,False,False,False
CNc1nn2c3c(cnc2c1S(=O)(=O)c1ccccc1)CN(C)CC3,4.27,1,nM,CHEMBL2172186,-4.27,4.73,CHEMBL240,hERG,True,True,True
CNc1nn2cc3c(nc2c1S(=O)(=O)c1ccccc1)CCN(C)C3,6.3,1,nM,CHEMBL2172192,-6.3,2.7,CHEMBL240,hERG,True,True,True
CNc1noc2c(-c3ccc4c(N5CCOC[C@@H]5C)nncc4c3)c(C)ccc12,4.89,1,nM,CHEMBL523374,-4.89,4.11,CHEMBL240,hERG,True,True,True
CO/N=C(/Cc1c(F)cnc2ccc(OC)nc12)C12CCC(NCc3ccc4c(n3)NC(=O)CO4)(CC1)CO2,5.6,1,nM,CHEMBL3752010,-5.6,3.4000000000000004,CHEMBL240,hERG,False,False,False
CO/N=C(/c1ccc(CN2CCC3(CC2)OCc2cc(F)ncc23)cc1)c1ccc(F)c(F)c1,6.6,1,nM,CHEMBL566880,-6.6,2.4000000000000004,CHEMBL240,hERG,False,False,False
CO/N=C/COc1ccc(CN2CCC(NC(=O)c3cc(=O)c4ccc(F)cc4o3)CC2)cc1F,5.5,1,nM,CHEMBL245642,-5.5,3.5,CHEMBL240,hERG,False,False,False
CO/N=C/c1ccc2nc(OC)c([C@@H](c3ccccc3)[C@](O)(CCN(C)C)c3cccc4ccccc34)cc2c1,5.66,1,nM,CHEMBL4176516,-5.66,3.34,CHEMBL240,hERG,False,False,False
CO/N=C1\CC[C@@]2(C)[C@@H](C1)C[C@@H](N1CCC[C@@H](N)C1)[C@@H]2Oc1ccc(C#N)cc1,4.6,1,nM,CHEMBL4128782,-4.6,4.4,CHEMBL240,hERG,False,False,False
COC(=O)C(CCC(=O)N(C)CCCc1nc2ccccc2[nH]1)(c1ccc(Br)cc1)C(C)C,4.9,1,nM,CHEMBL3115194,-4.9,4.1,CHEMBL240,hERG,False,False,False
COC(=O)C(CCC(=O)N1CCN(c2ccccc2OC)CC1)(c1ccc(Br)cc1)C(C)C,4.78,1,nM,CHEMBL3115195,-4.78,4.22,CHEMBL240,hERG,False,False,False
COC(=O)C(CCCN(C)CCCc1nc2ccccc2[nH]1)(c1ccc(Br)cc1)C(C)C,6.75,2,nM,CHEMBL468397,-6.75,2.25,CHEMBL240,hERG,False,False,False
COC(=O)C(CCCN1CC=C(c2ccccc2OC)CC1)(c1ccc(Br)cc1)C(C)C,5.9,1,nM,CHEMBL3115345,-5.9,3.0999999999999996,CHEMBL240,hERG,False,False,False
COC(=O)C(CCCN1CCC(c2ccccc2OC)CC1)(c1ccc(Br)cc1)C(C)C,6.11,1,nM,CHEMBL3115346,-6.11,2.8899999999999997,CHEMBL240,hERG,False,False,False
COC(=O)C(CCCN1CCN(c2ccccc2OC)CC1)(c1ccc(Br)cc1)C(C)C,5.86,1,nM,CHEMBL513338,-5.86,3.1399999999999997,CHEMBL240,hERG,False,False,False
COC(=O)C(Cc1c[nH]c2ccccc12)NS(=O)(=O)c1ccc(Br)cc1,5.33,1,nM,CHEMBL2440410,-5.33,3.67,CHEMBL240,hERG,False,False,False
COC(=O)C(Cc1c[nH]c2ccccc12)NS(=O)(=O)c1ccc(OC2CCCC2)cc1,5.02,1,nM,CHEMBL2440407,-5.02,3.9800000000000004,CHEMBL240,hERG,False,False,False
COC(=O)C1(CNC(=O)c2cc(Cl)cc(Cl)c2)CCN(CC2=Cc3ccccc3OC2(C)C)CC1,4.86,1,nM,CHEMBL1836253,-4.86,4.14,CHEMBL240,hERG,False,False,False
COC(=O)C1(CNC(=O)c2cc(Cl)cc(Cl)c2)CCN(Cc2ccc(C(F)(F)F)cc2)CC1,6.54,1,nM,CHEMBL1836252,-6.54,2.46,CHEMBL240,hERG,False,False,False
COC(=O)C1(CNC(=O)c2cc(Cl)cc(Cl)c2)CCN(Cc2ccc(OC)cc2)CC1,6.89,1,nM,CHEMBL1836249,-6.89,2.1100000000000003,CHEMBL240,hERG,False,False,False
COC(=O)C1(CNC(=O)c2cc(Cl)cc(Cl)c2)CCN(Cc2cccc(C(F)(F)F)c2)CC1,6.05,1,nM,CHEMBL1836251,-6.05,2.95,CHEMBL240,hERG,False,False,False
COC(=O)C1(CNC(=O)c2cc(Cl)cc(Cl)c2)CCN(Cc2cccc(OC)c2)CC1,6.44,1,nM,CHEMBL1836248,-6.44,2.5599999999999996,CHEMBL240,hERG,False,False,False
COC(=O)C1(CNC(=O)c2cc(Cl)cc(Cl)c2)CCN(Cc2ccccc2C(F)(F)F)CC1,6.34,1,nM,CHEMBL1836250,-6.34,2.66,CHEMBL240,hERG,False,False,False
COC(=O)C1(CNC(=O)c2cc(Cl)cc(Cl)c2)CCN(Cc2ccccc2OC)CC1,6.8,1,nM,CHEMBL1836247,-6.8,2.2,CHEMBL240,hERG,False,False,False
COC(=O)C1(CNC(=O)c2cc(OC)cc(OC)c2)CCN(CC2=Cc3ccccc3OC2(C)C)CC1,5.89,1,nM,CHEMBL1836168,-5.89,3.1100000000000003,CHEMBL240,hERG,False,False,False
COC(=O)C1(CNC(=O)c2cc(OC)cc(OC)c2)CCN(Cc2ccc(C(F)(F)F)cc2)CC1,5.63,1,nM,CHEMBL1836167,-5.63,3.37,CHEMBL240,hERG,False,False,False
COC(=O)C1(CNC(=O)c2cc(OC)cc(OC)c2)CCN(Cc2ccc(OC)cc2)CC1,6.32,1,nM,CHEMBL1836164,-6.32,2.6799999999999997,CHEMBL240,hERG,False,False,False
COC(=O)C1(CNC(=O)c2cc(OC)cc(OC)c2)CCN(Cc2cccc(C(F)(F)F)c2)CC1,5.55,1,nM,CHEMBL1836166,-5.55,3.45,CHEMBL240,hERG,False,False,False
COC(=O)C1(CNC(=O)c2cc(OC)cc(OC)c2)CCN(Cc2cccc(OC)c2)CC1,6.51,1,nM,CHEMBL1836163,-6.51,2.49,CHEMBL240,hERG,False,False,False
COC(=O)C1(CNC(=O)c2cc(OC)cc(OC)c2)CCN(Cc2ccccc2C(F)(F)F)CC1,5.3,1,nM,CHEMBL1836165,-5.3,3.7,CHEMBL240,hERG,False,False,False
COC(=O)C1(CNC(=O)c2cc(OC)cc(OC)c2)CCN(Cc2ccccc2OC)CC1,5.72,1,nM,CHEMBL1836162,-5.72,3.2800000000000002,CHEMBL240,hERG,False,False,False
COC(=O)C1(COc2ccc3ncc(F)c(CCC45CCC(NCc6ccc7c(n6)NC(=O)CO7)(CC4)CO5)c3n2)CC1,5.8,1,nM,CHEMBL3605006,-5.8,3.2,CHEMBL240,hERG,False,False,False
COC(=O)C1=C(C)NC(C)=C(C(=O)NC[C@H]2CCN(CCc3ccc(C(F)(F)F)cc3)C2)C1c1cccc([N+](=O)[O-])c1,5.83,1,nM,CHEMBL4466934,-5.83,3.17,CHEMBL240,hERG,False,False,False
COC(=O)C1=C(C)NC(C)=C(C(=O)NC[C@H]2CCN(CCc3ccc(C)c(C(F)(F)F)c3)C2)C1c1cccc([N+](=O)[O-])c1,5.57,1,nM,CHEMBL4561491,-5.57,3.4299999999999997,CHEMBL240,hERG,False,False,False
COC(=O)C1=C(C)NC(C)=C(C(=O)NC[C@H]2CCN(CCc3ccc(Cl)c(Cl)c3)C2)C1c1cccc([N+](=O)[O-])c1,6.19,1,nM,CHEMBL4459378,-6.19,2.8099999999999996,CHEMBL240,hERG,False,False,False
COC(=O)C1=C(C)NC(C)=C(C(=O)NC[C@H]2CCN(CCc3ccc(Cl)c(F)c3)C2)C1c1cccc([N+](=O)[O-])c1,6.48,1,nM,CHEMBL4555422,-6.48,2.5199999999999996,CHEMBL240,hERG,False,False,False
COC(=O)C1=C(C)NC(C)=C(C(=O)NC[C@H]2CCN(CCc3ccc(OC(F)(F)F)c(F)c3)C2)C1c1cccc([N+](=O)[O-])c1,5.83,1,nM,CHEMBL4476467,-5.83,3.17,CHEMBL240,hERG,False,False,False
COC(=O)C1=C(C)NC(C)=C(C(=O)OC(C)C)C1c1cccc2c1NON2,4.3,1,nM,CHEMBL1671902,-4.3,4.7,CHEMBL240,hERG,False,False,False
COC(=O)C1=C(C)NC(C)=C(C(=O)OC)C1c1ccccc1[N+](=O)[O-],4.3,4,nM,CHEMBL193,-4.3,4.7,CHEMBL240,hERG,False,False,False
COC(=O)C1=C(C)NC(C)=C(C(=O)OCC(C)C)C1c1ccccc1[N+](=O)[O-],4.64,1,nM,CHEMBL1726,-4.64,4.36,CHEMBL240,hERG,False,False,False
COC(=O)C1=CCC2CCC1N2C,5.05,1,nM,CHEMBL412663,-5.05,3.95,CHEMBL240,hERG,False,False,False
COC(=O)C1C(OC(=O)c2ccccc2)CC2CCC1N2C,5.14,1,nM,CHEMBL32363,-5.14,3.8600000000000003,CHEMBL240,hERG,False,False,False
COC(=O)CC1OC2(CCN(CCc3ccccc3)CC2)CN(c2ccccc2)C1=O,6.7,1,nM,CHEMBL4446209,-6.7,2.3,CHEMBL240,hERG,True,True,True
COC(=O)CCCCOc1ccc2ncc(F)c(CCC34CCC(NCc5ccc6c(n5)NC(=O)CO6)(CC3)CO4)c2n1,6.4,1,nM,CHEMBL3605119,-6.4,2.5999999999999996,CHEMBL240,hERG,False,False,False
COC(=O)Cc1ccc(-n2cc(C3CCN(CCN4CCNC4=O)CC3)c3cc(Cl)ccc32)cc1,6.88,2,nM,CHEMBL415944,-6.88,2.12,CHEMBL240,hERG,False,False,False
COC(=O)Cc1ccc(CNC(=O)[C@@H]2CSCN2C(=O)CC(N)Cc2ccccc2F)cc1,5.01,1,nM,CHEMBL186482,-5.01,3.99,CHEMBL240,hERG,False,False,False
COC(=O)N(C)c1c(N)nc(-c2nc(Cc3ccccc3F)n3ccccc23)nc1N,6.4,1,nM,CHEMBL4751262,-6.4,2.5999999999999996,CHEMBL240,hERG,False,False,False
COC(=O)N(C)c1c(N)nc(-c2nc(Cc3ccccc3F)n3ncccc23)nc1N,4.79,1,nM,CHEMBL4763259,-4.79,4.21,CHEMBL240,hERG,False,False,False
COC(=O)N(C)c1c(N)nc(-n2nc(Cc3c(F)ccc(F)c3F)c3cc(Cl)ccc32)nc1N,5.41,1,nM,CHEMBL4781791,-5.41,3.59,CHEMBL240,hERG,False,False,False
COC(=O)N(C)c1c(N)nc(-n2nc(Cc3cc(F)cc(F)c3F)c3ccccc32)nc1N,4.55,1,nM,CHEMBL4740085,-4.55,4.45,CHEMBL240,hERG,False,False,False
COC(=O)N(C)c1c(N)nc(-n2nc(Cc3cc(F)ccc3F)c3ccccc32)nc1N,5.47,1,nM,CHEMBL4793885,-5.47,3.5300000000000002,CHEMBL240,hERG,False,False,False
COC(=O)N(C)c1c(N)nc(-n2nc(Cc3cccc(F)c3F)c3ccccc32)nc1N,5.14,1,nM,CHEMBL4759918,-5.14,3.8600000000000003,CHEMBL240,hERG,False,False,False
COC(=O)N(C)c1c(N)nc(-n2nc(Cc3ccccc3Cl)c3ccccc32)nc1N,4.96,1,nM,CHEMBL4779699,-4.96,4.04,CHEMBL240,hERG,False,False,False
COC(=O)N(C)c1c(N)nc(-n2nc(Cc3ccccc3F)c3cc(C#N)ccc32)nc1N,5.13,1,nM,CHEMBL4751496,-5.13,3.87,CHEMBL240,hERG,False,False,False
COC(=O)N(C)c1c(N)nc(-n2nc(Cc3ccccc3F)c3cc(Cl)ccc32)nc1N,5.2,1,nM,CHEMBL4751235,-5.2,3.8,CHEMBL240,hERG,False,False,False
COC(=O)N(C)c1c(N)nc(-n2nc(Cc3ccccc3F)c3cc(F)ccc32)nc1N,4.82,1,nM,CHEMBL4787520,-4.82,4.18,CHEMBL240,hERG,False,False,False
COC(=O)N(Cc1ccc2c(n1)NC(=O)CO2)C12CCC(CCc3c(F)cnc4ccc(OC)nc34)(CC1)OC2,5.21,1,nM,CHEMBL3604804,-5.21,3.79,CHEMBL240,hERG,False,False,False
COC(=O)N1CC(Oc2ccc(F)cc2)CC1C(=O)N1CCCN(C2CCC2)CC1,5.0,1,nM,CHEMBL1823050,-5.0,4.0,CHEMBL240,hERG,True,True,True
COC(=O)N1CC(Oc2cccc(F)c2)CC1C(=O)N1CCCN(C2CCC2)CC1,5.0,1,nM,CHEMBL1823049,-5.0,4.0,CHEMBL240,hERG,True,True,True
COC(=O)N1CCC(C)(CN2CCC3(CC2)CN(S(C)(=O)=O)c2ncccc23)CC1,4.77,1,nM,CHEMBL3289443,-4.77,4.23,CHEMBL240,hERG,False,False,False
COC(=O)N1CCC(C2N[C@@H](c3nc(-c4ccccc4)c[nH]3)Cc3c2[nH]c2ccccc32)CC1,6.16,1,nM,CHEMBL2069512,-6.16,2.84,CHEMBL240,hERG,False,False,False
COC(=O)N1CCC(CN2CC[C@H](NC(=O)c3cc(Cl)c(N)cc3OC)[C@H](OC)C2)CC1,5.0,1,nM,CHEMBL3759969,-5.0,4.0,CHEMBL240,hERG,False,False,False
COC(=O)N1CCCc2nc([C@@H](C)NC(=O)c3ccc(F)cc3)ccc21,4.22,1,nM,CHEMBL4747995,-4.22,4.78,CHEMBL240,hERG,False,False,False
COC(=O)N1CCN(C(=O)c2ccc(-c3cnn4c(N)c(-c5ccccc5)c(NC5CC(C)(C)N(C)C(C)(C)C5)nc34)cc2)CC1,5.12,1,nM,CHEMBL4643578,-5.12,3.88,CHEMBL240,hERG,False,False,False
COC(=O)N1CCc2c(nc(C)n2[C@H]2C[C@H]3CC[C@@H](C2)N3CC[C@H](NC(C)=O)c2cccc(F)c2)C1,5.7,1,nM,CHEMBL1649910,-5.7,3.3,CHEMBL240,hERG,False,False,False
COC(=O)N1Cc2cc(Cl)ccc2-n2c(nnc2C2CCN(c3ccccn3)CC2)C1,4.33,1,nM,CHEMBL1837038,-4.33,4.67,CHEMBL240,hERG,False,False,False
COC(=O)N1Cc2cc(S(C)(=O)=O)ccc2C1C(=O)Nc1ccc(C(O)(C(F)(F)F)C(F)(F)F)cc1,4.83,1,nM,CHEMBL4870856,-4.83,4.17,CHEMBL240,hERG,False,False,False
COC(=O)NC12CCC(n3cc(-c4cc(N)c(Cl)cc4F)c4c(N)ncnc43)(CC1)CC2,5.22,1,nM,CHEMBL4859681,-5.22,3.7800000000000002,CHEMBL240,hERG,False,False,False
COC(=O)NC12CCC(n3cc(-c4ccc(Cl)c(N)c4)c4c(N)ncnc43)(CC1)CC2,5.26,2,nM,CHEMBL4857808,-5.26,3.74,CHEMBL240,hERG,False,False,False
COC(=O)NCCc1ccccc1-c1ccc([C@H]2CNCC[C@@H]2c2ccn(C)c(=O)c2)c(Cl)c1,4.99,1,nM,CHEMBL1957792,-4.99,4.01,CHEMBL240,hERG,False,False,False
COC(=O)N[C@H](C(=O)N1CCC[C@H]1c1ncc(-c2ccc(-c3ccc(-c4cnc([C@@H]5CCCN5C(=O)[C@@H](NC(=O)OC)C(C)C)[nH]4)cc3)cc2)[nH]1)C(C)C,4.54,1,nM,CHEMBL2023898,-4.54,4.46,CHEMBL240,hERG,False,False,False
COC(=O)N[C@H](C(=O)N1C[C@@H](C)C[C@H]1c1ncc(-c2ccc(-c3ccc(-c4cc5[nH]c([C@@H]6C[C@H](C)CN6C(=O)[C@@H](NC(=O)OC)C(C)C)nc5s4)s3)cc2)[nH]1)C(C)C,4.6,1,nM,CHEMBL3393730,-4.6,4.4,CHEMBL240,hERG,False,False,False
COC(=O)N[C@H]1CC[C@@H](n2cc(-c3ccc(Cl)c(N)c3)c3c(N)ncnc32)CC1,4.9399999999999995,2,nM,CHEMBL4874648,-4.9399999999999995,4.0600000000000005,CHEMBL240,hERG,False,False,False
COC(=O)[C@@H]1C[C@@H]1COc1ccc2ncc(F)c(CCC34CCC(NCc5ccc6c(n5)NC(=O)CO6)(CC3)CO4)c2n1,6.22,1,nM,CHEMBL3605002,-6.22,2.7800000000000002,CHEMBL240,hERG,False,False,False
COC(=O)[C@H]1C[C@@H]1COc1ccc2ncc(F)c(CCC34CCC(NCc5ccc6c(n5)NC(=O)CO6)(CC3)CO4)c2n1,6.3,1,nM,CHEMBL3605004,-6.3,2.7,CHEMBL240,hERG,False,False,False
COC(=O)[C@H]1[C@@H](OC(=O)c2ccccc2)C[C@@H]2CC[C@H]1N2C,5.14,4,nM,CHEMBL370805,-5.14,3.8600000000000003,CHEMBL240,hERG,False,False,False
COC(=O)c1c(C)noc1-c1ccc2cc(CCN3CCC[C@H]3C)ccc2n1,5.22,1,nM,CHEMBL1822865,-5.22,3.7800000000000002,CHEMBL240,hERG,True,True,True
COC(=O)c1cc(-c2ccc3cc(CCN4CCC[C@H]4C)ccc3n2)on1,4.78,1,nM,CHEMBL1822866,-4.78,4.22,CHEMBL240,hERG,True,True,True
COC(=O)c1ccc(-n2cc(C3CCN(CCN4CCNC4=O)CC3)c3cc(Cl)ccc32)cc1,7.44,2,nM,CHEMBL52999,-7.44,1.5599999999999996,CHEMBL240,hERG,False,False,False
COC(=O)c1ccc(/C=C/CN(C)Cc2ccc3c(c2)OCCC3)cc1,5.19,1,nM,CHEMBL4084875,-5.19,3.8099999999999996,CHEMBL240,hERG,False,False,False
COC(=O)c1ccc(C2=CC3(CCNCC3)Oc3ccccc32)cc1,6.18,1,nM,CHEMBL494265,-6.18,2.8200000000000003,CHEMBL240,hERG,True,True,True
COC(=O)c1ccc(COc2ccc3nc(N)sc3c2)cc1,5.0,1,nM,CHEMBL4540341,-5.0,4.0,CHEMBL240,hERG,False,False,False
COC(=O)c1ccc([C@H]2CC[C@H](N3CC(NC(=O)CNC(=O)c4cccc(C(F)(F)F)c4)C3)CC2)cc1,5.89,1,nM,CHEMBL1829614,-5.89,3.1100000000000003,CHEMBL240,hERG,False,False,False
COC(=O)c1ccc2c(c1)N(CCN1CCC(NCc3ccc4c(n3)NC(=O)CO4)CC1)C(=O)CO2,4.83,1,nM,CHEMBL1824034,-4.83,4.17,CHEMBL240,hERG,False,False,False
COC(=O)c1ccc2c(c1)NC(=O)/C2=C(\Nc1ccc(N(C)C(=O)CN2CCN(C)CC2)cc1)c1ccccc1,8.59,1,nM,CHEMBL502835,-8.59,0.41000000000000014,CHEMBL240,hERG,False,False,False
COC(=O)c1ccc2c(c1)NC(=O)/C2=C(\Nc1ccc(N2C(=O)CC[C@@H]2CN2CCN(C)CC2)cc1)c1ccccc1,8.85,1,nM,CHEMBL4170680,-8.85,0.15000000000000036,CHEMBL240,hERG,False,False,False
COC(=O)c1ccc2c(c1)NC(=O)/C2=C(\Nc1ccc(N2C(=O)CC[C@H]2CN2CCN(C)CC2)cc1)c1ccccc1,9.02,1,nM,CHEMBL4171244,-9.02,-0.019999999999999574,CHEMBL240,hERG,False,False,False
COC(=O)c1ccc2ncc(F)c(CCC34CCC(NCc5ccc6c(n5)NC(=O)CO6)(CC3)CO4)c2n1,8.06,1,nM,CHEMBL3422768,-8.06,0.9399999999999995,CHEMBL240,hERG,False,False,False
COC(=O)c1cccc(C(=O)N2CCC(CCN3C4CCC3CC(n3c(C)nc5ccccc53)C4)(c3ccccc3)CC2)c1,6.1,1,nM,CHEMBL1784472,-6.1,2.9000000000000004,CHEMBL240,hERG,False,False,False
COC(=O)c1ccccc1-c1ccc(CN2CCC(COC(=O)c3c4n(c5ccccc35)CCCO4)CC2)cc1,6.88,1,nM,CHEMBL2440459,-6.88,2.12,CHEMBL240,hERG,False,False,False
COC(=O)c1cnc(Nc2cnc(C#N)c(O[C@@H]3CCNC3)n2)cc1N(C)C,4.52,1,nM,CHEMBL2204583,-4.52,4.48,CHEMBL240,hERG,False,False,False
COC(=O)c1coc(CN2CCN(C(=O)CC(c3ccc(F)cc3)c3ccc(Br)cc3)CC2)n1,5.65,1,nM,CHEMBL1645164,-5.65,3.3499999999999996,CHEMBL240,hERG,False,False,False
COC(=O)c1coc(CN2CCN(C(=O)CC(c3ccc(F)cc3)c3ccc(C(F)(F)F)cc3)CC2)n1,5.42,1,nM,CHEMBL1645167,-5.42,3.58,CHEMBL240,hERG,False,False,False
COC(=O)c1nn(C)c2c(C)cc(Nc3nccc(-c4cc(CN(C)C)n(C)n4)n3)cc12,4.64,1,nM,CHEMBL4744190,-4.64,4.36,CHEMBL240,hERG,False,False,False
COC(C)(C)CC#Cc1c(Cl)c2c(Cl)cc(C(N)=O)nc2n1[C@H]1CCCNC1,8.4,1,nM,CHEMBL4541837,-8.4,0.5999999999999996,CHEMBL240,hERG,False,False,False
COC(C)(C)CCOc1ccc(CN2CCC(NC(=O)c3cc(=O)c4ccc(F)cc4o3)CC2)cc1,5.37,1,nM,CHEMBL247688,-5.37,3.63,CHEMBL240,hERG,False,False,False
COC(C)(C)CN(CCc1ccc(Cl)cc1)C1CCN(c2nc(N)n[nH]2)CC1,5.46,1,nM,CHEMBL4546929,-5.46,3.54,CHEMBL240,hERG,False,False,False
COC1(c2ccc(NC(=O)c3cc(=O)c4cc(F)cc(-c5c(C)nn(C)c5C)c4o3)cn2)CCOCC1,4.02,1,nM,CHEMBL605785,-4.02,4.98,CHEMBL240,hERG,False,False,False
COC1CCN(Cc2cc(-c3ccc(C(C)C)cc3)n(-c3ccc(F)cc3)n2)CC1,5.2,1,nM,CHEMBL4522177,-5.2,3.8,CHEMBL240,hERG,False,False,False
COC1CCN(Cc2cc(-c3ccc(C(F)(F)F)cc3)n(-c3ccc(F)cc3)n2)CC1,5.5,1,nM,CHEMBL4474294,-5.5,3.5,CHEMBL240,hERG,False,False,False
COC1CCN(S(=O)(=O)c2ccc(-c3ccc(CCN4CCC[C@H]4C)cc3)cc2)CC1,5.7,1,nM,CHEMBL554506,-5.7,3.3,CHEMBL240,hERG,False,False,False
COC1CN(c2nnc(C)c3c(C)n(-c4ccc(Cl)cc4OC(F)(F)F)nc23)C1,5.4,1,nM,CHEMBL1801191,-5.4,3.5999999999999996,CHEMBL240,hERG,False,False,False
COC1COCCC1N[C@@H]1C[C@H]2CCCC[C@@]2(C(=O)N2CCc3ncc(C(F)(F)F)cc3C2)C1,4.39,1,nM,CHEMBL2314065,-4.39,4.61,CHEMBL240,hERG,False,False,False
COC1COCCC1N[C@@H]1C[C@H]2CCC[C@@]2(C(=O)N2CCc3ccc(Br)cc3C2)C1,4.69,1,nM,CHEMBL2314053,-4.69,4.31,CHEMBL240,hERG,False,False,False
COC1COCCC1N[C@@H]1C[C@H]2CCC[C@@]2(C(=O)N2CCc3ccc(C#N)cc3C2)C1,4.47,1,nM,CHEMBL2313767,-4.47,4.53,CHEMBL240,hERG,False,False,False
COC1COCCC1N[C@@H]1C[C@H]2CCC[C@@]2(C(=O)N2CCc3ccc(C(F)(F)F)cc3C2)C1,4.56,1,nM,CHEMBL2314054,-4.56,4.44,CHEMBL240,hERG,False,False,False
COC1COCCC1N[C@@H]1C[C@H]2CCC[C@@]2(C(=O)N2CCc3ccc(Cl)cc3C2)C1,4.37,1,nM,CHEMBL2314052,-4.37,4.63,CHEMBL240,hERG,False,False,False
COC1COCCC1N[C@@H]1C[C@H]2CCC[C@@]2(C(=O)N2CCc3ccc(F)cc3C2)C1,4.63,1,nM,CHEMBL2314051,-4.63,4.37,CHEMBL240,hERG,False,False,False
COC1COCCC1N[C@@H]1C[C@H]2CCC[C@@]2(C(=O)N2CCc3ccc(OC(F)(F)F)cc3C2)C1,5.13,1,nM,CHEMBL2313768,-5.13,3.87,CHEMBL240,hERG,False,False,False
COC1COCCC1N[C@@H]1C[C@H]2CCC[C@@]2(C(=O)N2CCc3ncc(Br)cc3C2)C1,4.31,1,nM,CHEMBL2313783,-4.31,4.69,CHEMBL240,hERG,False,False,False
COC1COCCC1N[C@@H]1C[C@H]2CCC[C@@]2(C(=O)N2CCc3ncc(Cl)cc3C2)C1,4.48,1,nM,CHEMBL2313782,-4.48,4.52,CHEMBL240,hERG,False,False,False
COC1COCCC1N[C@@H]1C[C@H]2CCC[C@@]2(C(=O)N2CCc3ncc(OC(C)C)cc3C2)C1,4.33,1,nM,CHEMBL2314050,-4.33,4.67,CHEMBL240,hERG,False,False,False
COC1COCCC1N[C@@H]1C[C@H]2CN(C(=O)/C=C/c3ccccc3)C[C@@]2(C(=O)N2CCc3ncc(C(F)(F)F)cc3C2)C1,4.62,1,nM,CHEMBL3115272,-4.62,4.38,CHEMBL240,hERG,False,False,False
COC1COCCC1N[C@@H]1C[C@H]2CN(C(=O)C#CC3CC3)C[C@@]2(C(=O)N2CCc3ncc(C(F)(F)F)cc3C2)C1,4.3,1,nM,CHEMBL3115274,-4.3,4.7,CHEMBL240,hERG,False,False,False
COC1COCCC1N[C@@H]1C[C@H]2CN(C3CC3)C[C@@]2(C(=O)N2CCc3ncc(C(F)(F)F)cc3C2)C1,4.38,1,nM,CHEMBL3115116,-4.38,4.62,CHEMBL240,hERG,False,False,False
COC1COCCC1N[C@@H]1C[C@H]2CN(c3ccccc3)C[C@@]2(C(=O)N2CCc3ncc(C(F)(F)F)cc3C2)C1,4.64,1,nM,CHEMBL3115268,-4.64,4.36,CHEMBL240,hERG,False,False,False
COC1OC2(CCN(Cc3ccccc3)CC2)c2cnn(-c3ccccc3)c21,9.39,1,nM,CHEMBL410832,-9.39,-0.39000000000000057,CHEMBL240,hERG,False,False,False
COCC#Cc1cc(-c2n[nH]c3c2Cc2cc(CN4CCN(C)CC4)ccc2-3)cs1,5.29,1,nM,CHEMBL225036,-5.29,3.71,CHEMBL240,hERG,False,False,False
COCC(=O)N(Cc1ccsc1)C1CCN([C@H](C)CCNC(=O)c2c(C)cc(Cl)nc2C)CC1,5.08,1,nM,CHEMBL2164219,-5.08,3.92,CHEMBL240,hERG,False,False,False
COCC(=O)N1CCC(n2nc(C)c(Nc3ncc(Cl)c(-c4cnn5ccccc45)n3)c2C)CC1,4.77,1,nM,CHEMBL3822651,-4.77,4.23,CHEMBL240,hERG,False,False,False
COCC(=O)N1CCC[C@@H](c2nc(-c3ccc(C(=O)Nc4cc(C(F)(F)F)ccn4)cc3F)c3c(N)nccn23)C1,5.35,1,nM,CHEMBL4076024,-5.35,3.6500000000000004,CHEMBL240,hERG,False,False,False
COCC(=O)N1CCO[C@@H](c2nc(-c3ccc(C(=O)Nc4cc(C(F)(F)F)ccn4)cc3F)c3c(N)nccn23)C1,4.62,1,nM,CHEMBL4062498,-4.62,4.38,CHEMBL240,hERG,False,False,False
COCC(=O)N1Cc2cc(S(=O)(=O)CC3CC3)ccc2C1C(=O)Nc1ccc(C(O)(C(F)(F)F)C(F)(F)F)cc1,4.75,1,nM,CHEMBL4865776,-4.75,4.25,CHEMBL240,hERG,False,False,False
COCC(=O)NC1CCN(c2nc(C)c3cc(NC(=O)/C=C/c4ccc(Cl)cc4)ccc3n2)CC1,5.92,1,nM,CHEMBL2017760,-5.92,3.08,CHEMBL240,hERG,False,False,False
COCC(=O)OC1(CCN(C)CCCc2nc3ccccc3[nH]2)CCc2cc(F)ccc2C1C(C)C,5.84,1,nM,CHEMBL3706574,-5.84,3.16,CHEMBL240,hERG,False,False,False
COCC(=O)O[C@]1(CCN(C)CCCc2nc3ccccc3[nH]2)CCc2cc(F)ccc2[C@@H]1C(C)C,5.85,14,nM,CHEMBL45816,-5.85,3.1500000000000004,CHEMBL240,hERG,False,False,False
COCC(C)(C)C#Cc1c(Cl)c2c(Cl)cc(C(N)=O)nc2n1[C@H]1CCCNC1,8.96,1,nM,CHEMBL4457529,-8.96,0.03999999999999915,CHEMBL240,hERG,False,False,False
COCC(C)Nc1nc(N2CCOC[C@@H]2C)c2ccc(-c3ccc(OC)c(CO)c3)nc2n1,4.77,1,nM,CHEMBL2336334,-4.77,4.23,CHEMBL240,hERG,False,False,False
COCC(F)(F)COCc1ccc([C@@]2(O)CCNC[C@@H]2c2ccc(-c3ccccc3CCNC(C)=O)cc2C)cc1,5.01,1,nM,CHEMBL1957789,-5.01,3.99,CHEMBL240,hERG,False,False,False
COCC(O)CN(Cc1ccc(F)cc1)C(=O)CC1CCN(Cc2ccc(-c3ccc(Cl)cc3)o2)CC1,5.96,1,nM,CHEMBL549636,-5.96,3.04,CHEMBL240,hERG,False,False,False
COCC1CCCN1S(=O)(=O)c1ccc(-c2ccc(CCN3CCC[C@H]3C)cc2)cc1,5.72,1,nM,CHEMBL1823054,-5.72,3.2800000000000002,CHEMBL240,hERG,False,False,False
COCC1OC2(CCN(CCc3ccccc3)CC2)CN(c2ccccc2)C1=O,5.72,1,nM,CHEMBL4439285,-5.72,3.2800000000000002,CHEMBL240,hERG,True,True,True
COCC1[C@@H]2CC[C@H]1CN(CCN1CCN(c3cccc(Cl)c3)C1=O)C2,6.0,2,nM,CHEMBL541435,-6.0,3.0,CHEMBL240,hERG,False,False,False
COCCC#Cc1c(Cl)c2c(Cl)cc(C(N)=O)nc2n1[C@H]1CCCNC1,8.52,1,nM,CHEMBL4540910,-8.52,0.4800000000000004,CHEMBL240,hERG,True,True,True
COCCC(=O)N1CCO[C@@H](c2nc(-c3ccc(C(=O)Nc4cc(C(F)(F)F)ccn4)cc3)c3c(N)nccn23)C1,5.24,1,nM,CHEMBL4097247,-5.24,3.76,CHEMBL240,hERG,False,False,False
COCCC(=O)N1CCSC(c2nc(-c3ccc(C(=O)Nc4cc(C(F)(F)F)ccn4)cc3)c3c(N)nccn23)C1,5.75,1,nM,CHEMBL4079225,-5.75,3.25,CHEMBL240,hERG,False,False,False
COCCC(NC(=O)C1(N)CCN(c2ncnc3[nH]ccc23)CC1)c1ccc(Cl)cc1,5.03,1,nM,CHEMBL2325740,-5.03,3.9699999999999998,CHEMBL240,hERG,False,False,False
COCCCC(=O)NCCN1CCC[C@@H]1Cn1nc(Cc2ccc(Cl)cc2)c2ccccc2c1=O,6.4,1,nM,CHEMBL4060529,-6.4,2.5999999999999996,CHEMBL240,hERG,False,False,False
COCCCN1CCC(c2nnc(-c3cccc4cc(C(C)C)nn34)o2)CC1,5.64,1,nM,CHEMBL4215911,-5.64,3.3600000000000003,CHEMBL240,hERG,False,False,False
COCCCN1C[C@@H]2[C@@H](CNC(=O)c3nc(C(C)C)n4ccccc34)[C@@H]2C1,5.29,1,nM,CHEMBL3740472,-5.29,3.71,CHEMBL240,hERG,False,False,False
COCCCOc1cc(C(=O)N(C[C@@H]2CNC[C@H]2Cc2ccccc2)C(C)C)ccc1OC,4.84,1,nM,CHEMBL2322611,-4.84,4.16,CHEMBL240,hERG,False,False,False
COCCCOc1cc(C(=O)N(C[C@@H]2CNC[C@H]2OC(=O)NCc2ccccc2)C(C)C)ccc1OC,4.89,1,nM,CHEMBL3403995,-4.89,4.11,CHEMBL240,hERG,False,False,False
COCCCS(=O)(=O)c1ccc(-c2ccc(CCN3CCC[C@H]3C)cc2)cc1,4.96,1,nM,CHEMBL1934523,-4.96,4.04,CHEMBL240,hERG,True,True,True
COCCCc1cc(CN(C(=O)[C@H]2CNCC[C@]2(O)c2ccc(F)c(F)c2)C2CC2)cc(OCCOC)c1,5.35,1,nM,CHEMBL1910292,-5.35,3.6500000000000004,CHEMBL240,hERG,False,False,False
COCCN(C)C(c1ccccc1)C(O)(c1cccnc1)c1cccnc1,5.46,1,nM,CHEMBL1092574,-5.46,3.54,CHEMBL240,hERG,False,False,False
COCCN(C)CCn1c(C#N)c(-c2cccc(F)c2)c2cc(OC)ccc2c1=O,5.78,1,nM,CHEMBL215050,-5.78,3.2199999999999998,CHEMBL240,hERG,False,False,False
COCCN(CCc1ccc(Cl)cc1)C1CCN(c2nc(N)n[nH]2)CC1,5.55,1,nM,CHEMBL4521547,-5.55,3.45,CHEMBL240,hERG,False,False,False
COCCN1CC=CC[C@H](c2ccc(Cl)c(Cl)c2)C1,5.28,1,nM,CHEMBL2326694,-5.28,3.7199999999999998,CHEMBL240,hERG,True,True,True
COCCN1CCC(CNC(=O)c2n[nH]c3ccc(-c4cccc(F)c4F)cc23)CC1,7.36,1,nM,CHEMBL3735506,-7.36,1.6399999999999997,CHEMBL240,hERG,False,False,False
COCCN1CCCC(Cn2c(-c3cccnc3C)nc3cn(-c4ccc(C#N)cc4)nc3c2=O)C1,4.68,1,nM,CHEMBL3218888,-4.68,4.32,CHEMBL240,hERG,False,False,False
COCCN1CCC[C@@H](Cn2c(-c3ccccc3C)nc3cc(-c4ccc(Cl)cc4)sc3c2=O)C1,5.68,1,nM,CHEMBL3218648,-5.68,3.3200000000000003,CHEMBL240,hERG,False,False,False
COCCN1CCC[C@@H](Cn2c(-c3ccccc3C)nc3cn(-c4ccc(Cl)cc4)nc3c2=O)C1,5.6,1,nM,CHEMBL3218650,-5.6,3.4000000000000004,CHEMBL240,hERG,False,False,False
COCCN1CCC[C@@H](Cn2c(-c3ccccc3C)nc3nc(-c4ccc(Cl)cc4)sc3c2=O)C1,5.43,1,nM,CHEMBL3218649,-5.43,3.5700000000000003,CHEMBL240,hERG,False,False,False
COCCN1CCC[C@@H]1Cn1nc(Cc2ccc(Cl)cc2)c2ccccc2c1=O,6.6,1,nM,CHEMBL2146803,-6.6,2.4000000000000004,CHEMBL240,hERG,False,False,False
COCCN1CCC[C@@H]1Cn1nc(Cc2ccc(Cl)cc2)c2cccnc2c1=O,5.3,1,nM,CHEMBL2146808,-5.3,3.7,CHEMBL240,hERG,False,False,False
COCCN1CCC[C@@H]1Cn1nc(Cc2ccc(Cl)cc2)c2cnccc2c1=O,5.9,1,nM,CHEMBL2146801,-5.9,3.0999999999999996,CHEMBL240,hERG,False,False,False
COCCN1CCC[C@@H]1Cn1nc(Cc2ccc(Cl)cc2)c2ncccc2c1=O,7.2,1,nM,CHEMBL2146811,-7.2,1.7999999999999998,CHEMBL240,hERG,False,False,False
COCCN1CCC[C@H](Cn2c(-c3cccnc3C)nc3cn(-c4cccc(OC)c4)nc3c2=O)C1,4.37,1,nM,CHEMBL3218891,-4.37,4.63,CHEMBL240,hERG,False,False,False
COCCN1CCN(CCNc2nonc2/C(=N/O)Nc2ccc(F)c(Br)c2)S1(=O)=O,4.78,1,nM,CHEMBL4447439,-4.78,4.22,CHEMBL240,hERG,False,False,False
COCCN1CCN(Cc2ccc(NC(=O)c3ccc(C)c(C#Cc4cnc5cccnn45)c3)cc2C2CC2)CC1,7.1,1,nM,CHEMBL4637502,-7.1,1.9000000000000004,CHEMBL240,hERG,False,False,False
COCCN1CCN(c2cc3c(Nc4ccc(C)cc4F)c(C(N)=O)nnc3cc2OC)CC1,4.64,1,nM,CHEMBL2409401,-4.64,4.36,CHEMBL240,hERG,False,False,False
COCCN1CCN(c2ccc(OCc3ccccc3)c(C(=O)Nc3ccnnc3)c2)CC1,5.1,1,nM,CHEMBL4448579,-5.1,3.9000000000000004,CHEMBL240,hERG,False,False,False
COCCNCCC(=O)N[C@H]1c2ccccc2C[C@@H]1NC(=O)c1cc2ccccc2n1C,5.8,1,nM,CHEMBL4175534,-5.8,3.2,CHEMBL240,hERG,False,False,False
COCCNS(=O)(=O)c1ccc(-c2ccc(CCN3CCC[C@H]3C)cc2)cc1,5.13,1,nM,CHEMBL550405,-5.13,3.87,CHEMBL240,hERG,True,True,True
COCCOCC#Cc1cc(-c2n[nH]c3c2C(=O)c2cc(CN4CCN(C)CC4)ccc2-3)cs1,5.03,1,nM,CHEMBL387971,-5.03,3.9699999999999998,CHEMBL240,hERG,False,False,False
COCCOCC#Cc1cc(-c2n[nH]c3c2Cc2cc(CN4CCN(C)CC4)ccc2-3)cs1,5.04,1,nM,CHEMBL225193,-5.04,3.96,CHEMBL240,hERG,False,False,False
COCCOc1cc(NC(=O)N2CCCc3cc(C4CCN(C5COC5)CC4)c(C=O)nc32)ncc1C#N,4.55,1,nM,CHEMBL4744460,-4.55,4.45,CHEMBL240,hERG,False,False,False
COCCOc1cc(NC(=O)N2CCCc3cc(C4CCN(CC(F)(F)F)CC4)c(C=O)nc32)ncc1C#N,6.3,1,nM,CHEMBL4764678,-6.3,2.7,CHEMBL240,hERG,False,False,False
COCCOc1cc(NC(=O)N2CCCc3cc(CN(C)C(=O)CN(C)C)c(C=O)nc32)ncc1C#N,5.17,1,nM,CHEMBL4791610,-5.17,3.83,CHEMBL240,hERG,False,False,False
COCCOc1cc(NC(=O)N2CCCc3cc(CN(CCN(C)C)C(C)=O)c(C=O)nc32)ncc1C#N,4.96,1,nM,CHEMBL4780066,-4.96,4.04,CHEMBL240,hERG,False,False,False
COCCOc1cc(NC(=O)N2CCCc3cc(CN(CCN(C)C)S(C)(=O)=O)c(C=O)nc32)ncc1C#N,4.7,1,nM,CHEMBL4777580,-4.7,4.3,CHEMBL240,hERG,False,False,False
COCCOc1cc(NC(=O)N2CCCc3cc(CN4CCN(C)C(=O)C4)c(C=O)nc32)ncc1C#N,4.66,1,nM,CHEMBL4778828,-4.66,4.34,CHEMBL240,hERG,False,False,False
COCCOc1cc(NC(=O)N2CCCc3cc(CN4CC[C@@H](N(C)C)C4=O)c(C=O)nc32)ncc1C#N,5.07,1,nM,CHEMBL4752511,-5.07,3.9299999999999997,CHEMBL240,hERG,False,False,False
COCCOc1cc(NC(=O)N2CCCc3cc(CN4CC[C@H](N(C)C)C4=O)c(C=O)nc32)ncc1C#N,4.75,1,nM,CHEMBL4745615,-4.75,4.25,CHEMBL240,hERG,False,False,False
COCCOc1cc(NC(=O)N2CCCc3cc(CN4C[C@@H](C)N[C@@H](C)C4)c(C=O)nc32)ncc1C#N,4.89,1,nM,CHEMBL4752290,-4.89,4.11,CHEMBL240,hERG,False,False,False
COCCOc1cc2ncc(C(N)=O)c(Nc3ccc(C)cc3F)c2cc1N1CCOCC1,5.05,1,nM,CHEMBL2409311,-5.05,3.95,CHEMBL240,hERG,False,False,False
COCCOc1cc2nccc(Nc3n[nH]c(C)c3C)c2cc1S(=O)(=O)C(C)(C)C,4.52,1,nM,CHEMBL4292228,-4.52,4.48,CHEMBL240,hERG,False,False,False
COCCOc1ccc(C2CN(NS(C)(=O)=O)C(=O)N2CCc2ccc(OC)cc2)cc1,4.48,1,nM,CHEMBL571953,-4.48,4.52,CHEMBL240,hERG,False,False,False
COCCOc1ccc2ncc(F)c(CCC34CCC(NCc5ccc6c(n5)NC(=O)CO6)(CC3)CO4)c2n1,4.76,1,nM,CHEMBL3605148,-4.76,4.24,CHEMBL240,hERG,False,False,False
COCCOc1ccn2c(-c3ccc4cccc(O[C@@H]5CCNC[C@H]5F)c4n3)cnc2c1,5.41,1,nM,CHEMBL3109337,-5.41,3.59,CHEMBL240,hERG,False,False,False
COCCS(=O)(=O)N1CCN(c2ccc(Nc3nccc(-c4cnc(C)n4C(C)C)n3)cc2)CC1,5.08,1,nM,CHEMBL514384,-5.08,3.92,CHEMBL240,hERG,False,False,False
COCCS(=O)(=O)c1ccc(-c2ccc(CCN3CCC[C@H]3C)cc2)cc1,5.13,1,nM,CHEMBL1934520,-5.13,3.87,CHEMBL240,hERG,False,False,False
COCC[C@H](Oc1ncnc2c1cnn2-c1ccccc1C(F)(F)F)C(=O)Nc1ccc(C)cn1,4.58,1,nM,CHEMBL2206791,-4.58,4.42,CHEMBL240,hERG,False,False,False
COCC[C@H](Oc1ncnc2c1cnn2-c1ccccc1Cl)C(=O)Nc1ccc(C)cn1,4.68,2,nM,CHEMBL2206790,-4.68,4.32,CHEMBL240,hERG,False,False,False
COCC[C@H](Oc1ncnc2c1cnn2-c1ncccc1Cl)C(=O)Nc1ccc(C)cn1,4.1,1,nM,CHEMBL3221481,-4.1,4.9,CHEMBL240,hERG,False,False,False
COCCc1nc(CN[C@H]2CC[C@@H](F)C2)n(C(C)C)c1-c1ccc(Cl)cc1,4.8,1,nM,CHEMBL563593,-4.8,4.2,CHEMBL240,hERG,False,False,False
COC[C@@H]1CCCN1N1CCN(c2cccc(Cl)c2)C1=O,5.3,2,nM,CHEMBL555744,-5.3,3.7,CHEMBL240,hERG,False,False,False
COC[C@@](C)(N)c1nc(-c2ccc(OC(F)(F)F)cc2)c[nH]1,5.43,1,nM,CHEMBL4069225,-5.43,3.5700000000000003,CHEMBL240,hERG,False,False,False
COC[C@H](C)COCc1ccc([C@@]2(O)CCNC[C@@H]2c2ccc(-c3ccccc3CCNC(C)=O)cc2C)cc1,5.05,1,nM,CHEMBL1957797,-5.05,3.95,CHEMBL240,hERG,False,False,False
COC[C@H](C)Oc1cc(Oc2ccc(C(=O)N3CCC3)cc2)cc(C(=O)Nc2ccn(C)n2)c1,4.44,1,nM,CHEMBL3219115,-4.44,4.56,CHEMBL240,hERG,False,False,False
COC[C@H](C)Oc1cc(Oc2ccc(C(=O)N3CCC3)cc2)cc(C(=O)Nc2cnc(C)cn2)c1,4.75,1,nM,CHEMBL3219120,-4.75,4.25,CHEMBL240,hERG,False,False,False
COC[C@H](C)Oc1cc(Oc2ccc(C(=O)N3CCC3)nc2)cc(C(=O)Nc2cnc(C)cn2)c1,4.4,1,nM,CHEMBL3219121,-4.4,4.6,CHEMBL240,hERG,False,False,False
COC[C@H](C)Oc1cc(Oc2ccc(S(C)(=O)=O)cc2)cc(C(=O)Nc2nc(C)ns2)c1,5.12,2,nM,CHEMBL3217923,-5.12,3.88,CHEMBL240,hERG,False,False,False
COC[C@H](C)Oc1cc(Oc2ccc(S(C)(=O)=O)cc2)cc(C(=O)Nc2nccs2)c1,5.16,2,nM,CHEMBL3217922,-5.16,3.84,CHEMBL240,hERG,False,False,False
COC[C@H](C)Oc1cc(Oc2ncc(C(=O)N3CCC3)cc2Cl)cc(C(=O)Nc2cnc(C)cn2)c1,4.75,1,nM,CHEMBL3219123,-4.75,4.25,CHEMBL240,hERG,False,False,False
COC[C@H](N)CNc1cnc(C(N)=O)c(Nc2cc(C)cc(C)n2)c1,5.8,1,nM,CHEMBL3415588,-5.8,3.2,CHEMBL240,hERG,False,False,False
COC[C@H](Oc1ncnc2c1cnn2-c1ccccc1Cl)C(=O)Nc1ccc(C)cn1,4.3,1,nM,CHEMBL3221482,-4.3,4.7,CHEMBL240,hERG,False,False,False
COC[C@H]1CCCN1CCn1ncc2cc(-n3ccc(OCc4ccccc4)cc3=O)ccc21,6.1,1,nM,CHEMBL1289054,-6.1,2.9000000000000004,CHEMBL240,hERG,False,False,False
COC[C@H]1CN(C2CCN(c3nc(N)n[nH]3)CC2)[C@@H](Cc2ccc(Cl)cc2)CO1,4.0,1,nM,CHEMBL4755139,-4.0,5.0,CHEMBL240,hERG,False,False,False
COC[C@H]1Cn2cc(-c3nc(Nc4ccnn4C)ncc3C)cc2C(=O)N1Cc1cccc(C)n1,4.7,1,nM,CHEMBL4551714,-4.7,4.3,CHEMBL240,hERG,False,False,False
COC[C@H]1Cn2cc(-c3nc(Nc4ccnn4C)ncc3C)nc2C(=O)N1Cc1ccc(F)c(F)c1,4.96,1,nM,CHEMBL4482864,-4.96,4.04,CHEMBL240,hERG,False,False,False
COCc1ccc(-c2cc3c(N[C@@H](C)C4CCOCC4)c(C(N)=O)cnc3cc2F)cn1,5.05,1,nM,CHEMBL4533539,-5.05,3.95,CHEMBL240,hERG,False,False,False
COCc1ccc(-c2cc3c(N[C@@H](C)c4ccn(C)n4)c(C(N)=O)cnc3cc2F)c(F)n1,4.62,1,nM,CHEMBL4563993,-4.62,4.38,CHEMBL240,hERG,False,False,False
COCc1ccc(-c2cc3c(N[C@@H](C)c4ccn(C)n4)c(C(N)=O)cnc3cc2F)cn1,4.66,1,nM,CHEMBL4166405,-4.66,4.34,CHEMBL240,hERG,False,False,False
COCc1ccc(-c2cc3c(N[C@@H](C)c4nn(C)cc4C)c(C(N)=O)cnc3cc2F)cn1,4.77,1,nM,CHEMBL4215266,-4.77,4.23,CHEMBL240,hERG,False,False,False
COCc1ccc(-c2cc3c(cc2F)ncc2c3n(C3CCOCC3)c(=O)n2C)cn1,4.57,1,nM,CHEMBL4162952,-4.57,4.43,CHEMBL240,hERG,False,False,False
COCc1ccc(-c2cc3c(cc2F)ncc2c3n([C@@H](C)C3CCOCC3)c(=O)n2C)cn1,4.82,1,nM,CHEMBL4170883,-4.82,4.18,CHEMBL240,hERG,False,False,False
COCc1ccc(-c2cc3c(cc2F)ncc2c3n([C@H]3CC[C@H](OC)CC3)c(=O)n2C)cn1,4.57,1,nM,CHEMBL4171264,-4.57,4.43,CHEMBL240,hERG,False,False,False
COCc1ccc(-c2cc3c(cc2F)ncc2c3n([C@H]3C[C@@H](O)C3)c(=O)n2C)cn1,4.82,1,nM,CHEMBL4176135,-4.82,4.18,CHEMBL240,hERG,False,False,False
COCc1ccc(-c2cc3c(cc2F)ncc2c3n([C@H]3C[C@@H](OC)C3)c(=O)n2C)cn1,5.05,1,nM,CHEMBL4160664,-5.05,3.95,CHEMBL240,hERG,False,False,False
COCc1ccc(-c2cc3c(cc2F)ncc2c3n([C@H]3C[C@H](OC)C3)c(=O)n2C)cn1,5.05,1,nM,CHEMBL4168290,-5.05,3.95,CHEMBL240,hERG,False,False,False
COCc1ccc(-c2ccc3ncc(C(N)=O)c(N[C@@H](C)C4CCOCC4)c3c2)cn1,5.35,1,nM,CHEMBL4218734,-5.35,3.6500000000000004,CHEMBL240,hERG,False,False,False
COCc1ccc(-c2ccc3ncc(C(N)=O)c(N[C@@H](C)c4ccn(C)n4)c3c2)c(F)n1,4.85,1,nM,CHEMBL4548927,-4.85,4.15,CHEMBL240,hERG,False,False,False
COCc1ccc(CCN2CCC(COc3nc4ccccc4c4cn(C)cc34)CC2)cc1,7.7,1,nM,CHEMBL2179671,-7.7,1.2999999999999998,CHEMBL240,hERG,True,True,True
COCc1ccc2c3nc(N4CCC[C@@H](N)C4)n(Cc4ccccc4Cl)c3c(=O)n(C)c2c1,5.74,1,nM,CHEMBL2147194,-5.74,3.26,CHEMBL240,hERG,False,False,False
COCc1ccncc1-c1ccc2[nH]nc(C(=O)NCC3CCOCC3)c2c1,4.33,1,nM,CHEMBL4636306,-4.33,4.67,CHEMBL240,hERG,False,False,False
COCc1cnc(N2CCC([C@H]3C[C@H]3CCOc3cc(F)c(CC(=O)N4CCC4)c(F)c3)CC2)nc1,4.98,2,nM,CHEMBL4093284,-4.98,4.02,CHEMBL240,hERG,False,False,False
COCc1cnc(N2CCC([C@H]3C[C@H]3CCOc3ccc(CC(=O)N4CCC4)c(F)c3)CC2)nc1,4.72,1,nM,CHEMBL4077033,-4.72,4.28,CHEMBL240,hERG,False,False,False
COCc1cnc(N2CCC([C@H]3C[C@H]3COCc3ccc(S(C)(=O)=O)cc3F)CC2)nc1,4.89,1,nM,CHEMBL3622175,-4.89,4.11,CHEMBL240,hERG,False,False,False
COCc1cncc(-c2ccc3[nH]nc(C(=O)NCC4CCOCC4)c3c2)c1,5.24,1,nM,CHEMBL4643920,-5.24,3.76,CHEMBL240,hERG,False,False,False
COCc1nc(-c2ccc(N3C(=O)N(c4cc(O)ncn4)C4(CCN(Cc5ncccc5C)CC4)C3=O)cc2)no1,5.11,1,nM,CHEMBL2040894,-5.11,3.8899999999999997,CHEMBL240,hERG,False,False,False
COCc1nc2cnc3cc(-c4c(C)noc4C)c(OC[C@H]4CCNC4)cc3c2n1[C@H](C)c1ccccc1,4.4,1,nM,CHEMBL4639128,-4.4,4.6,CHEMBL240,hERG,False,False,False
COCc1nnc(N2C[C@@H]3C[C@]3(c3ccc(F)cc3Cl)C2)n1-c1ccc(OC)nc1,4.8,1,nM,CHEMBL4591825,-4.8,4.2,CHEMBL240,hERG,False,False,False
CON=C1CCC(CN2CCN(c3nc(=O)c4cc(C(F)(F)F)cc([N+](=O)[O-])c4s3)CC2)CC1,4.32,1,nM,CHEMBL4475126,-4.32,4.68,CHEMBL240,hERG,False,False,False
CONC(=O)N(Cc1ccsc1)C1CCN([C@H](C)CCNC(=O)c2c(C)cc(C#N)nc2Cl)CC1,4.97,1,nM,CHEMBL2164210,-4.97,4.03,CHEMBL240,hERG,False,False,False
CONC(=O)N(Cc1ccsc1)C1CCN([C@H](C)CCNC(=O)c2c(C)cc(C(=O)NC(C)C)nc2C)CC1,4.48,1,nM,CHEMBL2164208,-4.48,4.52,CHEMBL240,hERG,False,False,False
CONC(=O)N(Cc1ccsc1)C1CCN([C@H](C)CCNC(=O)c2c(C)cc(Cl)nc2C)CC1,5.26,1,nM,CHEMBL2164206,-5.26,3.74,CHEMBL240,hERG,False,False,False
CONC(=O)N(Cc1ccsc1)C1CCN([C@H](C)CCNC(=O)c2c(C)cc(Cl)nc2Cl)CC1,6.52,1,nM,CHEMBL2164207,-6.52,2.4800000000000004,CHEMBL240,hERG,False,False,False
CO[C@@H](C)CN(CCc1ccc(Cl)cc1)C1CCN(c2nc(N)n[nH]2)CC1,4.75,1,nM,CHEMBL4520755,-4.75,4.25,CHEMBL240,hERG,False,False,False
CO[C@@H]1CN(Cc2ccc(C(F)(F)F)cc2)CC[C@@H]1N(C)C(=O)Cc1ccc(-n2cnnn2)cc1,5.7,1,nM,CHEMBL2010846,-5.7,3.3,CHEMBL240,hERG,False,False,False
CO[C@@H]1COCC[C@@H]1N(C)[C@@H]1CC[C@@](C(=O)N2CCN(c3cc(C(F)(F)F)ccn3)CC2)(C(C)C)C1,4.77,1,nM,CHEMBL1782377,-4.77,4.23,CHEMBL240,hERG,False,False,False
CO[C@@H]1COCC[C@@H]1N(C)[C@@H]1CC[C@@](C(=O)N2CCN(c3cc(C(F)(F)F)cnn3)CC2)(C(C)C)C1,4.28,1,nM,CHEMBL1782378,-4.28,4.72,CHEMBL240,hERG,False,False,False
CO[C@@H]1COCC[C@@H]1N[C@@H]1CC[C@@](C(=O)N2CCN(c3cc(C(F)(F)F)ccn3)CC2)(C(C)C)C1,5.77,3,nM,CHEMBL1683074,-5.77,3.2300000000000004,CHEMBL240,hERG,False,False,False
CO[C@@H]1COCC[C@@H]1N[C@@H]1CC[C@@](C(=O)N2CCN(c3cc(C(F)(F)F)cnn3)CC2)(C(C)C)C1,4.5,1,nM,CHEMBL1782572,-4.5,4.5,CHEMBL240,hERG,False,False,False
CO[C@@H]1COCC[C@@H]1N[C@@H]1CC[C@@](C(=O)N2CCN(c3cc(C(F)(F)F)ncn3)CC2)(C(C)C)C1,4.37,1,nM,CHEMBL1782570,-4.37,4.63,CHEMBL240,hERG,False,False,False
CO[C@@H]1COCC[C@@H]1N[C@@H]1CC[C@@](C(=O)N2CCN(c3cccc(C(F)(F)F)n3)CC2)(C(C)C)C1,5.41,1,nM,CHEMBL1683073,-5.41,3.59,CHEMBL240,hERG,False,False,False
CO[C@@H]1COCC[C@@H]1N[C@@H]1CC[C@@](C(=O)N2CCN(c3ccnc(C(F)(F)F)n3)CC2)(C(C)C)C1,4.45,1,nM,CHEMBL1782569,-4.45,4.55,CHEMBL240,hERG,False,False,False
CO[C@@H]1COCC[C@@H]1N[C@@H]1CC[C@@](C(=O)N2CCN(c3cncc(C(F)(F)F)c3)CC2)(C(C)C)C1,5.68,1,nM,CHEMBL1782566,-5.68,3.3200000000000003,CHEMBL240,hERG,False,False,False
CO[C@@H]1COCC[C@@H]1N[C@@H]1CC[C@@](C(=O)N2CCN(c3cncc(C(F)(F)F)n3)CC2)(C(C)C)C1,5.12,1,nM,CHEMBL1782568,-5.12,3.88,CHEMBL240,hERG,False,False,False
CO[C@@H]1COCC[C@@H]1N[C@@H]1CC[C@@](C(=O)N2CCN(c3nccc(C(F)(F)F)n3)CC2)(C(C)C)C1,5.31,1,nM,CHEMBL1683075,-5.31,3.6900000000000004,CHEMBL240,hERG,False,False,False
CO[C@@H]1COCC[C@@H]1N[C@@H]1CC[C@@](C(=O)N2CCN(c3nncc(C(F)(F)F)n3)CC2)(C(C)C)C1,5.05,1,nM,CHEMBL1782571,-5.05,3.95,CHEMBL240,hERG,False,False,False
CO[C@@H]1C[C@H](Cc2ccc(Cl)cc2)N(C2CCN(c3nc(N)n[nH]3)CC2)C1,4.8,1,nM,CHEMBL4470253,-4.8,4.2,CHEMBL240,hERG,False,False,False
CO[C@@]1(CC23CCC(NCc4ccc5c(n4)NC(=O)CO5)(CC2)CO3)Cn2c(=O)ccc3ncc(F)c1c32,5.14,1,nM,CHEMBL3400821,-5.14,3.8600000000000003,CHEMBL240,hERG,False,False,False
CO[C@@]12CC[C@@]3(C[C@@H]1[C@](C)(O)C(C)(C)C)[C@H]1Cc4ccc(O)c5c4[C@@]3(CCN1CC1CC1)[C@H]2O5,5.109999999999999,2,nM,CHEMBL511142,-5.109999999999999,3.8900000000000006,CHEMBL240,hERG,True,True,True
CO[C@H](C)C(=O)N[C@@H](Cc1ccc2c(c1)OCO2)[C@H](O)CN[C@H]1CC2(CCC2)Oc2ncc(CC(C)(C)C)cc21,4.62,1,nM,CHEMBL2181880,-4.62,4.38,CHEMBL240,hERG,False,False,False
CO[C@H](C)CN(CCc1ccc(Cl)cc1)C1CCN(c2nc(N)n[nH]2)CC1,5.19,1,nM,CHEMBL4442416,-5.19,3.8099999999999996,CHEMBL240,hERG,False,False,False
CO[C@H](C[C@H](CCCCNCc1ccc(F)cc1)C(=O)NO)c1ccc(F)cc1,5.7,1,nM,CHEMBL1760318,-5.7,3.3,CHEMBL240,hERG,False,False,False
CO[C@H]1CCN(CCn2ncc3cc(-n4ccc(OCc5ccccc5)cc4=O)ccc32)C1,5.75,1,nM,CHEMBL1289516,-5.75,3.25,CHEMBL240,hERG,False,False,False
CO[C@H]1CCN(Cc2c(C)cc(C)c3[nH]ccc23)[C@H](CO)C1,4.85,1,nM,CHEMBL4634827,-4.85,4.15,CHEMBL240,hERG,False,False,False
CO[C@H]1CC[C@H](N2C(=O)CNc3ncc(-c4ccc(C(C)(C)O)nc4)nc32)CC1,4.48,1,nM,CHEMBL3586404,-4.48,4.52,CHEMBL240,hERG,False,False,False
CO[C@H]1CN(C2CCN(c3nc(N)n[nH]3)CC2)[C@H]1Cc1ccc(Cl)cc1,6.47,1,nM,CHEMBL4466293,-6.47,2.5300000000000002,CHEMBL240,hERG,False,False,False
CO[C@H]1CN(Cc2ccc(C(F)(F)F)cc2)CC[C@H]1N(C)C(=O)Cc1ccc(-n2cnnn2)cc1,5.92,1,nM,CHEMBL2010847,-5.92,3.08,CHEMBL240,hERG,False,False,False
CO[C@H]1C[C@@H](n2c(=O)n(C)c3cnc4cc(F)c(-c5ccc(CO)nc5)cc4c32)C1,4.64,1,nM,CHEMBL4164853,-4.64,4.36,CHEMBL240,hERG,False,False,False
CO[C@H]1C[C@@H](n2c(=O)n(C)c3cnc4cc(F)c(-c5ccc(CS(C)(=O)=O)nc5)cc4c32)C1,4.85,1,nM,CHEMBL4172761,-4.85,4.15,CHEMBL240,hERG,False,False,False
CO[C@H]1C[C@@H](n2c(=O)n(C)c3cnc4cc(F)c(-c5ccc(N(C)CCN(C)C)nc5)cc4c32)C1,5.24,1,nM,CHEMBL4164430,-5.24,3.76,CHEMBL240,hERG,False,False,False
CO[C@H]1C[C@@H](n2c(=O)n(C)c3cnc4cc(F)c(-c5ccc(NC(=O)CCCN(C)C)nc5)cc4c32)C1,4.75,1,nM,CHEMBL4161022,-4.75,4.25,CHEMBL240,hERG,False,False,False
CO[C@H]1C[C@@H](n2c(=O)n(C)c3cnc4cc(F)c(-c5ccc(NCCN(C)C)nc5)cc4c32)C1,4.62,1,nM,CHEMBL4175071,-4.62,4.38,CHEMBL240,hERG,False,False,False
CO[C@H]1C[C@@H](n2c(=O)n(C)c3cnc4cc(F)c(-c5ccc(OCCCN(C)C)nc5F)cc4c32)C1,4.66,1,nM,CHEMBL3898577,-4.66,4.34,CHEMBL240,hERG,False,False,False
CO[C@H]1C[C@@H](n2c(=O)n(C)c3cnc4ccc(-c5ccc(OCCCN6CCCCC6)nc5)cc4c32)C1,4.85,1,nM,CHEMBL3960323,-4.85,4.15,CHEMBL240,hERG,False,False,False
CO[C@H]1C[C@H](Cc2ccc(Cl)cc2)N(C2CCN(c3nc(N)n[nH]3)CC2)C1,4.72,1,nM,CHEMBL4537828,-4.72,4.28,CHEMBL240,hERG,False,False,False
CO[C@]1(C)C[C@H](O[C@H]2[C@H](C)[C@@H](O[C@@H]3O[C@H](C)C[C@H](N(C)C)[C@H]3O)[C@](C)(O)C[C@@H](C)CN(C)C(=O)C[C@@H](Cc3ccc(NC(=O)[C@H](Cc4ccccc4Cl)NC(=O)Nc4ccccc4)cc3)NC(=O)[C@H](C(C)C)NC(=O)[C@@H]2C)O[C@@H](C)[C@@H]1O,5.0,1,nM,CHEMBL5094466,-5.0,4.0,CHEMBL240,hERG,False,False,False
CO[C@]1(CC23CCC(NCc4ccc5c(n4)NC(=O)CO5)(CC2)CO3)Cn2c(=O)ccc3ncc(F)c1c32,4.61,1,nM,CHEMBL3400822,-4.61,4.39,CHEMBL240,hERG,False,False,False
COc1c(C#N)ccc2[nH]c(-c3cn4c(n3)[C@H](c3cccc(F)c3C)OCC4)cc12,5.28,1,nM,CHEMBL4451760,-5.28,3.7199999999999998,CHEMBL240,hERG,False,False,False
COc1c(C(C)(C)C)cc(C(=O)N2CCC(CNC(=O)CCCCC(c3ccc(F)cc3)c3ccc(F)cc3)C2)cc1C(C)(C)C,6.19,1,nM,CHEMBL2031997,-6.19,2.8099999999999996,CHEMBL240,hERG,False,False,False
COc1c(C(C)(C)C)cc(C(=O)N2CCN(C(=O)CCCCC(c3ccc(F)cc3)c3ccc(F)cc3)CC2)cc1C(C)(C)C,5.05,1,nM,CHEMBL2031968,-5.05,3.95,CHEMBL240,hERG,False,False,False
COc1c(C(C)(C)C)cc(C(=O)N2CCN(C(=O)CCCCC(c3ccc(F)cc3)c3ccc(F)cc3)C[C@@H]2C)cc1C(C)(C)C,5.31,1,nM,CHEMBL2031974,-5.31,3.6900000000000004,CHEMBL240,hERG,False,False,False
COc1c(C(C)(C)C)cc(C(=O)N2CCN(C(=O)CCCCC(c3ccc(F)cc3)c3ccc(F)cc3)[C@@H](C)C2)cc1C(C)(C)C,6.05,1,nM,CHEMBL2031973,-6.05,2.95,CHEMBL240,hERG,False,False,False
COc1c(C(C)(C)C)cc(C(=O)N2CCN(CCCCCC(c3ccc(F)cc3)c3ccc(F)cc3)CC2)cc1C(C)(C)C,6.18,1,nM,CHEMBL2031966,-6.18,2.8200000000000003,CHEMBL240,hERG,False,False,False
COc1c(C(C)(C)C)cc(C(=O)NCC2CCN(C(=O)CCCCC(c3ccc(F)cc3)c3ccc(F)cc3)C2)cc1C(C)(C)C,5.72,1,nM,CHEMBL2031977,-5.72,3.2800000000000002,CHEMBL240,hERG,False,False,False
COc1c(C(C)(C)C)cc(C(=O)NCC2CCN(CCCCCC(c3ccc(F)cc3)c3ccc(F)cc3)C2)cc1C(C)(C)C,7.0,1,nM,CHEMBL2031980,-7.0,2.0,CHEMBL240,hERG,False,False,False
COc1c(C(C)(C)C)cc(C(=O)NC[C@@H]2CCN(C(=O)CCCCC(c3ccc(F)cc3)c3ccc(F)cc3)C2)cc1C(C)(C)C,5.7,1,nM,CHEMBL2031989,-5.7,3.3,CHEMBL240,hERG,False,False,False
COc1c(C(C)(C)C)cc(C(=O)NC[C@H]2CCN(C(=O)CCCCC(c3ccc(F)cc3)c3ccc(F)cc3)C2)cc1C(C)(C)C,5.3,1,nM,CHEMBL2031988,-5.3,3.7,CHEMBL240,hERG,False,False,False
COc1c(C(C)(C)C)cc(CN2CCC(CNCCCCCC(c3ccc(F)cc3)c3ccc(F)cc3)C2)cc1C(C)(C)C,6.96,1,nM,CHEMBL2032000,-6.96,2.04,CHEMBL240,hERG,False,False,False
COc1c(C(C)(C)C)cc(CN2CCN(C(=O)CCCCC(c3ccc(F)cc3)c3ccc(F)cc3)CC2)cc1C(C)(C)C,6.89,1,nM,CHEMBL2031967,-6.89,2.1100000000000003,CHEMBL240,hERG,False,False,False
COc1c(C(C)(C)C)cc(CN2CCN(CCCCCC(c3ccc(F)cc3)c3ccc(F)cc3)CC2)cc1C(C)(C)C,7.0,1,nM,CHEMBL2031965,-7.0,2.0,CHEMBL240,hERG,False,False,False
COc1c(C(O)CN2CCN(C(=O)Cc3ccc(-n4cnnn4)nc3)CC2)ccc2c1COC2=O,4.72,1,nM,CHEMBL3792410,-4.72,4.28,CHEMBL240,hERG,False,False,False
COc1c(C)cc(C2(c3cccc(-c4cncnc4)c3)N=C(N)c3c(F)cccc32)cc1C#N,5.68,1,nM,CHEMBL2177918,-5.68,3.3200000000000003,CHEMBL240,hERG,False,False,False
COc1c(C)cc(C2(c3cccc(-c4cncnc4)c3)N=C(N)c3c(F)cccc32)nc1C,5.42,1,nM,CHEMBL2177917,-5.42,3.58,CHEMBL240,hERG,True,True,True
COc1c(CCN2CCN(C(=O)Cc3ccc(-n4cnnn4)cc3)CC2)ccc2c1COC2=O,4.4,1,nM,CHEMBL2441422,-4.4,4.6,CHEMBL240,hERG,False,False,False
COc1c(F)cccc1CC(c1ccccc1)N1CCNCC1,4.68,1,nM,CHEMBL1086273,-4.68,4.32,CHEMBL240,hERG,False,False,False
COc1c(Nc2ccc(S(C)(=O)=O)nc2C)ncnc1OC1CCN(C(=O)OC(C)C)CC1,4.89,1,nM,CHEMBL1951032,-4.89,4.11,CHEMBL240,hERG,False,False,False
COc1c(Nc2ncc(Cl)c(N[C@H]3[C@@H](C(N)=O)[C@@H]4C=C[C@H]3C4)n2)ccc2c1CCC[C@@H](N1CCN(C)CC1)C2,5.1,1,nM,CHEMBL3980825,-5.1,3.9000000000000004,CHEMBL240,hERG,False,False,False
COc1c(Nc2ncc(Cl)c(N[C@H]3[C@@H](C(N)=O)[C@@H]4C=C[C@H]3C4)n2)ccc2c1CCC[C@H](N1CCN(C)CC1)C2,5.04,1,nM,CHEMBL3936443,-5.04,3.96,CHEMBL240,hERG,False,False,False
COc1c(Nc2ncc(Cl)c(Nc3ccccc3-n3cccn3)n2)ccc2c1CCCC(N1CCN(CCO)CC1)C2,5.43,1,nM,CHEMBL3934099,-5.43,3.5700000000000003,CHEMBL240,hERG,False,False,False
COc1c(Nc2ncc(Cl)c(Nc3ccccc3N3CCCS3(=O)=O)n2)ccc2c1CCCC(N1CCN(CCO)CC1)C2,5.57,1,nM,CHEMBL3925372,-5.57,3.4299999999999997,CHEMBL240,hERG,False,False,False
COc1c(Nc2ncc(Cl)c(Nc3ccccc3S(=O)(=O)N(C)C)n2)ccc2c1CCCC(N1CCN(CCO)CC1)C2,6.62,1,nM,CHEMBL3918616,-6.62,2.38,CHEMBL240,hERG,False,False,False
COc1c(S(C)(=O)=O)ccc(O[C@@H](C)C(F)(F)F)c1C(=O)N1CC(c2ccc(C(F)(F)F)cc2)C1,5.62,1,nM,CHEMBL4646639,-5.62,3.38,CHEMBL240,hERG,False,False,False
COc1c(S(C)(=O)=O)ccc(O[C@@H](C)C(F)(F)F)c1C(=O)N1CC(c2ccccc2)C1,5.17,1,nM,CHEMBL4645731,-5.17,3.83,CHEMBL240,hERG,False,False,False
COc1cc(-c2cc3sc(N4CCC(N5CCCCC5)CC4)nc3cn2)ccn1,6.0,1,nM,CHEMBL575022,-6.0,3.0,CHEMBL240,hERG,True,True,True
COc1cc(-c2cn(C3(C)CCc4ccccc4N(CC(F)(F)F)C3=O)nn2)ccc1-n1cnc(C)c1,5.22,1,nM,CHEMBL3608322,-5.22,3.7800000000000002,CHEMBL240,hERG,False,False,False
COc1cc(-c2cn(C3C(=O)NC4CCC3C4)nn2)ccc1-n1cnc(C)c1,5.27,1,nM,CHEMBL2017569,-5.27,3.7300000000000004,CHEMBL240,hERG,False,False,False
COc1cc(-c2cn(C3CC(C)(C)CCNC3=O)nn2)ccc1-n1cnc(C)c1,4.68,1,nM,CHEMBL2017572,-4.68,4.32,CHEMBL240,hERG,False,False,False
COc1cc(-c2cn(C3CC(C4CCCCC4)CCNC3=O)nn2)ccc1-n1cnc(C)c1,5.43,1,nM,CHEMBL2017575,-5.43,3.5700000000000003,CHEMBL240,hERG,False,False,False
COc1cc(-c2cn(C3CC([Si](C)(C)C)CCNC3=O)nn2)ccc1-n1cnc(C)c1,5.2,1,nM,CHEMBL2017574,-5.2,3.8,CHEMBL240,hERG,False,False,False
COc1cc(-c2cn(C3CCCC(C(C)(C)C)NC3=O)nn2)ccc1-n1cnc(C)c1,4.36,1,nM,CHEMBL2016588,-4.36,4.64,CHEMBL240,hERG,False,False,False
COc1cc(-c2cn(C3CCCCNC3=O)nn2)ccc1-n1cnc(C)c1,4.36,1,nM,CHEMBL2017568,-4.36,4.64,CHEMBL240,hERG,False,False,False
COc1cc(-c2cn(C3CC[C@@H]4CCCC[C@H]4N(Cc4ccccc4)C3=O)nn2)ccc1-n1cnc(C)c1,5.05,1,nM,CHEMBL3609642,-5.05,3.95,CHEMBL240,hERG,False,False,False
COc1cc(-c2cn(C3CC[C@H]4CCCC[C@@H]4NC3=O)nn2)ccc1-n1cnc(C)c1,4.68,1,nM,CHEMBL2017573,-4.68,4.32,CHEMBL240,hERG,False,False,False
COc1cc(-c2cn(C3CCc4c(F)cc(F)cc4N(CC(F)(F)F)C3=O)nn2)ccc1-n1cnc(C)c1,5.74,1,nM,CHEMBL3609638,-5.74,3.26,CHEMBL240,hERG,False,False,False
COc1cc(-c2cn(C3CCc4c(F)cccc4N(CC(F)(F)F)C3=O)nn2)ccc1-n1cnc(C)c1,5.234999999999999,2,nM,CHEMBL3609637,-5.234999999999999,3.7650000000000006,CHEMBL240,hERG,False,True,True
COc1cc(-c2cn(C3CCc4c(ccc(Br)c4F)N(CC(F)(F)F)C3=O)nn2)ccc1-n1cnc(C)c1,6.28,1,nM,CHEMBL3609639,-6.28,2.7199999999999998,CHEMBL240,hERG,False,False,False
COc1cc(-c2cn(C3CCc4c(ccc5ccccc45)N(CC(F)(F)F)C3=O)nn2)ccc1-n1cnc(C)c1,6.05,1,nM,CHEMBL3609635,-6.05,2.95,CHEMBL240,hERG,False,False,False
COc1cc(-c2cn(C3CCc4cc(F)ccc4N(CC(F)(F)F)C3=O)nn2)ccc1-n1cnc(C)c1,5.57,1,nM,CHEMBL3609636,-5.57,3.4299999999999997,CHEMBL240,hERG,False,False,False
COc1cc(-c2cn(C3CCc4ccccc4N(C)C3=O)nn2)ccc1-n1cnc(C)c1,5.39,1,nM,CHEMBL3609623,-5.39,3.6100000000000003,CHEMBL240,hERG,False,False,False
COc1cc(-c2cn(C3CCc4ccccc4N(CC(F)(F)F)C3=O)nn2)ccc1-n1cnc(C)c1,5.45,1,nM,CHEMBL3609626,-5.45,3.55,CHEMBL240,hERG,False,False,False
COc1cc(-c2cn(C3CCc4ccccc4N(CC(F)F)C3=O)nn2)ccc1-n1cnc(C)c1,5.05,1,nM,CHEMBL3609625,-5.05,3.95,CHEMBL240,hERG,False,False,False
COc1cc(-c2cn(C3CCc4ccccc4N(CC4(C)COC4)C3=O)nn2)ccc1-n1cnc(C)c1,4.74,1,nM,CHEMBL3609632,-4.74,4.26,CHEMBL240,hERG,False,False,False
COc1cc(-c2cn(C3CCc4ccccc4N(CC4CC4)C3=O)nn2)ccc1-n1cnc(C)c1,5.8,1,nM,CHEMBL3609627,-5.8,3.2,CHEMBL240,hERG,False,False,False
COc1cc(-c2cn(C3CCc4ccccc4N(CCF)C3=O)nn2)ccc1-n1cnc(C)c1,5.49,1,nM,CHEMBL3609624,-5.49,3.51,CHEMBL240,hERG,False,False,False
COc1cc(-c2cn(C3CCc4ccccc4N(Cc4ccccc4)C3=O)nn2)ccc1-n1cnc(C)c1,6.0,1,nM,CHEMBL3609628,-6.0,3.0,CHEMBL240,hERG,False,False,False
COc1cc(-c2cn(C3CCc4ccccc4N(Cc4ccccn4)C3=O)nn2)ccc1-n1cnc(C)c1,5.12,1,nM,CHEMBL3609629,-5.12,3.88,CHEMBL240,hERG,False,False,False
COc1cc(-c2cn(C3CCc4ccccc4N(Cc4cccnc4)C3=O)nn2)ccc1-n1cnc(C)c1,5.35,1,nM,CHEMBL3609631,-5.35,3.6500000000000004,CHEMBL240,hERG,False,False,False
COc1cc(-c2cn(C3CCc4ccccc4N(Cc4ccncc4)C3=O)nn2)ccc1-n1cnc(C)c1,5.21,1,nM,CHEMBL3609630,-5.21,3.79,CHEMBL240,hERG,False,False,False
COc1cc(-c2cn(C3CCc4ccccc4NC3=O)nn2)ccc1-n1cnc(C)c1,4.75,1,nM,CHEMBL3609622,-4.75,4.25,CHEMBL240,hERG,False,False,False
COc1cc(-c2cn(C3CCc4cccnc4N(CC(F)(F)F)C3=O)nn2)ccc1-n1cnc(C)c1,5.06,1,nM,CHEMBL3609641,-5.06,3.9400000000000004,CHEMBL240,hERG,False,False,False
COc1cc(-c2cn(C3CSc4ccccc4N(CC(F)(F)F)C3=O)nn2)ccc1-n1cnc(C)c1,5.32,1,nM,CHEMBL3609634,-5.32,3.6799999999999997,CHEMBL240,hERG,False,False,False
COc1cc(-c2cn(CC(=O)N(C3CCCCC3)C3CCCCC3)nn2)ccc1-n1cnc(C)c1,5.86,1,nM,CHEMBL2017417,-5.86,3.1399999999999997,CHEMBL240,hERG,False,False,False
COc1cc(-c2cn(CC(=O)N(CC(F)(F)F)c3ccc4c(c3)CCC4)nn2)ccc1-n1cnc(C)c1,5.83,1,nM,CHEMBL2017564,-5.83,3.17,CHEMBL240,hERG,False,False,False
COc1cc(-c2cn(CC(=O)N(CC(F)(F)F)c3ccc4c(c3)OC(F)(F)O4)nn2)ccc1-n1cnc(C)c1,5.72,1,nM,CHEMBL2017565,-5.72,3.2800000000000002,CHEMBL240,hERG,False,False,False
COc1cc(-c2cn(CC(=O)N(CC(F)(F)F)c3ccc4ccccc4c3)nn2)ccc1-n1cnc(C)c1,6.2,1,nM,CHEMBL2017566,-6.2,2.8,CHEMBL240,hERG,False,False,False
COc1cc(-c2cn(CC(=O)N(CC(F)(F)F)c3cccc4ccccc34)nn2)ccc1-n1cnc(C)c1,6.1,1,nM,CHEMBL2017567,-6.1,2.9000000000000004,CHEMBL240,hERG,False,False,False
COc1cc(-c2cn(CC(=O)N(Cc3ccc(F)cc3)C3C4CC5CC(C4)CC3C5)nn2)ccc1-n1cnc(C)c1,6.6,1,nM,CHEMBL2017413,-6.6,2.4000000000000004,CHEMBL240,hERG,False,False,False
COc1cc(-c2cn(CC(=O)N(Cc3ccccc3)CC(F)(F)F)nn2)ccc1-n1cnc(C)c1,5.54,1,nM,CHEMBL2017563,-5.54,3.46,CHEMBL240,hERG,False,False,False
COc1cc(-c2cn(CC(=O)N(Cc3ccccc3)Cc3ccccc3)nn2)ccc1-n1cnc(C)c1,6.06,1,nM,CHEMBL2017414,-6.06,2.9400000000000004,CHEMBL240,hERG,False,False,False
COc1cc(-c2cn(CC(=O)N(Cc3ccccc3)[C@H](C)c3ccccc3)nn2)ccc1-n1cnc(C)c1,6.37,1,nM,CHEMBL2017415,-6.37,2.63,CHEMBL240,hERG,False,False,False
COc1cc(-c2cn(CC(=O)N([C@H](C)c3ccccc3)[C@H](C)c3ccccc3)nn2)ccc1-n1cnc(C)c1,6.08,1,nM,CHEMBL2017416,-6.08,2.92,CHEMBL240,hERG,False,False,False
COc1cc(-c2cn(CC(=O)N(c3ccccc3)C3CCCCC3)nn2)ccc1-n1cnc(C)c1,6.1,1,nM,CHEMBL2017409,-6.1,2.9000000000000004,CHEMBL240,hERG,False,False,False
COc1cc(-c2cn(CC(=O)N(c3ccccc3)c3ccccc3)nn2)ccc1-n1cnc(C)c1,5.52,1,nM,CHEMBL2017408,-5.52,3.4800000000000004,CHEMBL240,hERG,False,False,False
COc1cc(-c2cn(CC(=O)N3CCC(c4nc5ccccc5o4)CC3)nn2)ccc1-n1cnc(C)c1,4.99,1,nM,CHEMBL2017562,-4.99,4.01,CHEMBL240,hERG,False,False,False
COc1cc(-c2cn(CC(=O)NC3C4CC5CC(C4)CC3C5)nn2)ccc1-n1cnc(C)c1,5.39,1,nM,CHEMBL2017412,-5.39,3.6100000000000003,CHEMBL240,hERG,False,False,False
COc1cc(-c2cn(Cc3cc(Br)cc(Br)c3)nn2)ccc1-n1cnc(C)c1,7.0,1,nM,CHEMBL1818827,-7.0,2.0,CHEMBL240,hERG,False,False,False
COc1cc(-c2cn(Cc3cc(C(C)(C)C)cc(C(C)(C)C)c3)nn2)ccc1-n1cnc(C)c1,6.5,1,nM,CHEMBL1818826,-6.5,2.5,CHEMBL240,hERG,False,False,False
COc1cc(-c2cn(Cc3cc(C(F)(F)F)cc(C(F)(F)F)c3)nn2)ccc1-n1cnc(C)c1,6.41,1,nM,CHEMBL1818828,-6.41,2.59,CHEMBL240,hERG,False,False,False
COc1cc(-c2cn(Cc3ccc(-c4noc(C)n4)cc3)nn2)ccc1-n1cnc(C)c1,5.09,1,nM,CHEMBL1818833,-5.09,3.91,CHEMBL240,hERG,False,False,False
COc1cc(-c2cn(Cc3ccc(C(C)(C)C)cc3)nn2)ccc1-n1cnc(C)c1,6.41,1,nM,CHEMBL1818829,-6.41,2.59,CHEMBL240,hERG,False,False,False
COc1cc(-c2cn(Cc3ccc(F)cc3)nn2)ccc1-n1cnc(C)c1,5.66,1,nM,CHEMBL1818823,-5.66,3.34,CHEMBL240,hERG,False,False,False
COc1cc(-c2cn(Cc3cccc(C(F)(F)F)c3)nn2)ccc1-n1cnc(C)c1,5.9,1,nM,CHEMBL1818824,-5.9,3.0999999999999996,CHEMBL240,hERG,False,False,False
COc1cc(-c2cn(Cc3cccc(F)c3)nn2)ccc1-n1cnc(C)c1,5.57,1,nM,CHEMBL1818822,-5.57,3.4299999999999997,CHEMBL240,hERG,False,False,False
COc1cc(-c2cn(Cc3cccc(OC(F)(F)F)c3)nn2)ccc1-n1cnc(C)c1,6.14,1,nM,CHEMBL1818825,-6.14,2.8600000000000003,CHEMBL240,hERG,False,False,False
COc1cc(-c2cn(Cc3cccc4cccnc34)nn2)ccc1-n1cnc(C)c1,5.26,1,nM,CHEMBL1818830,-5.26,3.74,CHEMBL240,hERG,False,False,False
COc1cc(-c2cn(Cc3ccccc3F)nn2)ccc1-n1cnc(C)c1,5.6,1,nM,CHEMBL1818821,-5.6,3.4000000000000004,CHEMBL240,hERG,False,False,False
COc1cc(-c2cn(Cc3csc4ccccc34)nn2)ccc1-n1cnc(C)c1,5.67,1,nM,CHEMBL1818835,-5.67,3.33,CHEMBL240,hERG,False,False,False
COc1cc(-c2cn([C@H]3CCCCN(CC(F)(F)F)C3=O)nn2)ccc1-n1cnc(C)c1,4.66,1,nM,CHEMBL2017584,-4.66,4.34,CHEMBL240,hERG,False,False,False
COc1cc(-c2cn([C@H]3CC[C@H](c4ccccc4)CN(Cc4ccccc4)C3=O)nn2)ccc1-n1cnc(C)c1,6.7,1,nM,CHEMBL2017579,-6.7,2.3,CHEMBL240,hERG,False,False,False
COc1cc(-c2cn([C@H]3C[C@@H](C(C)(C)C)CCN(CC(C)(C)C)C3=O)nn2)ccc1-n1cnc(C)c1,5.68,1,nM,CHEMBL2017577,-5.68,3.3200000000000003,CHEMBL240,hERG,False,False,False
COc1cc(-c2cn([C@H]3C[C@@H](C(C)(C)C)CCN(CC(F)(F)F)C3=O)nn2)ccc1-n1cnc(C)c1,5.27,1,nM,CHEMBL2017586,-5.27,3.7300000000000004,CHEMBL240,hERG,False,False,False
COc1cc(-c2cn([C@H]3C[C@@H](C(C)(C)C)CCN(CC45CC6CC(CC(C6)C4)C5)C3=O)nn2)ccc1-n1cnc(C)c1,6.06,1,nM,CHEMBL2017576,-6.06,2.9400000000000004,CHEMBL240,hERG,False,False,False
COc1cc(-c2cn([C@H]3C[C@@H](C(F)(F)F)CCN(CC(F)(F)F)C3=O)nn2)ccc1-n1cnc(C)c1,4.5,1,nM,CHEMBL2017582,-4.5,4.5,CHEMBL240,hERG,False,False,False
COc1cc(-c2cn([C@H]3C[C@@H](C(F)(F)F)CCN(Cc4ccccc4)C3=O)nn2)ccc1-n1cnc(C)c1,5.26,1,nM,CHEMBL2017580,-5.26,3.74,CHEMBL240,hERG,False,False,False
COc1cc(-c2cn([C@H]3C[C@@H](C(F)(F)F)CN(CC(F)(F)F)C3=O)nn2)ccc1-n1cnc(C)c1,4.88,1,nM,CHEMBL2017583,-4.88,4.12,CHEMBL240,hERG,False,False,False
COc1cc(-c2cn([C@H]3C[C@@H]([Si](C)(C)C)CCN(Cc4ccccc4)C3=O)nn2)ccc1-n1cnc(C)c1,4.39,1,nM,CHEMBL2017581,-4.39,4.61,CHEMBL240,hERG,False,False,False
COc1cc(-c2cn([C@H]3C[C@@H](c4ccccc4)CCN(CC(F)(F)F)C3=O)nn2)ccc1-n1cnc(C)c1,5.65,1,nM,CHEMBL2017585,-5.65,3.3499999999999996,CHEMBL240,hERG,False,False,False
COc1cc(-c2cn([C@H]3C[C@H](C)c4ccccc4N(CC(F)(F)F)C3=O)nn2)ccc1-n1cnc(C)c1,5.17,1,nM,CHEMBL3609633,-5.17,3.83,CHEMBL240,hERG,False,False,False
COc1cc(-c2cnc3nc(N4CCC(N5CCCCC5)CC4)sc3c2)ccn1,6.69,1,nM,CHEMBL573034,-6.69,2.3099999999999996,CHEMBL240,hERG,True,True,True
COc1cc(-c2cncc(-c3ccc(C4=CCNCC4)cc3)c2C)cc(OC)c1OC,5.47,1,nM,CHEMBL4641530,-5.47,3.5300000000000002,CHEMBL240,hERG,False,False,False
COc1cc(-c2cncc(-c3ccc(C4CCN(C)CC4)cc3)c2C)cc(OC)c1OC,5.32,1,nM,CHEMBL4633241,-5.32,3.6799999999999997,CHEMBL240,hERG,False,False,False
COc1cc(-c2cncc(-c3ccc(N4CCN(C(C)C)CC4)cc3)c2C)cc(OC)c1OC,5.51,1,nM,CHEMBL4644571,-5.51,3.49,CHEMBL240,hERG,False,False,False
COc1cc(-c2cncc(-c3ccc(N4CCNCC4)cc3)c2C#N)cc(OC)c1OC,5.22,1,nM,CHEMBL4638273,-5.22,3.7800000000000002,CHEMBL240,hERG,False,False,False
COc1cc(-c2cncc(-c3ccc(N4CCNCC4)cc3)c2C)cc(OC)c1F,5.6,1,nM,CHEMBL4636120,-5.6,3.4000000000000004,CHEMBL240,hERG,False,False,False
COc1cc(-c2cncc(-c3ccc(N4CCNCC4)cc3)c2C)cc(OC)c1OC,5.08,1,nM,CHEMBL4517408,-5.08,3.92,CHEMBL240,hERG,False,False,False
COc1cc(-c2cncc(-c3ccc(N4CCNCC4)cc3)c2Cl)cc(OC)c1OC,5.57,1,nM,CHEMBL4642165,-5.57,3.4299999999999997,CHEMBL240,hERG,False,False,False
COc1cc(-c2cncc(-c3ccc(N4C[C@@H](C)N(C)[C@@H](C)C4)cc3)c2C)cc(F)c1C(N)=O,4.72,1,nM,CHEMBL4434717,-4.72,4.28,CHEMBL240,hERG,False,False,False
COc1cc(-c2cncc(-c3ccc(N4C[C@@H](C)N[C@@H](C)C4)cc3)c2C)cc(OC)c1OC,5.23,1,nM,CHEMBL4634857,-5.23,3.7699999999999996,CHEMBL240,hERG,False,False,False
COc1cc(-c2cncc(-c3ccc(OC4CCNCC4)cc3)c2C)cc(OC)c1OC,5.09,1,nM,CHEMBL4648102,-5.09,3.91,CHEMBL240,hERG,False,False,False
COc1cc(-c2nc3n(n2)CCC[C@@H]3c2ccc(F)cc2C)ccc1-n1cnc(C)c1,6.1,1,nM,CHEMBL2415096,-6.1,2.9000000000000004,CHEMBL240,hERG,False,False,False
COc1cc(-c2nc3n(n2)CCC[C@H]3c2ccc(F)cc2C)ccc1-n1cnc(C)c1,5.1,1,nM,CHEMBL2415095,-5.1,3.9000000000000004,CHEMBL240,hERG,False,False,False
COc1cc(-n2ccnc(CCCc3ccccc3)c2=O)ccc1OCCN1CCCC1,5.14,1,nM,CHEMBL470840,-5.14,3.8600000000000003,CHEMBL240,hERG,False,False,False
COc1cc(-n2ccnc(NCCc3ccccc3)c2=O)ccc1OCCN1CCCC1,5.21,1,nM,CHEMBL470633,-5.21,3.79,CHEMBL240,hERG,False,False,False
COc1cc(-n2cnc3cc(-c4ccc(Cl)cc4)sc3c2=O)ccc1OCCN1CCCC1,5.93,1,nM,CHEMBL214957,-5.93,3.0700000000000003,CHEMBL240,hERG,False,False,False
COc1cc(-n2cnn3cc(-c4ccc(Cl)cc4)cc3c2=O)ccc1OCCN1CCCC1,5.26,1,nM,CHEMBL3618324,-5.26,3.74,CHEMBL240,hERG,True,True,True
COc1cc(/C=C/c2nc(N)c3c(n2)oc2ccccc23)ccc1-n1cnc(C)c1,6.29,1,nM,CHEMBL1642189,-6.29,2.71,CHEMBL240,hERG,False,False,False
COc1cc(/C=C/c2nc(N)c3c4c(sc3n2)CCCCC4)ccc1-n1cnc(C)c1,6.41,1,nM,CHEMBL1642191,-6.41,2.59,CHEMBL240,hERG,False,False,False
COc1cc(/C=C/c2nc(N)c3ccccc3n2)ccc1-n1cnc(C)c1,6.85,1,nM,CHEMBL1642184,-6.85,2.1500000000000004,CHEMBL240,hERG,False,False,False
COc1cc(/C=C/c2nc(N)nc(Nc3ccccc3)n2)ccc1-n1cnc(C)c1,6.52,1,nM,CHEMBL1642187,-6.52,2.4800000000000004,CHEMBL240,hERG,False,False,False
COc1cc(/C=C/c2nc(NCc3ccccc3)c3c4c(sc3n2)CCC4)ccc1-n1cnc(C)c1,5.95,1,nM,CHEMBL1642190,-5.95,3.05,CHEMBL240,hERG,False,False,False
COc1cc(/C=C/c2nc3cc(C(F)(F)F)ccc3c(=O)[nH]2)ccc1-n1cnc(C)c1,6.06,1,nM,CHEMBL1642180,-6.06,2.9400000000000004,CHEMBL240,hERG,False,False,False
COc1cc(/C=C/c2nc3ccccc3[nH]2)ccc1-n1cnc(C)c1,6.17,1,nM,CHEMBL1642173,-6.17,2.83,CHEMBL240,hERG,False,False,False
COc1cc(/C=C/c2nc3ccccc3c(=O)n2-c2ccccc2)ccc1-n1cnc(C)c1,6.0,1,nM,CHEMBL1642185,-6.0,3.0,CHEMBL240,hERG,False,False,False
COc1cc(/C=C/c2nc3ccccc3c(=O)n2C)ccc1-n1cnc(C)c1,6.51,1,nM,CHEMBL1642186,-6.51,2.49,CHEMBL240,hERG,False,False,False
COc1cc(/C=C/c2nc3sc4c(c3c(=O)[nH]2)CCC4)ccc1-n1cnc(C)c1,5.33,1,nM,CHEMBL1642183,-5.33,3.67,CHEMBL240,hERG,False,False,False
COc1cc(/C=C2\CCCN([C@@H](C)c3ccc(F)cc3)C2=O)ccc1-n1cnc(C)c1,5.92,1,nM,CHEMBL1224151,-5.92,3.08,CHEMBL240,hERG,False,False,False
COc1cc(/C=C2\CCCN3C2=NOC3(C)c2ccc(F)cc2)ccc1-n1cnc(C)c1,6.13,1,nM,CHEMBL1950433,-6.13,2.87,CHEMBL240,hERG,False,False,False
COc1cc(/C=C2\CCCN3C2=NOC[C@@H]3c2cc(F)c(F)c(F)c2)ccc1-n1cnc(C)c1,6.0,1,nM,CHEMBL1950535,-6.0,3.0,CHEMBL240,hERG,False,False,False
COc1cc(/C=C2\CCCN3C2=NO[C@H](c2cc(F)c(F)c(F)c2)[C@@H]3C)ccc1-n1cnc(C)c1,5.79,1,nM,CHEMBL4634921,-5.79,3.21,CHEMBL240,hERG,False,False,False
COc1cc(/C=C2\CCCN3C2=NO[C@H](c2cc(F)cc(F)c2)[C@@H]3C)ccc1-n1cnc(C)c1,5.7,1,nM,CHEMBL4643105,-5.7,3.3,CHEMBL240,hERG,False,False,False
COc1cc(/C=C2\CCCN3C2=NO[C@]3(CO)c2ccc(F)cc2)ccc1-n1cnc(C)c1,5.48,1,nM,CHEMBL1950434,-5.48,3.5199999999999996,CHEMBL240,hERG,False,False,False
COc1cc(C#N)c2ccc(=O)n(CCN3CCC(NCc4cnc(C)c(C#N)c4)CC3)c2c1,5.6,1,nM,CHEMBL3286436,-5.6,3.4000000000000004,CHEMBL240,hERG,False,False,False
COc1cc(C(=O)N2CCC(CNC(=O)CCCCC(c3ccc(F)cc3)c3ccc(F)cc3)C2)cc(OC)c1OC,6.12,1,nM,CHEMBL2031996,-6.12,2.88,CHEMBL240,hERG,False,False,False
COc1cc(C(=O)N2CCOCC2)ccc1Nc1ncc(Cl)c(-c2cnc3ccccn23)n1,5.57,1,nM,CHEMBL1809055,-5.57,3.4299999999999997,CHEMBL240,hERG,False,False,False
COc1cc(C(=O)N2C[C@@H](n3cc(C4CC4)nn3)C[C@H]2C(=O)N2CC[C@H](c3ccccc3)C2)ccc1CN,4.85,1,nM,CHEMBL4475317,-4.85,4.15,CHEMBL240,hERG,False,False,False
COc1cc(C(=O)N2C[C@@H](n3cc(C4CC4)nn3)C[C@H]2C(=O)NCC(c2ccccc2)c2ccccc2)ccc1CN,5.62,1,nM,CHEMBL4476255,-5.62,3.38,CHEMBL240,hERG,False,False,False
COc1cc(C(=O)N2C[C@@H](n3cc(C4CC4)nn3)C[C@H]2C(=O)N[C@@H]2C[C@H]2c2ccccc2)ccc1CN,4.66,1,nM,CHEMBL4466010,-4.66,4.34,CHEMBL240,hERG,False,False,False
COc1cc(C(=O)N2C[C@@H](n3cc(C4CC4)nn3)C[C@H]2C(=O)N[C@H]2CCCC[C@@H]2c2ccccc2)ccc1CN,4.92,1,nM,CHEMBL4441232,-4.92,4.08,CHEMBL240,hERG,False,False,False
COc1cc(C(=O)NCC2CCN(CCCCCC(c3ccc(F)cc3)c3ccc(F)cc3)C2)cc(OC)c1OC,7.0,1,nM,CHEMBL2031981,-7.0,2.0,CHEMBL240,hERG,False,False,False
COc1cc(C(=O)NCCN2CCCC2)ccc1CN1CCC(NC(=O)c2cc(=O)c3ccc(F)cc3o2)CC1,5.18,1,nM,CHEMBL246259,-5.18,3.8200000000000003,CHEMBL240,hERG,False,False,False
COc1cc(C(=O)NCCN2CCCC2)ccc1Oc1ccc(Cl)cc1NS(=O)(=O)c1ccc(Cl)c(C(F)(F)F)c1,4.6,1,nM,CHEMBL1924024,-4.6,4.4,CHEMBL240,hERG,False,False,False
COc1cc(C(=O)NC[C@@H](O)CN2CCC(Oc3ccc(Cl)c(Cl)c3)CC2)ccc1N,6.6,1,nM,CHEMBL2208427,-6.6,2.4000000000000004,CHEMBL240,hERG,True,True,True
COc1cc(C(C)(C)CN2CCN(CCc3ccc4c(c3C)COC4=O)CC2)ccc1C#N,5.92,1,nM,CHEMBL3612804,-5.92,3.08,CHEMBL240,hERG,False,False,False
COc1cc(C(C)CN2CCN(CCc3ccc4c(c3C)COC4=O)CC2)ccc1C#N,5.96,1,nM,CHEMBL3612803,-5.96,3.04,CHEMBL240,hERG,False,False,False
COc1cc(C(F)(F)F)cc(COCC2(c3ccc(F)cc3)CCN(C)CC2)n1,5.0,1,nM,CHEMBL2333632,-5.0,4.0,CHEMBL240,hERG,False,False,False
COc1cc(C(O)(CCN(C)C)C(c2cc3cc(Br)ccc3nc2OC)c2cccc(OC)c2F)c(OC)cn1,5.77,1,nM,CHEMBL4522192,-5.77,3.2300000000000004,CHEMBL240,hERG,False,False,False
COc1cc(C(O)(CCN(C)C)C(c2cc3cc(Br)ccc3nc2OC)c2ccnc(OC)c2OC)c(OC)nc1OC,5.57,1,nM,CHEMBL4483435,-5.57,3.4299999999999997,CHEMBL240,hERG,False,False,False
COc1cc(C(O)(CCN(C)C)C(c2cc3cc(Br)ccc3nc2OC)c2ccnc(OC)c2OC)cnc1OC,5.44,1,nM,CHEMBL4521403,-5.44,3.5599999999999996,CHEMBL240,hERG,False,False,False
COc1cc(C(O)(CCn2ccnc2)C(c2cc3cc(Br)ccc3nc2OC)c2cccc(OC)c2OC)cc(OC)n1,4.96,1,nM,CHEMBL4590996,-4.96,4.04,CHEMBL240,hERG,False,False,False
COc1cc(C(O)(CCn2ccnc2)C(c2cc3cc(Br)ccc3nc2OC)c2ccnc(OC)c2OC)cc(OC)n1,5.24,1,nM,CHEMBL4585644,-5.24,3.76,CHEMBL240,hERG,False,False,False
COc1cc(C(O)CN2CCN(CCc3ccc4c(c3C)COC4=O)CC2)ccc1C#N,5.66,1,nM,CHEMBL3612805,-5.66,3.34,CHEMBL240,hERG,False,False,False
COc1cc(C(O)CN2CCN(CCc3ccc4c(c3C)COC4=O)CC2)ncc1C#N,5.19,1,nM,CHEMBL3612806,-5.19,3.8099999999999996,CHEMBL240,hERG,False,False,False
COc1cc(C(O)CN2CCN(C[C@H](O)c3ccc4c(c3C)COC4=O)CC2)ccc1C#N,5.529999999999999,2,nM,CHEMBL3612811,-5.529999999999999,3.4700000000000006,CHEMBL240,hERG,False,False,False
COc1cc(C(O)CN2CCN(C[C@H](O)c3ccc4c(c3C)COC4=O)CC2)nc(C)c1C#N,5.02,2,nM,CHEMBL3612925,-5.02,3.9800000000000004,CHEMBL240,hERG,False,False,False
COc1cc(C)[nH]c(=O)c1CNC(=O)c1c(C)n([C@H](C)C2CCN(CC(F)(F)F)CC2)c2ccccc12,4.67,1,nM,CHEMBL4297463,-4.67,4.33,CHEMBL240,hERG,False,False,False
COc1cc(C)c2ncc(F)c(CCC34CCC(NCc5ccc6c(n5)NC(=O)CO6)(CC3)CO4)c2n1,8.54,1,nM,CHEMBL3422953,-8.54,0.46000000000000085,CHEMBL240,hERG,False,False,False
COc1cc(C)c2nccc(CCC34CCC(NCc5ccc6c(n5)NC(=O)CO6)(CC3)CO4)c2n1,8.28,1,nM,CHEMBL3422967,-8.28,0.7200000000000006,CHEMBL240,hERG,False,False,False
COc1cc(C)nc(Nc2cc(N[C@@H]3CCCC[C@@H]3N)cnc2C(N)=O)c1,5.77,1,nM,CHEMBL3415593,-5.77,3.2300000000000004,CHEMBL240,hERG,False,False,False
COc1cc(C2(c3cccc(-c4cncnc4)c3)N=C(N)c3c(F)cccc32)ccn1,5.66,1,nM,CHEMBL2177911,-5.66,3.34,CHEMBL240,hERG,False,False,False
COc1cc(C2=CC3=NOC[C@H](c4cc(F)c(F)c(F)c4)N3CCC2)ccc1-n1cnc(C)c1,5.58,1,nM,CHEMBL4642697,-5.58,3.42,CHEMBL240,hERG,False,False,False
COc1cc(C2=CC3=NO[C@H](c4cc(F)c(F)c(F)c4)CN3CCC2)ccc1-n1cnc(C)c1,5.47,1,nM,CHEMBL4634696,-5.47,3.5300000000000002,CHEMBL240,hERG,False,False,False
COc1cc(C2CCN(C(C)=O)CC2)ccc1Nc1ncc(Cl)c(-c2cnc3ccccn23)n1,4.92,1,nM,CHEMBL1809045,-4.92,4.08,CHEMBL240,hERG,False,False,False
COc1cc(C2CCNCC2)ccc1Nc1ncc(Cl)c(-c2cnc3ccccn23)n1,5.04,1,nM,CHEMBL1809046,-5.04,3.96,CHEMBL240,hERG,False,False,False
COc1cc(CC(=O)N2CCN(CCc3ccc4c(c3)COC4=O)CC2)ccc1-n1cnnn1,5.09,1,nM,CHEMBL2441410,-5.09,3.91,CHEMBL240,hERG,False,False,False
COc1cc(CC(=O)N2CCOCC2)ccc1Nc1ncc(Cl)c(-c2cnc3ccccn23)n1,5.06,1,nM,CHEMBL1809056,-5.06,3.9400000000000004,CHEMBL240,hERG,False,False,False
COc1cc(CC(C)N2CCN(CCc3ccc4c(c3C)COC4=O)CC2)ccc1C#N,5.89,1,nM,CHEMBL3612802,-5.89,3.1100000000000003,CHEMBL240,hERG,False,False,False
COc1cc(CCC23CCC(NCc4ccc5c(n4)NC(=O)CO5)(CC2)CO3)c2nc(OC)ccc2n1,8.38,1,nM,CHEMBL3422969,-8.38,0.6199999999999992,CHEMBL240,hERG,False,False,False
COc1cc(CCN2CCN(CC(C)c3ccc4c(c3C)COC4=O)CC2)ccc1C#N,5.55,1,nM,CHEMBL3612797,-5.55,3.45,CHEMBL240,hERG,False,False,False
COc1cc(CCN2CCN(CC(F)c3ccc4c(c3C)COC4=O)CC2)ccc1C#N,5.62,1,nM,CHEMBL3612798,-5.62,3.38,CHEMBL240,hERG,False,False,False
COc1cc(CCN2CCN(CC(O)c3ccc4c(c3C)COC4=O)CC2)ccc1C#N,5.05,1,nM,CHEMBL3612799,-5.05,3.95,CHEMBL240,hERG,False,False,False
COc1cc(CCN2CCN(CC(OC)c3ccc4c(c3C)COC4=O)CC2)ccc1C#N,5.05,1,nM,CHEMBL3612800,-5.05,3.95,CHEMBL240,hERG,False,False,False
COc1cc(CCN2CCN(CCc3ccc4c(c3)COC4=O)CC2)ccc1C#N,5.8,2,nM,CHEMBL2146876,-5.8,3.2,CHEMBL240,hERG,False,False,False
COc1cc(CCN2CCN(CCc3ccc4c(c3C)COC4=O)CC2)ccc1C#N,5.68,1,nM,CHEMBL3612796,-5.68,3.3200000000000003,CHEMBL240,hERG,False,False,False
COc1cc(CN2CCC(CNCCCCCC(c3ccc(F)cc3)c3ccc(F)cc3)C2)cc(OC)c1OC,7.0,1,nM,CHEMBL2031998,-7.0,2.0,CHEMBL240,hERG,False,False,False
COc1cc(CN2CCN(CCCCCC(c3ccc(F)cc3)c3ccc(F)cc3)CC2)cc(OC)c1OC,5.9350000000000005,2,nM,CHEMBL2031958,-5.9350000000000005,3.0649999999999995,CHEMBL240,hERG,False,False,False
COc1cc(CN2CCOCC2)ccc1Nc1ncc(Cl)c(-c2cnc3ccccn23)n1,5.0,1,nM,CHEMBL1809054,-5.0,4.0,CHEMBL240,hERG,False,False,False
COc1cc(CNCC2CCN(CCCCCC(c3ccc(F)cc3)c3ccc(F)cc3)C2)cc(OC)c1OC,7.4,1,nM,CHEMBL2031983,-7.4,1.5999999999999996,CHEMBL240,hERG,False,False,False
COc1cc(F)cc(-c2cncc(-c3nc4cc(C)ccc4[nH]3)c2N2CCC(N)CC2)c1,5.08,1,nM,CHEMBL4873269,-5.08,3.92,CHEMBL240,hERG,False,False,False
COc1cc(F)cc(-c2cncc(-c3nc4cc(F)ccc4[nH]3)c2N2CCC(N)CC2)c1,5.12,1,nM,CHEMBL4876263,-5.12,3.88,CHEMBL240,hERG,False,False,False
COc1cc(F)cc2c1nnc1c2c(-c2ccncc2C)nn1C,4.76,1,nM,CHEMBL4456157,-4.76,4.24,CHEMBL240,hERG,False,False,False
COc1cc(F)ccc1-c1cc(CNC2CCCC2)ccn1,5.42,1,nM,CHEMBL1779006,-5.42,3.58,CHEMBL240,hERG,False,False,False
COc1cc(F)ccc1-c1cccc(CNC2CCCC2)c1,5.67,1,nM,CHEMBL1779004,-5.67,3.33,CHEMBL240,hERG,False,False,False
COc1cc(F)ccc1-c1cccc(CNC2CCCC2)n1,5.21,1,nM,CHEMBL1779005,-5.21,3.79,CHEMBL240,hERG,False,False,False
COc1cc(F)ccc1-c1cncc(C2CCCN2)c1,5.06,1,nM,CHEMBL1779009,-5.06,3.9400000000000004,CHEMBL240,hERG,False,False,False
COc1cc(F)ccc1-c1cncc(CNC(=O)C2CCC2)c1,4.73,1,nM,CHEMBL1779016,-4.73,4.27,CHEMBL240,hERG,False,False,False
COc1cc(F)ccc1-c1cncc(CNC(=O)c2ccccc2)c1,4.73,1,nM,CHEMBL1779014,-4.73,4.27,CHEMBL240,hERG,False,False,False
COc1cc(F)ccc1-c1cncc(CNC(=O)c2ccccn2)c1,4.57,1,nM,CHEMBL1779013,-4.57,4.43,CHEMBL240,hERG,False,False,False
COc1cc(F)ccc1-c1cncc(CNC(=O)c2cnccn2)c1,5.15,1,nM,CHEMBL1779012,-5.15,3.8499999999999996,CHEMBL240,hERG,False,False,False
COc1cc(F)ccc1-c1cncc(CNC(C)C)c1,5.18,1,nM,CHEMBL1779008,-5.18,3.8200000000000003,CHEMBL240,hERG,False,False,False
COc1cc(F)ccc1-c1cncc(CNC2CCCC2)c1,5.72,1,nM,CHEMBL1779003,-5.72,3.2800000000000002,CHEMBL240,hERG,False,False,False
COc1cc(F)ccc1-c1cncc(CNC2CCCC2)n1,4.8,1,nM,CHEMBL1778867,-4.8,4.2,CHEMBL240,hERG,False,False,False
COc1cc(F)ccc1-c1cncc(CNC2CCCCC2)c1,5.66,1,nM,CHEMBL1779007,-5.66,3.34,CHEMBL240,hERG,False,False,False
COc1cc(F)ccc1-c1cncc(CNCC2CC2)n1,5.72,1,nM,CHEMBL1778865,-5.72,3.2800000000000002,CHEMBL240,hERG,False,False,False
COc1cc(F)ccc1-c1cncc(NC2CCCOC2)c1,5.03,1,nM,CHEMBL1779011,-5.03,3.9699999999999998,CHEMBL240,hERG,False,False,False
COc1cc(F)ccc1-c1cncc(NCc2ccccc2)c1,5.28,1,nM,CHEMBL1779010,-5.28,3.7199999999999998,CHEMBL240,hERG,False,False,False
COc1cc(F)ccc1-c1nc(Nc2ccc3c(N4CCOCC4)c(C(C)=O)c(=O)oc3c2)ncc1F,5.0,1,nM,CHEMBL4788347,-5.0,4.0,CHEMBL240,hERG,False,False,False
COc1cc(N)c(Cl)cc1C(=O)NC1CCN(CCCOc2ccc(F)cc2)CC1OC,7.4,19,nM,CHEMBL1729,-7.4,1.5999999999999996,CHEMBL240,hERG,False,False,False
COc1cc(N)c(Cl)cc1C(=O)NC1CCN(Cc2ccccc2)CC1,6.22,1,nM,CHEMBL325109,-6.22,2.7800000000000002,CHEMBL240,hERG,False,False,False
COc1cc(N)c(Cl)cc1C(=O)N[C@H]1CCN(CC2CCN(C(=O)CC(C)C)CC2)C[C@H]1OC,5.0,1,nM,CHEMBL3758433,-5.0,4.0,CHEMBL240,hERG,False,False,False
COc1cc(N)c(Cl)cc1C(=O)N[C@H]1CCN(CC2CCN(C(=O)NC(C)C)CC2)C[C@H]1OC,5.12,1,nM,CHEMBL3758976,-5.12,3.88,CHEMBL240,hERG,False,False,False
COc1cc(N)c(Cl)cc1C(=O)N[C@H]1CCN(CC2CCN(C(=S)C(C)C)CC2)C[C@H]1OC,5.95,1,nM,CHEMBL3758674,-5.95,3.05,CHEMBL240,hERG,False,False,False
COc1cc(N)c(Cl)cc1C(=O)N[C@H]1CCN(CCC(=O)N2CCC(Cc3ccccc3)CC2)C[C@H]1OC,5.43,1,nM,CHEMBL3759928,-5.43,3.5700000000000003,CHEMBL240,hERG,False,False,False
COc1cc(N)c(Cl)cc1C(=O)N[C@H]1CCN(CCCOc2ccc(F)cc2)C[C@H]1OC,7.16,5,nM,CHEMBL74656,-7.16,1.8399999999999999,CHEMBL240,hERG,False,False,False
COc1cc(N)c(Cl)cc1C(=O)N[C@H]1CCN(CCCn2cccc2)C[C@H]1OC,5.17,1,nM,CHEMBL3758932,-5.17,3.83,CHEMBL240,hERG,False,False,False
COc1cc(N)c(Cl)cc1C(=O)N[C@H]1CCN(CCCn2ccnc2)C[C@H]1OC,5.14,1,nM,CHEMBL3758199,-5.14,3.8600000000000003,CHEMBL240,hERG,False,False,False
COc1cc(N)c(Cl)cc1C(=O)N[C@H]1CCN(CCCn2cncn2)C[C@H]1OC,5.11,1,nM,CHEMBL3759601,-5.11,3.8899999999999997,CHEMBL240,hERG,False,False,False
COc1cc(N2C(=O)N(c3ccc(-c4ccc(-c5cc(=O)[nH][nH]5)cc4)cc3)C(=O)C23CCN(Cc2ncccc2C)CC3)ncn1,4.77,1,nM,CHEMBL2041171,-4.77,4.23,CHEMBL240,hERG,False,False,False
COc1cc(N2C(=O)N(c3ccc(-c4ccc(-c5ccn[nH]5)cc4)cc3)C(=O)C23CCN(Cc2ncccc2C)CC3)ncn1,5.7,1,nM,CHEMBL2041168,-5.7,3.3,CHEMBL240,hERG,False,False,False
COc1cc(N2C(=O)N(c3ccc(-c4ccc(C#N)cc4)cc3)C(=O)C23CCN(Cc2ncccc2C)CC3)ncn1,6.43,1,nM,CHEMBL2041176,-6.43,2.5700000000000003,CHEMBL240,hERG,False,False,False
COc1cc(N2C(=O)N(c3ccc(-c4ccc(C(=O)N(C)C)cc4)cc3)C(=O)C23CCN(Cc2ncccc2C)CC3)ncn1,5.05,1,nM,CHEMBL2041179,-5.05,3.95,CHEMBL240,hERG,False,False,False
COc1cc(N2C(=O)N(c3ccc(-c4ccc(C(=O)O)c(C)c4)cc3)C(=O)C23CCN(Cc2ncccc2C)CC3)ncn1,4.64,1,nM,CHEMBL2043326,-4.64,4.36,CHEMBL240,hERG,False,False,False
COc1cc(N2C(=O)N(c3ccc(-c4ccc(C(=O)O)c(Cl)c4)cc3)C(=O)C23CCN(Cc2ncccc2C)CC3)ncn1,5.24,1,nM,CHEMBL2043172,-5.24,3.76,CHEMBL240,hERG,False,False,False
COc1cc(N2C(=O)N(c3ccc(-c4ccc(C(=O)O)cc4)cc3)C(=O)C23CCN(Cc2ncccc2C)CC3)ncn1,5.19,1,nM,CHEMBL2043168,-5.19,3.8099999999999996,CHEMBL240,hERG,False,False,False
COc1cc(N2C(=O)N(c3ccc(-c4ccc(C(=O)O)cc4)nc3)C(=O)C23CCN(Cc2ncccc2C)CC3)ncn1,4.34,1,nM,CHEMBL2041180,-4.34,4.66,CHEMBL240,hERG,False,False,False
COc1cc(N2C(=O)N(c3ccc(-c4ccc(C(=O)O)cc4C)cc3)C(=O)C23CCN(Cc2ncccc2C)CC3)ncn1,4.89,1,nM,CHEMBL2043325,-4.89,4.11,CHEMBL240,hERG,False,False,False
COc1cc(N2C(=O)N(c3ccc(-c4ccc(C(=O)O)cc4C)nc3)C(=O)C23CCN(Cc2ncccc2C)CC3)ncn1,5.15,1,nM,CHEMBL2041181,-5.15,3.8499999999999996,CHEMBL240,hERG,False,False,False
COc1cc(N2C(=O)N(c3ccc(-c4ccc(C(=O)O)cc4F)cc3)C(=O)C23CCN(Cc2ncccc2C)CC3)ncn1,4.27,1,nM,CHEMBL2043324,-4.27,4.73,CHEMBL240,hERG,False,False,False
COc1cc(N2C(=O)N(c3ccc(-c4ccc(C(=O)O)s4)cc3)C(=O)C23CCN(Cc2ncccc2C)CC3)ncn1,4.92,1,nM,CHEMBL2041010,-4.92,4.08,CHEMBL240,hERG,False,False,False
COc1cc(N2C(=O)N(c3ccc(-c4ccc(C(N)=O)cc4)cc3)C(=O)C23CCN(Cc2ncccc2C)CC3)ncn1,6.19,1,nM,CHEMBL2041177,-6.19,2.8099999999999996,CHEMBL240,hERG,False,False,False
COc1cc(N2C(=O)N(c3ccc(-c4ccc5[nH]ncc5c4)cc3)C(=O)C23CCN(Cc2ncccc2C)CC3)ncn1,5.33,1,nM,CHEMBL2041173,-5.33,3.67,CHEMBL240,hERG,False,False,False
COc1cc(N2C(=O)N(c3ccc(-c4ccc5cn[nH]c5c4)cc3)C(=O)C23CCN(Cc2ncccc2C)CC3)ncn1,6.14,1,nM,CHEMBL2041172,-6.14,2.8600000000000003,CHEMBL240,hERG,False,False,False
COc1cc(N2C(=O)N(c3ccc(-c4ccc5nc[nH]c5c4)cc3)C(=O)C23CCN(Cc2ncccc2C)CC3)ncn1,4.82,1,nM,CHEMBL2041174,-4.82,4.18,CHEMBL240,hERG,False,False,False
COc1cc(N2C(=O)N(c3ccc(-c4cccc(C(=O)O)c4)cc3)C(=O)C23CCN(Cc2ncccc2C)CC3)ncn1,5.16,1,nM,CHEMBL2043169,-5.16,3.84,CHEMBL240,hERG,False,False,False
COc1cc(N2C(=O)N(c3ccc(-c4ccccc4C(=O)O)cc3)C(=O)C23CCN(Cc2ncccc2C)CC3)ncn1,5.62,1,nM,CHEMBL2043170,-5.62,3.38,CHEMBL240,hERG,False,False,False
COc1cc(N2C(=O)N(c3ccc(-c4csc(C(=O)O)c4)cc3)C(=O)C23CCN(Cc2ncccc2C)CC3)ncn1,5.1,1,nM,CHEMBL2041164,-5.1,3.9000000000000004,CHEMBL240,hERG,False,False,False
COc1cc(N2CC3CN(CCO)CC(C2)O3)ccc1Nc1ncc(Cl)c(-c2cnc3ccccn23)n1,5.82,1,nM,CHEMBL1809059,-5.82,3.1799999999999997,CHEMBL240,hERG,False,False,False
COc1cc(N2CC3CNCC(C2)O3)ccc1Nc1ncc(Cl)c(-c2cnc3ccccn23)n1,5.28,1,nM,CHEMBL1809058,-5.28,3.7199999999999998,CHEMBL240,hERG,False,False,False
COc1cc(N2CC3COCC(C2)N3)ccc1Nc1ncc(Cl)c(-c2cnc3ccccn23)n1,5.0,1,nM,CHEMBL1809060,-5.0,4.0,CHEMBL240,hERG,False,False,False
COc1cc(N2CCC3(CCN(C[C@H](O)c4ccc5c(c4C)COC5=O)CC3)C2=O)ccn1,5.42,1,nM,CHEMBL4071345,-5.42,3.58,CHEMBL240,hERG,False,False,False
COc1cc(N2CCC3CN(CCCSc4nnc(-c5cnccn5)n4C)CC32)ccc1F,6.4,1,nM,CHEMBL3775753,-6.4,2.5999999999999996,CHEMBL240,hERG,True,True,True
COc1cc(N2CCCN(C(C)=O)CC2)ccc1Nc1ncc(Cl)c(-c2cnc3ccccn23)n1,4.96,1,nM,CHEMBL1809048,-4.96,4.04,CHEMBL240,hERG,False,False,False
COc1cc(N2CCN(C(=O)CN)CC2)ccc1Nc1ncc(Cl)c(-c2cnc3ccccn23)n1,4.8,1,nM,CHEMBL1809072,-4.8,4.2,CHEMBL240,hERG,False,False,False
COc1cc(N2CCN(C(=O)CO)CC2)ccc1Nc1ncc(Cl)c(-c2cnc3ccccn23)n1,4.85,1,nM,CHEMBL1809069,-4.85,4.15,CHEMBL240,hERG,False,False,False
COc1cc(N2CCN(C(=O)Cn3nc(C(F)(F)F)c(Cl)c3C)CC2)ccc1Cl,4.8,1,nM,CHEMBL2322875,-4.8,4.2,CHEMBL240,hERG,False,False,False
COc1cc(N2CCN(C(=O)N(C)C)CC2)ccc1Nc1ncc(Cl)c(-c2cnc3ccccn23)n1,4.8,1,nM,CHEMBL1809068,-4.8,4.2,CHEMBL240,hERG,False,False,False
COc1cc(N2CCN(C(=O)[C@@H](C)N)CC2)ccc1Nc1ncc(Cl)c(-c2cnc3ccccn23)n1,4.85,1,nM,CHEMBL1809075,-4.85,4.15,CHEMBL240,hERG,False,False,False
COc1cc(N2CCN(C(=O)[C@@H](C)O)CC2)ccc1Nc1ncc(Cl)c(-c2cnc3ccccn23)n1,4.82,1,nM,CHEMBL1809071,-4.82,4.18,CHEMBL240,hERG,False,False,False
COc1cc(N2CCN(C(=O)[C@H](C)N)CC2)ccc1Nc1ncc(Cl)c(-c2cnc3ccccn23)n1,5.03,1,nM,CHEMBL1809074,-5.03,3.9699999999999998,CHEMBL240,hERG,False,False,False
COc1cc(N2CCN(C(=O)[C@H](C)O)CC2)ccc1Nc1ncc(Cl)c(-c2cnc3ccccn23)n1,5.09,1,nM,CHEMBL1809070,-5.09,3.91,CHEMBL240,hERG,False,False,False
COc1cc(N2CCN(CC(=O)N(C)C)CC2)ccc1Nc1ncc(Cl)c(-c2cnc3ccccn23)n1,4.92,1,nM,CHEMBL1809063,-4.92,4.08,CHEMBL240,hERG,False,False,False
COc1cc(N2CCN(CCO)CC2)ccc1Nc1ncc(Cl)c(-c2cnc3ccccn23)n1,5.43,1,nM,CHEMBL1809062,-5.43,3.5700000000000003,CHEMBL240,hERG,False,False,False
COc1cc(N2CCN(CCS(C)(=O)=O)CC2)ccc1Nc1ncc(Cl)c(-c2cnc3ccccn23)n1,5.03,1,nM,CHEMBL1809064,-5.03,3.9699999999999998,CHEMBL240,hERG,False,False,False
COc1cc(N2CCN(C[C@H](C)O)CC2)ccc1Nc1ncc2ccc(-c3ccccc3N(C)S(C)(=O)=O)n2n1,5.04,1,nM,CHEMBL1822525,-5.04,3.96,CHEMBL240,hERG,False,False,False
COc1cc(N2CCNCC2)ccc1Nc1ncc(Cl)c(-c2cnc3ccccn23)n1,5.34,1,nM,CHEMBL1809061,-5.34,3.66,CHEMBL240,hERG,False,False,False
COc1cc(N2CCOCC2)ccc1Nc1ncc(Cl)c(-c2cnc3ccccn23)n1,5.5,1,nM,CHEMBL1809053,-5.5,3.5,CHEMBL240,hERG,False,False,False
COc1cc(N2C[C@H]3CC[C@@H](C2)[C@@H]3Nc2nc3n(n2)CCCCC3c2ccc(F)c(F)c2F)ncn1,6.26,1,nM,CHEMBL4647524,-6.26,2.74,CHEMBL240,hERG,False,False,False
COc1cc(N2Cc3ccc(Sc4ccc(F)cc4)nc3C2=O)ccc1OCCN1CCCC1,4.6,1,nM,CHEMBL2337725,-4.6,4.4,CHEMBL240,hERG,False,False,False
COc1cc(NC(=O)[C@@H]2CCCC[C@H]2C(=O)c2ccc(-c3cc[nH]n3)cc2)ncn1,4.9,1,nM,CHEMBL4528662,-4.9,4.1,CHEMBL240,hERG,False,False,False
COc1cc(NC(=O)c2cccc(C(F)(F)F)n2)cc2cn(C3CCN(C)CC3)nc12,5.16,1,nM,CHEMBL4764582,-5.16,3.84,CHEMBL240,hERG,False,False,False
COc1cc(NC(=O)c2ccccc2F)ccc1-c1nnc(NCCCCN2CCCCC2)o1,4.8,1,nM,CHEMBL2022736,-4.8,4.2,CHEMBL240,hERG,False,False,False
COc1cc(NC(=O)c2ccccc2F)ccc1-c1nnc(NCCCN2CCCCC2)o1,5.035,4,nM,CHEMBL2022495,-5.035,3.965,CHEMBL240,hERG,False,False,False
COc1cc(NC(=O)c2ccccc2F)ccc1-c1nnc(NCCCN2CCOCC2)o1,4.8,1,nM,CHEMBL2023926,-4.8,4.2,CHEMBL240,hERG,False,False,False
COc1cc(NC2CN(CCCF)C2)ccc1[C@@H]1c2ccc3[nH]ncc3c2C[C@@H](C)N1CC1(F)CC1,5.04,1,nM,CHEMBL4742862,-5.04,3.96,CHEMBL240,hERG,False,False,False
COc1cc(NCC2CCNCC2)nc2c1nnn2-c1cccc(N(C)C)c1,4.5,1,nM,CHEMBL1952143,-4.5,4.5,CHEMBL240,hERG,False,False,False
COc1cc(NCC2CCNCC2)nc2c1nnn2-c1cccc(OC(F)(F)F)c1,5.59,2,nM,CHEMBL1952142,-5.59,3.41,CHEMBL240,hERG,False,False,False
COc1cc(NS(C)(=O)=O)ccc1Nc1c2ccccc2nc2ccccc12,6.68,2,nM,CHEMBL43,-6.68,2.3200000000000003,CHEMBL240,hERG,False,False,False
COc1cc(Nc2cc(-c3cccc(C#N)c3)ccn2)ccc1N1CCN(C)CC1,5.89,1,nM,CHEMBL2312142,-5.89,3.1100000000000003,CHEMBL240,hERG,False,False,False
COc1cc(Nc2cc(-c3cccc(C#N)c3)ccn2)ccc1N1CCOCC1,5.11,1,nM,CHEMBL2312146,-5.11,3.8899999999999997,CHEMBL240,hERG,False,False,False
COc1cc(Nc2cccc3c2nc(-c2ccc(F)cc2)n3C)ccc1-n1cnc(C)c1,5.7,1,nM,CHEMBL2151218,-5.7,3.3,CHEMBL240,hERG,False,False,False
COc1cc(Nc2cccc3c2nc(-c2ccc(F)cc2)n3C)cnc1-n1cnc(C)c1,5.75,1,nM,CHEMBL2178521,-5.75,3.25,CHEMBL240,hERG,False,False,False
COc1cc(Nc2cnc(C#N)c(O[C@@H]3CCN(C)C3)n2)ncc1-c1cnn(C)c1,4.8,1,nM,CHEMBL2203845,-4.8,4.2,CHEMBL240,hERG,False,False,False
COc1cc(Nc2cnc(C#N)c(O[C@H](C)CN(C)C)n2)ncc1-c1cnn(C)c1,5.3,1,nM,CHEMBL2203843,-5.3,3.7,CHEMBL240,hERG,False,False,False
COc1cc(Nc2nc(C)cc(N(C)C)n2)ccc1F,5.3,1,nM,CHEMBL4241692,-5.3,3.7,CHEMBL240,hERG,False,False,False
COc1cc(OC(C)C)cc(S(=O)(=O)c2ccc3c(c2)O[C@H]2CNCC[C@@H]32)c1,5.48,1,nM,CHEMBL1949930,-5.48,3.5199999999999996,CHEMBL240,hERG,False,False,False
COc1cc(OC)c2nccc(CCC34CCC(NCc5ccc6c(n5)NC(=O)CO6)(CC3)CO4)c2n1,8.75,1,nM,CHEMBL3422968,-8.75,0.25,CHEMBL240,hERG,False,False,False
COc1cc(OC)cc(-c2cncc(-c3nc4cc(C)ccc4[nH]3)c2N2CCC(N)CC2)c1,5.07,1,nM,CHEMBL4862195,-5.07,3.9299999999999997,CHEMBL240,hERG,False,False,False
COc1cc(OC)cc(-c2nn(CCCCCN3CCN(C(=O)/C=C/C(F)(F)F)CC3)c3ncnc(N)c23)c1,5.49,1,nM,CHEMBL5088737,-5.49,3.51,CHEMBL240,hERG,False,False,False
COc1cc(OC)cc(C(=O)NCC2(C#N)CCN(CC3=Cc4ccccc4OC3(C)C)CC2)c1,5.33,1,nM,CHEMBL1836152,-5.33,3.67,CHEMBL240,hERG,False,False,False
COc1cc(OC)cc(C(=O)NCC2(C#N)CCN(CCc3ccccc3)CC2)c1,5.8,1,nM,CHEMBL1836153,-5.8,3.2,CHEMBL240,hERG,False,False,False
COc1cc(OC)cc(C(=O)NCC2(C#N)CCN(Cc3ccccc3C(F)(F)F)CC2)c1,5.32,1,nM,CHEMBL1836149,-5.32,3.6799999999999997,CHEMBL240,hERG,False,False,False
COc1cc(OC)cc(C(=O)NCC2(C#N)CCN(Cc3ccccc3OC)CC2)c1,6.04,1,nM,CHEMBL1836146,-6.04,2.96,CHEMBL240,hERG,False,False,False
COc1cc(OC)cc(C(=O)NCC2(C(=O)O)CCN(Cc3ccc(C(F)(F)F)cc3)CC2)c1,4.92,1,nM,CHEMBL1836263,-4.92,4.08,CHEMBL240,hERG,False,False,False
COc1cc(OC)cc(C(=O)N[C@H]2CC[C@H](Nc3nc(C)cc(N(C)C)n3)CC2)c1,5.4,1,nM,CHEMBL4241707,-5.4,3.5999999999999996,CHEMBL240,hERG,False,False,False
COc1cc(OC2CCN(C(C)=O)CC2)ccc1Nc1ncc(Cl)c(-c2cnc3ccccn23)n1,5.0,1,nM,CHEMBL1809049,-5.0,4.0,CHEMBL240,hERG,False,False,False
COc1cc(OC2CCNCC2)ccc1Nc1ncc(Cl)c(-c2cnc3ccccn23)n1,5.32,1,nM,CHEMBL1809050,-5.32,3.6799999999999997,CHEMBL240,hERG,False,False,False
COc1cc(OC2CNC2)ccc1Nc1ncc(Cl)c(-c2cnc3ccccn23)n1,5.23,1,nM,CHEMBL1809052,-5.23,3.7699999999999996,CHEMBL240,hERG,False,False,False
COc1cc([C@@H](O)CN2CCN(C[C@H](O)c3ccc4c(c3C)COC4=O)CC2)ncc1C#N,4.625,2,nM,CHEMBL3612810,-4.625,4.375,CHEMBL240,hERG,False,False,False
COc1cc([C@H](O)CN2CCN(C[C@H](O)c3ccc4c(c3C)COC4=O)CC2)ncc1C#N,4.75,1,nM,CHEMBL3612809,-4.75,4.25,CHEMBL240,hERG,False,False,False
COc1cc([C@H](c2cc3cc(Br)ccc3nc2OC)[C@@](O)(CCN(C)C)c2cccc(F)c2)cnc1OC,5.72,1,nM,CHEMBL4218132,-5.72,3.2800000000000002,CHEMBL240,hERG,False,False,False
COc1cc([C@H]2CCN(CCO)C[C@@H]2O)ccc1Nc1ncc2ccc(-c3ccccc3OC)n2n1,5.17,1,nM,CHEMBL3398175,-5.17,3.83,CHEMBL240,hERG,False,False,False
COc1cc([C@H]2CC[C@@H](C(N)=O)N2)ccc1OCc1ccccc1F,5.4,1,nM,CHEMBL4646446,-5.4,3.5999999999999996,CHEMBL240,hERG,False,False,False
COc1cc([C@H]2CC[C@H](N3CC(NC(=O)CNC(=O)c4cccc(C(F)(F)F)c4)C3)CC2)ccn1,5.21,1,nM,CHEMBL1829621,-5.21,3.79,CHEMBL240,hERG,False,False,False
COc1cc([C@](O)(CCN(C)C)[C@@H](c2cc3cc(Br)ccc3nc2OC)c2cccc(OC)c2F)cc(OC)n1,4.89,2,nM,CHEMBL4529465,-4.89,4.11,CHEMBL240,hERG,False,False,False
COc1cc([C@](O)(CCN(C)C)[C@@H](c2cc3cc(Br)ccc3nc2OC)c2cccc(OC)c2F)cc(S(C)(=O)=O)n1,5.75,1,nM,CHEMBL4646329,-5.75,3.25,CHEMBL240,hERG,False,False,False
COc1cc([C@](O)(CCN(C)C)[C@@H](c2cc3cc(Br)ccc3nc2OC)c2cccc(OC)c2OC)cc(OC)n1,5.66,1,nM,CHEMBL4519972,-5.66,3.34,CHEMBL240,hERG,False,False,False
COc1cc([C@](O)(CCN(C)C)[C@@H](c2cc3cc(Br)ccc3nc2OC)c2ccnc(OC)c2OC)cc(OC(C)C)n1,4.77,1,nM,CHEMBL4640836,-4.77,4.23,CHEMBL240,hERG,False,False,False
COc1cc([C@](O)(CCN(C)C)[C@@H](c2cc3cc(Br)ccc3nc2OC)c2ccnc(OC)c2OC)cc(OC)n1,5.58,1,nM,CHEMBL4578975,-5.58,3.42,CHEMBL240,hERG,False,False,False
COc1cc([C@](O)(CCN(C)C)[C@@H](c2cc3cc(C#N)ccc3nc2OC)c2cccc(OC)c2F)cc(OC(F)F)n1,5.28,1,nM,CHEMBL4645820,-5.28,3.7199999999999998,CHEMBL240,hERG,False,False,False
COc1cc([C@](O)(CCN(C)C)[C@@H](c2cc3cc(C#N)ccc3nc2OC)c2cccc3c2CCC3)cc(OC)n1,5.35,1,nM,CHEMBL4586271,-5.35,3.6500000000000004,CHEMBL240,hERG,False,False,False
COc1cc([C@](O)(CCN(C)C)[C@@H](c2cc3cc(C#N)ccc3nc2OC)c2cccc3c2OCCO3)cc(OC)n1,5.36,1,nM,CHEMBL4519008,-5.36,3.6399999999999997,CHEMBL240,hERG,False,False,False
COc1cc([C@](O)(CCN(C)C)[C@@H](c2cc3cc(C#N)ccc3nc2OC)c2cccc3c2OCO3)cc(OC(F)F)n1,5.32,1,nM,CHEMBL4645781,-5.32,3.6799999999999997,CHEMBL240,hERG,False,False,False
COc1cc([C@](O)(CCN(C)C)[C@@H](c2cc3cc(C#N)ccc3nc2OC)c2cccc3c2OCO3)cc(OC)n1,5.8,1,nM,CHEMBL4543900,-5.8,3.2,CHEMBL240,hERG,False,False,False
COc1cc([C@](O)(CCN(C)C)[C@@H](c2cc3cc(C#N)ccc3nc2OC)c2ccnc(OC)c2OC)cc(N(C)C)n1,5.47,1,nM,CHEMBL4645910,-5.47,3.5300000000000002,CHEMBL240,hERG,False,False,False
COc1cc([C@](O)(CCN(C)C)[C@@H](c2cc3cc(C#N)ccc3nc2OC)c2ccnc(OC)c2OC)cc(OC(F)F)n1,5.16,1,nM,CHEMBL4634074,-5.16,3.84,CHEMBL240,hERG,False,False,False
COc1cc([C@](O)(CCN(C)C)[C@H](c2cc(OC(C)C)cnc2OC)c2cc3cc(C#N)ccc3nc2OC)cc(OC)n1,5.62,1,nM,CHEMBL4570895,-5.62,3.38,CHEMBL240,hERG,False,False,False
COc1cc([C@](O)(CCN(C)C)[C@H](c2cc(OC)c(OC)nc2OC)c2cc3cc(Br)ccc3nc2OC)cc(OC)n1,5.23,1,nM,CHEMBL4537029,-5.23,3.7699999999999996,CHEMBL240,hERG,False,False,False
COc1cc([C@](O)(CCN(C)C)[C@H](c2cc(OC)nc(N(C)C)c2)c2cc3cc(C#N)ccc3nc2OC)cc(OC)n1,5.03,1,nM,CHEMBL4591849,-5.03,3.9699999999999998,CHEMBL240,hERG,False,False,False
COc1cc([C@](O)(CCN(C)C)[C@H](c2cc(OC)nc(OC(C)C)c2)c2cc3cc(C#N)ccc3nc2OC)cc(OC)n1,4.97,1,nM,CHEMBL4550410,-4.97,4.03,CHEMBL240,hERG,False,False,False
COc1cc([C@](O)(CCN(C)C)[C@H](c2cccnc2OC)c2cc3cc(Br)ccc3nc2OC)cc(OC)n1,5.77,1,nM,CHEMBL4574425,-5.77,3.2300000000000004,CHEMBL240,hERG,False,False,False
COc1cc([C@]23CNC[C@H]2C3)ccc1NS(=O)(=O)c1ccc(C(C)C)cc1,5.9,1,nM,CHEMBL1224699,-5.9,3.0999999999999996,CHEMBL240,hERG,False,False,False
COc1cc2c(c(N3CCN(C)CC3)c1)O[C@@H](C(=O)Nc1ccc(N3CCOCC3)cc1)CC2,4.72,1,nM,CHEMBL602875,-4.72,4.28,CHEMBL240,hERG,False,False,False
COc1cc2c(cc1-c1c(C)noc1C)ncc1[nH]c(=O)n([C@H](C)c3ccccn3)c12,5.0,1,nM,CHEMBL2017291,-5.0,4.0,CHEMBL240,hERG,False,False,False
COc1cc2c(cc1CCN1CCN(C(=O)Cc3ccc(-n4cnnn4)cc3)CC1)COC2=O,5.25,1,nM,CHEMBL2441425,-5.25,3.75,CHEMBL240,hERG,False,False,False
COc1cc2c(cc1Nc1ncc(Cl)c(Nc3ccc(N4CCOCC4)cc3OC)n1)CCN(CC(=O)N(C)C)CC2,5.41,2,nM,CHEMBL1642258,-5.41,3.59,CHEMBL240,hERG,False,False,False
COc1cc2c(cc1Nc1ncc(Cl)c(Nc3ccccc3S(=O)(=O)C(C)C)n1)CC/C(=N\N1CCN(C)CC1)C2(C)C,4.62,1,nM,CHEMBL3785774,-4.62,4.38,CHEMBL240,hERG,False,False,False
COc1cc2c(cc1Nc1ncc(Cl)c(Nc3ccccc3S(=O)(=O)C(C)C)n1)CCC(N)C2(C)C,4.36,1,nM,CHEMBL3786892,-4.36,4.64,CHEMBL240,hERG,False,False,False
COc1cc2c(cc1OC(C)C)[C@H](c1ccc(Cl)cc1)N(c1ccc(N(C)C[C@H]3CC[C@H](N4CCNC(=O)C4)CC3)cc1)C(=O)C2,4.8,1,nM,CHEMBL3601397,-4.8,4.2,CHEMBL240,hERG,False,False,False
COc1cc2c(cc1OC)C(=O)C(CC1(F)CCN(Cc3ccccc3F)CC1)C2,5.04,1,nM,CHEMBL4859647,-5.04,3.96,CHEMBL240,hERG,False,False,False
COc1cc2c(cc1OC)C(=O)C(CC1CCN(Cc3ccccc3)CC1)C2,5.38,2,nM,CHEMBL502,-5.38,3.62,CHEMBL240,hERG,False,False,False
COc1cc2c(cc1OC)C1Cc3ccc(OC)c(OC)c3C(Cc3ccccc3)N1CC2,4.85,1,nM,CHEMBL186873,-4.85,4.15,CHEMBL240,hERG,False,False,False
COc1cc2c(cc1OC)[C@@H](Cc1ccc(Oc3cc(C[C@@H]4c5cc(OC)c(OC)cc5CCN4C)ccc3O)cc1)N(C)CC2,4.8,1,nM,CHEMBL442717,-4.8,4.2,CHEMBL240,hERG,False,False,False
COc1cc2c(cc1OC)[C@H](C[C@H](O)c1ccc(Cl)cc1)N(C)CC2,6.4,1,nM,CHEMBL197467,-6.4,2.5999999999999996,CHEMBL240,hERG,False,False,False
COc1cc2c(cc1OC)[C@H]1C[C@@H](OC(=O)[C@@H](N)C(C)C)[C@H](CC(C)C)CN1CC2,5.77,1,nM,CHEMBL2364639,-5.77,3.2300000000000004,CHEMBL240,hERG,False,False,False
COc1cc2c(cc1OCC(F)(F)F)CCN1CC(CC(C)C)C(O)CC21,5.19,1,nM,CHEMBL4854730,-5.19,3.8099999999999996,CHEMBL240,hERG,False,False,False
COc1cc2ccc(Br)cc2cc1[C@@H](c1cccc(C)c1)[C@@](O)(CCN(C)C)c1cccc2c1OCO2,6.3,1,nM,CHEMBL4225434,-6.3,2.7,CHEMBL240,hERG,False,False,False
COc1cc2ccc(Br)cc2cc1[C@@H](c1cccc(OC)c1F)[C@@](O)(CCN(C)C)c1cccc2c1CCC2,5.52,1,nM,CHEMBL4228012,-5.52,3.4800000000000004,CHEMBL240,hERG,False,False,False
COc1cc2ccc(Br)cc2cc1[C@@H](c1ccccc1)[C@@](O)(CCN(C)C)c1ccc2occc2c1,6.4,1,nM,CHEMBL4226478,-6.4,2.5999999999999996,CHEMBL240,hERG,False,False,False
COc1cc2ccc(Br)cc2cc1[C@@H](c1ccccc1)[C@@](O)(CCN(C)C)c1cccc2c1CCC2,5.42,1,nM,CHEMBL4227597,-5.42,3.58,CHEMBL240,hERG,False,False,False
COc1cc2ccc(Br)cc2cc1[C@@H](c1ccccc1)[C@@](O)(CCN(C)C)c1cccc2c1CCN2C,5.89,1,nM,CHEMBL4228122,-5.89,3.1100000000000003,CHEMBL240,hERG,False,False,False
COc1cc2ccc(Br)cc2cc1[C@@H](c1ccccc1)[C@@](O)(CCN(C)C)c1cccc2ccoc12,6.1,1,nM,CHEMBL4224771,-6.1,2.9000000000000004,CHEMBL240,hERG,False,False,False
COc1cc2ccc(Br)cc2cc1[C@@H](c1ccccc1)[C@@](O)(CCN(C)C)c1cccc2ccsc12,4.92,1,nM,CHEMBL4227218,-4.92,4.08,CHEMBL240,hERG,False,False,False
COc1cc2ccc(Br)cc2cc1[C@@H](c1ccnc(OC)c1OC)[C@@](O)(CCN(C)C)c1cc2ccccc2o1,6.1,1,nM,CHEMBL4226688,-6.1,2.9000000000000004,CHEMBL240,hERG,False,False,False
COc1cc2ccc(Br)cc2cc1[C@@H](c1ccnc(OC)c1OC)[C@@](O)(CCN(C)C)c1ccc2occc2c1,6.22,1,nM,CHEMBL4226743,-6.22,2.7800000000000002,CHEMBL240,hERG,False,False,False
COc1cc2ccc(Br)cc2cc1[C@@H](c1ccnc(OC)c1OC)[C@@](O)(CCN(C)C)c1cccc2ccoc12,6.05,1,nM,CHEMBL4228130,-6.05,2.95,CHEMBL240,hERG,False,False,False
COc1cc2ccc(Br)cc2cc1[C@@H](c1ccnc(OC)c1OC)[C@@](O)(CCN(C)C)c1cccc2occc12,6.0,1,nM,CHEMBL4225899,-6.0,3.0,CHEMBL240,hERG,False,False,False
COc1cc2ccc(Br)cc2cc1[C@@H](c1cnc(OC)c(OC)c1)[C@@](O)(CCN(C)C)c1cccc2ccoc12,6.0,1,nM,CHEMBL4227762,-6.0,3.0,CHEMBL240,hERG,False,False,False
COc1cc2ccc(C#N)cc2cc1[C@@H](c1cccc(C)c1)[C@@](O)(CCN(C)C)c1cccc2c1OCO2,6.52,1,nM,CHEMBL4228918,-6.52,2.4800000000000004,CHEMBL240,hERG,False,False,False
COc1cc2ccc(C#N)cc2cc1[C@@H](c1cccc(F)c1)[C@@](O)(CCN(C)C)c1cc2ccccc2o1,6.05,1,nM,CHEMBL4227540,-6.05,2.95,CHEMBL240,hERG,False,False,False
COc1cc2ccc(C#N)cc2cc1[C@@H](c1cccc(F)c1)[C@@](O)(CCN(C)C)c1cccc2ccoc12,6.22,1,nM,CHEMBL4229114,-6.22,2.7800000000000002,CHEMBL240,hERG,False,False,False
COc1cc2ccc(C#N)cc2cc1[C@@H](c1cccc(OC)c1OC)[C@@](O)(CCN(C)C)c1cccc2c1CCC2,6.0,1,nM,CHEMBL4227161,-6.0,3.0,CHEMBL240,hERG,False,False,False
COc1cc2nc(N(C)CCCNC(=O)C3CCCO3)nc(C)c2cc1OC,4.08,1,nM,CHEMBL1671906,-4.08,4.92,CHEMBL240,hERG,False,False,False
COc1cc2nc(N3CCN(C(=O)C4CCCO4)CC3)nc(N)c2cc1OC,4.75,1,nM,CHEMBL611,-4.75,4.25,CHEMBL240,hERG,True,True,True
COc1cc2nc(N3CCN(C(=O)C4COc5ccccc5O4)CC3)nc(N)c2cc1OC,5.945,2,nM,CHEMBL707,-5.945,3.0549999999999997,CHEMBL240,hERG,True,True,True
COc1cc2nc(N3CCN(C(=O)c4ccco4)CC3)nc(N)c2cc1OC,5.8,3,nM,CHEMBL2,-5.8,3.2,CHEMBL240,hERG,True,True,True
COc1cc2nc([C@@H](CNC(=O)c3c(Cl)cc(-n4cnc(C)n4)cc3Cl)c3cccc(F)c3)[nH]c2cc1Cl,4.96,1,nM,CHEMBL3627894,-4.96,4.04,CHEMBL240,hERG,True,True,True
COc1cc2ncc(F)c(CCC34CCC(NCc5ccc6c(n5)NC(=O)CO6)(CC3)CO4)c2nc1OC,7.86,1,nM,CHEMBL3421646,-7.86,1.1399999999999997,CHEMBL240,hERG,False,False,False
COc1cc2nccc(CCC34CCC(NCc5ccc6c(n5)NC(=O)CO6)(CC3)CO4)c2nc1C#N,8.71,1,nM,CHEMBL3422971,-8.71,0.28999999999999915,CHEMBL240,hERG,False,False,False
COc1cc2nccc(CCC34CCC(NCc5ccc6c(n5)NC(=O)CO6)(CC3)CO4)c2nc1C(=O)O,7.88,1,nM,CHEMBL3422972,-7.88,1.12,CHEMBL240,hERG,False,False,False
COc1cc2nccc(CCC34CCC(NCc5ccc6c(n5)NC(=O)CO6)(CC3)CO4)c2nc1OC,8.85,1,nM,CHEMBL3422964,-8.85,0.15000000000000036,CHEMBL240,hERG,False,False,False
COc1cc2nccc(Nc3n[nH]c(C)c3C)c2cc1S(=O)(=O)C(C)(C)C,4.84,1,nM,CHEMBL4293287,-4.84,4.16,CHEMBL240,hERG,False,False,False
COc1cc2ncnc(Nc3cccc(Cl)c3F)c2cc1CN1CCOCC1,4.77,1,nM,CHEMBL3623278,-4.77,4.23,CHEMBL240,hERG,False,False,False
COc1cc2nnc(C(N)=O)c(Nc3ccc(C)cc3F)c2cc1C1CCN(C(C)C)CC1,4.96,1,nM,CHEMBL2409409,-4.96,4.04,CHEMBL240,hERG,False,False,False
COc1cc2nnc(C(N)=O)c(Nc3ccc(C)cc3F)c2cc1C1CCN(CCO)CC1,4.85,1,nM,CHEMBL2409410,-4.85,4.15,CHEMBL240,hERG,False,False,False
COc1cc2nnc(C(N)=O)c(Nc3ccc(C)cc3F)c2cc1N1CCC(N(C)C)CC1,4.68,1,nM,CHEMBL2409400,-4.68,4.32,CHEMBL240,hERG,False,False,False
COc1cc2nnc(C(N)=O)c(Nc3ccc(C)cc3F)c2cc1N1CCCN(C)CC1,5.22,1,nM,CHEMBL2409398,-5.22,3.7800000000000002,CHEMBL240,hERG,False,False,False
COc1cc2nnc(C(N)=O)c(Nc3ccc(C)cc3F)c2cc1N1CCCN(CCO)CC1,4.85,1,nM,CHEMBL2409402,-4.85,4.15,CHEMBL240,hERG,False,False,False
COc1cc2nnc(C(N)=O)c(Nc3ccc(C)cc3F)c2cc1N1CCN(C(C)C)CC1,4.77,1,nM,CHEMBL2409397,-4.77,4.23,CHEMBL240,hERG,False,False,False
COc1cc2nnc(C(N)=O)c(Nc3ccc(C)cc3F)c2cc1N1CCS(=O)(=O)CC1,4.8,1,nM,CHEMBL2409405,-4.8,4.2,CHEMBL240,hERG,False,False,False
COc1cc2nnc(C(N)=O)c(Nc3ccc(C)cc3F)c2cc1N1C[C@@H](C)N[C@@H](C)C1,4.7,1,nM,CHEMBL2409399,-4.7,4.3,CHEMBL240,hERG,False,False,False
COc1cc2oc(C(=O)NC3CCN(Cc4ccc5c(c4)OCO5)CC3)cc(=O)c2cc1F,7.8,1,nM,CHEMBL217442,-7.8,1.2000000000000002,CHEMBL240,hERG,False,False,False
COc1ccc(-c2c(-c3ccc(C#N)c(F)c3)nc(N3CCC(N)CC3)n(C)c2=O)cc1F,5.47,1,nM,CHEMBL4650360,-5.47,3.5300000000000002,CHEMBL240,hERG,False,False,False
COc1ccc(-c2c[nH]c([C@H]3Cc4c([nH]c5ccccc45)[C@@H](C4CCOCC4)N3)n2)cc1,7.16,1,nM,CHEMBL3775282,-7.16,1.8399999999999999,CHEMBL240,hERG,False,False,False
COc1ccc(-c2cc(-c3ccc(C(=O)N4CCN(C)CC4)cc3)cnc2N)cn1,4.69,1,nM,CHEMBL2181486,-4.69,4.31,CHEMBL240,hERG,False,False,False
COc1ccc(-c2cc(-c3ccc(S(=O)(=O)N(C)C)cc3)cnc2N)cn1,5.01,1,nM,CHEMBL2181492,-5.01,3.99,CHEMBL240,hERG,False,False,False
COc1ccc(-c2cc(-c3ccc(S(=O)(=O)N4CCN(C)CC4)cc3)cnc2N)cn1,4.98,1,nM,CHEMBL2181497,-4.98,4.02,CHEMBL240,hERG,False,False,False
COc1ccc(-c2cc(-c3ccc(S(=O)(=O)NC4CC4)cc3)cnc2N)cn1,5.68,1,nM,CHEMBL2181495,-5.68,3.3200000000000003,CHEMBL240,hERG,False,False,False
COc1ccc(-c2cc(-c3ccc(S(C)(=O)=O)cc3)cnc2N)cn1,5.49,2,nM,CHEMBL531475,-5.49,3.51,CHEMBL240,hERG,False,False,False
COc1ccc(-c2cc(-c3ccc4c(c3)CN(C(C)C)C4=O)on2)cn1,4.92,1,nM,CHEMBL3398280,-4.92,4.08,CHEMBL240,hERG,False,False,False
COc1ccc(-c2cc(=O)c3c(O)cc(O)cc3o2)cc1,4.49,1,nM,CHEMBL243664,-4.49,4.51,CHEMBL240,hERG,False,False,False
COc1ccc(-c2cc(=O)c3cc(C)ccc3o2)cc1,4.24,1,nM,CHEMBL2442379,-4.24,4.76,CHEMBL240,hERG,False,False,False
COc1ccc(-c2cc(=O)c3cc(Cl)ccc3o2)cc1,4.89,1,nM,CHEMBL301692,-4.89,4.11,CHEMBL240,hERG,False,False,False
COc1ccc(-c2cc(=O)c3ccccc3o2)cc1,4.66,1,nM,CHEMBL16312,-4.66,4.34,CHEMBL240,hERG,False,False,False
COc1ccc(-c2cc(NC(=O)CCCCN3CCCN(C(C)=O)CC3)[nH]n2)cc1,4.62,1,nM,CHEMBL2086582,-4.62,4.38,CHEMBL240,hERG,False,False,False
COc1ccc(-c2cc(NC(=O)CCCN3CCCCC3)[nH]n2)cc1,5.34,1,nM,CHEMBL2180835,-5.34,3.66,CHEMBL240,hERG,False,False,False
COc1ccc(-c2cc3c(N[C@@H]4CC[C@](C)(N)C4(C)C)c(C(N)=O)cnn3c2)cc1,4.86,1,nM,CHEMBL4078773,-4.86,4.14,CHEMBL240,hERG,False,False,False
COc1ccc(-c2cc3c(N[C@@H]4CC[C@](C)(N)C4(C)C)c(C(N)=O)cnn3c2)cn1,5.52,1,nM,CHEMBL4080797,-5.52,3.4800000000000004,CHEMBL240,hERG,False,False,False
COc1ccc(-c2cc3sc(N4CCC(N5CCCCC5)CC4)nc3cn2)cn1,5.95,1,nM,CHEMBL575483,-5.95,3.05,CHEMBL240,hERG,True,True,True
COc1ccc(-c2ccc(C(=O)O)cc2C)cc1-c1ccc(C(F)(F)F)cc1CN1C(=O)O[C@H](c2cc(C(F)(F)F)cc(C(F)(F)F)c2)[C@@H]1C,5.0,1,nM,CHEMBL4873416,-5.0,4.0,CHEMBL240,hERG,False,False,False
COc1ccc(-c2ccc(C(=O)O)cc2C)cc1-c1cnc(N(C)C)nc1CN1C(=O)O[C@H](c2cc(C(F)(F)F)cc(C(F)(F)F)c2)[C@@H]1C,4.8,1,nM,CHEMBL4854376,-4.8,4.2,CHEMBL240,hERG,False,False,False
COc1ccc(-c2ccc(C(=O)O)cc2C)cc1-c1cnc(N(C)C)nc1CN1C(=O)O[C@H](c2cc(Cl)cc(C(F)(F)F)c2)[C@@H]1C,4.7,1,nM,CHEMBL4856008,-4.7,4.3,CHEMBL240,hERG,False,False,False
COc1ccc(-c2ccc(C(=O)O)cc2C)cc1-c1cnc(N(C)C)nc1CN1C(=O)O[C@H](c2cc(Cl)cc(Cl)c2)[C@@H]1C,4.8,1,nM,CHEMBL4876430,-4.8,4.2,CHEMBL240,hERG,False,False,False
COc1ccc(-c2ccc(C(=O)O)cc2C)cc1-c1cnc(N(C)C)nc1CN1C(=O)O[C@H](c2cc(F)cc(C(F)(F)F)c2)[C@@H]1C,4.6,1,nM,CHEMBL4855182,-4.6,4.4,CHEMBL240,hERG,False,False,False
COc1ccc(-c2ccc(C(=O)O)cc2C)cc1-c1cnc(N(C)C)nc1CN1C(=O)O[C@H](c2cc(F)cc(F)c2)[C@@H]1C,4.96,1,nM,CHEMBL4850005,-4.96,4.04,CHEMBL240,hERG,False,False,False
COc1ccc(-c2ccc(C(=O)O)cc2C)cc1-c1cnc(N(C)C)nc1CN1C(=O)O[C@H](c2ccc(OC(F)(F)F)cc2)[C@@H]1C,5.42,1,nM,CHEMBL4851754,-5.42,3.58,CHEMBL240,hERG,False,False,False
COc1ccc(-c2ccc(C(=O)O)cc2C)cc1-c1cnc(N(C)C)nc1CN1C(=O)O[C@H](c2cccc(C(F)(F)F)c2)[C@@H]1C,5.02,1,nM,CHEMBL4870761,-5.02,3.9800000000000004,CHEMBL240,hERG,False,False,False
COc1ccc(-c2ccc(C(=O)O)cc2C)cc1-c1cnc(N(C)C)nc1CN1C(=O)O[C@H](c2cccc(C(F)(F)F)n2)[C@@H]1C,4.66,1,nM,CHEMBL4864329,-4.66,4.34,CHEMBL240,hERG,False,False,False
COc1ccc(-c2ccc(C(=O)O)cc2C)cc1-c1cnc(N(C)C)nc1CN1C(=O)O[C@H](c2cccc(Cl)c2)[C@@H]1C,4.82,1,nM,CHEMBL4860733,-4.82,4.18,CHEMBL240,hERG,False,False,False
COc1ccc(-c2ccc(C(=O)O)cc2C)cc1-c1cnc(N(C)C)nc1CN1C(=O)O[C@H](c2cccc(OC(F)(F)F)c2)[C@@H]1C,4.77,1,nM,CHEMBL4864066,-4.77,4.23,CHEMBL240,hERG,False,False,False
COc1ccc(-c2ccc(C(=O)O)cc2C)cc1-c1cnc(N2CC(F)C2)nc1CN1C(=O)O[C@H](c2cc(C(F)(F)F)cc(C(F)(F)F)c2)[C@@H]1C,4.72,1,nM,CHEMBL4872545,-4.72,4.28,CHEMBL240,hERG,False,False,False
COc1ccc(-c2ccc(C(=O)O)cc2C)cc1-c1cnc(N2CCOCC2)nc1CN1C(=O)O[C@H](c2cc(C(F)(F)F)cc(C(F)(F)F)c2)[C@@H]1C,4.96,1,nM,CHEMBL4862077,-4.96,4.04,CHEMBL240,hERG,False,False,False
COc1ccc(-c2ccc(CO[C@H]3C[C@@H](N=C=S)C3)nc2)cc1F,4.72,1,nM,CHEMBL4874855,-4.72,4.28,CHEMBL240,hERG,False,False,False
COc1ccc(-c2ccc3c(N4CCOCC4)nc(N4C[C@@H](C)O[C@@H](C)C4)nc3n2)cc1CNCCO,4.56,1,nM,CHEMBL2336327,-4.56,4.44,CHEMBL240,hERG,False,False,False
COc1ccc(-c2ccc3c(N4CCOCC4)nc(N4C[C@@H](C)O[C@@H](C)C4)nc3n2)cc1CO,5.08,1,nM,CHEMBL1078983,-5.08,3.92,CHEMBL240,hERG,False,False,False
COc1ccc(-c2ccc3c(N4CCOC[C@@H]4C)nc(N4CCOC[C@@H]4C)nc3n2)cc1CO,4.52,1,nM,CHEMBL1801204,-4.52,4.48,CHEMBL240,hERG,False,False,False
COc1ccc(-c2ccc3c(N4CCOC[C@@H]4C)nc(N4CC[C@@H](O)C4)nc3n2)cc1CO,5.1,1,nM,CHEMBL2336332,-5.1,3.9000000000000004,CHEMBL240,hERG,False,False,False
COc1ccc(-c2ccc3ncnc(-c4cccc(C(=O)N5CCN(C)CC5)c4)c3c2)cc1OC,5.72,1,nM,CHEMBL4588314,-5.72,3.2800000000000002,CHEMBL240,hERG,False,False,False
COc1ccc(-c2ccc3ncnc(-c4cccc(C(=O)N5CCN(C)CC5)c4)c3c2)cn1,4.92,1,nM,CHEMBL4581278,-4.92,4.08,CHEMBL240,hERG,False,False,False
COc1ccc(-c2ccc3ncnc(-c4cncc(C(=O)N5CCN(C)CC5)c4)c3c2)cn1,4.58,1,nM,CHEMBL4460621,-4.58,4.42,CHEMBL240,hERG,False,False,False
COc1ccc(-c2ccc3ncnc(N4CCC[C@H](C(=O)N5CCN(C)CC5)C4)c3c2)cn1,5.82,1,nM,CHEMBL4454454,-5.82,3.1799999999999997,CHEMBL240,hERG,False,False,False
COc1ccc(-c2ccccc2C2CCN(C[C@@H](O)COc3ccc(-c4cn5ccccc5n4)cc3)CC2)cc1,5.73,1,nM,CHEMBL4782879,-5.73,3.2699999999999996,CHEMBL240,hERG,False,False,False
COc1ccc(-c2ccccc2N2CCN(CCCCOc3ccc4c(c3)NC(=O)C(C)O4)CC2)cc1,6.35,1,nM,CHEMBL4799274,-6.35,2.6500000000000004,CHEMBL240,hERG,False,False,False
COc1ccc(-c2ccccc2N2CCN(C[C@@H](O)COc3ccc(-c4cn5ccccc5n4)cc3)CC2)cc1,5.72,1,nM,CHEMBL4797980,-5.72,3.2800000000000002,CHEMBL240,hERG,False,False,False
COc1ccc(-c2cnc3nc(N4CCC(N5CCCCC5)CC4)sc3c2)cn1,7.0,1,nM,CHEMBL573485,-7.0,2.0,CHEMBL240,hERG,True,True,True
COc1ccc(-c2cnn3c(N)c(-c4ccccc4)c(NC4CC(C)(C)N(C)C(C)(C)C4)nc23)cc1OC,6.109999999999999,2,nM,CHEMBL4644274,-6.109999999999999,2.8900000000000006,CHEMBL240,hERG,False,False,False
COc1ccc(-c2nc(CCOc3cccc(C[C@@H]4C(=O)N(c5ccc(C(C)(C)C)cc5)[C@@H]4C(=O)O)c3)c(C)o2)cc1,5.5,1,nM,CHEMBL257517,-5.5,3.5,CHEMBL240,hERG,False,False,False
COc1ccc(-c2nc(COc3cccc(CN(CC(=O)O)C(=O)Oc4ccc(C)cc4)c3)c(C)o2)cc1,5.07,1,nM,CHEMBL1090189,-5.07,3.9299999999999997,CHEMBL240,hERG,False,False,False
COc1ccc(-c2nc(N3CCOCC3)c3sc(CN(C)c4ncc(C(=O)NO)cn4)cc3n2)cn1,4.1,1,nM,CHEMBL3622533,-4.1,4.9,CHEMBL240,hERG,False,False,False
COc1ccc(-c2nn(-c3cccc(NC(=O)c4cccc(C(F)(F)F)c4)c3)cc2-c2ccncc2)cc1Cl,4.88,1,nM,CHEMBL4553144,-4.88,4.12,CHEMBL240,hERG,False,False,False
COc1ccc(-c2nnc(C(=O)N3CC(Oc4ccc(CN(C)C)c(C)c4)C3)o2)cc1,5.0,1,nM,CHEMBL3786272,-5.0,4.0,CHEMBL240,hERG,False,False,False
COc1ccc(-c2nnc(C(=O)N3CC(Oc4ccc(CN(C)C)c(F)c4)C3)o2)cc1,4.82,1,nM,CHEMBL3787170,-4.82,4.18,CHEMBL240,hERG,False,False,False
COc1ccc(-c2nnc(C(=O)N3CC(Oc4ccc(CN(C)C)cc4)C3)o2)cc1,4.68,1,nM,CHEMBL3787134,-4.68,4.32,CHEMBL240,hERG,False,False,False
COc1ccc(-c2nnc(C(=O)N3CC(Oc4ccc(CN(C)CC5(C)COC5)cc4)C3)o2)cc1,4.8,1,nM,CHEMBL3786311,-4.8,4.2,CHEMBL240,hERG,False,False,False
COc1ccc(-c2nnc(C(=O)N3CC(Oc4ccc(CN5CC(OC)C5)cc4)C3)o2)cc1,5.07,1,nM,CHEMBL3786350,-5.07,3.9299999999999997,CHEMBL240,hERG,False,False,False
COc1ccc(-c2nnc(C(=O)N3CC(Oc4ccc(CN5CC6(CCCO6)C5)cc4)C3)o2)cc1,4.89,1,nM,CHEMBL3670638,-4.89,4.11,CHEMBL240,hERG,False,False,False
COc1ccc(-c2nnc(C(=O)N3CC(Oc4ccc(CN5CC6(CCOC6)C5)cc4)C3)o2)cc1,4.8,1,nM,CHEMBL3786841,-4.8,4.2,CHEMBL240,hERG,False,False,False
COc1ccc(-c2nnc(C(=O)N3CC(Oc4ccc(CN5CC6(COC6)C5)cc4)C3)o2)cc1,4.66,1,nM,CHEMBL3787394,-4.66,4.34,CHEMBL240,hERG,False,False,False
COc1ccc(-c2nnc(C(=O)N3CC(Oc4ccc(CN5CCC(C)(O)C5)cc4)C3)o2)cc1,4.58,1,nM,CHEMBL3787261,-4.58,4.42,CHEMBL240,hERG,False,False,False
COc1ccc(-c2nnc(C(=O)N3CC(Oc4ccc(CN5CCCC5)cc4)C3)o2)cc1,5.26,1,nM,CHEMBL3786169,-5.26,3.74,CHEMBL240,hERG,False,False,False
COc1ccc(-c2nnc(C(=O)N3CC(Oc4ccc(CN5CCCC56COC6)cc4)C3)o2)cc1,4.92,1,nM,CHEMBL3670644,-4.92,4.08,CHEMBL240,hERG,False,False,False
COc1ccc(-c2nnc(C(=O)N3CC(Oc4ccc(CN5CCCOCC5)cc4)C3)o2)cc1,4.6,1,nM,CHEMBL3787028,-4.6,4.4,CHEMBL240,hERG,False,False,False
COc1ccc(-c2nnc(C(=O)N3CC(Oc4ccc(CN5CCOCC5)c(OC)c4)C3)o2)cc1,5.01,1,nM,CHEMBL3785102,-5.01,3.99,CHEMBL240,hERG,False,False,False
COc1ccc(-c2nnc(C(=O)N3CCC(Oc4ccc(CN5CC(O)C(C)(C)C5)cc4)CC3)o2)cc1,5.0,1,nM,CHEMBL3787462,-5.0,4.0,CHEMBL240,hERG,False,False,False
COc1ccc(-c2nnc(C(=O)N3CCC(Oc4ccc(CN5CCC(O)C5)cc4)CC3)o2)cc1,4.62,1,nM,CHEMBL3787642,-4.62,4.38,CHEMBL240,hERG,False,False,False
COc1ccc(-c2nnc(C(=O)N3CCC(Oc4ccc(CN5CCCC5)cc4)CC3)o2)cc1,4.96,1,nM,CHEMBL3786572,-4.96,4.04,CHEMBL240,hERG,False,False,False
COc1ccc(-c2nnc(C(=O)N3CCC(Oc4ccc(CN5CCCC5)nc4)CC3)o2)cc1,4.6,1,nM,CHEMBL3786609,-4.6,4.4,CHEMBL240,hERG,False,False,False
COc1ccc(-c2nnc(C(=O)N3CCC(Oc4ccc(CN5CCN(C)CC5)cc4)CC3)o2)cc1,4.82,1,nM,CHEMBL3785118,-4.82,4.18,CHEMBL240,hERG,False,False,False
COc1ccc(-c2nnc(C(=O)N3CCC(Oc4ccc(CN5CCOCC5)cc4)CC3)o2)cc1,4.8,1,nM,CHEMBL3786662,-4.8,4.2,CHEMBL240,hERG,False,False,False
COc1ccc(-c2nnc(C3CCN(Cc4ccc(-c5nc6cc[nH]c(=O)c6cc5-c5ccccc5)cc4)CC3)[nH]2)cn1,5.91,1,nM,CHEMBL446966,-5.91,3.09,CHEMBL240,hERG,False,False,False
COc1ccc(-c2nnc(SCCCN3CCc4ccc(-c5cc(C)on5)cc4CC3)n2C)cc1,7.4,1,nM,CHEMBL242600,-7.4,1.5999999999999996,CHEMBL240,hERG,False,False,False
COc1ccc(-c2nnc(SCCCN3CCc4ccc(-c5cc(C)on5)cc4CC3)n2C)cn1,6.8,1,nM,CHEMBL244945,-6.8,2.2,CHEMBL240,hERG,False,False,False
COc1ccc(-n2cc(Cn3ccc4nc(-c5ccccc5F)nc-4c3)nn2)cc1,5.2,1,nM,CHEMBL4229151,-5.2,3.8,CHEMBL240,hERG,False,False,False
COc1ccc(-n2cc3nc(-c4ccccc4C)n(CC4CCCN(C(C)C)C4)c(=O)c3n2)cc1,4.96,1,nM,CHEMBL3218884,-4.96,4.04,CHEMBL240,hERG,False,False,False
COc1ccc(-n2cc3nc(-c4cccnc4C)n(C[C@H]4CCCN(C[C@H]5CCCO5)C4)c(=O)c3n2)cc1,5.39,1,nM,CHEMBL3218911,-5.39,3.6100000000000003,CHEMBL240,hERG,False,False,False
COc1ccc(-n2cnc3c(-c4ccccc4)csc3c2=O)cc1,4.97,1,nM,CHEMBL3330811,-4.97,4.03,CHEMBL240,hERG,False,False,False
COc1ccc(-n2cnc3c(-c4ccccc4C)csc3c2=O)cc1,5.01,1,nM,CHEMBL3330823,-5.01,3.99,CHEMBL240,hERG,False,False,False
COc1ccc(-n2nc(C(C)=O)s/c2=N\c2nc(-c3ccccc3)cc(-c3ccccc3)c2C#N)cc1,4.75,1,nM,CHEMBL3408385,-4.75,4.25,CHEMBL240,hERG,False,False,False
COc1ccc(-n2nccn2)c(C(=O)N2C[C@@H]3CN(c4nc(C)cc(C)n4)C[C@@H]3C2)c1,5.09,1,nM,CHEMBL3586441,-5.09,3.91,CHEMBL240,hERG,True,True,True
COc1ccc(/C=C/C(=O)N2CCN(c3ccc(C(=O)Nc4ccccc4N)cc3)CC2)cc1,4.6,1,nM,CHEMBL4088425,-4.6,4.4,CHEMBL240,hERG,False,False,False
COc1ccc(/C=C/CN(C)Cc2ccc3c(c2)CCCCC3)cc1,5.5,2,nM,CHEMBL3827961,-5.5,3.5,CHEMBL240,hERG,False,False,False
COc1ccc(/C=C/CN(C)Cc2ccc3c(c2)OCCC3)c(F)c1,5.51,1,nM,CHEMBL4103161,-5.51,3.49,CHEMBL240,hERG,False,False,False
COc1ccc(C#Cc2cccc(C#Cc3ccc(OC)cc3)[n+]2C)cc1,6.42,1,nM,CHEMBL2325213,-6.42,2.58,CHEMBL240,hERG,False,False,False
COc1ccc(C#N)cc1-c1ccnc(Nc2ccc(N3CCOCC3)c(OC)c2)c1,5.33,1,nM,CHEMBL2312148,-5.33,3.67,CHEMBL240,hERG,False,False,False
COc1ccc(C(=O)N2CCN(c3ccc4c(c3)CCC(=O)N4)CC2)cc1OC,5.96,4,nM,CHEMBL17423,-5.96,3.04,CHEMBL240,hERG,False,False,False
COc1ccc(C(=O)N2CCOCC2)cc1Nc1ncc(Cl)c(-c2cnc3ccccn23)n1,5.89,1,nM,CHEMBL1809079,-5.89,3.1100000000000003,CHEMBL240,hERG,False,False,False
COc1ccc(C(=O)NC(=O)Nc2ccc3c(c2)NC(=O)/C3=C\c2[nH]c(C)c(C(=O)NCCN3CCCC3)c2C)c(F)c1,5.01,1,nM,CHEMBL3329684,-5.01,3.99,CHEMBL240,hERG,False,False,False
COc1ccc(C(=O)Nc2ccc(OC(F)(F)F)cc2)cc1-c1cncnc1,5.96,1,nM,CHEMBL3915183,-5.96,3.04,CHEMBL240,hERG,False,False,False
COc1ccc(C(=O)Nc2csc([C@]34CO[C@@H](C)C[C@H]3CSC(N)=N4)n2)cc1,4.74,1,nM,CHEMBL4217023,-4.74,4.26,CHEMBL240,hERG,False,False,False
COc1ccc(C(=O)Nc2csc([C@]34CO[C@@H](C)C[C@H]3CSC(N)=N4)n2)nc1,4.88,1,nM,CHEMBL3922902,-4.88,4.12,CHEMBL240,hERG,False,False,False
COc1ccc(C(=O)Oc2cc(O)cc3oc(-c4ccc(OC)cc4)cc(=O)c23)cc1,5.39,1,nM,CHEMBL3968881,-5.39,3.6100000000000003,CHEMBL240,hERG,False,False,False
COc1ccc(C(=O)Oc2ccc(S(=O)(=O)C3(C(=O)NO)CCC4(CCNCC4)C3)cc2)cc1,4.2,1,nM,CHEMBL3417767,-4.2,4.8,CHEMBL240,hERG,False,False,False
COc1ccc(C(CC(=O)N2CCN(Cc3nc4ccc(C)cc4o3)CC2)c2ccccc2)cc1,5.94,1,nM,CHEMBL1645184,-5.94,3.0599999999999996,CHEMBL240,hERG,False,False,False
COc1ccc(C(CCCN)(c2ccccc2)c2ccccc2)cc1,5.18,1,nM,CHEMBL2325436,-5.18,3.8200000000000003,CHEMBL240,hERG,True,True,True
COc1ccc(C(NC(=O)CC2CCN(Cc3ccn(-c4ccc(C(F)(F)F)cc4)c3)CC2)c2ccc(F)cc2)cn1,5.76,1,nM,CHEMBL553196,-5.76,3.24,CHEMBL240,hERG,False,False,False
COc1ccc(C(NC(=O)c2cnc(-n3cccn3)nc2O)c2ccc(OC)cc2)cc1,6.05,1,nM,CHEMBL4785918,-6.05,2.95,CHEMBL240,hERG,False,False,False
COc1ccc(C2(c3cccc(-c4cccnc4)c3)CC(OC)C(N)=N2)cc1,5.6,5,nM,CHEMBL2380459,-5.6,3.4000000000000004,CHEMBL240,hERG,False,False,False
COc1ccc(C2(c3cccc(-c4cccnc4)c3)N=C(C)C(N)=N2)cc1,4.72,1,nM,CHEMBL2180026,-4.72,4.28,CHEMBL240,hERG,False,False,False
COc1ccc(C2(c3cccc(-c4cccnc4)c3)N=C(N)CS2)cc1,5.0,1,nM,CHEMBL2380455,-5.0,4.0,CHEMBL240,hERG,False,False,False
COc1ccc(C2(c3cccc(-c4cncnc4)c3)CCC(N)=N2)cc1,4.64,1,nM,CHEMBL2380458,-4.64,4.36,CHEMBL240,hERG,False,False,False
COc1ccc(C2(c3cccc(-c4cncnc4)c3)N=C(N)C(C(C)C)=N2)cc1,4.57,1,nM,CHEMBL2180021,-4.57,4.43,CHEMBL240,hERG,False,False,False
COc1ccc(C2(c3cccc(-c4cncnc4)c3)N=C(N)c3c(F)cccc32)cc1,6.3,1,nM,CHEMBL2177916,-6.3,2.7,CHEMBL240,hERG,False,False,False
COc1ccc(C2(c3cccc(-c4cncnc4)c3)N=C(N)c3nc(C)sc32)cc1,5.82,1,nM,CHEMBL2380450,-5.82,3.1799999999999997,CHEMBL240,hERG,False,False,False
COc1ccc(C2(c3cccc(-c4cncnc4)c3)N=C(N)n3nc(C)cc32)cc1,5.07,1,nM,CHEMBL2380451,-5.07,3.9299999999999997,CHEMBL240,hERG,False,False,False
COc1ccc(C23CC2CN(CCCSc2nnc(-c4cccc5nc(C)ccc45)n2C)C3)cc1,6.2,3,nM,CHEMBL1079578,-6.2,2.8,CHEMBL240,hERG,False,False,False
COc1ccc(C23CC2CN(CCCSc2nnc(-c4ocnc4C)n2C)C3)cc1,5.7,3,nM,CHEMBL1079837,-5.7,3.3,CHEMBL240,hERG,False,False,False
COc1ccc(C23CC2CN(CCCSc2nnc(-c4ocnc4C)n2C)C3)cc1C(F)(F)F,5.9,3,nM,CHEMBL1081408,-5.9,3.0999999999999996,CHEMBL240,hERG,False,False,False
COc1ccc(C23CC2CN(CCCSc2nnc(-c4ocnc4C)n2C)C3)cc1Cl,5.7,3,nM,CHEMBL1079494,-5.7,3.3,CHEMBL240,hERG,False,False,False
COc1ccc(C2=CC3(CCNCC3)Oc3ccccc32)cc1,6.23,1,nM,CHEMBL495073,-6.23,2.7699999999999996,CHEMBL240,hERG,True,True,True
COc1ccc(C2CCN(CCC3CCOc4ccccc43)CC2)cc1OC,6.7,3,nM,CHEMBL94664,-6.7,2.3,CHEMBL240,hERG,False,False,False
COc1ccc(C2CCN(CCN3CCOc4ccccc43)CC2)cc1OC,6.6,1,nM,CHEMBL1671893,-6.6,2.4000000000000004,CHEMBL240,hERG,False,False,False
COc1ccc(C2CCN(CC[C@H]3CCOc4ccccc43)CC2)cc1OC,6.6,4,nM,CHEMBL96153,-6.6,2.4000000000000004,CHEMBL240,hERG,False,False,False
COc1ccc(CC(=O)N2CCC3(CC2)CN([C@@H]2CCc4cc(-c5cc(C)ncn5)ccc42)C3)c(C(N)=O)c1,4.33,1,nM,CHEMBL3394201,-4.33,4.67,CHEMBL240,hERG,True,True,True
COc1ccc(CC(=O)N2CCC3(CC2)CN([C@@H]2CCc4cc(-c5ncccn5)ccc42)C3)cc1,5.54,2,nM,CHEMBL2426677,-5.54,3.46,CHEMBL240,hERG,True,True,True
COc1ccc(CC(=O)NCc2ccccc2-c2ccccc2C(=O)NCCc2cccnc2)cc1,5.0,1,nM,CHEMBL1671897,-5.0,4.0,CHEMBL240,hERG,False,False,False
COc1ccc(CC(=O)Nc2cc3c(cc2[N+](=O)[O-])OC(C)(C)[C@H](O)[C@H]3NC2CC2)cc1,4.36,1,nM,CHEMBL1671910,-4.36,4.64,CHEMBL240,hERG,False,False,False
COc1ccc(CC(C)(C)NCC(O)COc2cccc(Cl)c2C#N)cc1,5.44,1,nM,CHEMBL523475,-5.44,3.5599999999999996,CHEMBL240,hERG,False,False,False
COc1ccc(CC(C)(C)NCC(O)COc2ccccc2C#N)cc1,5.46,1,nM,CHEMBL504479,-5.46,3.54,CHEMBL240,hERG,False,False,False
COc1ccc(CC(C)(C)NC[C@H](O)COc2cccc3[nH]c(=O)[nH]c23)cc1,6.43,2,nM,CHEMBL486278,-6.43,2.5700000000000003,CHEMBL240,hERG,False,False,False
COc1ccc(CCCN2C(=O)N(NS(C)(=O)=O)C[C@@H]2c2ccc(OC)cc2)cc1,4.85,1,nM,CHEMBL583430,-4.85,4.15,CHEMBL240,hERG,False,False,False
COc1ccc(CCCN2C(=O)N(NS(C)(=O)=O)C[C@H]2c2ccc(OC)cc2)cc1,4.84,1,nM,CHEMBL570360,-4.84,4.16,CHEMBL240,hERG,False,False,False
COc1ccc(CCN(C)CCCC(C#N)(c2ccc(OC)c(OC)c2)C(C)C)cc1OC,6.84,13,nM,CHEMBL6966,-6.84,2.16,CHEMBL240,hERG,False,False,False
COc1ccc(CCN(C)CCCN(C(=O)c2ccc([N+](=O)[O-])cc2)c2ccc(OC)c(OC)c2)cc1OC,7.7,1,nM,CHEMBL182646,-7.7,1.2999999999999998,CHEMBL240,hERG,False,False,False
COc1ccc(CCN(C)CCN2CCN(c3cccc(Cl)c3)C2=O)cc1OC,5.6,2,nM,CHEMBL554693,-5.6,3.4000000000000004,CHEMBL240,hERG,False,False,False
COc1ccc(CCN(C)CCOc2ccc(NS(C)(=O)=O)cc2N)cc1OC,6.0,1,nM,CHEMBL353985,-6.0,3.0,CHEMBL240,hERG,False,False,False
COc1ccc(CCN2C(=O)N(NS(=O)(=O)CC#N)C[C@@H]2c2ccc(OC)cc2)cc1,4.48,1,nM,CHEMBL570815,-4.48,4.52,CHEMBL240,hERG,False,False,False
COc1ccc(CCN2C(=O)N(NS(=O)(=O)CF)C[C@@H]2c2ccc(OC)cc2)cc1,4.55,1,nM,CHEMBL571039,-4.55,4.45,CHEMBL240,hERG,False,False,False
COc1ccc(CCN2C(=O)N(NS(=O)(=O)Cc3ccccc3)C[C@@H]2c2ccc(OC)cc2)cc1,5.36,1,nM,CHEMBL569628,-5.36,3.6399999999999997,CHEMBL240,hERG,False,False,False
COc1ccc(CCN2C(=O)N(NS(C)(=O)=O)CC2c2ccc(C(F)(F)F)cc2)cc1,5.04,1,nM,CHEMBL571041,-5.04,3.96,CHEMBL240,hERG,False,False,False
COc1ccc(CCN2C(=O)N(NS(C)(=O)=O)CC2c2ccc(C)c(C)c2)cc1,4.8,1,nM,CHEMBL585163,-4.8,4.2,CHEMBL240,hERG,False,False,False
COc1ccc(CCN2C(=O)N(NS(C)(=O)=O)CC2c2ccc(C)cc2)cc1,4.95,1,nM,CHEMBL572153,-4.95,4.05,CHEMBL240,hERG,False,False,False
COc1ccc(CCN2C(=O)N(NS(C)(=O)=O)CC2c2ccc(C3CC3)cc2)cc1,5.08,1,nM,CHEMBL583254,-5.08,3.92,CHEMBL240,hERG,False,False,False
COc1ccc(CCN2C(=O)N(NS(C)(=O)=O)CC2c2ccc(Cl)cc2)cc1,5.06,1,nM,CHEMBL583465,-5.06,3.9400000000000004,CHEMBL240,hERG,False,False,False
COc1ccc(CCN2C(=O)N(NS(C)(=O)=O)CC2c2ccc(OC(C)C)cc2)cc1,4.77,1,nM,CHEMBL571952,-4.77,4.23,CHEMBL240,hERG,False,False,False
COc1ccc(CCN2C(=O)N(NS(C)(=O)=O)C[C@@H]2c2ccc(OC)cc2)cc1,4.57,1,nM,CHEMBL569184,-4.57,4.43,CHEMBL240,hERG,False,False,False
COc1ccc(CCN2C(=O)N(NS(C)(=O)=O)C[C@H]2c2ccc(OC)cc2)cc1,4.82,1,nM,CHEMBL569185,-4.82,4.18,CHEMBL240,hERG,False,False,False
COc1ccc(CCN2CCC(CCc3cccc(OCCF)c3)CC2)cc1,6.55,1,nM,CHEMBL4213543,-6.55,2.45,CHEMBL240,hERG,False,False,False
COc1ccc(CCN2CCC(CCc3ccccc3OCCF)CC2)cc1,6.46,1,nM,CHEMBL4203660,-6.46,2.54,CHEMBL240,hERG,False,False,False
COc1ccc(CCN2CCC(Nc3nc4ccccc4[nH]3)CC2)cc1,6.79,1,nM,CHEMBL4213322,-6.79,2.21,CHEMBL240,hERG,False,False,False
COc1ccc(CCN2CCC(Nc3nc4ccccc4n3CC3CCCCC3)CC2)cc1,8.48,1,nM,CHEMBL4207128,-8.48,0.5199999999999996,CHEMBL240,hERG,False,False,False
COc1ccc(CCN2CCC(Nc3nc4ccccc4n3CCC(C)C)CC2)cc1,6.67,1,nM,CHEMBL4217155,-6.67,2.33,CHEMBL240,hERG,False,False,False
COc1ccc(CCN2CCC(Nc3nc4ccccc4n3Cc3ccc(F)cc3)CC2)cc1,8.05,16,nM,CHEMBL296419,-8.05,0.9499999999999993,CHEMBL240,hERG,True,True,True
COc1ccc(CCN2CCC(Nc3nc4ccccc4n3Cc3ccc(F)cc3F)CC2)cc1,6.75,1,nM,CHEMBL4208355,-6.75,2.25,CHEMBL240,hERG,False,False,False
COc1ccc(CCN2CCN(CCc3ccc([N+](=O)[O-])cc3)CC2)cc1,8.15,1,nM,CHEMBL2146861,-8.15,0.8499999999999996,CHEMBL240,hERG,False,False,False
COc1ccc(CCN2C[C@H](CNC(=O)c3cccc(Cl)c3)[C@@H](c3ccc(OC)cc3)C2)cc1,7.55,1,nM,CHEMBL1760227,-7.55,1.4500000000000002,CHEMBL240,hERG,False,False,False
COc1ccc(CCNC(=O)c2ccc(OCCC(F)(F)F)nc2)c(-c2cnc(OC)nc2)c1,5.2,1,nM,CHEMBL2147225,-5.2,3.8,CHEMBL240,hERG,False,False,False
COc1ccc(CCNC(C)COc2c(C)cccc2C)cc1OC,5.21,1,nM,CHEMBL184014,-5.21,3.79,CHEMBL240,hERG,False,False,False
COc1ccc(CCNCCCNC(=O)c2ccc([N+](=O)[O-])cc2)cc1OC,6.38,1,nM,CHEMBL184461,-6.38,2.62,CHEMBL240,hERG,False,False,False
COc1ccc(CCNCCCNc2nc3ccccc3n2Cc2ccc(F)cc2)cc1,6.39,1,nM,CHEMBL4868855,-6.39,2.6100000000000003,CHEMBL240,hERG,False,False,False
COc1ccc(CCO[C@@H]2CCCC[C@H]2N2CC[C@@H](O)C2)cc1OC,5.16,1,nM,CHEMBL2107383,-5.16,3.84,CHEMBL240,hERG,False,False,False
COc1ccc(CN(C)C)c(Oc2ccc(Cl)c(Cl)c2)c1,6.63,1,nM,CHEMBL455423,-6.63,2.37,CHEMBL240,hERG,False,False,False
COc1ccc(CN(CC(=O)N2CCC(CN)CC2)c2ccc(C#N)cc2)cc1F,4.91,1,nM,CHEMBL4095018,-4.91,4.09,CHEMBL240,hERG,False,False,False
COc1ccc(CN(CC(=O)N2CCC3(CC2)CNC3)c2ccc(C#N)cc2)cc1F,4.7,1,nM,CHEMBL4102775,-4.7,4.3,CHEMBL240,hERG,False,False,False
COc1ccc(CN(CCN(C)C)c2ccccn2)cc1,5.43,2,nM,CHEMBL511,-5.43,3.5700000000000003,CHEMBL240,hERG,False,False,False
COc1ccc(CN2CCC(C#N)(CNC(=O)c3cc(CC(C)C)n(-c4ccccc4)n3)CC2)cc1,5.49,1,nM,CHEMBL1836257,-5.49,3.51,CHEMBL240,hERG,False,False,False
COc1ccc(CN2CCC(C#N)(CNC(=O)c3cc(OC)cc(OC)c3)CC2)cc1,5.49,1,nM,CHEMBL1836148,-5.49,3.51,CHEMBL240,hERG,False,False,False
COc1ccc(CN2CCC(NC(=O)c3cc(=O)c4ccc(F)cc4o3)CC2)c(F)c1,7.83,1,nM,CHEMBL387309,-7.83,1.17,CHEMBL240,hERG,False,False,False
COc1ccc(CN2CCC(NC(=O)c3cc(=O)c4ccc(F)cc4o3)CC2)cc1,8.27,1,nM,CHEMBL217593,-8.27,0.7300000000000004,CHEMBL240,hERG,False,False,False
COc1ccc(CN2CCC(NC(=O)c3cc(=O)c4ccc(F)cc4o3)CC2)cc1F,6.575,2,nM,CHEMBL214768,-6.575,2.425,CHEMBL240,hERG,False,False,False
COc1ccc(CN2CCN(C(=O)/C=C/c3ccc(Cl)cc3Cn3nnc(C)n3)CC2)nc1,5.72,1,nM,CHEMBL4779944,-5.72,3.2800000000000002,CHEMBL240,hERG,False,False,False
COc1ccc(CN2CCc3cc4nc(N)sc4cc3CC2)cc1,5.48,1,nM,CHEMBL2326479,-5.48,3.5199999999999996,CHEMBL240,hERG,True,True,True
COc1ccc(CNC(=O)c2cc(-c3cc(Cl)cc(Cl)c3)cnc2-c2cccnc2)cc1OC,5.16,1,nM,CHEMBL3099899,-5.16,3.84,CHEMBL240,hERG,True,True,True
COc1ccc(CN[C@@H]2CC[C@@H](C(=O)N3CCC(C(=O)N4CCCC4)(c4ccccc4)CC3)C(C)(C)C2)cc1,6.05,1,nM,CHEMBL557932,-6.05,2.95,CHEMBL240,hERG,True,True,True
COc1ccc(COc2ccn(-c3ccc(OCCN4CCCC4)cc3)c(=O)c2)cc1,8.92,1,nM,CHEMBL1642476,-8.92,0.08000000000000007,CHEMBL240,hERG,False,False,False
COc1ccc(COc2cnn(CC(=O)c3ccc(CN(C)C)cc3C)c(=O)c2)nc1,4.8,1,nM,CHEMBL3601377,-4.8,4.2,CHEMBL240,hERG,False,False,False
COc1ccc(C[C@@H](C(=O)O)N2CCC(CN3CCC(Oc4ccc(Cl)c(Cl)c4)CC3)CC2)cc1,5.0,1,nM,CHEMBL2158776,-5.0,4.0,CHEMBL240,hERG,True,True,True
COc1ccc(Cc2cc3c(=O)n([C@H]4CCCC[C@@H]4O)cnc3c3ccccc23)cn1,5.19,1,nM,CHEMBL4213206,-5.19,3.8099999999999996,CHEMBL240,hERG,False,False,False
COc1ccc(Cc2nccc3cc(OC)c(OC)cc23)cc1OC,5.14,1,nM,CHEMBL19224,-5.14,3.8600000000000003,CHEMBL240,hERG,False,False,False
COc1ccc(Cl)cc1-c1ccnc(Nc2ccc(N3CCOCC3)c(OC)c2)c1,4.7,1,nM,CHEMBL2312150,-4.7,4.3,CHEMBL240,hERG,False,False,False
COc1ccc(Cl)cc1C(=O)NCCc1ccc(S(=O)(=O)NC(=O)NC2CCCCC2)cc1,4.13,3,nM,CHEMBL472,-4.13,4.87,CHEMBL240,hERG,False,False,False
COc1ccc(Cn2c(=O)n3ncnc3c3c4c(sc32)CN(C(=O)C2CC2(F)F)CC4)cc1,5.31,1,nM,CHEMBL4094575,-5.31,3.6900000000000004,CHEMBL240,hERG,False,False,False
COc1ccc(Cn2c(=O)n3ncnc3c3c4c(sc32)CN(CC2CCOCC2)CC4(F)F)cc1,5.04,1,nM,CHEMBL4095097,-5.04,3.96,CHEMBL240,hERG,False,False,False
COc1ccc(Cn2c(=O)n3ncnc3c3c4c(sc32)CN(CC2CCOCC2)CC4)c(F)c1,5.57,1,nM,CHEMBL4067682,-5.57,3.4299999999999997,CHEMBL240,hERG,False,False,False
COc1ccc(Cn2c(=O)n3ncnc3c3c4c(sc32)CN(CC2CCOCC2)CC4)cc1,5.66,1,nM,CHEMBL4102858,-5.66,3.34,CHEMBL240,hERG,False,False,False
COc1ccc(Cn2c(N3CC[C@@H](N(C)C)C3)nc3ccccc32)cc1,6.31,1,nM,CHEMBL1087367,-6.31,2.6900000000000004,CHEMBL240,hERG,False,False,False
COc1ccc(Cn2c([C@H]3CNCCS3)nc3ccccc32)cc1,5.82,1,nM,CHEMBL1935447,-5.82,3.1799999999999997,CHEMBL240,hERG,False,False,False
COc1ccc(Cn2ccc3nc(N)nc(NCc4cc(C)on4)c32)nc1OC,6.16,1,nM,CHEMBL4078859,-6.16,2.84,CHEMBL240,hERG,False,False,False
COc1ccc(N(Cc2cnccc2C)C2CCN([C@H](C)CCNC(=O)c3c(C)cc(Cl)nc3C)CC2)cc1,6.6,1,nM,CHEMBL1926893,-6.6,2.4000000000000004,CHEMBL240,hERG,False,False,False
COc1ccc(N2C(=O)C(C)(C)C2c2ccccc2OC)cc1,4.89,1,nM,CHEMBL3220615,-4.89,4.11,CHEMBL240,hERG,False,False,False
COc1ccc(N2C(=O)[C@@H](Cc3ccc(OCCc4nc(-c5ccccc5)oc4C)cc3)[C@H]2C(=O)O)cc1,4.27,1,nM,CHEMBL411118,-4.27,4.73,CHEMBL240,hERG,False,False,False
COc1ccc(N2CCC3(CCN(C[C@H](O)c4ccc5c(c4C)COC5=O)CC3)C2)cn1,5.48,1,nM,CHEMBL4089640,-5.48,3.5199999999999996,CHEMBL240,hERG,False,False,False
COc1ccc(N2CCC3CN(CCCSc4nnc(-c5cnccn5)n4C)CC32)cc1,6.1,1,nM,CHEMBL3775023,-6.1,2.9000000000000004,CHEMBL240,hERG,True,True,True
COc1ccc(N2CCN(C(C)=O)CC2)cc1Nc1ncc(Cl)c(-c2cnc3ccccn23)n1,5.37,1,nM,CHEMBL1809076,-5.37,3.63,CHEMBL240,hERG,False,False,False
COc1ccc(N2CCN(Cc3nc4c5cccc(OC)c5nc(N)n4n3)[C@H](C)C2)cc1,4.68,1,nM,CHEMBL3596513,-4.68,4.32,CHEMBL240,hERG,True,True,True
COc1ccc(N2CCNCC2)cc1Nc1ncc(Cl)c(-c2cnc3ccccn23)n1,5.32,1,nM,CHEMBL1809077,-5.32,3.6799999999999997,CHEMBL240,hERG,False,False,False
COc1ccc(N2CCOCC2)cc1Nc1ncc(Cl)c(-c2cnc3ccccn23)n1,5.29,1,nM,CHEMBL1809078,-5.29,3.71,CHEMBL240,hERG,False,False,False
COc1ccc(NC(=N)NCCCOc2ccc(F)cc2)cc1,6.38,1,nM,CHEMBL4092687,-6.38,2.62,CHEMBL240,hERG,True,True,True
COc1ccc(NC(=O)/C=C/CN(C)C)cc1Nc1ncc(Cl)c(-c2cnn3ccccc23)n1,5.38,2,nM,CHEMBL2426288,-5.38,3.62,CHEMBL240,hERG,False,False,False
COc1ccc(NC(=O)Cn2cc(CCNS(=O)(=O)c3ccc(OC)cc3)c3ccccc32)cc1,4.99,1,nM,CHEMBL2440395,-4.99,4.01,CHEMBL240,hERG,False,False,False
COc1ccc(NC(=O)N2CCN(c3nc(N)nc4sc(-c5ccccc5)nc34)CC2)cc1,5.77,1,nM,CHEMBL4210308,-5.77,3.2300000000000004,CHEMBL240,hERG,False,False,False
COc1ccc(NC(=O)N2CCN(c3nc(N)nc4sc(-c5cccnc5)nc34)CC2)cc1,5.66,1,nM,CHEMBL4205416,-5.66,3.34,CHEMBL240,hERG,False,False,False
COc1ccc(NC(=O)N2CCN(c3nc(N)nc4sccc34)[C@@H](C)C2)c(C)c1,5.1,1,nM,CHEMBL4215244,-5.1,3.9000000000000004,CHEMBL240,hERG,False,False,False
COc1ccc(NC(=O)N2CCN(c3nc(N)nc4scnc34)CC2)cc1,4.55,1,nM,CHEMBL4217096,-4.55,4.45,CHEMBL240,hERG,False,False,False
COc1ccc(NC(=O)N2CCN(c3nc(N)nc4scnc34)[C@@H](C)C2)cc1,4.77,1,nM,CHEMBL4203041,-4.77,4.23,CHEMBL240,hERG,False,False,False
COc1ccc(NC(=O)N2CCN(c3nc(N)nc4sncc34)[C@@H](C)C2)c(C)c1,5.1,1,nM,CHEMBL4203566,-5.1,3.9000000000000004,CHEMBL240,hERG,False,False,False
COc1ccc(NC(=O)N2CCNC[C@@H]2COc2cccnc2)cc1,4.51,1,nM,CHEMBL3262163,-4.51,4.49,CHEMBL240,hERG,False,False,False
COc1ccc(NC(=O)NC2CC2)c(OC[C@@H](O)CN2CCC3(CC2)Cc2cc(Cl)ccc2O3)c1,6.16,1,nM,CHEMBL3099944,-6.16,2.84,CHEMBL240,hERG,False,False,False
COc1ccc(NC(=O)c2ccc(C(=N)N(C)C)cc2)c(C(=O)Nc2ccc(Cl)cn2)c1,5.05,2,nM,CHEMBL512351,-5.05,3.95,CHEMBL240,hERG,True,True,True
COc1ccc(NC(=O)c2ccc(C(=N)N(C)C)cc2F)c(C(=O)Nc2ccc(Cl)cn2)c1,5.38,1,nM,CHEMBL515919,-5.38,3.62,CHEMBL240,hERG,True,True,True
COc1ccc(NC(=O)c2ccc(Cn3ccnn3)c3ccccc23)c(C(=O)NCC2CCOCC2)n1,4.96,1,nM,CHEMBL2316378,-4.96,4.04,CHEMBL240,hERG,False,False,False
COc1ccc(Nc2cc(NCCN)nnc2C(N)=O)nc1C(C)C,4.9,1,nM,CHEMBL3237578,-4.9,4.1,CHEMBL240,hERG,False,False,False
COc1ccc(Nc2cc(N[C@@H]3CCCC[C@@H]3N)nnc2C(N)=O)nc1C(C)C,5.7,1,nM,CHEMBL3237575,-5.7,3.3,CHEMBL240,hERG,False,False,False
COc1ccc(Nc2cc(N[C@@H]3CCCC[C@@H]3N)nnc2C(N)=O)nc1OC,5.3,1,nM,CHEMBL3237565,-5.3,3.7,CHEMBL240,hERG,False,False,False
COc1ccc(Nc2cc(N[C@@H]3CCOC[C@@H]3N)nnc2C(N)=O)nc1C(C)C,4.8,1,nM,CHEMBL3237576,-4.8,4.2,CHEMBL240,hERG,False,False,False
COc1ccc(OC)c(Cc2nc3ccccc3n2CC(=O)Nc2cc(C(C)(C)C)cc(C(C)(C)C)c2)c1,7.7,1,nM,CHEMBL3899686,-7.7,1.2999999999999998,CHEMBL240,hERG,False,False,False
COc1ccc(OC2CN(C(=O)NC3CCN(Cc4ccn(-c5ccc(C(F)(F)F)cc5)c4)CC3)C2)cc1,5.69,1,nM,CHEMBL557873,-5.69,3.3099999999999996,CHEMBL240,hERG,False,False,False
COc1ccc(OCCCc2cccc(CCCOc3ccc(OC)cc3)[n+]2C)cc1,6.8,1,nM,CHEMBL2324243,-6.8,2.2,CHEMBL240,hERG,False,False,False
COc1ccc(Oc2ccc(S(=O)(=O)C3(C(=O)NO)CCC4(CCNCC4)C3)cc2)cc1,4.43,1,nM,CHEMBL3417742,-4.43,4.57,CHEMBL240,hERG,False,False,False
COc1ccc(Oc2ccnc3cc(-c4cnn(C5CCNCC5)c4)ccc23)cc1,5.61,1,nM,CHEMBL4087615,-5.61,3.3899999999999997,CHEMBL240,hERG,False,False,False
COc1ccc(Oc2nc(Nc3ccc(N4CCOCC4)nc3)ncc2NC(=O)c2cc(OC)cc(OC)c2)cc1,4.77,1,nM,CHEMBL4461911,-4.77,4.23,CHEMBL240,hERG,False,False,False
COc1ccc(S(=O)(=O)NCCc2cn(CC(=O)Nc3ccc(Cl)cc3)c3ccccc23)cc1,4.94,1,nM,CHEMBL2440396,-4.94,4.06,CHEMBL240,hERG,False,False,False
COc1ccc([C@@H](C)N[C@@H]2CC[C@@H](C(=O)N3CCC(C(=O)N4CCCCC4)(c4ccccc4)CC3)C(C)(C)C2)cc1,5.05,1,nM,CHEMBL552762,-5.05,3.95,CHEMBL240,hERG,True,True,True
COc1ccc([C@@H](C)N[C@@H]2CC[C@@H](C(=O)N3CCC(c4ccccc4)(N4CCCCC4)CC3)C(C)(C)C2)cc1,5.17,1,nM,CHEMBL561594,-5.17,3.83,CHEMBL240,hERG,True,True,True
COc1ccc([C@@H](C)N[C@@H]2CC[C@@H](C(=O)N3CCC(c4ccccc4)(c4ccc(Cl)nc4)CC3)C(C)(C)C2)cc1,5.68,1,nM,CHEMBL551206,-5.68,3.3200000000000003,CHEMBL240,hERG,True,True,True
COc1ccc([C@@H](C)N[C@@H]2CC[C@@H](C(=O)N3CCC(c4ccccc4)(c4ccc(OC)nc4)CC3)C(C)(C)C2)cc1,6.28,1,nM,CHEMBL171377,-6.28,2.7199999999999998,CHEMBL240,hERG,True,True,True
COc1ccc([C@@H](C)N[C@@H]2CC[C@@H](C(=O)N3CCC(c4ccccc4)(c4ccccc4)CC3)C(C)(C)C2)cc1,6.28,1,nM,CHEMBL549851,-6.28,2.7199999999999998,CHEMBL240,hERG,True,True,True
COc1ccc([C@@H](C)N[C@@H]2CC[C@@H](C(=O)N3CCC(c4ccccc4)(c4cccnc4)CC3)C(C)(C)C2)cc1,5.02,1,nM,CHEMBL559045,-5.02,3.9800000000000004,CHEMBL240,hERG,True,True,True
COc1ccc([C@@H](O)C[C@H]2c3cc(OC)c(OC)cc3CCN2C)cc1,6.1,1,nM,CHEMBL196983,-6.1,2.9000000000000004,CHEMBL240,hERG,False,False,False
COc1ccc([C@@H]2Sc3ccccc3N(CCN(C)C)C(=O)[C@@H]2OC(C)=O)cc1,4.76,5,nM,CHEMBL23,-4.76,4.24,CHEMBL240,hERG,False,False,False
COc1ccc([C@H](C)N[C@@H]2CC[C@@H](C(=O)N3CCC(C(=O)N4CCCC4)(c4ccccc4)CC3)C(C)(C)C2)cc1,5.33,1,nM,CHEMBL563052,-5.33,3.67,CHEMBL240,hERG,True,True,True
COc1ccc([C@H](N[C@@H]2CC[C@@H](C(=O)N3CCC(C(=O)N4CCCC4)(c4ccccc4)CC3)C(C)(C)C2)C(F)(F)F)cc1,5.13,1,nM,CHEMBL538380,-5.13,3.87,CHEMBL240,hERG,True,True,True
COc1ccc([C@H]2CC[C@@H](N3CC(NC(=O)CNc4n[nH]c5ccc(C(F)(F)F)cc45)C3)CC2)cn1,5.6,1,nM,CHEMBL1834634,-5.6,3.4000000000000004,CHEMBL240,hERG,False,False,False
COc1ccc([C@H]2CC[C@@H](N3CC(NC(=O)CNc4nn(C)c5ccc(C(F)(F)F)cc45)C3)CC2)cn1,4.92,1,nM,CHEMBL1834790,-4.92,4.08,CHEMBL240,hERG,False,False,False
COc1ccc([C@H]2CC[C@@H](N3CC(NC(=O)CNc4noc5ccc(C(F)(F)F)cc45)C3)CC2)cn1,8.06,1,nM,CHEMBL1834852,-8.06,0.9399999999999995,CHEMBL240,hERG,False,False,False
COc1ccc([C@H]2CC[C@H](N3CC(NC(=O)CNC(=O)c4cccc(C(F)(F)F)c4)C3)CC2)cc1,5.52,1,nM,CHEMBL1829612,-5.52,3.4800000000000004,CHEMBL240,hERG,False,False,False
COc1ccc([C@H]2CC[C@H](N3CC(NC(=O)CNC(=O)c4cccc(C(F)(F)F)c4)C3)CC2)cn1,5.55,1,nM,CHEMBL1829619,-5.55,3.45,CHEMBL240,hERG,False,False,False
COc1ccc([C@H]2CN(CCC3(O)CCOCC3)C[C@@H]2CC(=O)Nc2cccc(Cl)c2)cc1,5.08,1,nM,CHEMBL1760248,-5.08,3.92,CHEMBL240,hERG,False,False,False
COc1ccc([C@H]2CN(CCC3CCOCC3)C[C@@H]2CC(=O)Nc2cccc(Cl)c2)cc1,6.92,1,nM,CHEMBL1760246,-6.92,2.08,CHEMBL240,hERG,False,False,False
COc1ccc([C@H]2CN(CCC3CCOCC3)C[C@@H]2CNC(=O)c2cccc(Cl)c2)cc1,5.71,1,nM,CHEMBL1760229,-5.71,3.29,CHEMBL240,hERG,False,False,False
COc1ccc([C@H]2CN(CCC3CCS(=O)(=O)CC3)C[C@@H]2CC(=O)Nc2cccc(Cl)c2)cc1,6.54,1,nM,CHEMBL1760247,-6.54,2.46,CHEMBL240,hERG,False,False,False
COc1ccc([C@H]2CN(CCCC3CCNCC3)C[C@@H]2CNC(=O)c2cccc(Cl)c2)cc1,4.69,1,nM,CHEMBL1760230,-4.69,4.31,CHEMBL240,hERG,False,False,False
COc1ccc([C@H]2CN(CCCC3CCOCC3)C[C@@H]2CC(=O)Nc2cccc(Cl)c2)cc1,6.43,1,nM,CHEMBL1760245,-6.43,2.5700000000000003,CHEMBL240,hERG,False,False,False
COc1ccc([C@H]2CN(CCCC3CCOCC3)C[C@@H]2CNC(=O)c2cccc(Cl)c2)cc1,5.99,1,nM,CHEMBL1760003,-5.99,3.01,CHEMBL240,hERG,False,False,False
COc1ccc([C@H]2CN(CCCN(C)S(=O)(=O)c3ccccc3)C[C@@H]2CC(=O)Nc2cccc(Cl)c2)cc1,6.85,1,nM,CHEMBL1760250,-6.85,2.1500000000000004,CHEMBL240,hERG,False,False,False
COc1ccc([C@H]2CN(CCCN(C)S(C)(=O)=O)C[C@@H]2CC(=O)Nc2cccc(Cl)c2)cc1,5.33,1,nM,CHEMBL1760249,-5.33,3.67,CHEMBL240,hERG,False,False,False
COc1ccc([C@H]2CN(CCCN3CCCC3=O)C[C@@H]2CC(=O)Nc2cccc(Cl)c2)cc1,5.9,1,nM,CHEMBL1760251,-5.9,3.0999999999999996,CHEMBL240,hERG,False,False,False
COc1ccc([C@H]2CN(CCCc3ccc(OC)c(OC)c3)C[C@@H]2CNC(=O)c2cccc(Cl)c2)cc1,6.7,1,nM,CHEMBL1760223,-6.7,2.3,CHEMBL240,hERG,False,False,False
COc1ccc([C@H]2CN(CCc3ccc(OC)c(OC)c3)C[C@@H]2CC(=O)N(C)c2cccc(Cl)c2)cc1,7.54,1,nM,CHEMBL1760235,-7.54,1.46,CHEMBL240,hERG,False,False,False
COc1ccc([C@H]2CN(CCc3ccc(OC)c(OC)c3)C[C@@H]2CC(=O)NCc2cccc(Cl)c2)cc1,7.47,1,nM,CHEMBL1760236,-7.47,1.5300000000000002,CHEMBL240,hERG,False,False,False
COc1ccc([C@H]2CN(CCc3ccc(OC)c(OC)c3)C[C@@H]2CC(=O)Nc2cccc(Cl)c2)cc1,7.9399999999999995,2,nM,CHEMBL1760234,-7.9399999999999995,1.0600000000000005,CHEMBL240,hERG,False,False,False
COc1ccc([C@H]2CN(CCc3ccc(OC)c(OC)c3)C[C@@H]2CCNC(=O)c2cccc(Cl)c2)cc1,7.25,1,nM,CHEMBL1760237,-7.25,1.75,CHEMBL240,hERG,False,False,False
COc1ccc([C@H]2CN(CCc3ccc(OC)c(OC)c3)C[C@@H]2CCc2cc3ccc(Cl)cc3[nH]2)cc1,7.35,1,nM,CHEMBL1760244,-7.35,1.6500000000000004,CHEMBL240,hERG,False,False,False
COc1ccc([C@H]2CN(CCc3ccc(OC)c(OC)c3)C[C@@H]2CCc2nc3ccc(Cl)cc3[nH]2)cc1,7.8,1,nM,CHEMBL1760243,-7.8,1.2000000000000002,CHEMBL240,hERG,False,False,False
COc1ccc([C@H]2CN(CCc3ccc(OC)c(OC)c3)C[C@@H]2CNC(=O)c2cccc(Cl)c2)cc1,6.88,2,nM,CHEMBL1760059,-6.88,2.12,CHEMBL240,hERG,False,False,False
COc1ccc([C@H]2CN(CCc3ccc(OC)c(OC)c3)C[C@@H]2Cc2nc3ccc(Cl)cc3[nH]2)cc1,7.55,1,nM,CHEMBL1760242,-7.55,1.4500000000000002,CHEMBL240,hERG,False,False,False
COc1ccc([C@H]2CN(CCc3cccc(OC)c3)C[C@@H]2CNC(=O)c2cccc(Cl)c2)cc1,7.33,1,nM,CHEMBL1760226,-7.33,1.67,CHEMBL240,hERG,False,False,False
COc1ccc([C@H]2CN(Cc3ccc(OC)c(OC)c3)C[C@@H]2CNC(=O)c2cccc(Cl)c2)cc1,6.22,1,nM,CHEMBL1760222,-6.22,2.7800000000000002,CHEMBL240,hERG,False,False,False
COc1ccc([C@H]2CN(NS(C)(=O)=O)C(=O)N2CCc2ccc(OC(F)(F)F)cc2)cc1,5.25,1,nM,CHEMBL583047,-5.25,3.75,CHEMBL240,hERG,False,False,False
COc1ccc([C@]2(O)CC[C@@H](N3CC(NC(=O)CNC(=O)c4cccc(C(F)(F)F)c4)C3)CC2)cc1,5.05,1,nM,CHEMBL1829632,-5.05,3.95,CHEMBL240,hERG,False,False,False
COc1ccc([C@]2(O)CC[C@H](N3CC(NC(=O)CNC(=O)c4cccc(C(F)(F)F)c4)C3)CC2)cn1,4.43,1,nM,CHEMBL2204244,-4.43,4.57,CHEMBL240,hERG,False,False,False
COc1ccc([C@]2(O)CC[C@H](N3CC(NC(=O)CNC(=O)c4cccc(C(F)(F)F)c4)C3)CC2)nc1,4.6,1,nM,CHEMBL2204248,-4.6,4.4,CHEMBL240,hERG,False,False,False
COc1ccc([C@]2(O)CC[C@H](N3CC(NC(=O)CNc4n[nH]c5ccc(C(F)(F)F)cc45)C3)CC2)cn1,4.5,1,nM,CHEMBL2092884,-4.5,4.5,CHEMBL240,hERG,False,False,False
COc1ccc([C@]2(O)CC[C@H](N3CC(NC(=O)CNc4ncnc5ccc(C(F)(F)F)cc45)C3)CC2)cn1,4.54,1,nM,CHEMBL2315927,-4.54,4.46,CHEMBL240,hERG,False,False,False
COc1ccc([C@]2(O)CC[C@H](N3CC[C@@H](NC(=O)CNC(=O)c4cccc(C(F)(F)F)c4)C3)CC2)cn1,4.08,1,nM,CHEMBL1951778,-4.08,4.92,CHEMBL240,hERG,False,False,False
COc1ccc([C@]2(c3ccc(F)cc3)N=C(c3cc(C#N)ccn3)N[C@H]2C)cn1,5.2,1,nM,CHEMBL506163,-5.2,3.8,CHEMBL240,hERG,False,False,False
COc1ccc2[nH]c3c(c2c1)CC1c2cc4c(cc2CCN1C3)OCO4,4.78,1,nM,CHEMBL3916182,-4.78,4.22,CHEMBL240,hERG,False,False,False
COc1ccc2[nH]c3c(c2c1)C[C@H]1c2cc4c(cc2CCN1C3)OCO4,4.88,1,nM,CHEMBL3892879,-4.88,4.12,CHEMBL240,hERG,False,False,False
COc1ccc2c(-c3cnn(-c4ccccc4)c3)ccnc2c1,5.6,1,nM,CHEMBL2023457,-5.6,3.4000000000000004,CHEMBL240,hERG,False,False,False
COc1ccc2c(-n3cnc(C)c3)nc(C#N)c(-c3cccc(F)c3)c2c1,4.68,1,nM,CHEMBL215818,-4.68,4.32,CHEMBL240,hERG,False,False,False
COc1ccc2c(=O)cc(C(=O)NC3CCN(Cc4ccc5c(c4)OCO5)CC3)oc2c1,7.94,1,nM,CHEMBL206081,-7.94,1.0599999999999996,CHEMBL240,hERG,False,False,False
COc1ccc2c(=O)n(-c3ccc(OCCCN4CCCC4)cc3)c(C)nc2c1,5.0,1,nM,CHEMBL477201,-5.0,4.0,CHEMBL240,hERG,True,True,True
COc1ccc2c(=O)n(C)c(-c3ccc(OC4CCN(C5CCC5)CC4)cc3)nc2c1,5.37,2,nM,CHEMBL454879,-5.37,3.63,CHEMBL240,hERG,False,False,False
COc1ccc2c(=O)n(C)c(CN(C)C)c(-c3ccccc3)c2c1,5.28,1,nM,CHEMBL214742,-5.28,3.7199999999999998,CHEMBL240,hERG,False,False,False
COc1ccc2c(=O)n(CC(CO)NCc3cccnc3)c(C#N)c(-c3ccccc3)c2c1,5.0,1,nM,CHEMBL214553,-5.0,4.0,CHEMBL240,hERG,False,False,False
COc1ccc2c(=O)n(CC(O)CO)c(C#N)c(-c3cccc(C(F)(F)F)c3)c2c1,4.8,1,nM,CHEMBL216168,-4.8,4.2,CHEMBL240,hERG,False,False,False
COc1ccc2c(=O)n(CC(O)CO)c(C#N)c(-c3cccc(F)c3)c2c1,4.47,1,nM,CHEMBL215023,-4.47,4.53,CHEMBL240,hERG,False,False,False
COc1ccc2c(=O)n(CCO)c(C#N)c(-c3cccc(F)c3)c2c1,4.21,1,nM,CHEMBL214969,-4.21,4.79,CHEMBL240,hERG,False,False,False
COc1ccc2c(=O)n(C[C@@H](O)CO)c(C#N)c(-c3ccccc3)c2c1,4.12,1,nM,CHEMBL217571,-4.12,4.88,CHEMBL240,hERG,False,False,False
COc1ccc2c(C)cc(=O)n(CCN3CCC(NCc4cc5c(cn4)OCCO5)CC3)c2c1,4.64,1,nM,CHEMBL1916540,-4.64,4.36,CHEMBL240,hERG,False,False,False
COc1ccc2c(NC[C@H](O)CO)nc(C#N)c(-c3ccccc3)c2c1,4.82,1,nM,CHEMBL214876,-4.82,4.18,CHEMBL240,hERG,False,False,False
COc1ccc2c(OC[C@H](O)CO)nc(C#N)c(-c3ccccc3)c2c1,4.69,1,nM,CHEMBL383997,-4.69,4.31,CHEMBL240,hERG,False,False,False
COc1ccc2c(c1)C(=O)N(Cc1ccccc1-c1ccccc1)C2C(=O)NC(C)(C)C,4.52,1,nM,CHEMBL3785555,-4.52,4.48,CHEMBL240,hERG,False,False,False
COc1ccc2c(c1)C(C1=C[C@H](C)N(C)CC1)=Nc1cc(Cl)ccc1N2,5.82,1,nM,CHEMBL4757297,-5.82,3.1799999999999997,CHEMBL240,hERG,False,False,False
COc1ccc2c(c1)C1(CCC2)CCN(CCCSc2nnc(-c3ocnc3C)n2C)C1,5.2,1,nM,CHEMBL1258605,-5.2,3.8,CHEMBL240,hERG,False,False,False
COc1ccc2c(c1)CC(CCN(C)C)=C2Cc1cnccn1,5.68,1,nM,CHEMBL1092258,-5.68,3.3200000000000003,CHEMBL240,hERG,False,False,False
COc1ccc2c(c1)CC(CCN(C)C)=C2[C@@H](C)c1cnccn1,5.47,1,nM,CHEMBL1090175,-5.47,3.5300000000000002,CHEMBL240,hERG,False,False,False
COc1ccc2c(c1)CC(CCN(C)C)=C2[C@@H](C)c1nccnc1OC,5.3,1,nM,CHEMBL1090186,-5.3,3.7,CHEMBL240,hERG,False,False,False
COc1ccc2c(c1)CC(CCN(C)C)=C2[C@@H](C)c1nccs1,4.66,1,nM,CHEMBL1093623,-4.66,4.34,CHEMBL240,hERG,False,False,False
COc1ccc2c(c1)CC(Nc1cc(C)nc3nc(C(C)(F)F)nn13)CC2,5.75,1,nM,CHEMBL4744317,-5.75,3.25,CHEMBL240,hERG,False,False,False
COc1ccc2c(c1)CCCC21CCN(CCCSc2nnc(-c3ocnc3C)n2C)C1,5.7,1,nM,CHEMBL1258492,-5.7,3.3,CHEMBL240,hERG,False,False,False
COc1ccc2c(c1)CCN(CCC(F)Cc1ccccc1)CC2,6.26,1,nM,CHEMBL4457961,-6.26,2.74,CHEMBL240,hERG,False,False,False
COc1ccc2c(c1)CN(C(=O)CCN1CCC(Cc3ccccc3)CC1)CCS2,6.33,1,nM,CHEMBL2440857,-6.33,2.67,CHEMBL240,hERG,False,False,False
COc1ccc2c(c1)CN(C(=O)N1CCN(Cc3ccc4c(c3)OCO4)CC1)CCS2,5.6,1,nM,CHEMBL3958409,-5.6,3.4000000000000004,CHEMBL240,hERG,False,False,False
COc1ccc2c(c1)CNCCS2,5.15,1,nM,CHEMBL3933375,-5.15,3.8499999999999996,CHEMBL240,hERG,False,False,False
COc1ccc2c(c1)N(CCN1CCC(NCc3cc4c(cn3)OCCO4)CC1)C(=O)CO2,4.89,1,nM,CHEMBL1916534,-4.89,4.11,CHEMBL240,hERG,False,False,False
COc1ccc2c(c1)N(CCN1CCC(NCc3cc4c(cn3)OCCO4)CC1)C(=O)CS2,5.22,1,nM,CHEMBL1916536,-5.22,3.7800000000000002,CHEMBL240,hERG,False,False,False
COc1ccc2c(c1)N(CCN1CCC(NCc3ccc4c(n3)NC(=O)CO4)CC1)C(=O)CC2,4.54,1,nM,CHEMBL1916537,-4.54,4.46,CHEMBL240,hERG,False,False,False
COc1ccc2c(c1)N(CCN1CCC(NCc3ccc4c(n3)NC(=O)CO4)CC1)C(=O)CO2,4.89,2,nM,CHEMBL1824044,-4.89,4.11,CHEMBL240,hERG,False,False,False
COc1ccc2c(c1)N(CCN1CCC(NCc3ccc4c(n3)NC(=O)CO4)CC1)C(=O)OC2,4.38,1,nM,CHEMBL1916538,-4.38,4.62,CHEMBL240,hERG,False,False,False
COc1ccc2c(c1)OC(c1ccc(OCCCN3CCCC3)cc1)C(C)S2(=O)=O,5.77,2,nM,CHEMBL561324,-5.77,3.2300000000000004,CHEMBL240,hERG,False,False,False
COc1ccc2c(c1)S(=O)(=O)C(C)C(c1ccc(OCCCN3CCCC3)cc1)O2,6.0,2,nM,CHEMBL565007,-6.0,3.0,CHEMBL240,hERG,False,False,False
COc1ccc2c(c1)[C@@H]1C[C@]1(C(=O)N1C3CCC1CN(C)C3)Cn1c-2c(C2CCCCC2)c2ccc(C(=O)NS(=O)(=O)C(C)C)cc21,4.39,1,nM,CHEMBL3758288,-4.39,4.61,CHEMBL240,hERG,False,False,False
COc1ccc2c(c1)[C@@H]1C[C@]1(C(=O)N1C3CCC1CN(C)C3)Cn1c-2c(C2CCCCC2)c2ccc(C(=O)NS(=O)(=O)C3CCC3)cc21,4.42,1,nM,CHEMBL3759768,-4.42,4.58,CHEMBL240,hERG,False,False,False
COc1ccc2c(c1)[C@@H]1C[C@]1(C(=O)N1C3CCC1CN(C)C3)Cn1c-2c(C2CCCCC2)c2ccc(C(=O)NS(=O)(=O)CC(C)C)cc21,4.78,1,nM,CHEMBL3760108,-4.78,4.22,CHEMBL240,hERG,False,False,False
COc1ccc2c(c1)[C@@H]1C[C@]1(C(=O)N1C3CCC1CN(C)C3)Cn1c-2c(C2CCCCC2)c2ccc(C(=O)NS(=O)(=O)N(C)C)cc21,4.61,3,nM,CHEMBL3126842,-4.61,4.39,CHEMBL240,hERG,False,False,False
COc1ccc2c(c1C)C(=O)N(Cc1ccccc1-c1ccccc1)C2C(=O)NC(C)(C)C,4.62,1,nM,CHEMBL3785621,-4.62,4.38,CHEMBL240,hERG,False,False,False
COc1ccc2c(ccc(=O)n2CCN2CCC(NCc3cnc(C)c(C#N)c3)CC2)n1,5.0,1,nM,CHEMBL3290342,-5.0,4.0,CHEMBL240,hERG,False,False,False
COc1ccc2c3c([nH]c2c1)[C@@H]1N(CC3)C(=O)c2c(OC)cccc2N1C,4.7,1,nM,CHEMBL4745832,-4.7,4.3,CHEMBL240,hERG,False,False,False
COc1ccc2cc(-c3cc(-c4cc(Cl)ccc4Cl)nn3[C@@H](C)c3ccc(C(=O)NCCC(=O)O)cc3)ccc2c1,5.01,1,nM,CHEMBL2159347,-5.01,3.99,CHEMBL240,hERG,False,False,False
COc1ccc2cc3[n+](cc2c1OC)CCc1cc2c(cc1-3)OCO2,4.845,2,nM,CHEMBL295124,-4.845,4.155,CHEMBL240,hERG,False,False,False
COc1ccc2ccc(=O)n(CCN3CCC(NCc4cc5c(cn4)OCCO5)CC3)c2c1,4.47,1,nM,CHEMBL1916539,-4.47,4.53,CHEMBL240,hERG,False,False,False
COc1ccc2ccc(=O)n(CCN3CCC(NCc4cc5c(cn4)OCCO5)CC3)c2n1,4.4,1,nM,CHEMBL1916545,-4.4,4.6,CHEMBL240,hERG,False,False,False
COc1ccc2ccc(=O)n(CCN3CCC(NCc4ccc5c(n4)NC(=O)CO5)CC3)c2n1,4.66,2,nM,CHEMBL3290336,-4.66,4.34,CHEMBL240,hERG,False,False,False
COc1ccc2ccc(=O)n(C[C@H](N)[C@@H]3CC[C@@H](NCc4ccc5c(n4)NC(=O)CO5)CO3)c2n1,4.28,1,nM,CHEMBL4094942,-4.28,4.72,CHEMBL240,hERG,False,False,False
COc1ccc2ccc(=O)n(C[C@H](O)[C@@H]3CC[C@@H](NCc4ccc5c(n4)NC(=O)CO5)CO3)c2n1,4.82,1,nM,CHEMBL4088118,-4.82,4.18,CHEMBL240,hERG,False,False,False
COc1ccc2cccc(Oc3ccc4nc(C)n(C[C@H]5CCCN(C(C)C)C5)c(=O)c4n3)c2n1,4.87,2,nM,CHEMBL1956995,-4.87,4.13,CHEMBL240,hERG,False,False,False
COc1ccc2nc(-c3ccc(OC4CCN(C5CCC5)CC4)cc3)n(C)c(=O)c2c1,5.42,2,nM,CHEMBL453654,-5.42,3.58,CHEMBL240,hERG,False,False,False
COc1ccc2nc(C)n(-c3ccc(OCCCN4CCCC4)cc3)c(=O)c2c1,5.0,1,nM,CHEMBL477991,-5.0,4.0,CHEMBL240,hERG,True,True,True
COc1ccc2nc(CN3CCC[C@H]3CO)n(Cc3ccc(Cl)cc3)c2c1,5.3,1,nM,CHEMBL3699579,-5.3,3.7,CHEMBL240,hERG,False,False,False
COc1ccc2nc(NC3=NC[C@@]4(CN5CCC4CC5)O3)sc2c1,5.89,1,nM,CHEMBL3944506,-5.89,3.1100000000000003,CHEMBL240,hERG,False,False,False
COc1ccc2ncc(=O)n(CCN3CCC(NCc4cc5c(cn4)OCCO5)CC3)c2c1,4.72,1,nM,CHEMBL1916542,-4.72,4.28,CHEMBL240,hERG,False,False,False
COc1ccc2ncc(=O)n(CCN3CCC(NCc4cc5c(cn4)OCCO5)CC3)c2n1,4.51,1,nM,CHEMBL1914480,-4.51,4.49,CHEMBL240,hERG,False,False,False
COc1ccc2ncc(=O)n(CCN3CCC(NCc4ccc5c(n4)NC(=O)CO5)CC3)c2c1,4.46,2,nM,CHEMBL2165063,-4.46,4.54,CHEMBL240,hERG,False,False,False
COc1ccc2ncc(=O)n(CCN3CCC(NCc4cnc(C)c(C#N)c4)CC3)c2n1,4.89,1,nM,CHEMBL3290347,-4.89,4.11,CHEMBL240,hERG,False,False,False
COc1ccc2ncc(=O)n(CCN3CC[C@@H](NCc4cc5c(cn4)OCCO5)[C@@H](O)C3)c2c1,4.82,1,nM,CHEMBL2164745,-4.82,4.18,CHEMBL240,hERG,False,False,False
COc1ccc2ncc(=O)n(CCN3CC[C@@H](NCc4cc5c(cn4)OCCO5)[C@@H](OC)C3)c2c1,4.12,1,nM,CHEMBL2165056,-4.12,4.88,CHEMBL240,hERG,False,False,False
COc1ccc2ncc(=O)n(CCN3CC[C@@H](NCc4ccc5c(n4)NC(=O)CO5)[C@@H](F)C3)c2c1,4.5,1,nM,CHEMBL2165067,-4.5,4.5,CHEMBL240,hERG,False,False,False
COc1ccc2ncc(=O)n(CCN3CC[C@@H](NCc4ccc5c(n4)NC(=O)CO5)[C@@H](OC)C3)c2c1,4.06,1,nM,CHEMBL2165057,-4.06,4.94,CHEMBL240,hERG,False,False,False
COc1ccc2ncc(=O)n(CCN3CC[C@@H](NCc4ccc5c(n4)NC(=O)CO5)[C@H](OC)C3)c2c1,4.57,1,nM,CHEMBL2165061,-4.57,4.43,CHEMBL240,hERG,False,False,False
COc1ccc2ncc(=O)n(CCN3CC[C@H](NCc4cc5c(cn4)OCCO5)[C@@H](F)C3)c2c1,4.12,1,nM,CHEMBL2165069,-4.12,4.88,CHEMBL240,hERG,False,False,False
COc1ccc2ncc(=O)n(CCN3CC[C@H](NCc4cc5c(cn4)OCCO5)[C@@H](OC)C3)c2c1,4.03,1,nM,CHEMBL2165060,-4.03,4.97,CHEMBL240,hERG,False,False,False
COc1ccc2ncc(=O)n(CCN3CC[C@H](NCc4ccc5c(n4)NC(=O)CO5)[C@@H](F)C3)c2c1,4.72,1,nM,CHEMBL2164739,-4.72,4.28,CHEMBL240,hERG,False,False,False
COc1ccc2ncc(=O)n(CCN3CC[C@H](NCc4ccc5c(n4)NC(=O)CO5)[C@H](F)C3)c2c1,4.6,1,nM,CHEMBL2163364,-4.6,4.4,CHEMBL240,hERG,False,False,False
COc1ccc2ncc(C#N)c(CC(O)C34CCC(NCc5ccc6c(n5)NC(=O)CO6)(CC3)CO4)c2n1,8.629999999999999,2,nM,CHEMBL3422983,-8.629999999999999,0.370000000000001,CHEMBL240,hERG,False,False,False
COc1ccc2ncc(C#N)c(CCC34CCC(NCc5ccc6c(n5)NC(=O)CO6)(CC3)CO4)c2n1,6.43,1,nM,CHEMBL3422756,-6.43,2.5700000000000003,CHEMBL240,hERG,False,False,False
COc1ccc2ncc(C#N)c(CCN3CCC(NCc4cc5c(cn4)OCCO5)CC3)c2n1,5.1,1,nM,CHEMBL1927164,-5.1,3.9000000000000004,CHEMBL240,hERG,False,False,False
COc1ccc2ncc(C#N)c(CCN3CCC(NCc4cc5c(cn4)OCS5)CC3)c2c1,6.0,2,nM,CHEMBL1235773,-6.0,3.0,CHEMBL240,hERG,False,False,False
COc1ccc2ncc(C(F)(F)F)c(CCC34CCC(NCc5ccc6c(n5)NC(=O)CO6)(CC3)CO4)c2n1,6.515,2,nM,CHEMBL3422757,-6.515,2.4850000000000003,CHEMBL240,hERG,False,False,False
COc1ccc2ncc(C(F)F)c(CCC34CCC(NCc5ccc6c(n5)NC(=O)CO6)(CC3)CO4)c2n1,5.495,2,nM,CHEMBL3422758,-5.495,3.505,CHEMBL240,hERG,False,False,False
COc1ccc2ncc(C)c(CCC34CCC(NCc5ccc6c(n5)NC(=O)CO6)(CC3)CO4)c2n1,5.265,2,nM,CHEMBL3422759,-5.265,3.7350000000000003,CHEMBL240,hERG,False,False,False
COc1ccc2ncc(CO)c(CCC34CCC(NCc5ccc6c(n5)NC(=O)CO6)(CC3)CO4)c2n1,5.535,2,nM,CHEMBL3422760,-5.535,3.465,CHEMBL240,hERG,False,False,False
COc1ccc2ncc(Cl)c(CCC34CCC(NCc5ccc6c(n5)NC(=O)CO6)(CC3)CO4)c2n1,6.5,1,nM,CHEMBL3422754,-6.5,2.5,CHEMBL240,hERG,False,False,False
COc1ccc2ncc(Cl)c(CCN3CCC(NCc4cc5c(cn4)OCCO5)CC3)c2n1,5.7,2,nM,CHEMBL1927163,-5.7,3.3,CHEMBL240,hERG,False,False,False
COc1ccc2ncc(F)c(C(=O)CC34CCC(NCc5ccc6c(n5)NC(=O)CO6)(CC3)CO4)c2n1,5.675,2,nM,CHEMBL3754258,-5.675,3.325,CHEMBL240,hERG,False,False,False
COc1ccc2ncc(F)c(C(C)(O)CC34CCC(NCc5ccc6c(n5)NC(=O)CO6)(CC3)CO4)c2n1,5.19,1,nM,CHEMBL3754192,-5.19,3.8099999999999996,CHEMBL240,hERG,False,False,False
COc1ccc2ncc(F)c(C(CC34CCC(NCc5ccc6c(n5)NC(=O)CO6)(CC3)CO4)C(=O)O)c2n1,6.0,1,nM,CHEMBL3752808,-6.0,3.0,CHEMBL240,hERG,False,False,False
COc1ccc2ncc(F)c(C(CO)CC34CCC(NCc5ccc6c(n5)NC(=O)CO6)(CC3)CO4)c2n1,4.96,1,nM,CHEMBL3753978,-4.96,4.04,CHEMBL240,hERG,False,False,False
COc1ccc2ncc(F)c(C(O)CC34CCC(NCc5ccc6c(n5)NC(=O)CO6)(CC3)CO4)c2n1,5.645,2,nM,CHEMBL3753902,-5.645,3.3550000000000004,CHEMBL240,hERG,False,False,False
COc1ccc2ncc(F)c(C(O)C[C@H]3OC[C@H](NCc4ccc5c(c4)OCCO5)CO3)c2c1,5.1,1,nM,CHEMBL4877359,-5.1,3.9000000000000004,CHEMBL240,hERG,False,False,False
COc1ccc2ncc(F)c(C/C(=N/O)C34CCC(NCc5ccc6c(n5)NC(=O)CO6)(CC3)CO4)c2n1,5.27,1,nM,CHEMBL3754022,-5.27,3.7300000000000004,CHEMBL240,hERG,False,False,False
COc1ccc2ncc(F)c(C/C(=N\O)C34CCC(NCc5ccc6c(n5)NC(=O)CO6)(CC3)CO4)c2n1,5.8,1,nM,CHEMBL3753912,-5.8,3.2,CHEMBL240,hERG,False,False,False
COc1ccc2ncc(F)c(CC(=O)C34CCC(NCc5ccc6c(n5)NC(=O)CO6)(CC3)CO4)c2n1,5.03,1,nM,CHEMBL3754299,-5.03,3.9699999999999998,CHEMBL240,hERG,False,False,False
COc1ccc2ncc(F)c(CC(C)(O)C34CCC(NCc5ccc6c(n5)NC(=O)CO6)(CC3)CO4)c2n1,5.21,1,nM,CHEMBL3753613,-5.21,3.79,CHEMBL240,hERG,False,False,False
COc1ccc2ncc(F)c(CC(F)C34CCC(NCc5ccc6c(n5)NC(=O)CO6)(CC3)CO4)c2n1,5.5,1,nM,CHEMBL3752550,-5.5,3.5,CHEMBL240,hERG,False,False,False
COc1ccc2ncc(F)c(CC(N)C34CCC(NCc5ccc6c(n5)NC(=O)CO6)(CC3)CO4)c2n1,4.85,3,nM,CHEMBL3752154,-4.85,4.15,CHEMBL240,hERG,False,False,False
COc1ccc2ncc(F)c(CC(NOC(C)=O)C34CCC(NCc5ccc6c(n5)NC(=O)CO6)(CC3)CO4)c2n1,4.74,1,nM,CHEMBL3753230,-4.74,4.26,CHEMBL240,hERG,False,False,False
COc1ccc2ncc(F)c(CC(NS(C)(=O)=O)C34CCC(NCc5ccc6c(n5)NC(=O)CO6)(CC3)CO4)c2n1,5.48,1,nM,CHEMBL3752949,-5.48,3.5199999999999996,CHEMBL240,hERG,False,False,False
COc1ccc2ncc(F)c(CC(O)(C(F)(F)F)C34CCC(NCc5ccc6c(n5)NC(=O)CO6)(CC3)CO4)c2n1,5.62,1,nM,CHEMBL3753861,-5.62,3.38,CHEMBL240,hERG,False,False,False
COc1ccc2ncc(F)c(CC(OCC(=O)O)C34CCC(NCc5ccc6c(n5)NC(=O)CO6)(CC3)CO4)c2n1,5.52,1,nM,CHEMBL3754692,-5.52,3.4800000000000004,CHEMBL240,hERG,False,False,False
COc1ccc2ncc(F)c(CC(OCCO)C34CCC(NCc5ccc6c(n5)NC(=O)CO6)(CC3)CO4)c2n1,5.85,1,nM,CHEMBL3753257,-5.85,3.1500000000000004,CHEMBL240,hERG,False,False,False
COc1ccc2ncc(F)c(CCC34CCC(N(C)Cc5ccc6c(n5)NC(=O)CO6)(CC3)CO4)c2n1,5.92,1,nM,CHEMBL3604803,-5.92,3.08,CHEMBL240,hERG,False,False,False
COc1ccc2ncc(F)c(CCC34CCC(NCc5cc(C)c6c(n5)NC(=O)CO6)(CC3)CO4)c2n1,6.109999999999999,2,nM,CHEMBL3604691,-6.109999999999999,2.8900000000000006,CHEMBL240,hERG,False,False,False
COc1ccc2ncc(F)c(CCC34CCC(NCc5ccc6c(n5)N(C)C(=O)CO6)(CC3)CO4)c2n1,6.1,1,nM,CHEMBL3604802,-6.1,2.9000000000000004,CHEMBL240,hERG,False,False,False
COc1ccc2ncc(F)c(CCC34CCC(NCc5ccc6c(n5)NC(=O)C(C)(C)O6)(CC3)CO4)c2n1,5.52,1,nM,CHEMBL3604800,-5.52,3.4800000000000004,CHEMBL240,hERG,False,False,False
COc1ccc2ncc(F)c(CCC34CCC(NCc5ccc6c(n5)NC(=O)C(C)O6)(CC3)CO4)c2n1,5.925,2,nM,CHEMBL3604799,-5.925,3.075,CHEMBL240,hERG,False,False,False
COc1ccc2ncc(F)c(CCC34CCC(NCc5ccc6c(n5)NC(=O)CO6)(CC3)CO4)c2n1,6.22,5,nM,CHEMBL3288810,-6.22,2.7800000000000002,CHEMBL240,hERG,False,False,False
COc1ccc2ncc(F)c(CCC34CCC(NCc5nc6c(c(C)c5C(C)C)OCC(=O)N6)(CC3)CO4)c2n1,5.92,1,nM,CHEMBL3604694,-5.92,3.08,CHEMBL240,hERG,False,False,False
COc1ccc2ncc(F)c(CCC34CCC(NCc5nc6c(c(C)c5C)OCC(=O)N6)(CC3)CO4)c2n1,5.82,2,nM,CHEMBL3604692,-5.82,3.1799999999999997,CHEMBL240,hERG,False,False,False
COc1ccc2ncc(F)c(CCC34CCC(NCc5nc6c(c(C)c5F)OCC(=O)N6)(CC3)CO4)c2n1,6.05,1,nM,CHEMBL3604798,-6.05,2.95,CHEMBL240,hERG,False,False,False
COc1ccc2ncc(F)c(CCC34CCC(NCc5nc6c(cc5C)OCC(=O)N6)(CC3)CO4)c2n1,5.6850000000000005,2,nM,CHEMBL3604690,-5.6850000000000005,3.3149999999999995,CHEMBL240,hERG,False,False,False
COc1ccc2ncc(F)c(CCC34CCC(NCc5nc6c(cc5Cl)OCC(=O)N6)(CC3)CO4)c2n1,5.24,1,nM,CHEMBL3604687,-5.24,3.76,CHEMBL240,hERG,False,False,False
COc1ccc2ncc(F)c(CCC34CCC(NCc5nc6c(cc5F)OCC(=O)N6)(CC3)CO4)c2n1,5.89,1,nM,CHEMBL3604688,-5.89,3.1100000000000003,CHEMBL240,hERG,False,False,False
COc1ccc2ncc(F)c(CCN3CCC(NCc4cc5c(cn4)OCCO5)CC3)c2c1,5.26,2,nM,CHEMBL1927162,-5.26,3.74,CHEMBL240,hERG,False,False,False
COc1ccc2ncc(F)c(CCN3CCC(NCc4cc5c(cn4)OCCO5)CC3)c2n1,5.17,2,nM,CHEMBL1916532,-5.17,3.83,CHEMBL240,hERG,False,False,False
COc1ccc2ncc(F)c(CCN3CCC(NCc4ccc5c(n4)NC(=O)CO5)CC3)c2n1,5.4,1,nM,CHEMBL1916533,-5.4,3.5999999999999996,CHEMBL240,hERG,False,False,False
COc1ccc2ncc(F)c(CCN3CC[C@@H](NCc4cc5c(cn4)OCCO5)[C@@H](O)C3)c2n1,5.31,1,nM,CHEMBL1927168,-5.31,3.6900000000000004,CHEMBL240,hERG,False,False,False
COc1ccc2ncc(F)c(CCN3CC[C@@H](NCc4cc5c(cn4)OCCO5)[C@H](O)C3)c2n1,4.53,1,nM,CHEMBL1927170,-4.53,4.47,CHEMBL240,hERG,False,False,False
COc1ccc2ncc(F)c(CCN3CC[C@H](NCc4cc5c(cn4)OCCO5)[C@H](O)C3)c2n1,5.31,2,nM,CHEMBL1927167,-5.31,3.6900000000000004,CHEMBL240,hERG,False,False,False
COc1ccc2ncc(F)c(CC[C@@]3(O)CO[C@@H]4[C@@H](NCc5cc6c(cn5)OCCO6)CO[C@@H]43)c2n1,4.18,1,nM,CHEMBL4788651,-4.18,4.82,CHEMBL240,hERG,False,False,False
COc1ccc2ncc(F)c(CC[C@@]3(O)CO[C@@H]4[C@@H](NCc5ccc(C)cc5)CO[C@@H]43)c2n1,5.38,1,nM,CHEMBL4794847,-5.38,3.62,CHEMBL240,hERG,False,False,False
COc1ccc2ncc(F)c(CC[C@@]3(O)CO[C@@H]4[C@@H](NCc5ccc(Cl)c(Cl)c5)CO[C@@H]43)c2n1,5.21,1,nM,CHEMBL4794306,-5.21,3.79,CHEMBL240,hERG,False,False,False
COc1ccc2ncc(F)c(CC[C@@]3(O)CO[C@@H]4[C@@H](NCc5ccc6c(c5)OCCO6)CO[C@@H]43)c2n1,4.7,1,nM,CHEMBL4797208,-4.7,4.3,CHEMBL240,hERG,False,False,False
COc1ccc2ncc(F)c(CC[C@@]3(O)CO[C@@H]4[C@@H](NCc5ccc6c(n5)NC(=O)CO6)CO[C@@H]43)c2n1,4.92,1,nM,CHEMBL4792607,-4.92,4.08,CHEMBL240,hERG,False,False,False
COc1ccc2ncc(F)c(CC[C@H]3OC[C@H](NCc4cc5c(cn4)OCCO5)CO3)c2n1,4.82,1,nM,CHEMBL4777423,-4.82,4.18,CHEMBL240,hERG,False,False,False
COc1ccc2ncc(F)c(CC[C@H]3OC[C@H](NCc4ccc(Cl)c(Cl)c4)CO3)c2n1,5.1,1,nM,CHEMBL4777291,-5.1,3.9000000000000004,CHEMBL240,hERG,False,False,False
COc1ccc2ncc(F)c(CC[C@H]3OC[C@H](NCc4ccc5c(c4)OCCO5)CO3)c2n1,4.869999999999999,2,nM,CHEMBL4782430,-4.869999999999999,4.130000000000001,CHEMBL240,hERG,False,False,False
COc1ccc2ncc(F)c(CC[C@H]3OC[C@H](NCc4ccc5c(n4)NC(=O)CO5)CO3)c2n1,5.85,1,nM,CHEMBL4777155,-5.85,3.1500000000000004,CHEMBL240,hERG,False,False,False
COc1ccc2ncc(F)c(CC[C@]3(O)CC[C@@H](NCc4ccc5c(c4)OCCO5)CC3)c2n1,5.66,1,nM,CHEMBL4785501,-5.66,3.34,CHEMBL240,hERG,False,False,False
COc1ccc2ncc(F)c(CC[C@]3(O)CC[C@H](NCc4ccc(Cl)c(Cl)c4)CC3)c2n1,5.42,1,nM,CHEMBL4780292,-5.42,3.58,CHEMBL240,hERG,False,False,False
COc1ccc2ncc(F)c(CC[C@]3(O)CC[C@H](NCc4ccc5c(c4)OCCO5)CC3)c2n1,5.64,1,nM,CHEMBL4798609,-5.64,3.3600000000000003,CHEMBL240,hERG,False,False,False
COc1ccc2ncc(F)c(C[C@H](N)[C@@H]3CC[C@@H](NCc4ccc5c(n4)NC(=O)CO5)CO3)c2n1,5.3,1,nM,CHEMBL4061934,-5.3,3.7,CHEMBL240,hERG,False,False,False
COc1ccc2ncc(F)c(C[C@H](O)C34CCC(NCc5ccc6c(n5)NC(=O)CO6)(CC3)CO4)c2n1,4.75,6,nM,CHEMBL3288811,-4.75,4.25,CHEMBL240,hERG,False,False,False
COc1ccc2ncc(F)c(C[C@H](O)C3CCC(NCc4nc5c(cc4F)OCC(=O)N5)CO3)c2n1,5.62,1,nM,CHEMBL3604807,-5.62,3.38,CHEMBL240,hERG,False,False,False
COc1ccc2ncc(F)c(C[C@H](OC)C34CCC(NCc5ccc6c(n5)NC(=O)CO6)(CC3)CO4)c2n1,5.22,1,nM,CHEMBL3752587,-5.22,3.7800000000000002,CHEMBL240,hERG,False,False,False
COc1ccc2ncc(F)c([C@@H](O)CC[C@@H]3CCN(C4CC(c5c(F)cccc5F)C4)C[C@@H]3C(=O)O)c2c1,4.34,1,nM,CHEMBL4064317,-4.34,4.66,CHEMBL240,hERG,False,False,False
COc1ccc2ncc(F)c([C@@H](O)CC[C@@H]3CCN(C4CC(c5cc(F)cc(F)c5)C4)C[C@@H]3C(=O)O)c2c1,4.85,1,nM,CHEMBL4097890,-4.85,4.15,CHEMBL240,hERG,False,False,False
COc1ccc2ncc(F)c([C@@H](O)CC[C@@H]3CCN(C4CC(c5cc(F)ccc5F)C4)C[C@@H]3C(=O)O)c2c1,4.07,1,nM,CHEMBL4092041,-4.07,4.93,CHEMBL240,hERG,False,False,False
COc1ccc2ncc(F)c([C@@H](O)CC[C@@H]3CCN(C4CC(c5cc(F)ccc5F)C4)C[C@@H]3C(=O)O)c2n1,4.35,1,nM,CHEMBL4078201,-4.35,4.65,CHEMBL240,hERG,False,False,False
COc1ccc2ncc(F)c([C@@H](O)CC[C@@H]3CCN(C4CC(c5cccc(F)c5F)C4)C[C@@H]3C(=O)O)c2c1,4.6,1,nM,CHEMBL4079869,-4.6,4.4,CHEMBL240,hERG,False,False,False
COc1ccc2ncc(F)c([C@@H](O)CC[C@@H]3CCN(C4CC(c5ccccc5)C4)C[C@@H]3C(=O)O)c2c1,4.65,1,nM,CHEMBL4103746,-4.65,4.35,CHEMBL240,hERG,False,False,False
COc1ccc2ncc(F)c([C@@H](O)CC[C@@H]3CCN(C4CC(c5ncccc5F)C4)C[C@@H]3C(=O)O)c2c1,4.97,1,nM,CHEMBL4082602,-4.97,4.03,CHEMBL240,hERG,False,False,False
COc1ccc2ncc(F)c([C@@H](O)CC[C@@H]3CCN(CCSc4cccs4)C[C@@H]3C(=O)O)c2c1,4.63,2,nM,CHEMBL2158050,-4.63,4.37,CHEMBL240,hERG,False,False,False
COc1ccc2ncc(F)c([C@@H](O)CN3CCC(NCc4cc5c(cn4)OCCO5)CC3)c2n1,4.699999999999999,2,nM,CHEMBL1927165,-4.699999999999999,4.300000000000001,CHEMBL240,hERG,False,False,False
COc1ccc2ncc(F)c([C@@H](O)[C@H](O)C34CCC(NCc5ccc6c(n5)NC(=O)CO6)(CC3)CO4)c2n1,4.22,1,nM,CHEMBL3753988,-4.22,4.78,CHEMBL240,hERG,False,False,False
COc1ccc2ncc(F)c([C@@H]3OC(=O)O[C@H]3C34CCC(NCc5ccc6c(n5)NC(=O)CO6)(CC3)CO4)c2n1,5.31,1,nM,CHEMBL3754742,-5.31,3.6900000000000004,CHEMBL240,hERG,False,False,False
COc1ccc2ncc(F)c([C@H](O)CN3CCC(NCc4cc5c(cn4)OCCO5)CC3)c2n1,4.2,1,nM,CHEMBL1927166,-4.2,4.8,CHEMBL240,hERG,False,False,False
COc1ccc2ncc(F)c([C@H](O)[C@@H](O)C34CCC(NCc5ccc6c(n5)NC(=O)CO6)(CC3)CO4)c2n1,4.44,1,nM,CHEMBL3753718,-4.44,4.56,CHEMBL240,hERG,False,False,False
COc1ccc2ncc(F)c([C@H]3OC(=O)O[C@@H]3C34CCC(NCc5ccc6c(n5)NC(=O)CO6)(CC3)CO4)c2n1,4.95,1,nM,CHEMBL3754125,-4.95,4.05,CHEMBL240,hERG,False,False,False
COc1ccc2ncc(O)c(CCC34CCC(NCc5ccc6c(n5)NC(=O)CO6)(CC3)CO4)c2n1,5.71,1,nM,CHEMBL3422764,-5.71,3.29,CHEMBL240,hERG,False,False,False
COc1ccc2ncc(OC)c(CCC34CCC(NCc5ccc6c(n5)NC(=O)CO6)(CC3)CO4)c2n1,5.37,1,nM,CHEMBL3422763,-5.37,3.63,CHEMBL240,hERG,False,False,False
COc1ccc2ncc(S(C)(=O)=O)c(CCC34CCC(NCc5ccc6c(n5)NC(=O)CO6)(CC3)CO4)c2n1,5.715,2,nM,CHEMBL3422762,-5.715,3.285,CHEMBL240,hERG,False,False,False
COc1ccc2nccc(CCC34CCC(NCc5ccc6c(n5)NC(=O)CO6)(CC3)CO4)c2n1,6.07,2,nM,CHEMBL3422755,-6.07,2.9299999999999997,CHEMBL240,hERG,False,False,False
COc1ccc2nccc(CCN3CCC(NCc4cc5c(cn4)OCCO5)CC3)c2c1,5.72,1,nM,CHEMBL4227550,-5.72,3.2800000000000002,CHEMBL240,hERG,False,False,False
COc1ccc2nccc(CCN3CCC(NCc4ccc(Cl)c(Cl)c4)CC3)c2c1,6.0,1,nM,CHEMBL4227060,-6.0,3.0,CHEMBL240,hERG,False,False,False
COc1ccc2nccc(CCN3CCC(NCc4ccc5c(c4)OCCO5)CC3)c2c1,6.09,1,nM,CHEMBL4228387,-6.09,2.91,CHEMBL240,hERG,False,False,False
COc1ccc2nccc(CCN3CCC(NCc4ccc5c(n4)NC(=O)CO5)CC3)c2c1,5.42,1,nM,CHEMBL4229191,-5.42,3.58,CHEMBL240,hERG,False,False,False
COc1ccc2nccc(CC[C@H]3CC[C@H](NCc4cc5c(cn4)OCCO5)CC3)c2c1,6.03,1,nM,CHEMBL4225277,-6.03,2.9699999999999998,CHEMBL240,hERG,False,False,False
COc1ccc2nccc(CC[C@H]3CC[C@H](NCc4ccc(Cl)c(Cl)c4)CC3)c2c1,5.64,1,nM,CHEMBL4226360,-5.64,3.3600000000000003,CHEMBL240,hERG,False,False,False
COc1ccc2nccc(CC[C@H]3CC[C@H](NCc4ccc5c(c4)OCCO5)CC3)c2c1,6.58,1,nM,CHEMBL4228889,-6.58,2.42,CHEMBL240,hERG,False,False,False
COc1ccc2nccc(CC[C@H]3CC[C@H](NCc4ccc5c(n4)NC(=O)CO5)CC3)c2c1,6.39,1,nM,CHEMBL4228129,-6.39,2.6100000000000003,CHEMBL240,hERG,False,False,False
COc1ccc2nccc(CC[C@H]3OC[C@H](NCc4cc5c(cn4)OCCC5)CO3)c2c1,4.92,1,nM,CHEMBL4229223,-4.92,4.08,CHEMBL240,hERG,False,False,False
COc1ccc2nccc(CC[C@H]3OC[C@H](NCc4cc5c(cn4)OCCO5)CO3)c2c1,5.02,1,nM,CHEMBL4228258,-5.02,3.9800000000000004,CHEMBL240,hERG,False,False,False
COc1ccc2nccc(CC[C@H]3OC[C@H](NCc4ccc(Cl)c(Cl)c4)CO3)c2c1,5.32,1,nM,CHEMBL4226251,-5.32,3.6799999999999997,CHEMBL240,hERG,False,False,False
COc1ccc2nccc(CC[C@H]3OC[C@H](NCc4ccc(Cl)cc4)CO3)c2c1,5.7,1,nM,CHEMBL4228182,-5.7,3.3,CHEMBL240,hERG,False,False,False
COc1ccc2nccc(CC[C@H]3OC[C@H](NCc4ccc5c(c4)OCCO5)CO3)c2c1,5.29,1,nM,CHEMBL4229089,-5.29,3.71,CHEMBL240,hERG,False,False,False
COc1ccc2nccc(CC[C@H]3OC[C@H](NCc4ccc5c(n4)NC(=O)CO5)CO3)c2c1,5.6,1,nM,CHEMBL4224881,-5.6,3.4000000000000004,CHEMBL240,hERG,False,False,False
COc1ccc2nccc(CC[C@H]3OC[C@H](NCc4ccc5c(n4)NC(=O)CS5)CO3)c2c1,5.89,1,nM,CHEMBL4225469,-5.89,3.1100000000000003,CHEMBL240,hERG,False,False,False
COc1ccc2nccc(NC(=O)[C@H]3CC[C@H](NCc4cc5c(cn4)OCCO5)CC3)c2n1,4.54,1,nM,CHEMBL1926864,-4.54,4.46,CHEMBL240,hERG,False,False,False
COc1ccc2nccc(NC(=O)[C@H]3CC[C@H](NCc4ccc5c(c4)OCCO5)CC3)c2c1,4.6,1,nM,CHEMBL1926762,-4.6,4.4,CHEMBL240,hERG,False,False,False
COc1ccc2nccc(NC(=O)[C@]3(O)CC[C@@H](NCc4cc5c(cn4)OCCO5)CC3)c2n1,4.62,1,nM,CHEMBL1926763,-4.62,4.38,CHEMBL240,hERG,False,False,False
COc1ccc2nccc(NC(=O)[C@]3(O)CC[C@@H](NCc4ccc5c(c4)OCCO5)CC3)c2n1,4.6,1,nM,CHEMBL1926765,-4.6,4.4,CHEMBL240,hERG,False,False,False
COc1ccc2nccc(NC(=O)[C@]3(O)CC[C@@H](NCc4cnc5c(c4)OCCO5)CC3)c2n1,4.28,1,nM,CHEMBL1926766,-4.28,4.72,CHEMBL240,hERG,False,False,False
COc1ccc2nccc([C@@H](O)CC[C@@H]3CCN(C4CC(c5c(F)cccc5F)C4)C[C@@H]3C(=O)O)c2c1,4.32,2,nM,CHEMBL2382343,-4.32,4.68,CHEMBL240,hERG,False,False,False
COc1ccc2nccc([C@@H](O)CC[C@@H]3CCN(C4CC(c5cc(F)cc(F)c5)C4)C[C@@H]3C(=O)O)c2c1,5.14,1,nM,CHEMBL2382364,-5.14,3.8600000000000003,CHEMBL240,hERG,False,False,False
COc1ccc2nccc([C@@H](O)CC[C@@H]3CCN(C4CC(c5cc(F)cc(F)c5F)C4)C[C@@H]3C(=O)O)c2c1,4.51,1,nM,CHEMBL2382372,-4.51,4.49,CHEMBL240,hERG,False,False,False
COc1ccc2nccc([C@@H](O)CC[C@@H]3CCN(C4CC(c5cc(F)ccc5F)C4)C[C@@H]3C(=O)O)c2c1,5.0,2,nM,CHEMBL2382345,-5.0,4.0,CHEMBL240,hERG,False,False,False
COc1ccc2nccc([C@@H](O)CC[C@@H]3CCN(C4CC(c5cccc(F)c5)C4)C[C@@H]3C(=O)O)c2c1,4.99,1,nM,CHEMBL2382342,-4.99,4.01,CHEMBL240,hERG,False,False,False
COc1ccc2nccc([C@@H](O)CC[C@@H]3CCN(C4CC(c5ccccc5)C4)C[C@@H]3C(=O)O)c2c1,4.6,2,nM,CHEMBL2382287,-4.6,4.4,CHEMBL240,hERG,False,False,False
COc1ccc2nccc([C@@H](O)CC[C@@H]3CCN(C4CC(c5ccccc5F)C4)C[C@@H]3C(=O)O)c2c1,4.91,1,nM,CHEMBL2382341,-4.91,4.09,CHEMBL240,hERG,False,False,False
COc1ccc2nccc([C@@H](O)CC[C@@H]3CCN(CCSc4cccs4)C[C@@H]3C(=O)O)c2c1,4.71,3,nM,CHEMBL2159976,-4.71,4.29,CHEMBL240,hERG,False,False,False
COc1ccc2nccc([C@@H](O)CN3CCC(NCc4cc5c(cn4)OCCO5)CC3)c2n1,5.0,2,nM,CHEMBL1927161,-5.0,4.0,CHEMBL240,hERG,False,False,False
COc1ccc2nccc([C@@H](O)CN3CCC(NCc4ccc5c(c4)OCCO5)CC3)c2c1,4.4,1,nM,CHEMBL548279,-4.4,4.6,CHEMBL240,hERG,False,False,False
COc1cccc(-c2c[nH]c([C@H]3Cc4c([nH]c5ccccc45)[C@@H](C4CCOCC4)N3)n2)c1,6.61,1,nM,CHEMBL3775031,-6.61,2.3899999999999997,CHEMBL240,hERG,False,False,False
COc1cccc(-c2c[nH]c([C@H]3Cc4c([nH]c5ccccc45)[C@@H](C4CCOCC4)N3)n2)n1,5.99,1,nM,CHEMBL3775387,-5.99,3.01,CHEMBL240,hERG,False,False,False
COc1cccc(-c2c[nH]c([C@H]3Cc4c([nH]c5ccccc45)[C@](c4cnn(C)c4)(c4noc(C)n4)N3)n2)n1,5.44,1,nM,CHEMBL3774684,-5.44,3.5599999999999996,CHEMBL240,hERG,False,False,False
COc1cccc(-c2cc(NC(=O)CCCN3CCCCC3)[nH]n2)c1,5.51,1,nM,CHEMBL2180840,-5.51,3.49,CHEMBL240,hERG,False,False,False
COc1cccc(-c2cc3c(N[C@@H]4CC[C@](C)(N)C4(C)C)c(C(N)=O)cnn3c2)c1,5.14,1,nM,CHEMBL4076794,-5.14,3.8600000000000003,CHEMBL240,hERG,False,False,False
COc1cccc(-c2cccc(C3(C)CCSC(N)=N3)c2)c1,5.12,1,nM,CHEMBL2380449,-5.12,3.88,CHEMBL240,hERG,False,False,False
COc1cccc(-c2cccc(C3(C)COCC(N)=N3)c2)c1,5.1,1,nM,CHEMBL2380447,-5.1,3.9000000000000004,CHEMBL240,hERG,False,False,False
COc1cccc(-c2cccc(C3(C)CSCC(N)=N3)c2)c1,5.05,1,nM,CHEMBL2380448,-5.05,3.95,CHEMBL240,hERG,False,False,False
COc1cccc(-c2cccc(C3(C)N=C(C)C(N)=N3)c2)c1,4.78,1,nM,CHEMBL2180018,-4.78,4.22,CHEMBL240,hERG,False,False,False
COc1cccc(-c2cccc(C3(C)N=C(N)CCS3)c2)c1,4.96,1,nM,CHEMBL2380446,-4.96,4.04,CHEMBL240,hERG,False,False,False
COc1cccc(-c2cccc(C3(C)N=C(N)CS3)c2)c1,5.04,1,nM,CHEMBL2380454,-5.04,3.96,CHEMBL240,hERG,False,False,False
COc1cccc(-c2cccc(C3(C4CCOCC4)N=C(C)C(N)=N3)c2)c1,4.68,1,nM,CHEMBL2180035,-4.68,4.32,CHEMBL240,hERG,False,False,False
COc1cccc(-c2cccc(C3(c4ccncc4)N=C(N)CS3)c2)c1,4.92,1,nM,CHEMBL2380456,-4.92,4.08,CHEMBL240,hERG,False,False,False
COc1cccc(-c2nc(CCOc3cccc(C[C@@H]4C(=O)N(c5ccc(C(C)(C)C)cc5)[C@@H]4C(=O)O)c3)c(C)o2)c1,5.68,1,nM,CHEMBL404646,-5.68,3.3200000000000003,CHEMBL240,hERG,False,False,False
COc1cccc(-n2cc3nc(-c4ccccc4C)n(CC4CCCN(C(C)C)C4)c(=O)c3n2)c1,4.82,1,nM,CHEMBL3218886,-4.82,4.18,CHEMBL240,hERG,False,False,False
COc1cccc(-n2cc3nc(-c4cccnc4C)n(C[C@H]4CCCN(C(C)C)C4)c(=O)c3n2)c1,4.33,1,nM,CHEMBL3218890,-4.33,4.67,CHEMBL240,hERG,False,False,False
COc1cccc(-n2cc3nc(-c4cccnc4C)n(C[C@H]4CCCN(C[C@H]5CCCO5)C4)c(=O)c3n2)c1,4.36,1,nM,CHEMBL3218897,-4.36,4.64,CHEMBL240,hERG,False,False,False
COc1cccc(-n2cc3nc(C)n(C[C@H]4CCCN(C[C@H]5CCCO5)C4)c(=O)c3n2)c1,5.54,1,nM,CHEMBL3218908,-5.54,3.46,CHEMBL240,hERG,False,False,False
COc1cccc(-n2cc3nc(CC(C)C)n(C[C@H]4CCCN(C[C@H]5CCCO5)C4)c(=O)c3n2)c1,5.5,1,nM,CHEMBL3218909,-5.5,3.5,CHEMBL240,hERG,False,False,False
COc1cccc(C(=O)Cn2c(=O)c3c(c(C#N)c(N4CCCNCC4)n3CC=C(C)C)n(C)c2=O)c1,5.96,1,nM,CHEMBL1951607,-5.96,3.04,CHEMBL240,hERG,False,False,False
COc1cccc(C(=O)Cn2c(=O)c3c(c(C#N)c(N4CCC[C@H](N)C4)n3CC=C(C)C)n(C)c2=O)c1,5.8,1,nM,CHEMBL1951598,-5.8,3.2,CHEMBL240,hERG,False,False,False
COc1cccc(C(=O)Cn2c(=O)c3c(c(C#N)c(N4CCC[C@H](N)C4)n3Cc3ccccc3)n(C)c2=O)c1,7.0,1,nM,CHEMBL1951595,-7.0,2.0,CHEMBL240,hERG,False,False,False
COc1cccc(C(=O)N2CCCC2)c1OCc1csc(-c2ccc(Cl)cc2)n1,5.11,1,nM,CHEMBL364912,-5.11,3.8899999999999997,CHEMBL240,hERG,False,False,False
COc1cccc(C(=O)N2CCn3c(-c4nc(C)ns4)nnc3[C@H]2C)c1,4.16,1,nM,CHEMBL4114258,-4.16,4.84,CHEMBL240,hERG,False,False,False
COc1cccc(C(=O)Nc2ccc(OCCN3CCOCC3)c(-c3ccnn3C)c2)c1,4.96,1,nM,CHEMBL1084617,-4.96,4.04,CHEMBL240,hERG,True,True,True
COc1cccc(C(O)(CCN(C)C)C(c2cc3cc(Br)ccc3nc2OC)c2cccc3c2OCO3)n1,6.62,1,nM,CHEMBL4563167,-6.62,2.38,CHEMBL240,hERG,False,False,False
COc1cccc(C(c2cc3cc(Br)ccc3nc2OC)C(O)(CCN(C)C)c2cc(C)cnc2C)c1OC,5.96,1,nM,CHEMBL4528706,-5.96,3.04,CHEMBL240,hERG,False,False,False
COc1cccc(C(c2cc3cc(Br)ccc3nc2OC)C(O)(CCN(C)C)c2cnc(C)cc2C)c1OC,5.41,1,nM,CHEMBL4520823,-5.41,3.59,CHEMBL240,hERG,False,False,False
COc1cccc(C(c2cc3cc(C#N)ccc3nc2OC)C(O)(CCN(C)C)c2cc(C)nc(C)c2)c1OC,5.28,1,nM,CHEMBL4564401,-5.28,3.7199999999999998,CHEMBL240,hERG,False,False,False
COc1cccc(C2(O)CCN(C(C)C(O)c3ccc4c(c3)CCC(=O)N4)CC2)c1,4.96,1,nM,CHEMBL246818,-4.96,4.04,CHEMBL240,hERG,False,False,False
COc1cccc(C23CC2CN(CCCSc2nnc(-c4ocnc4C)n2C)C3)c1,5.4,3,nM,CHEMBL1080489,-5.4,3.5999999999999996,CHEMBL240,hERG,False,False,False
COc1cccc(C2CCCN(CCN3CCN(c4cccc(Cl)c4)C3=O)C2)c1,6.7,2,nM,CHEMBL556496,-6.7,2.3,CHEMBL240,hERG,True,True,True
COc1cccc(C2CCN([C@@H]3CC[C@@](C(=O)NCc4cc(C(F)(F)F)cc(C(F)(F)F)c4)(C(C)C)C3)CC2)c1,6.66,1,nM,CHEMBL403033,-6.66,2.34,CHEMBL240,hERG,False,False,False
COc1cccc(CCN(C)CCN2CCN(c3cccc(Cl)c3)C2=O)c1,6.2,2,nM,CHEMBL563926,-6.2,2.8,CHEMBL240,hERG,False,False,False
COc1cccc(CN2CCC(C#N)(CNC(=O)c3cc(CC(C)C)n(-c4ccccc4)n3)CC2)c1,5.82,1,nM,CHEMBL1836256,-5.82,3.1799999999999997,CHEMBL240,hERG,False,False,False
COc1cccc(CN2CCC(C#N)(CNC(=O)c3cc(OC)cc(OC)c3)CC2)c1,5.82,1,nM,CHEMBL1836147,-5.82,3.1799999999999997,CHEMBL240,hERG,False,False,False
COc1cccc(CN2CCC(NC(=O)c3cc(=O)c4ccc(F)cc4o3)CC2)c1,7.98,1,nM,CHEMBL217400,-7.98,1.0199999999999996,CHEMBL240,hERG,False,False,False
COc1cccc(CN2CCCCCCC2)c1OCc1csc(-c2ccc(Cl)cc2)n1,7.4,1,nM,CHEMBL197304,-7.4,1.5999999999999996,CHEMBL240,hERG,False,False,False
COc1cccc(CN2CCCCCCC2)c1OCc1csc(-c2ccccc2)n1,6.75,1,nM,CHEMBL197243,-6.75,2.25,CHEMBL240,hERG,False,False,False
COc1cccc(CN2CCc3cc4nc(N)sc4cc3CC2)c1,5.18,1,nM,CHEMBL2326480,-5.18,3.8200000000000003,CHEMBL240,hERG,True,True,True
COc1cccc(COC(=O)c2c(-c3ccc(OC)c(OC)c3)csc2N)c1,6.0,1,nM,CHEMBL2393431,-6.0,3.0,CHEMBL240,hERG,False,False,False
COc1cccc(Cn2ccc3nc(N)nc(NCc4cc(C)on4)c32)n1,5.64,1,nM,CHEMBL4103135,-5.64,3.3600000000000003,CHEMBL240,hERG,False,False,False
COc1cccc(F)c1CC(c1ccccc1)N1CCNCC1,5.07,1,nM,CHEMBL1086274,-5.07,3.9299999999999997,CHEMBL240,hERG,True,True,True
COc1cccc(N2CC3(CCN(CCc4ccccc4)CC3)OC(C)C2=O)c1,6.0,1,nM,CHEMBL4550656,-6.0,3.0,CHEMBL240,hERG,True,True,True
COc1cccc(N2CCC3CN(CCCSc4nnc(-c5cnccn5)n4C)CC32)c1,6.1,1,nM,CHEMBL3774412,-6.1,2.9000000000000004,CHEMBL240,hERG,True,True,True
COc1cccc(N2CCN(CCN(C)C[C@]34CC[C@H](CC3)C4(C)C)C2=O)c1,5.7,2,nM,CHEMBL563435,-5.7,3.3,CHEMBL240,hERG,True,True,True
COc1cccc(N2CCN(CCN3CCC(C(F)(F)F)CC3)C2=O)c1,4.6,1,nM,CHEMBL559920,-4.6,4.4,CHEMBL240,hERG,False,False,False
COc1cccc(N2CCN(CCN3CCN(C(C)C)CC3)C2=O)c1,4.2,1,nM,CHEMBL550358,-4.2,4.8,CHEMBL240,hERG,False,False,False
COc1cccc(N2CCN(C[C@H](O)COc3ccc(C(F)(F)F)cc3)CC2)c1,5.39,1,nM,CHEMBL2334271,-5.39,3.6100000000000003,CHEMBL240,hERG,False,False,False
COc1cccc(N2CCN(Cc3nc4c5cccc(OC)c5nc(N)n4n3)[C@H](C)C2)c1,4.68,1,nM,CHEMBL3596512,-4.68,4.32,CHEMBL240,hERG,True,True,True
COc1cccc(NC(=O)c2cnc([C@]34CO[C@@H](C)C[C@H]3CSC(N)=N4)s2)c1,5.21,1,nM,CHEMBL4203860,-5.21,3.79,CHEMBL240,hERG,False,False,False
COc1cccc(NC(=O)c2cnc([C@]34CO[C@@H](C)C[C@H]3CSC(N)=N4)s2)n1,5.32,1,nM,CHEMBL4212046,-5.32,3.6799999999999997,CHEMBL240,hERG,False,False,False
COc1cccc(OCCCN)c1-c1cc(Nc2cnc(C#N)cn2)n[nH]1,4.7,1,nM,CHEMBL3544911,-4.7,4.3,CHEMBL240,hERG,False,False,False
COc1cccc([C@@H](C)N2[C@@H]3CC[C@H]2C[C@H](Oc2cccc(C(N)=O)c2)C3)c1,8.34,1,nM,CHEMBL1257348,-8.34,0.6600000000000001,CHEMBL240,hERG,False,False,False
COc1cccc([C@H](c2cc3cc(C#N)ccc3nc2OC)[C@@](O)(CCN(C)C)c2cc(SC)nc(SC)c2)c1F,5.29,1,nM,CHEMBL4637995,-5.29,3.71,CHEMBL240,hERG,False,False,False
COc1cccc([C@]2(O)CC[C@H](N3CC(NC(=O)CNC(=O)c4cccc(C(F)(F)F)c4)C3)CC2)n1,4.76,1,nM,CHEMBL2204247,-4.76,4.24,CHEMBL240,hERG,False,False,False
COc1cccc([C@]2(O)CC[C@H](N3CC(NC(=O)CNc4ncnc5ccc(C(F)(F)F)cc45)C3)CC2)n1,4.87,1,nM,CHEMBL2315928,-4.87,4.13,CHEMBL240,hERG,False,False,False
COc1cccc2[nH]c(-c3nc(N[C@@H]4CCOC[C@@H]4N)cnc3C(N)=O)cc12,4.66,2,nM,CHEMBL3415610,-4.66,4.34,CHEMBL240,hERG,False,False,False
COc1cccc2c(=O)n(-c3ccc(OCCCN4CCCC4)cc3)c(C)nc12,5.0,1,nM,CHEMBL477152,-5.0,4.0,CHEMBL240,hERG,True,True,True
COc1cccc2c(=O)n(C)c(-c3ccc(OC4CCN(C5CCC5)CC4)cc3)nc12,5.0,1,nM,CHEMBL453892,-5.0,4.0,CHEMBL240,hERG,True,True,True
COc1cccc2c1C(C(=O)NCc1ccc(OC(F)(F)F)cc1)N(CCc1ccccn1)C2=O,5.44,1,nM,CHEMBL2164037,-5.44,3.5599999999999996,CHEMBL240,hERG,False,False,False
COc1cccc2c1CCCC21CCN(CCCSc2nnc(-c3ocnc3C)n2C)C1,5.7,1,nM,CHEMBL1258493,-5.7,3.3,CHEMBL240,hERG,False,False,False
COc1cccc2c1OC(c1ccc(OC3CCN(C4CCC4)CC3)cc1)C(C)S2(=O)=O,4.85,2,nM,CHEMBL562870,-4.85,4.15,CHEMBL240,hERG,True,True,True
COc1cccc2c1OC(c1ccc(OCCCN3CCCC3)cc1)C(C)S2(=O)=O,5.16,2,nM,CHEMBL562722,-5.16,3.84,CHEMBL240,hERG,True,True,True
COc1cccc2c1OC(c1ccc(OCCCN3CCCCC3)cc1)C(C)S2(=O)=O,5.32,2,nM,CHEMBL550050,-5.32,3.6799999999999997,CHEMBL240,hERG,True,True,True
COc1cccc2c1OC(c1ccc(OCCCN3CCC[C@@H]3C)cc1)C(C)S2(=O)=O,5.42,2,nM,CHEMBL563779,-5.42,3.58,CHEMBL240,hERG,True,True,True
COc1cccc2c1OC(c1ccc(OCCCN3CCC[C@H](C)C3)cc1)C(C)S2(=O)=O,5.6,2,nM,CHEMBL550517,-5.6,3.4000000000000004,CHEMBL240,hERG,True,True,True
COc1cccc2c1OC(c1ccc(OCCCN3CCC[C@H]3C)cc1)C(C)S2(=O)=O,5.54,2,nM,CHEMBL560863,-5.54,3.46,CHEMBL240,hERG,True,True,True
COc1cccc2c1O[C@@H](c1ccc(OCCCN3CCCC3)cc1)[C@H](C)S2(=O)=O,5.31,2,nM,CHEMBL560386,-5.31,3.6900000000000004,CHEMBL240,hERG,False,True,True
COc1cccc2c1O[C@H](c1ccc(OCCCN3CCCC3)cc1)[C@@H](C)S2(=O)=O,5.21,2,nM,CHEMBL557718,-5.21,3.79,CHEMBL240,hERG,False,True,True
COc1cccc2c1S(=O)(=O)C(C)C(c1ccc(OCCCN3CCCC3)cc1)O2,5.2,2,nM,CHEMBL549639,-5.2,3.8,CHEMBL240,hERG,False,False,False
COc1cccc2c1nc(N)n1nc(CN3CCN(c4ccc(F)cc4)C[C@H]3C)nc21,5.81,1,nM,CHEMBL3596502,-5.81,3.1900000000000004,CHEMBL240,hERG,True,True,True
COc1cccc2c1nc(N)n1nc(CN3CCN(c4ccc(F)cn4)C[C@H]3C)nc21,4.66,1,nM,CHEMBL3596505,-4.66,4.34,CHEMBL240,hERG,True,True,True
COc1cccc2c1nc(N)n1nc(CN3CCN(c4cccc(F)c4)C[C@H]3C)nc21,4.62,1,nM,CHEMBL3596504,-4.62,4.38,CHEMBL240,hERG,True,True,True
COc1cccc2c1nc(N)n1nc(CN3CCN(c4ccccc4)C[C@H]3C)nc21,4.77,1,nM,CHEMBL3596506,-4.77,4.23,CHEMBL240,hERG,True,True,True
COc1cccc2c1nc(N)n1nc(CN3CCN(c4ccccc4F)C[C@H]3C)nc21,4.3,1,nM,CHEMBL3596503,-4.3,4.7,CHEMBL240,hERG,True,True,True
COc1cccc2c1nc(N)n1nc(CN3CCN(c4ccccn4)C[C@H]3C)nc21,4.59,1,nM,CHEMBL3596507,-4.59,4.41,CHEMBL240,hERG,True,True,True
COc1cccc2c1nc(N)n1nc(CN3CCN(c4cccnc4)C[C@H]3C)nc21,4.65,1,nM,CHEMBL3596508,-4.65,4.35,CHEMBL240,hERG,True,True,True
COc1cccc2c1nc(N)n1nc(CN3CCN(c4ccncc4)C[C@H]3C)nc21,5.66,1,nM,CHEMBL3596509,-5.66,3.34,CHEMBL240,hERG,True,True,True
COc1cccc2c1nc(N)n1nc(CN3CCN(c4cnc(C)s4)C[C@H]3C)nc21,4.75,1,nM,CHEMBL3596516,-4.75,4.25,CHEMBL240,hERG,True,True,True
COc1cccc2c1nc(N)n1nc(CN3CCN(c4ncc(C)s4)C[C@H]3C)nc21,4.33,1,nM,CHEMBL3596515,-4.33,4.67,CHEMBL240,hERG,True,True,True
COc1cccc2c1nc(N)n1nc(CN3CCN(c4nsnc4Cl)C[C@H]3C)nc21,4.61,1,nM,CHEMBL3596518,-4.61,4.39,CHEMBL240,hERG,True,True,True
COc1cccc2nc(-c3ccc(OC4CCN(C5CCC5)CC4)cc3)n(C)c(=O)c12,5.0,1,nM,CHEMBL453653,-5.0,4.0,CHEMBL240,hERG,False,False,False
COc1cccc2nc(C#Cc3ccccc3)ccc12,4.21,1,nM,CHEMBL2335279,-4.21,4.79,CHEMBL240,hERG,False,False,False
COc1cccc2nc(C#Cc3cccnc3)ccc12,4.18,1,nM,CHEMBL2335285,-4.18,4.82,CHEMBL240,hERG,False,False,False
COc1cccc2nc(C)n(-c3ccc(OCCCN4CCCC4)cc3)c(=O)c12,5.0,1,nM,CHEMBL477990,-5.0,4.0,CHEMBL240,hERG,True,True,True
COc1ccccc1-c1cc2c(N[C@@H]3CC[C@](C)(N)C3(C)C)c(C(N)=O)cnn2c1,5.12,1,nM,CHEMBL4071255,-5.12,3.88,CHEMBL240,hERG,False,False,False
COc1ccccc1-c1n[nH]c2nc(N[C@H]3CC[C@H](NS(=O)(=O)CCC(F)(F)F)CC3)nc(OC)c12,4.76,1,nM,CHEMBL4516798,-4.76,4.24,CHEMBL240,hERG,False,False,False
COc1ccccc1-c1nc2c(C(=O)N[C@@H]3CN4CCC3CC4)cccc2o1,6.7,1,nM,CHEMBL1272016,-6.7,2.3,CHEMBL240,hERG,True,True,True
COc1ccccc1-c1nc2c(C(=O)N[C@@H]3C[C@H]4CCC[C@@H](C3)N4C)cccc2o1,6.4,1,nM,CHEMBL3084777,-6.4,2.5999999999999996,CHEMBL240,hERG,True,True,True
COc1ccccc1-c1nnc(SCCCN2CCc3ccc(-c4cc(C)on4)cc3CC2)n1C,7.4,1,nM,CHEMBL390429,-7.4,1.5999999999999996,CHEMBL240,hERG,False,False,False
COc1ccccc1-n1nc(C2CC(C)(C)OC(C)(C)C2)cc1-c1ccc(Cl)cc1,4.7,1,nM,CHEMBL4279774,-4.7,4.3,CHEMBL240,hERG,False,False,False
COc1ccccc1-n1nc(C2CC(C)(C)OC(C)(C)C2)cc1-c1csc(Cl)c1,4.58,1,nM,CHEMBL4277584,-4.58,4.42,CHEMBL240,hERG,False,False,False
COc1ccccc1CC(c1ccc(F)cc1)N1CCNCC1,4.8,1,nM,CHEMBL1085567,-4.8,4.2,CHEMBL240,hERG,True,True,True
COc1ccccc1CC(c1ccccc1)N1CCNCC1,4.41,3,nM,CHEMBL214335,-4.41,4.59,CHEMBL240,hERG,True,True,True
COc1ccccc1CC(c1ccccc1F)N1CCNCC1,4.4,1,nM,CHEMBL1085959,-4.4,4.6,CHEMBL240,hERG,True,True,True
COc1ccccc1CCN1CCC(CCc2cccc(OCCF)c2)CC1,6.1,1,nM,CHEMBL4218476,-6.1,2.9000000000000004,CHEMBL240,hERG,False,False,False
COc1ccccc1CCN1CCC(CCc2ccccc2OCCF)CC1,6.37,1,nM,CHEMBL4212482,-6.37,2.63,CHEMBL240,hERG,False,False,False
COc1ccccc1CCNCC(=O)N1CCc2ccccc2C1C1CCCCC1,5.08,1,nM,CHEMBL3356239,-5.08,3.92,CHEMBL240,hERG,False,False,False
COc1ccccc1CN1CCC(C#N)(CNC(=O)c2cc(CC(C)C)n(-c3ccccc3)n2)CC1,6.04,1,nM,CHEMBL1836255,-6.04,2.96,CHEMBL240,hERG,False,False,False
COc1ccccc1CNC[C@H]1C[C@@H]1c1cc(F)ccc1OC,5.85,1,nM,CHEMBL4072722,-5.85,3.1500000000000004,CHEMBL240,hERG,False,False,False
COc1ccccc1C[C@@H](C(=O)O)N1CCC(CN2CCC(Oc3ccc(Cl)c(Cl)c3)CC2)CC1,5.0,1,nM,CHEMBL2158775,-5.0,4.0,CHEMBL240,hERG,True,True,True
COc1ccccc1N1CCC2CN(CCCSc3nnc(-c4cnccn4)n3C)CC21,5.7,1,nM,CHEMBL3775618,-5.7,3.3,CHEMBL240,hERG,True,True,True
COc1ccccc1N1CCN(CCCC(C(=O)O)(c2ccc(Br)cc2)C(C)C)CC1,5.4,1,nM,CHEMBL3115193,-5.4,3.5999999999999996,CHEMBL240,hERG,False,False,False
COc1ccccc1N1CCN(CCCCCC(=O)n2c3ccccc3c3ccccc32)CC1,5.55,1,nM,CHEMBL3764650,-5.55,3.45,CHEMBL240,hERG,False,False,False
COc1ccccc1N1CCN(CCCCNS(=O)(=O)c2ccc(C)cc2)CC1,5.3,1,nM,CHEMBL209324,-5.3,3.7,CHEMBL240,hERG,True,True,True
COc1ccccc1N1CCN(CCCCOc2ccc3c(C)cc(=O)oc3c2)CC1,7.51,1,nM,CHEMBL2387253,-7.51,1.4900000000000002,CHEMBL240,hERG,False,False,False
COc1ccccc1N1CCN(C[C@@H](O)COc2ccc(C(F)(F)F)cc2)CC1,5.4,1,nM,CHEMBL2334606,-5.4,3.5999999999999996,CHEMBL240,hERG,False,False,False
COc1ccccc1N1CCN(Cc2nc3c4cccc(OC)c4nc(N)n3n2)[C@H](C)C1,4.32,1,nM,CHEMBL3596511,-4.32,4.68,CHEMBL240,hERG,True,True,True
COc1ccccc1OCC(O)CN1CCN(CC(=O)Nc2c(C)cccc2C)CC1,4.895,2,nM,CHEMBL1404,-4.895,4.105,CHEMBL240,hERG,False,False,False
COc1ccccc1OCCNCC(O)COc1cccc2[nH]c3ccccc3c12,4.98,6,nM,CHEMBL723,-4.98,4.02,CHEMBL240,hERG,False,False,False
COc1ccccc1Oc1cccc(CN2CCC3(CC2)CCN(C(=O)c2cc[n+]([O-])cc2)CC3)c1,5.07,3,nM,CHEMBL272022,-5.07,3.9299999999999997,CHEMBL240,hERG,False,False,False
COc1ccccc1Oc1cccc(CN2CCC3(CC2)CCN(C(=O)c2ccc(Cl)cc2)CC3)c1,7.0,1,nM,CHEMBL409648,-7.0,2.0,CHEMBL240,hERG,False,False,False
COc1ccccc1Oc1cccc(CN2CCC3(CC2)CCN(C(=O)c2cccc[n+]2[O-])CC3)c1,4.82,1,nM,CHEMBL411651,-4.82,4.18,CHEMBL240,hERG,False,False,False
COc1ccccc1Oc1cccc(CN2CCC3(CC2)CCN(C(=O)c2ccncn2)CC3)c1,5.72,1,nM,CHEMBL574655,-5.72,3.2800000000000002,CHEMBL240,hERG,False,False,False
COc1ccccc1Oc1ccccc1CN1CCC2(CC1)CCN(C(=O)c1cc[n+]([O-])cc1)CC2,6.68,3,nM,CHEMBL270971,-6.68,2.3200000000000003,CHEMBL240,hERG,False,False,False
COc1ccccc1Oc1ccccc1CN1CCC2(CC1)CCN(C(=O)c1ccc(Cl)cc1)CC2,8.6,3,nM,CHEMBL409224,-8.6,0.40000000000000036,CHEMBL240,hERG,False,False,False
COc1ccccc1Oc1ccccc1CN1CCC2(CC1)CCN(C(=O)c1ccc[nH]c1=O)CC2,5.275,2,nM,CHEMBL583843,-5.275,3.7249999999999996,CHEMBL240,hERG,False,False,False
COc1ccccc1Oc1ccccc1CN1CCC2(CC1)CCN(C(=O)c1cccc[n+]1[O-])CC2,5.72,1,nM,CHEMBL270969,-5.72,3.2800000000000002,CHEMBL240,hERG,False,False,False
COc1ccccc1Oc1ccccc1CN1CCC2(CC1)CCN(C(=O)c1ccccn1)CC2,6.92,1,nM,CHEMBL271127,-6.92,2.08,CHEMBL240,hERG,False,False,False
COc1ccccc1Oc1ccccc1CN1CCC2(CC1)CCN(C(=O)c1ccncc1)CC2,7.52,3,nM,CHEMBL271128,-7.52,1.4800000000000004,CHEMBL240,hERG,False,False,False
COc1ccccc1Oc1ccccc1CN1CCC2(CC1)CCN(C(=O)c1ccncn1)CC2,7.035,2,nM,CHEMBL573216,-7.035,1.9649999999999999,CHEMBL240,hERG,False,False,False
COc1ccccc1S(=O)(=O)/C=C/c1ccccc1Cl,4.92,1,nM,CHEMBL3125749,-4.92,4.08,CHEMBL240,hERG,False,False,False
COc1ccccc1[C@]12CO[C@@H](C)C[C@H]1CSC(N)=N2,4.07,1,nM,CHEMBL4209354,-4.07,4.93,CHEMBL240,hERG,False,False,False
COc1cccnc1C(=O)N1CCN(c2ccc(NC(=O)C(C)(C)c3ccccc3)cc2Cl)CC1,4.3,1,nM,CHEMBL557502,-4.3,4.7,CHEMBL240,hERG,False,False,False
COc1cccnc1Cn1ccc2nc(N)nc(NCc3cc(C)on3)c21,5.8,1,nM,CHEMBL4095178,-5.8,3.2,CHEMBL240,hERG,False,False,False
COc1cccnc1Cn1ccc2nc(N)nc(OCc3ncc(C)o3)c21,5.66,1,nM,CHEMBL4074704,-5.66,3.34,CHEMBL240,hERG,False,False,False
COc1cccnc1[C@H](C)c1c(CCN(C)C)sc2ccccc12,5.52,1,nM,CHEMBL1091069,-5.52,3.4800000000000004,CHEMBL240,hERG,True,True,True
COc1ccnc(-c2ccc3c(c2)C2(COC(N)=N2)C2(COC2)C(C)(C)O3)c1,5.01,2,nM,CHEMBL3703266,-5.01,3.99,CHEMBL240,hERG,False,False,False
COc1ccnc(C2=N[C@@](c3ccc(F)cc3)(c3ccc(F)nc3)[C@H](C)N2)c1,5.2,1,nM,CHEMBL490902,-5.2,3.8,CHEMBL240,hERG,True,True,True
COc1ccncc1-c1[nH]c2ccccc2c1CCNCc1ccc(/C=C/C(=O)NO)cc1,5.07,1,nM,CHEMBL1819257,-5.07,3.9299999999999997,CHEMBL240,hERG,False,False,False
COc1ccsc1CNCC[C@@]1(c2ccccn2)CCOC2(CCCC2)C1,5.21,1,nM,CHEMBL2443262,-5.21,3.79,CHEMBL240,hERG,False,False,False
COc1cnc(-c2c(C)ccc(F)c2CCNC(=O)c2ccc(COCC(F)(F)F)nc2)cn1,4.7,1,nM,CHEMBL2147307,-4.7,4.3,CHEMBL240,hERG,False,False,False
COc1cnc(-c2c(F)ccc(F)c2CCNC(=O)c2ccc(COCC(F)(F)F)nc2)cn1,4.7,1,nM,CHEMBL2147308,-4.7,4.3,CHEMBL240,hERG,False,False,False
COc1cnc(-c2cccc(F)c2C(F)(F)CNC(=O)c2ccc(COCC(F)(F)F)nc2)cn1,4.7,1,nM,CHEMBL2147317,-4.7,4.3,CHEMBL240,hERG,False,False,False
COc1cnc(-c2cccc3c2C[C@H](NC(=O)c2ccc(COCC(F)(F)F)nc2)CO3)cn1,4.9,1,nM,CHEMBL2069427,-4.9,4.1,CHEMBL240,hERG,False,False,False
COc1cnc(-c2ccccc2C(F)(F)CNC(=O)c2ccc(COCC(F)(F)F)nc2)cn1,4.6,1,nM,CHEMBL2147316,-4.6,4.4,CHEMBL240,hERG,False,False,False
COc1cnc(-c2ccccc2CCNC(=O)c2ccc(OCCC(F)(F)F)nc2)cn1,4.7,1,nM,CHEMBL2147211,-4.7,4.3,CHEMBL240,hERG,False,False,False
COc1cnc(-n2cnc(C)n2)c2[nH]cc(C(=O)C(=O)N3CCN(C(=O)c4ccccc4)CC3)c12,4.66,1,nM,CHEMBL3301620,-4.66,4.34,CHEMBL240,hERG,False,False,False
COc1cnc(C(=O)Nc2cc(F)c(F)c([C@]3(C)C[C@@H](c4c(C)noc4C)SC(N)=N3)c2)cn1,6.19,1,nM,CHEMBL3805852,-6.19,2.8099999999999996,CHEMBL240,hERG,False,False,False
COc1cnc(C(=O)Nc2ccc(F)c([C@]34CN(c5ncc(F)cn5)C[C@H]3CSC(N)=N4)c2)cn1,5.58,1,nM,CHEMBL4452566,-5.58,3.42,CHEMBL240,hERG,False,False,False
COc1cnc(C(=O)Nc2ccc3c(c2)[C@@]2(COC(N)=N2)C2(CC2)C(C)(C)O3)cn1,4.68,2,nM,CHEMBL3650850,-4.68,4.32,CHEMBL240,hERG,False,False,False
COc1cnc(C(=O)Nc2csc([C@]34CO[C@@H](C)C[C@H]3CSC(N)=N4)n2)cn1,4.37,1,nM,CHEMBL3941301,-4.37,4.63,CHEMBL240,hERG,False,False,False
COc1cnc(OC)c(C(O)(CCN(C)C)C(c2cc3cc(Br)ccc3nc2OC)c2cccc(OC)c2F)c1,5.54,1,nM,CHEMBL4514254,-5.54,3.46,CHEMBL240,hERG,False,False,False
COc1cnc(OC)c([C@H](c2cc3cc(Br)ccc3nc2OC)[C@@](O)(CCN(C)C)c2cc(OC)nc(OC)c2)c1,5.66,1,nM,CHEMBL4593713,-5.66,3.34,CHEMBL240,hERG,False,False,False
COc1cnc(OC)c([C@H](c2cc3cc(C#N)ccc3nc2OC)[C@@](O)(CCN(C)C)c2cc(OC)nc(OC)c2)c1,5.51,1,nM,CHEMBL4553350,-5.51,3.49,CHEMBL240,hERG,False,False,False
COc1cnc(O[C@@H]2C[C@@H](C(=O)N[C@]3(C(=O)NS(=O)(=O)C4CC4)C[C@H]3C3CC3)N(C(=O)[C@@H](NC(=O)O[C@H](C)C(F)(F)F)C3CCCCC3)C2)c2cc(Cl)ccc12,4.9,1,nM,CHEMBL3933212,-4.9,4.1,CHEMBL240,hERG,False,False,False
COc1cnc2c(CCC34CCC(NCc5ccc6c(n5)NC(=O)CO6)(CC3)CO4)ccnc2c1,7.81,1,nM,CHEMBL3422979,-7.81,1.1900000000000004,CHEMBL240,hERG,False,False,False
COc1cnc2c(c1)CN(C(=O)[C@@]13CCC[C@@H]1C[C@@H](NC1CCOCC1OC)C3)CC2,4.33,1,nM,CHEMBL2313786,-4.33,4.67,CHEMBL240,hERG,False,False,False
COc1cnc2ccc(=O)n(CCN3CCC(C4C(=O)Nc5ccc(Cl)cc54)CC3)c2c1,5.32,1,nM,CHEMBL3318982,-5.32,3.6799999999999997,CHEMBL240,hERG,False,False,False
COc1cnc2ccc(=O)n(CCN3CCC(NC(=O)c4cnc(C)c(C#N)c4)CC3)c2c1,4.13,1,nM,CHEMBL3290344,-4.13,4.87,CHEMBL240,hERG,False,False,False
COc1cnc2ccc(=O)n(CCN3CCC(NCc4cnc(C)c(C#N)c4)CC3)c2c1,4.3,1,nM,CHEMBL3290341,-4.3,4.7,CHEMBL240,hERG,False,False,False
COc1cnc2ccc(=O)n(CCN3CCC(NCc4cnc(C)c(C#N)n4)CC3)c2c1,4.16,1,nM,CHEMBL3290346,-4.16,4.84,CHEMBL240,hERG,False,False,False
COc1cnc2ccc(=O)n(CCN3CCC(NCc4cnc(OC)c(C#N)c4)CC3)c2c1,4.92,1,nM,CHEMBL3290345,-4.92,4.08,CHEMBL240,hERG,False,False,False
COc1cnc2ccc(=O)n(CCN3CCC(c4c[nH]c5cc(C(F)(F)F)ccc45)CC3)c2c1,5.75,1,nM,CHEMBL3319004,-5.75,3.25,CHEMBL240,hERG,False,False,False
COc1cnc2ccc(=O)n(CCN3CCC(c4c[nH]c5ccc(C#N)cc45)CC3)c2c1,5.7,1,nM,CHEMBL3319003,-5.7,3.3,CHEMBL240,hERG,False,False,False
COc1cnc2ccc(=O)n(CCN3CCC(c4nc5cc(C#N)c(C)cc5[nH]4)CC3)c2c1,5.0,1,nM,CHEMBL3318997,-5.0,4.0,CHEMBL240,hERG,False,False,False
COc1cnc2ccc(=O)n(CCN3CCC(c4nc5cc(C#N)ccc5[nH]4)CC3)c2c1,5.35,1,nM,CHEMBL3318990,-5.35,3.6500000000000004,CHEMBL240,hERG,False,False,False
COc1cnc2ccc(=O)n(CCN3CCC(c4nc5cc(C(F)(F)F)ccc5[nH]4)CC3)c2c1,6.0,1,nM,CHEMBL3318983,-6.0,3.0,CHEMBL240,hERG,False,False,False
COc1cnc2ccc(=O)n(CCN3CCC(c4nc5cc(Cl)c(C)cc5[nH]4)CC3)c2c1,5.85,1,nM,CHEMBL3318992,-5.85,3.1500000000000004,CHEMBL240,hERG,False,False,False
COc1cnc2ccc(=O)n(CCN3CCC(c4nc5cc(Cl)c(F)cc5[nH]4)CC3)c2c1,5.92,1,nM,CHEMBL3318991,-5.92,3.08,CHEMBL240,hERG,False,False,False
COc1cnc2ccc(=O)n(CCN3CCC(c4nc5cc(Cl)ccc5[nH]4)CC3)c2c1,6.0,2,nM,CHEMBL3318989,-6.0,3.0,CHEMBL240,hERG,False,False,False
COc1cnc2ccc(=O)n(CCN3CCN(c4nc5cc(C(F)(F)F)ccc5[nH]4)CC3)c2c1,5.0,1,nM,CHEMBL3318984,-5.0,4.0,CHEMBL240,hERG,False,False,False
COc1cnc2ccc(=O)n(CCN3CCN(c4nc5ccccc5[nH]4)CC3)c2c1,5.16,1,nM,CHEMBL3318985,-5.16,3.84,CHEMBL240,hERG,False,False,False
COc1cnc2ccc(=O)n(CCN3CC[C@@H](NCc4cnc(C)c(C#N)c4)[C@@H](F)C3)c2c1,4.05,1,nM,CHEMBL3290351,-4.05,4.95,CHEMBL240,hERG,False,False,False
COc1cnc2ncc(=O)n(CCN3CCC(c4nc5cc(Cl)c(C)cc5[nH]4)CC3)c2c1,5.0,1,nM,CHEMBL3318995,-5.0,4.0,CHEMBL240,hERG,False,False,False
COc1cncc(-c2cc(NC(C)=O)nc(-n3nc(C)cc3C)n2)c1,4.62,1,nM,CHEMBL458242,-4.62,4.38,CHEMBL240,hERG,True,True,True
COc1cncc(-c2ccc3c(c2)C2(COC(N)=N2)C2(CC2)CO3)c1,5.1,2,nM,CHEMBL3703299,-5.1,3.9000000000000004,CHEMBL240,hERG,False,False,False
COc1cncc(-c2ccc3c(c2)C2(COC(N)=N2)C2(COC2)C2(CCC2)O3)c1,5.08,2,nM,CHEMBL3703271,-5.08,3.92,CHEMBL240,hERG,False,False,False
COc1cncc(-c2nc(NCc3ccccn3)c3c(-c4ccccc4)cccc3n2)c1,5.08,1,nM,CHEMBL4449766,-5.08,3.92,CHEMBL240,hERG,False,False,False
COc1cncc(Cc2cc(-c3ccccc3)no2)c1,4.64,1,nM,CHEMBL4097298,-4.64,4.36,CHEMBL240,hERG,False,False,False
COc1cncc(NC(C(=O)c2c[nH]c3ccccc23)c2ccccc2)c1,5.46,1,nM,CHEMBL4205724,-5.46,3.54,CHEMBL240,hERG,False,False,False
COc1cnccc1[C@H]1CC[C@@H](N2CC(NC(=O)CNc3ncnc4ccc(C(F)(F)F)cc34)C2)CC1,4.7,1,nM,CHEMBL2315930,-4.7,4.3,CHEMBL240,hERG,False,False,False
COc1cnccc1[C@H]1CC[C@H](N2CC(NC(=O)CNC(=O)c3cccc(C(F)(F)F)c3)C2)CC1,5.09,1,nM,CHEMBL1829620,-5.09,3.91,CHEMBL240,hERG,False,False,False
COc1nc(-c2csc(Nc3c4c(nn3C(C)(C)C)CCCC4)n2)ccc1-n1cnc(C)c1,5.14,1,nM,CHEMBL4754724,-5.14,3.8600000000000003,CHEMBL240,hERG,False,False,False
COc1nc(-c2csc(Nc3c4c(nn3C)CCC4)n2)ccc1-n1cnc(C)c1,6.04,1,nM,CHEMBL4741605,-6.04,2.96,CHEMBL240,hERG,False,False,False
COc1nc(-c2csc(Nc3c4c(nn3CC(C)(C)O)CCCC4)n2)ccc1-n1cnc(C)c1,5.24,1,nM,CHEMBL4760389,-5.24,3.76,CHEMBL240,hERG,False,False,False
COc1nc(-c2csc(Nc3c4c(nn3CC(F)(F)F)CCC4)n2)ccc1-n1cnc(C)c1,6.04,1,nM,CHEMBL4777391,-6.04,2.96,CHEMBL240,hERG,False,False,False
COc1nc(-c2csc(Nc3c4c(nn3CCF)CCC4)n2)ccc1-n1cnc(C)c1,5.54,1,nM,CHEMBL4759910,-5.54,3.46,CHEMBL240,hERG,False,False,False
COc1nc(-c2csc(Nc3c4c(nn3CCF)CCCC4)n2)ccc1-n1cnc(C)c1,4.94,1,nM,CHEMBL4750723,-4.94,4.06,CHEMBL240,hERG,False,False,False
COc1nc(-c2csc(Nc3c4c(nn3CCO)CCCC4)n2)ccc1-n1cnc(C)c1,5.58,1,nM,CHEMBL4741060,-5.58,3.42,CHEMBL240,hERG,False,False,False
COc1nc(C2=NOC(C3CC3)C(c3ccc(Cl)cc3)N2)ccc1-n1cnc(C)c1,4.92,1,nM,CHEMBL4848062,-4.92,4.08,CHEMBL240,hERG,False,False,False
COc1nc(C2=NOC[C@H](c3cc4ccccc4o3)N2)ccc1-n1cnc(C)c1,4.82,1,nM,CHEMBL4101809,-4.82,4.18,CHEMBL240,hERG,False,False,False
COc1nc(N2C[C@H]3C(=O)N(C)C(=N)N[C@@]3(c3ccc(F)cc3F)C2)nc(C)c1F,5.72,1,nM,CHEMBL3640290,-5.72,3.2800000000000002,CHEMBL240,hERG,True,True,True
COc1nc(N[C@@H](C)c2cc3cc(Cl)ccc3[nH]c2=O)ncc1C#N,5.5,1,nM,CHEMBL4451408,-5.5,3.5,CHEMBL240,hERG,False,False,False
COc1nc(Nc2cccc3c2nc(-c2ccc(F)cc2)n3C)ccc1-n1cnc(C)c1,5.07,2,nM,CHEMBL2151164,-5.07,3.9299999999999997,CHEMBL240,hERG,False,False,False
COc1nc2c(CCC34CCC(NCc5ccc6c(n5)NC(=O)CO6)(CC3)CO4)c(F)cnc2cc1C(F)(F)F,8.77,1,nM,CHEMBL3422957,-8.77,0.23000000000000043,CHEMBL240,hERG,False,False,False
COc1nc2c(CCC34CCC(NCc5ccc6c(n5)NC(=O)CO6)(CC3)CO4)c(F)cnc2cc1F,9.14,1,nM,CHEMBL3422952,-9.14,-0.14000000000000057,CHEMBL240,hERG,False,False,False
COc1nc2c(CCC34CCC(NCc5ccc6c(n5)NC(=O)CO6)(CC3)CO4)ccnc2cc1C#N,8.8,1,nM,CHEMBL3422966,-8.8,0.1999999999999993,CHEMBL240,hERG,False,False,False
COc1nc2c(CCC34CCC(NCc5ccc6c(n5)NC(=O)CO6)(CC3)CO4)ccnc2cc1Cl,8.38,1,nM,CHEMBL3422963,-8.38,0.6199999999999992,CHEMBL240,hERG,False,False,False
COc1nc2c(CCC34CCC(NCc5ccc6c(n5)NC(=O)CO6)(CC3)CO4)ccnc2cc1F,8.6,1,nM,CHEMBL3422965,-8.6,0.40000000000000036,CHEMBL240,hERG,False,False,False
COc1nc2ccc(/C=N/O)cc2cc1C(c1ccccc1)C(O)(CCN(C)C)c1cccc2ccccc12,5.46,1,nM,CHEMBL4169823,-5.46,3.54,CHEMBL240,hERG,False,False,False
COc1nc2ccc(Br)cc2cc1C(c1cccc(C)c1)C(O)(CCN(C)C)c1cccnc1OC,6.35,1,nM,CHEMBL4535649,-6.35,2.6500000000000004,CHEMBL240,hERG,False,False,False
COc1nc2ccc(Br)cc2cc1[C@@H](c1cc(C)c(C)s1)[C@@](O)(CCN(C)C)c1cccc(F)c1,6.06,1,nM,CHEMBL4206467,-6.06,2.9400000000000004,CHEMBL240,hERG,False,False,False
COc1nc2ccc(Br)cc2cc1[C@@H](c1ccc(N(C)C)nc1)[C@@](O)(CCN(C)C)c1cccc(F)c1,6.05,1,nM,CHEMBL4204414,-6.05,2.95,CHEMBL240,hERG,False,False,False
COc1nc2ccc(Br)cc2cc1[C@@H](c1ccccc1)[C@@](O)(CCN(C)C)c1cccc2ccccc12,5.8,7,nM,CHEMBL376488,-5.8,3.2,CHEMBL240,hERG,False,False,False
COc1nc2ccc(Br)cc2cc1[C@@H](c1ccnc(OC)c1OC)[C@@](O)(CCN(C)C)c1cc(SC)nc(SC)c1,5.55,1,nM,CHEMBL4637257,-5.55,3.45,CHEMBL240,hERG,False,False,False
COc1nc2ccc(Br)cc2cc1[C@@H](c1ccnc(OC)c1OC)[C@@](O)(CCN(C)C)c1cccc(C)c1,6.28,1,nM,CHEMBL4213428,-6.28,2.7199999999999998,CHEMBL240,hERG,False,False,False
COc1nc2ccc(C#N)cc2cc1C(c1cccc(C)c1)C(O)(CCN(C)C)c1cccnc1OC,6.52,1,nM,CHEMBL4575859,-6.52,2.4800000000000004,CHEMBL240,hERG,False,False,False
COc1nc2ccc(C#N)cc2cc1[C@@H](c1cccc2c1OCO2)[C@@](O)(CCN(C)C)c1cc(SC)nc(SC)c1,5.23,1,nM,CHEMBL4642317,-5.23,3.7699999999999996,CHEMBL240,hERG,False,False,False
COc1nc2ccc(C(=O)N(C)C)cc2cc1C(c1ccccc1)C(O)(CCN(C)C)c1cccc2ccccc12,5.2,1,nM,CHEMBL4159957,-5.2,3.8,CHEMBL240,hERG,False,False,False
COc1nc2ccc(C(=O)O)cc2cc1C(c1ccccc1)C(O)(CCN(C)C)c1cccc2ccccc12,5.0,1,nM,CHEMBL4170272,-5.0,4.0,CHEMBL240,hERG,False,False,False
COc1nc2ccc(C)cc2cc1C(c1ccccc1)C(O)(CCN(C)C)c1cccc2ccccc12,5.37,1,nM,CHEMBL4169545,-5.37,3.63,CHEMBL240,hERG,False,False,False
COc1nc2ccc(CC(C)=O)cc2cc1C(c1ccccc1)C(O)(CCN(C)C)c1cccc2ccccc12,5.0,1,nM,CHEMBL4159990,-5.0,4.0,CHEMBL240,hERG,False,False,False
COc1nc2ccc(CN(C)C)cc2cc1C(c1ccccc1)C(O)(CCN(C)C)c1cccc2ccccc12,5.32,1,nM,CHEMBL4166400,-5.32,3.6799999999999997,CHEMBL240,hERG,False,False,False
COc1nc2ccc(CN)cc2cc1C(c1ccccc1)C(O)(CCN(C)C)c1cccc2ccccc12,5.77,1,nM,CHEMBL4177019,-5.77,3.2300000000000004,CHEMBL240,hERG,False,False,False
COc1nc2ccc(CO)cc2cc1C(c1ccccc1)C(O)(CCN(C)C)c1cccc2ccccc12,5.0,1,nM,CHEMBL4167910,-5.0,4.0,CHEMBL240,hERG,False,False,False
COc1nc2ccc(Cl)cc2cc1C(c1ccccc1)C(O)(CCN(C)C)c1cccc2ccccc12,5.16,1,nM,CHEMBL4159307,-5.16,3.84,CHEMBL240,hERG,False,False,False
COc1nc2ccccc2cc1-c1cnc([C@H](CCCCNC(=O)c2ccccc2SC)NC(=O)c2cncs2)[nH]1,5.88,1,nM,CHEMBL4744636,-5.88,3.12,CHEMBL240,hERG,False,False,False
COc1nc2ccccc2cc1-c1nnc([C@H](CCCCNC(=O)c2ccccc2SC)NC(=O)c2cncs2)o1,4.89,1,nM,CHEMBL4764126,-4.89,4.11,CHEMBL240,hERG,False,False,False
COc1nc2ccccc2cc1C(c1ccccc1)C(O)(CCN(C)C)c1cccc2ccccc12,5.8,1,nM,CHEMBL4162672,-5.8,3.2,CHEMBL240,hERG,False,False,False
COc1ncc(-c2c(C)ccc(F)c2CCNC(=O)c2ccc(OCC(F)(F)F)nc2)cn1,4.9,1,nM,CHEMBL2147306,-4.9,4.1,CHEMBL240,hERG,False,False,False
COc1ncc(-c2ccc(C(=O)O)cc2C)cc1-c1ccc(C(F)(F)F)cc1CN1C(=O)O[C@H](c2cc(C(F)(F)F)cc(C(F)(F)F)c2)[C@@H]1C,6.36,1,nM,CHEMBL4852538,-6.36,2.6399999999999997,CHEMBL240,hERG,False,False,False
COc1ncc(-c2ccc(C(=O)O)cc2C)cc1-c1ccc(C(F)(F)F)nc1CN1C(=O)O[C@H](c2cc(C(F)(F)F)cc(C(F)(F)F)c2)[C@@H]1C,5.6,1,nM,CHEMBL4852134,-5.6,3.4000000000000004,CHEMBL240,hERG,False,False,False
COc1ncc(-c2ccc3cc(CCN4CCC[C@H]4C)ccc3n2)cn1,4.65,1,nM,CHEMBL1082489,-4.65,4.35,CHEMBL240,hERG,True,True,True
COc1ncc(-c2ccc3ncnc(-c4cccc(C(=O)N5CCN(C)CC5)c4)c3c2)cc1C#N,4.96,1,nM,CHEMBL4467868,-4.96,4.04,CHEMBL240,hERG,False,False,False
COc1ncc(-c2ccc3ncnc(-c4cccc(C(=O)N5CCN(C)CC5)c4)c3c2)cc1C(F)(F)F,5.8,1,nM,CHEMBL4453497,-5.8,3.2,CHEMBL240,hERG,False,False,False
COc1ncc(-c2cccc(C)c2CCNC(=O)c2ccc(OCCC(F)(F)F)nc2)cn1,5.2,1,nM,CHEMBL2147221,-5.2,3.8,CHEMBL240,hERG,False,False,False
COc1ncc(-c2cccc(Cl)c2CCNC(=O)c2ccc(OCCC(F)(F)F)nc2)cn1,5.4,1,nM,CHEMBL2147223,-5.4,3.5999999999999996,CHEMBL240,hERG,False,False,False
COc1ncc(-c2cccc(F)c2CCNC(=O)c2ccc(OCCC(F)(F)F)nc2)cn1,5.1,1,nM,CHEMBL2147222,-5.1,3.9000000000000004,CHEMBL240,hERG,False,False,False
COc1ncc(-c2cccc(OC(F)F)c2CCNC(=O)c2ccc(OCCC(F)(F)F)nc2)cn1,5.4,1,nM,CHEMBL2147304,-5.4,3.5999999999999996,CHEMBL240,hERG,False,False,False
COc1ncc(-c2cccc3c2C[C@H](NC(=O)c2ccc(COCC(F)(F)F)nc2)CO3)cn1,4.8,1,nM,CHEMBL2069423,-4.8,4.2,CHEMBL240,hERG,False,False,False
COc1ncc(-c2cccc3c2C[C@H](NC(=O)c2ccc(OCC(F)(F)F)nc2)CO3)cc1F,4.6,1,nM,CHEMBL2069410,-4.6,4.4,CHEMBL240,hERG,False,False,False
COc1ncc(-c2cccc3c2C[C@H](NC(=O)c2ccc(OCC(F)(F)F)nc2)CO3)cn1,5.1,1,nM,CHEMBL2069421,-5.1,3.9000000000000004,CHEMBL240,hERG,False,False,False
COc1ncc(-c2cccc3c2C[C@H](NC(=O)c2ccc(OCCC(F)(F)F)nc2)CO3)cn1,4.9,1,nM,CHEMBL2069422,-4.9,4.1,CHEMBL240,hERG,False,False,False
COc1ncc(-c2ccccc2C(F)(F)CNC(=O)c2ccc(COCC(F)(F)F)nc2)cn1,4.7,1,nM,CHEMBL2147303,-4.7,4.3,CHEMBL240,hERG,False,False,False
COc1ncc(-c2ccccc2CCNC(=O)c2ccc(OCCC(F)(F)F)nc2)cn1,5.0,1,nM,CHEMBL2147210,-5.0,4.0,CHEMBL240,hERG,False,False,False
COc1ncc(-c2nc(NCc3ccccn3)c3c(-c4ccccc4)cccc3n2)cn1,5.72,1,nM,CHEMBL4061436,-5.72,3.2800000000000002,CHEMBL240,hERG,False,False,False
COc1ncc(NC(=O)Nc2cnc3ccc(F)cc3c2N(C)C2CCCN(C)C2)cc1Cl,5.05,1,nM,CHEMBL4756634,-5.05,3.95,CHEMBL240,hERG,False,False,False
COc1ncc([C@]2(O)CC[C@H](N3CC(NC(=O)CNC(=O)c4cccc(C(F)(F)F)c4)C3)CC2)cc1C,4.67,1,nM,CHEMBL2204246,-4.67,4.33,CHEMBL240,hERG,False,False,False
COc1ncc2ncc(=O)n(CCN3CCC(NCc4cc5c(cn4)OCCO5)CC3)c2n1,4.09,1,nM,CHEMBL1916544,-4.09,4.91,CHEMBL240,hERG,False,False,False
COc1nccc(N2CCC3(CCN(C[C@H](O)c4ccc5c(c4C)COC5=O)CC3)C2=O)n1,5.095,2,nM,CHEMBL4103004,-5.095,3.9050000000000002,CHEMBL240,hERG,False,False,False
COc1nccc2c(=O)n(C)c(-c3ccc(OC4CCN(C5CCC5)CC4)cc3)nc12,5.0,1,nM,CHEMBL507360,-5.0,4.0,CHEMBL240,hERG,False,False,False
COc1ncccc1-c1nnc(SCCCN2CC[C@]3(C[C@@H]3c3ccc(C(F)(F)F)cc3)C2)n1C,6.22,1,nM,CHEMBL3958949,-6.22,2.7800000000000002,CHEMBL240,hERG,True,True,True
COc1ncccc1C(=O)N1CC[C@H](NCc2cncn2Cc2ccc(C#N)cc2)C1=O,4.68,1,nM,CHEMBL485162,-4.68,4.32,CHEMBL240,hERG,False,False,False
COc1ncccc1[C@@H](C)c1c(CCN(C)C)sc2ccccc12,5.75,1,nM,CHEMBL1093294,-5.75,3.25,CHEMBL240,hERG,True,True,True
COc1nccnc1CC1=C(CCN(C)C)Cc2cc(Cl)ccc21,6.64,1,nM,CHEMBL1092650,-6.64,2.3600000000000003,CHEMBL240,hERG,False,False,False
COc1nccnc1CC1=C(CCN(C)C)Cc2ccccc21,5.12,1,nM,CHEMBL1088900,-5.12,3.88,CHEMBL240,hERG,False,False,False
COc1nccnc1N1C(=O)N(c2ccc(-c3ccc(C(=O)O)cc3C)cc2)C(=O)C12CCN(Cc1ncccc1C)CC2,5.85,1,nM,CHEMBL2041185,-5.85,3.1500000000000004,CHEMBL240,hERG,False,False,False
COc1nccnc1[C@H](C)C1=C(CCN(C)C)Cc2cc(C)ccc21,5.42,1,nM,CHEMBL1090176,-5.42,3.58,CHEMBL240,hERG,False,False,False
COc1nccnc1[C@H](C)C1=C(CCN(C)C)Cc2cc(F)ccc21,5.75,1,nM,CHEMBL1090526,-5.75,3.25,CHEMBL240,hERG,False,False,False
COc1nccnc1[C@H](C)C1=C(CCN(C)C)Cc2ccccc21,5.12,1,nM,CHEMBL1092597,-5.12,3.88,CHEMBL240,hERG,False,False,False
COc1nn(C)cc1C(=O)Nc1cccc(-c2cncn2C(C)C)n1,4.82,1,nM,CHEMBL4641666,-4.82,4.18,CHEMBL240,hERG,False,False,False
COc1nn(C)cc1C(=O)Nc1cccc(-c2nncn2C(C)C)n1,4.52,1,nM,CHEMBL4643577,-4.52,4.48,CHEMBL240,hERG,False,False,False
COc1nn(C)cc1Nc1ncc(Br)c(-c2c[nH]c3c(NC(=O)[C@@H](C)N4CCN(C)CC4)cccc23)n1,4.82,1,nM,CHEMBL4577393,-4.82,4.18,CHEMBL240,hERG,False,False,False
COc1nn(C)cc1Nc1ncc(Cl)c(-c2c[nH]c3c(NC(=O)[C@@H](C)N4CCN(C)CC4)cccc23)n1,4.66,1,nM,CHEMBL4064366,-4.66,4.34,CHEMBL240,hERG,False,False,False
COc1nn(C2CCN(C(C)=O)CC2)cc1Nc1ncc(Cl)c(-c2cnc3ccccn23)n1,5.18,1,nM,CHEMBL3822858,-5.18,3.8200000000000003,CHEMBL240,hERG,False,False,False
COc1nn(C2CCN(C(C)=O)CC2)cc1Nc1ncc(Cl)c(-c2cnn3ccccc23)n1,5.0,1,nM,CHEMBL3823522,-5.0,4.0,CHEMBL240,hERG,False,False,False
COc1nsc(N2CCC3(CCN(C[C@H](O)c4ccc5c(c4C)COC5=O)CC3)C2=O)n1,5.005,2,nM,CHEMBL4075319,-5.005,3.995,CHEMBL240,hERG,False,False,False
CS(=O)(=O)Cc1ccc(CN2[C@@H]3CC[C@H]2C[C@H](Oc2cccc(C(N)=O)c2)C3)cc1,8.18,1,nM,CHEMBL1258391,-8.18,0.8200000000000003,CHEMBL240,hERG,False,False,False
CS(=O)(=O)N1CCC(C2N[C@@H](c3nc(-c4ccccc4)c[nH]3)Cc3c2[nH]c2ccccc32)CC1,5.46,1,nM,CHEMBL2069511,-5.46,3.54,CHEMBL240,hERG,False,False,False
CS(=O)(=O)N1CCN(C(=O)c2cnc3ccc(F)cc3c2-c2ccc(C3(C#N)CC3)cc2)CC1,4.96,1,nM,CHEMBL4206272,-4.96,4.04,CHEMBL240,hERG,False,False,False
CS(=O)(=O)N1CCN(C(=O)c2cnc3ccc(F)cc3c2N2CCC(C#N)(c3ccccc3)CC2)CC1,5.26,1,nM,CHEMBL4206892,-5.26,3.74,CHEMBL240,hERG,False,False,False
CS(=O)(=O)N1CCN(Cc2cc3nc(-c4cccc5[nH]ncc45)nc(N4CCOCC4)c3s2)CC1,4.19,2,nM,CHEMBL521851,-4.19,4.81,CHEMBL240,hERG,False,False,False
CS(=O)(=O)N1CCN(Cc2ccc3c(c2)CC[C@H](N2CCN(CCc4ccc(F)cc4)CC2=O)C3)CC1,4.89,1,nM,CHEMBL384030,-4.89,4.11,CHEMBL240,hERG,False,False,False
CS(=O)(=O)N1CCN(Cc2cn3cc(-c4cccc5[nH]ncc45)nc(N4CCOCC4)c3n2)CC1,4.0,1,nM,CHEMBL1957497,-4.0,5.0,CHEMBL240,hERG,False,False,False
CS(=O)(=O)N1Cc2cc(Cl)ccc2-n2c(nnc2C2CCN(c3ccccn3)CC2)C1,4.51,1,nM,CHEMBL1837041,-4.51,4.49,CHEMBL240,hERG,False,False,False
CS(=O)(=O)NCCC(NC(=O)C1(N)CCN(c2ncnc3[nH]ccc23)CC1)c1ccc(Cl)cc1,4.1,1,nM,CHEMBL2325736,-4.1,4.9,CHEMBL240,hERG,False,False,False
CS(=O)(=O)NCCN(CCc1ccc(Cl)cc1)C1CCN(c2nc(N)n[nH]2)CC1,5.14,1,nM,CHEMBL4457342,-5.14,3.8600000000000003,CHEMBL240,hERG,False,False,False
CS(=O)(=O)N[C@H]1CC[C@@H](N2CC(NC(=O)CNc3n[nH]c4ccc(C(F)(F)F)cc34)C2)CC1,4.64,1,nM,CHEMBL1834650,-4.64,4.36,CHEMBL240,hERG,False,False,False
CS(=O)(=O)Nc1ccc(-c2ccc3[nH]nc(-c4cncc(O[C@H]5CNCCC56CC6)n4)c3c2)c(F)c1,5.64,1,nM,CHEMBL3393720,-5.64,3.3600000000000003,CHEMBL240,hERG,False,False,False
CS(=O)(=O)Nc1ccc(OC[C@@H](O)CN(CCc2ccc(Cl)c(Cl)c2)Cc2ccc(F)c(F)c2F)cc1,5.77,1,nM,CHEMBL493078,-5.77,3.2300000000000004,CHEMBL240,hERG,False,False,False
CS(=O)(=O)Nc1ccc(OC[C@@H](O)CN(CCc2ccc(Cl)c(Cl)c2)Cc2cccc(O)c2)cc1,6.11,1,nM,CHEMBL493712,-6.11,2.8899999999999997,CHEMBL240,hERG,False,False,False
CS(=O)(=O)Nc1ccc(OC[C@@H](O)CN(CCc2ccc(Cl)c(Cl)c2)Cc2ccccc2)cc1,6.37,1,nM,CHEMBL493087,-6.37,2.63,CHEMBL240,hERG,False,False,False
CS(=O)(=O)Nc1ccc(OC[C@@H](O)CN(CCc2ccc(Cl)c(Cl)c2)Cc2ccccc2F)cc1,5.92,1,nM,CHEMBL495114,-5.92,3.08,CHEMBL240,hERG,False,False,False
CS(=O)(=O)Nc1ccc(OC[C@@H](O)CN(CCc2ccc(Cl)c(Cl)c2)Cc2ccccc2O)cc1,6.08,1,nM,CHEMBL495328,-6.08,2.92,CHEMBL240,hERG,False,False,False
CS(=O)(=O)Nc1ccc(OC[C@@H](O)CNCCc2ccc(Cl)c(Cl)c2)cc1,6.14,1,nM,CHEMBL492438,-6.14,2.8600000000000003,CHEMBL240,hERG,False,False,False
CS(=O)(=O)Nc1ccc(OC[C@@H](O)CNCCc2ccc(Cl)c(F)c2)cc1,5.72,1,nM,CHEMBL493053,-5.72,3.2800000000000002,CHEMBL240,hERG,False,False,False
CS(=O)(=O)Nc1ccc(OC[C@@H](O)CNCCc2ccc(Cl)cc2)cc1,5.86,1,nM,CHEMBL492846,-5.86,3.1399999999999997,CHEMBL240,hERG,False,False,False
CS(=O)(=O)Nc1ccc(OC[C@@H](O)CNCCc2ccc(F)c(F)c2)cc1,5.79,1,nM,CHEMBL523671,-5.79,3.21,CHEMBL240,hERG,False,False,False
CS(=O)(=O)Nc1ccc2c(c1)C(=O)CC1(CCN(CCc3ccc4nonc4c3)CC1)O2,8.1,1,nM,CHEMBL129583,-8.1,0.9000000000000004,CHEMBL240,hERG,False,False,False
CS(=O)(=O)Nc1ccc2c(c1)C(O)CC1(CCN(C3CCc4cc(C#N)ccc4C3)CC1)O2,7.574999999999999,2,nM,CHEMBL52627,-7.574999999999999,1.4250000000000007,CHEMBL240,hERG,False,False,False
CS(=O)(=O)Nc1ccc2c(c1)[C@H](O)CC1(CCN([C@@H]3CCc4cc(C#N)ccc4C3)CC1)O2,6.92,2,nM,CHEMBL477015,-6.92,2.08,CHEMBL240,hERG,False,False,False
CS(=O)(=O)Nc1ccc2c(c1)nc1n2C[C@H](N)[C@@H](c2cc(F)c(F)cc2F)C1,5.6,1,nM,CHEMBL561793,-5.6,3.4000000000000004,CHEMBL240,hERG,False,False,False
CS(=O)(=O)Nc1ccc2ccc3ncc(-c4ccccc4)cc3c(=O)c2c1,6.54,1,nM,CHEMBL1803004,-6.54,2.46,CHEMBL240,hERG,False,False,False
CS(=O)(=O)Nc1cccc(-c2cc(F)ccc2CC(c2cccnc2)c2cccnc2)c1,5.72,1,nM,CHEMBL4105373,-5.72,3.2800000000000002,CHEMBL240,hERG,False,False,False
CS(=O)(=O)c1cc(-c2ccccc2)cc(S(=O)(=O)c2ccc(CN)s2)c1,4.6,1,nM,CHEMBL4441173,-4.6,4.4,CHEMBL240,hERG,False,False,False
CS(=O)(=O)c1cc(-c2ccccc2)cc(S(=O)(=O)c2cnc(CN)s2)c1,5.0,1,nM,CHEMBL4568508,-5.0,4.0,CHEMBL240,hERG,False,False,False
CS(=O)(=O)c1cc(C2(NC(=O)c3cncc4c3cnn4-c3ccc(F)cc3)CC2)ccn1,4.17,1,nM,CHEMBL4456123,-4.17,4.83,CHEMBL240,hERG,False,False,False
CS(=O)(=O)c1cc(CCN2CCN(CCc3ccc4c(c3)COC4=O)CC2)ccc1C#N,5.33,1,nM,CHEMBL2146882,-5.33,3.67,CHEMBL240,hERG,False,False,False
CS(=O)(=O)c1cc(CNC(=O)c2cncc3c2cnn3-c2ccc(F)cc2)ccn1,4.52,1,nM,CHEMBL4441094,-4.52,4.48,CHEMBL240,hERG,False,False,False
CS(=O)(=O)c1ccc(-c2cc(N3CCOCC3)nc3c(-c4ccn[nH]4)nccc23)cc1,5.24,1,nM,CHEMBL4640028,-5.24,3.76,CHEMBL240,hERG,False,False,False
CS(=O)(=O)c1ccc(-c2ccc3[nH]nc(-c4cncc(O[C@H]5CNCCC56CC6)n4)c3c2)c(F)c1,5.7,1,nM,CHEMBL3393719,-5.7,3.3,CHEMBL240,hERG,False,False,False
CS(=O)(=O)c1ccc(-c2ccc3ncc(-c4cccc(S(C)(=O)=O)c4)n3n2)cc1,5.4,1,nM,CHEMBL4444105,-5.4,3.5999999999999996,CHEMBL240,hERG,False,False,False
CS(=O)(=O)c1ccc(-c2cccc(-n3cc(C(=O)NC4CC4)c(=O)c4cccnc43)c2)cn1,4.87,1,nM,CHEMBL484931,-4.87,4.13,CHEMBL240,hERG,False,False,False
CS(=O)(=O)c1ccc(-c2cccc(F)c2)c(C(=O)N2Cc3cn(-c4ccccc4F)nc3C2)c1,5.35,1,nM,CHEMBL4205995,-5.35,3.6500000000000004,CHEMBL240,hERG,False,False,False
CS(=O)(=O)c1ccc(-c2cnc(N)c(-c3ccc(C(F)(F)F)nc3)c2)cc1,5.33,1,nM,CHEMBL2041980,-5.33,3.67,CHEMBL240,hERG,False,False,False
CS(=O)(=O)c1ccc(-c2cnc(N)c(-c3ccc(C(F)(F)F)nc3)n2)cc1,5.09,1,nM,CHEMBL3124980,-5.09,3.91,CHEMBL240,hERG,False,False,False
CS(=O)(=O)c1ccc(-c2cnc3ccc(-c4cccc(S(=O)(=O)C5CC5)c4)nn23)cc1,6.4,2,nM,CHEMBL3355639,-6.4,2.5999999999999996,CHEMBL240,hERG,False,False,False
CS(=O)(=O)c1ccc(-c2cnc3ccc(-c4cccc(S(C)(=O)=O)c4)cn23)cc1,5.32,1,nM,CHEMBL3628216,-5.32,3.6799999999999997,CHEMBL240,hERG,False,False,False
CS(=O)(=O)c1ccc(-c2cnc3ccc(-c4cccc(S(C)(=O)=O)c4)nn23)cc1,6.05,1,nM,CHEMBL3234071,-6.05,2.95,CHEMBL240,hERG,False,False,False
CS(=O)(=O)c1ccc(-c2cnn3ccc(-c4cccc(S(=O)(=O)C5CC5)c4)cc23)cc1,5.85,1,nM,CHEMBL3628220,-5.85,3.1500000000000004,CHEMBL240,hERG,False,False,False
CS(=O)(=O)c1ccc(-c2cnn3ccc(-c4cccc(S(=O)(=O)C5CC5)c4)nc23)cc1,6.3,1,nM,CHEMBL3628223,-6.3,2.7,CHEMBL240,hERG,False,False,False
CS(=O)(=O)c1ccc(-c2noc(C3CCN(C(=O)NC4CC4c4ccccc4)CC3)n2)cc1,5.05,1,nM,CHEMBL551058,-5.05,3.95,CHEMBL240,hERG,False,False,False
CS(=O)(=O)c1ccc(-c2noc([C@@H](CC3CC3)[C@H](N)C(F)=C3CCCC3)n2)c(Cl)c1,5.15,1,nM,CHEMBL402163,-5.15,3.8499999999999996,CHEMBL240,hERG,False,False,False
CS(=O)(=O)c1ccc(-c2noc([C@@H](CCO)[C@H](N)C(F)=C3CCCC3)n2)c(Cl)c1,4.33,1,nM,CHEMBL445674,-4.33,4.67,CHEMBL240,hERG,False,False,False
CS(=O)(=O)c1ccc(-n2cc(Cl)c(OC3CCN(c4ncc(Cl)cn4)CC3)cc2=O)c(F)c1,5.85,1,nM,CHEMBL3338194,-5.85,3.1500000000000004,CHEMBL240,hERG,False,False,False
CS(=O)(=O)c1ccc(C(CC2CCCC2)C(=O)Nc2nccs2)cc1F,4.64,1,nM,CHEMBL2164443,-4.64,4.36,CHEMBL240,hERG,False,False,False
CS(=O)(=O)c1ccc(CCN2CCN(CCc3ccc([N+](=O)[O-])cc3)CC2)cc1,6.82,1,nM,CHEMBL2146862,-6.82,2.1799999999999997,CHEMBL240,hERG,False,False,False
CS(=O)(=O)c1ccc(Cn2c(NC3CCN(CCc4ccc(C#N)cc4)CC3)nc3ccccc32)cc1,6.96,1,nM,CHEMBL4847937,-6.96,2.04,CHEMBL240,hERG,False,False,False
CS(=O)(=O)c1ccc(N2CCC(F)(F)CC2)c(C(=O)N2Cc3cn(-c4ccccc4F)nc3C2)c1,5.37,1,nM,CHEMBL4205471,-5.37,3.63,CHEMBL240,hERG,False,False,False
CS(=O)(=O)c1ccc(N2CCC(F)(F)CC2)c(C(=O)N2Cc3cn(-c4cncc(F)c4)nc3C2)c1,5.17,1,nM,CHEMBL4210353,-5.17,3.83,CHEMBL240,hERG,False,False,False
CS(=O)(=O)c1ccc(OCC(F)(F)F)c(C(=O)N2CCN(c3ccc(C#N)cc3F)CC2)c1,5.7,1,nM,CHEMBL1172998,-5.7,3.3,CHEMBL240,hERG,False,False,False
CS(=O)(=O)c1ccc(OCC2CC2)c(C(=O)N2CCN(c3ccc(C#N)cc3F)CC2)c1,6.22,2,nM,CHEMBL497999,-6.22,2.7800000000000002,CHEMBL240,hERG,False,False,False
CS(=O)(=O)c1ccc(OCC2CC2)c(C(=O)N2Cc3cn(-c4ccccc4F)nc3C2)c1,5.0,1,nM,CHEMBL4211426,-5.0,4.0,CHEMBL240,hERG,False,False,False
CS(=O)(=O)c1ccc(OCC[C@@H]2C[C@@H]2C2CCN(c3ncc(Cl)cn3)CC2)nc1,4.72,1,nM,CHEMBL1771100,-4.72,4.28,CHEMBL240,hERG,False,False,False
CS(=O)(=O)c1ccc([C@@H](CC2CCCC2)C(=O)Nc2cnc([C@H](O)CO)cn2)cc1Cl,4.16,1,nM,CHEMBL2338347,-4.16,4.84,CHEMBL240,hERG,False,False,False
CS(=O)(=O)c1ccc([C@@H](CC2CCCC2)C(=O)Nc2cnccn2)cc1Cl,5.14,1,nM,CHEMBL2164761,-5.14,3.8600000000000003,CHEMBL240,hERG,False,False,False
CS(=O)(=O)c1ccc2c(C(=O)NC[C@@H](O)CN3CCC(Oc4ccc(Cl)c(Cl)c4)CC3)c[nH]c(=O)c2c1,5.2,1,nM,CHEMBL2207671,-5.2,3.8,CHEMBL240,hERG,True,True,True
CS(=O)(=O)c1ccc2c(c1)N(CCN1CCC(NCc3ccc4c(n3)NC(=O)CO4)CC1)C(=O)CO2,4.29,1,nM,CHEMBL1824036,-4.29,4.71,CHEMBL240,hERG,False,False,False
CS(=O)(=O)c1ccc2c(c1)nc1n2C[C@H](N)[C@@H](c2cc(F)c(F)cc2F)C1,4.42,1,nM,CHEMBL559940,-4.42,4.58,CHEMBL240,hERG,False,False,False
CS(=O)(=O)c1cccc(-c2ccc3ncc(-c4cccc(S(C)(=O)=O)c4)n3n2)c1,5.63,1,nM,CHEMBL4558874,-5.63,3.37,CHEMBL240,hERG,False,False,False
CS(=O)(=O)c1nc(Nc2ccc(F)c(Cl)c2)cc(NC2CCC(N)CC2)n1,4.7,1,nM,CHEMBL4850078,-4.7,4.3,CHEMBL240,hERG,False,False,False
CS(=O)(=O)c1nccc(-c2c(-c3cccc(OCc4ccccc4)c3)nc3sccn23)n1,4.91,1,nM,CHEMBL4860202,-4.91,4.09,CHEMBL240,hERG,False,False,False
CS(=O)(=O)n1cc2c(n1)CN([C@H]1CO[C@H](c3cc(F)ccc3F)[C@@H](N)C1)C2,4.41,1,nM,CHEMBL2105762,-4.41,4.59,CHEMBL240,hERG,False,False,False
CSc1cc(-c2ccc(C[C@@H](C#N)NC(=O)[C@@H]3CCCCN3)cc2)ccc1C#N,5.57,1,nM,CHEMBL3261920,-5.57,3.4299999999999997,CHEMBL240,hERG,False,False,False
CSc1cc(CCN2CCN(CCc3ccc4c(c3)COC4=O)CC2)ccc1C#N,6.34,1,nM,CHEMBL2146880,-6.34,2.66,CHEMBL240,hERG,False,False,False
CSc1cc(Nc2cnc(C#N)c(O[C@H](C)CN(C)C)n2)ncc1-c1cnn(C)c1,5.1,1,nM,CHEMBL2203846,-5.1,3.9000000000000004,CHEMBL240,hERG,False,False,False
CSc1ccc(-c2cccc(-n3cc(C(=O)NC(C)C)c(=O)c4cccnc43)c2)cc1,6.02,1,nM,CHEMBL485547,-6.02,2.9800000000000004,CHEMBL240,hERG,False,False,False
CSc1ccc(Cc2cc3c(=O)n([C@H]4CCCC[C@@H]4O)cnc3c3ccccc23)cn1,5.12,1,nM,CHEMBL4218135,-5.12,3.88,CHEMBL240,hERG,False,False,False
CSc1ccc(N2CCC3(CCN(C[C@H](O)c4ccc5c(c4C)COC5=O)CC3)C2)cn1,5.34,1,nM,CHEMBL4068517,-5.34,3.66,CHEMBL240,hERG,False,False,False
CSc1ccc(Oc2ccccc2CN(C)C)cc1,5.52,1,nM,CHEMBL450714,-5.52,3.4800000000000004,CHEMBL240,hERG,False,False,False
CSc1ccc2c(c1)N(CCC1CCCCN1C)c1ccccc1S2,6.72,9,nM,CHEMBL479,-6.72,2.2800000000000002,CHEMBL240,hERG,False,False,False
CSc1ccccc1C(=O)N(C1CCCCC1)[C@H]1CCNC1,5.64,1,nM,CHEMBL553395,-5.64,3.3600000000000003,CHEMBL240,hERG,True,True,True
CSc1ccccc1C(=O)NCCCC[C@H](NC(=O)c1cncs1)c1ncc(-c2ccc3ccccc3c2)[nH]1,7.8,1,nM,CHEMBL4763995,-7.8,1.2000000000000002,CHEMBL240,hERG,False,False,False
CSc1nc(-c2cc(OCCN3CCCC3)c(Cl)cc2Cl)c2c(C#N)c[nH]c2n1,5.44,1,nM,CHEMBL2158625,-5.44,3.5599999999999996,CHEMBL240,hERG,True,True,True
CSc1nc(-c2ccc(F)cc2)c(-c2ccnc(NC(C)=O)c2)n1C,4.54,1,nM,CHEMBL432798,-4.54,4.46,CHEMBL240,hERG,False,False,False
CSc1nc(-c2ccc(F)cc2)c(-c2ccnc(Nc3ccccc3)c2)[nH]1,5.56,1,nM,CHEMBL321494,-5.56,3.4400000000000004,CHEMBL240,hERG,False,False,False
CSc1ncc([C@]2(O)CC[C@H](N3CC(NC(=O)CNC(=O)c4cccc(C(F)(F)F)c4)C3)CC2)s1,5.22,1,nM,CHEMBL2204267,-5.22,3.7800000000000002,CHEMBL240,hERG,False,False,False
CSc1ncccc1C(=O)N1CC[C@H](NCc2cncn2Cc2ccc(C#N)cc2)C1=O,5.11,1,nM,CHEMBL502288,-5.11,3.8899999999999997,CHEMBL240,hERG,False,False,False
CSc1nn(-c2ccccc2)c2cc(NC(=O)C3CCNCC3)ccc12,5.09,1,nM,CHEMBL1236391,-5.09,3.91,CHEMBL240,hERG,False,False,False
CSc1nn2c3c(c(C)nc2c1S(=O)(=O)c1ccccc1)CCCC3,5.08,1,nM,CHEMBL1091919,-5.08,3.92,CHEMBL240,hERG,True,True,True
C[C@@H](C(=O)N1CCC(Oc2ccc(-c3cn(C)cn3)cc2C(N)=O)CC1)c1ccc(OC(F)(F)F)cc1,5.38,1,nM,CHEMBL4212366,-5.38,3.62,CHEMBL240,hERG,False,False,False
C[C@@H](C1CCC(N(C)C(=O)C2CC2)CC1)[C@H](N)C(=O)N1CC[C@H](F)C1,4.41,1,nM,CHEMBL392825,-4.41,4.59,CHEMBL240,hERG,False,False,False
C[C@@H](C1CCC(N(C)C(=O)c2cccc(F)c2)CC1)[C@H](N)C(=O)N1CC[C@H](F)C1,4.11,1,nM,CHEMBL245379,-4.11,4.89,CHEMBL240,hERG,False,False,False
C[C@@H](CO)OC[C@H](Oc1ncnc2c1cnn2-c1ncccc1Cl)C(=O)Nc1ccc(C#N)cn1,4.2,1,nM,CHEMBL3221511,-4.2,4.8,CHEMBL240,hERG,False,False,False
C[C@@H](CO)Oc1cc(Oc2ccc(C(=O)N3CCC3)cc2)cc(C(=O)Nc2ccn(C)n2)c1,4.16,2,nM,CHEMBL3217925,-4.16,4.84,CHEMBL240,hERG,False,False,False
C[C@@H](CO)Oc1cc(Oc2ccc(C(=O)N3CCC3)cc2)cc(C(=O)Nc2nccs2)c1,5.05,1,nM,CHEMBL3219108,-5.05,3.95,CHEMBL240,hERG,False,False,False
C[C@@H](C[C@@H](CS(=O)(=O)N1CCC(OCc2ccc(Cl)cc2Cl)CC1)N(O)C=O)c1ncc(F)cn1,5.3,1,nM,CHEMBL1683444,-5.3,3.7,CHEMBL240,hERG,False,False,False
C[C@@H](C[C@@H](CS(=O)(=O)N1CCN(c2ccc(F)cc2)CC1)N(O)C=O)c1ncc(F)cn1,4.58,1,nM,CHEMBL1683443,-4.58,4.42,CHEMBL240,hERG,False,False,False
C[C@@H](C[C@@](C)(CS(=O)(=O)N1CCC(OCc2ccc(Cl)cc2Cl)CC1)N(O)C=O)c1ncc(F)cn1,5.1,1,nM,CHEMBL1615186,-5.1,3.9000000000000004,CHEMBL240,hERG,False,False,False
C[C@@H](C[C@@](C)(CS(=O)(=O)N1CCN(c2ccc(F)cc2)CC1)N(O)C=O)c1ncc(F)cn1,4.68,1,nM,CHEMBL1683445,-4.68,4.32,CHEMBL240,hERG,False,False,False
C[C@@H](N)C(=O)N1CCN(c2cnc3cc(C(F)(F)F)cc(NCc4cccc([N+](=O)[O-])c4)c3c2)CC1,5.31,1,nM,CHEMBL3220879,-5.31,3.6900000000000004,CHEMBL240,hERG,False,False,False
C[C@@H](NC(=O)C1(N)CCN(c2ncnc3[nH]ccc23)CC1)c1ccc(Cl)cc1,5.04,1,nM,CHEMBL2325742,-5.04,3.96,CHEMBL240,hERG,False,False,False
C[C@@H](NC(=O)[C@H]1CN(C2CCCCC2)CC[C@@H]1NC(=O)c1cc(-c2ccc(F)cc2F)on1)c1ccccn1,5.47,1,nM,CHEMBL4755755,-5.47,3.5300000000000002,CHEMBL240,hERG,False,False,False
C[C@@H](NC(=O)c1ccc(C#N)cc1)[C@H]1[C@@H]2C[C@@H](n3cnc4cc(F)c(F)cc43)C[C@@H]21,6.01,2,nM,CHEMBL4846783,-6.01,2.99,CHEMBL240,hERG,False,False,False
C[C@@H](NC(=O)c1ccc(Cl)cc1)[C@H]1[C@@H]2C[C@@H](n3cnc4cc(F)c(F)cc43)C[C@@H]21,6.28,1,nM,CHEMBL4849414,-6.28,2.7199999999999998,CHEMBL240,hERG,False,False,False
C[C@@H](NC(=O)c1ccc(Cl)cc1)c1cc2c(cn1)N(C(=O)c1cccc(Cl)c1)CCC2,4.8,1,nM,CHEMBL4777831,-4.8,4.2,CHEMBL240,hERG,False,False,False
C[C@@H](NC(=O)c1ccc(Cl)cc1)c1ccc2c(c1)CCCN2C(=O)c1cccc(Cl)c1,6.0,1,nM,CHEMBL4799004,-6.0,3.0,CHEMBL240,hERG,False,False,False
C[C@@H](NC(=O)c1ccc(Cl)cc1)c1ccc2c(c1)OCCN2C(=O)c1cccc(Cl)c1,5.16,1,nM,CHEMBL4744926,-5.16,3.84,CHEMBL240,hERG,False,False,False
C[C@@H](NC(=O)c1ccc(Cl)cc1)c1ccc2c(n1)CCCN2C(=O)c1cccc(Cl)c1,5.06,1,nM,CHEMBL4755227,-5.06,3.9400000000000004,CHEMBL240,hERG,False,False,False
C[C@@H](NC(=O)c1ccc(F)cc1)c1ccc2c(n1)CCCN2C(=O)OC1CC1,4.7,1,nM,CHEMBL4749009,-4.7,4.3,CHEMBL240,hERG,False,False,False
C[C@@H](NC(=O)c1ccc(F)cc1)c1ccc2c(n1)CCCN2C(=O)OC1CCC1,4.22,1,nM,CHEMBL4764710,-4.22,4.78,CHEMBL240,hERG,False,False,False
C[C@@H](NC(=O)c1ccc(F)cc1)c1ccc2c(n1)CCCN2C(=O)c1cccc(Cl)c1,4.64,1,nM,CHEMBL4744727,-4.64,4.36,CHEMBL240,hERG,False,False,False
C[C@@H](NC(=O)c1ccc(F)cc1)c1ccc2c(n1)CCCN2c1ccnc(C(F)(F)F)n1,4.6,1,nM,CHEMBL4783395,-4.6,4.4,CHEMBL240,hERG,False,False,False
C[C@@H](NC(=O)c1ccc(F)cc1)c1ccc2c(n1)CCCN2c1ccncn1,4.7,1,nM,CHEMBL4779920,-4.7,4.3,CHEMBL240,hERG,False,False,False
C[C@@H](NC(=O)c1ccc(F)cc1)c1ccc2c(n1)CCCN2c1ncccn1,4.7,1,nM,CHEMBL4750629,-4.7,4.3,CHEMBL240,hERG,False,False,False
C[C@@H](NCc1cc([C@]2(C)CCSC(N)=N2)c(F)cc1F)C(F)(F)F,4.86,1,nM,CHEMBL4061602,-4.86,4.14,CHEMBL240,hERG,False,False,False
C[C@@H](N[C@@H]1CCCc2c1[nH]c1ccc(Br)cc21)c1ccccc1,5.77,1,nM,CHEMBL508368,-5.77,3.2300000000000004,CHEMBL240,hERG,False,False,False
C[C@@H](N[C@@H]1CC[C@@H](C(=O)N2CCC(C(=O)N3CCCC3)(c3ccccc3)CC2)C(C)(C)C1)c1ccc(Cl)cc1,5.89,1,nM,CHEMBL551876,-5.89,3.1100000000000003,CHEMBL240,hERG,True,True,True
C[C@@H](Nc1c(C(N)=O)cnc2ccc(-c3cccnc3)cc12)C1CCOCC1,5.37,1,nM,CHEMBL4544394,-5.37,3.63,CHEMBL240,hERG,False,False,False
C[C@@H](Nc1c(C(N)=O)cnc2ccc(-c3cccnc3)cc12)c1ccn(C)n1,5.55,1,nM,CHEMBL4552140,-5.55,3.45,CHEMBL240,hERG,False,False,False
C[C@@H](Nc1nc2c(cnn2C(C)(C)C)c(=O)n1Cc1ccc(F)cc1)c1ccc(Cl)cc1,4.96,1,nM,CHEMBL4644729,-4.96,4.04,CHEMBL240,hERG,False,False,False
C[C@@H](O)C(=O)NC1CC(C)(C)Oc2nc(-c3ccc(Cl)cc3Cl)c(-c3ccc(Cl)cc3)cc21,6.92,1,nM,CHEMBL1083646,-6.92,2.08,CHEMBL240,hERG,False,False,False
C[C@@H](O)CN(C)C1CCN(c2ccc(Nc3ncc4c5ccncc5n([C@H]5CC[C@H](C)CC5)c4n3)nn2)CC1,6.04,1,nM,CHEMBL3237713,-6.04,2.96,CHEMBL240,hERG,False,False,False
C[C@@H](O)CN(CCc1ccc(Cl)cc1)C1CCN(c2nc(N)n[nH]2)CC1,5.21,1,nM,CHEMBL4460797,-5.21,3.79,CHEMBL240,hERG,False,False,False
C[C@@H](O)c1nc2cnc3[nH]ccc3c2n1[C@H]1CC[C@H](CCC#N)CC1,4.7,1,nM,CHEMBL2386636,-4.7,4.3,CHEMBL240,hERG,True,True,True
C[C@@H](Oc1ccc(S(C)(=O)=O)cc1C(=O)N1CCN(c2ncc(C(F)(F)F)cc2F)CC1)C(C)(C)C,4.55,1,nM,CHEMBL2021601,-4.55,4.45,CHEMBL240,hERG,False,False,False
C[C@@H](Oc1ccc([C@H]2CC[C@@H](C(N)=O)N2)cc1)c1ccccc1,5.4,1,nM,CHEMBL4634692,-5.4,3.5999999999999996,CHEMBL240,hERG,False,False,False
C[C@@H](Oc1cccc2ncnc(Nc3ccc(OCc4ccccn4)c(Cl)c3)c12)C(=O)N(C)C,4.85,1,nM,CHEMBL428777,-4.85,4.15,CHEMBL240,hERG,False,False,False
C[C@@H](Oc1cccc2ncnc(Nc3ccc(OCc4ccccn4)c(Cl)c3)c12)C(=O)N(C)CCO,4.92,1,nM,CHEMBL258313,-4.92,4.08,CHEMBL240,hERG,False,False,False
C[C@@H](Oc1cccc2ncnc(Nc3ccc(OCc4ccccn4)c(Cl)c3)c12)C(=O)N1CCOCC1,5.0,1,nM,CHEMBL403774,-5.0,4.0,CHEMBL240,hERG,False,False,False
C[C@@H](Oc1cccc2ncnc(Nc3ccc4c(cnn4Cc4ccccn4)c3)c12)C(=O)N(C)C,4.6,1,nM,CHEMBL402011,-4.6,4.4,CHEMBL240,hERG,False,False,False
C[C@@H](Oc1nnc(-c2ccncc2)n1C)c1nnc(-c2cccc(Cl)c2)o1,4.67,1,nM,CHEMBL2069927,-4.67,4.33,CHEMBL240,hERG,False,False,False
C[C@@H](Oc1nnc(-c2ccncc2)n1C)c1noc(-c2cccc(Cl)c2)n1,4.94,1,nM,CHEMBL2069926,-4.94,4.06,CHEMBL240,hERG,False,False,False
C[C@@H]([C@@H](O)c1ccc(O)cc1)N1CCC(O)(c2ccccc2)CC1,5.0,1,nM,CHEMBL17350,-5.0,4.0,CHEMBL240,hERG,False,False,False
C[C@@H](c1cc(OCC(F)F)ccn1)n1cnc2c(N)nc(Cl)nc21,4.75,1,nM,CHEMBL4762103,-4.75,4.25,CHEMBL240,hERG,False,False,False
C[C@@H](c1ccc(-c2ccc(F)cc2)cc1)[C@H](N)C(=O)N1CC[C@H](F)C1,5.96,3,nM,CHEMBL189881,-5.96,3.04,CHEMBL240,hERG,False,False,False
C[C@@H](c1ccc(-c2ccc(O)nc2)cc1)[C@H](N)C(=O)N1CC[C@H](F)C1,5.08,1,nM,CHEMBL381145,-5.08,3.92,CHEMBL240,hERG,False,False,False
C[C@@H](c1ccc(-c2cccc(-c3nn[nH]n3)c2)cc1)[C@H](N)C(=O)N1CC[C@H](F)C1,4.23,1,nM,CHEMBL195378,-4.23,4.77,CHEMBL240,hERG,False,False,False
C[C@@H](c1ccc(-c2cccc(-c3noc(O)n3)c2)cc1)[C@H](N)C(=O)N1CC[C@H](F)C1,4.55,1,nM,CHEMBL370072,-4.55,4.45,CHEMBL240,hERG,False,False,False
C[C@@H](c1ccc(Br)cc1)N1CC[C@](CCC(N)=O)(c2ccc(F)cc2)OC1=O,5.2,1,nM,CHEMBL4099792,-5.2,3.8,CHEMBL240,hERG,False,False,False
C[C@@H](c1ccc(F)cn1)c1c(CCN(C)C)sc2ccccc12,6.62,1,nM,CHEMBL1092495,-6.62,2.38,CHEMBL240,hERG,True,True,True
C[C@@H](c1ccc(OC(F)F)cc1)N1CC[C@](CCC(N)=O)(c2ccc(F)cc2)OC1=O,5.28,1,nM,CHEMBL4100755,-5.28,3.7199999999999998,CHEMBL240,hERG,False,False,False
C[C@@H](c1ccccc1)N1[C@@H]2CC[C@H]1C[C@H](Oc1cccc(C(N)=O)c1)C2,8.74,1,nM,CHEMBL1257227,-8.74,0.2599999999999998,CHEMBL240,hERG,False,False,False
C[C@@H](c1ccccn1)c1c(CCN(C)C)oc2ccccc12,5.92,1,nM,CHEMBL563920,-5.92,3.08,CHEMBL240,hERG,False,False,False
C[C@@H](c1ccccn1)c1c(CCN(C)C)sc2ccccc12,5.85,1,nM,CHEMBL564144,-5.85,3.1500000000000004,CHEMBL240,hERG,True,True,True
C[C@@H](c1ccccn1)c1c(CCN2CCC2)sc2ccccc12,5.38,1,nM,CHEMBL1091775,-5.38,3.62,CHEMBL240,hERG,True,True,True
C[C@@H](c1cscn1)c1c(CCN(C)C)sc2ccccc12,5.77,1,nM,CHEMBL1091782,-5.77,3.2300000000000004,CHEMBL240,hERG,True,True,True
C[C@@H](c1nc(-c2ccc(C#N)cc2)cs1)[C@](O)(Cn1cncn1)c1ccc(F)cc1F,4.98,1,nM,CHEMBL294029,-4.98,4.02,CHEMBL240,hERG,False,False,False
C[C@@H](c1ncccc1F)c1c(CCN(C)C)sc2ccccc12,6.48,1,nM,CHEMBL1092377,-6.48,2.5199999999999996,CHEMBL240,hERG,True,True,True
C[C@@H](n1cnc2cc(Cl)ccc2c1=O)[C@](O)(Cn1cncn1)c1ccc(F)cc1F,4.46,1,nM,CHEMBL298817,-4.46,4.54,CHEMBL240,hERG,False,False,False
C[C@@H]1CCCN1C(=O)c1ccc(-c2ccc3c(c2)CCN(CCN2CCCC2)C3=O)cc1,4.98,1,nM,CHEMBL2031876,-4.98,4.02,CHEMBL240,hERG,True,True,True
C[C@@H]1CCCN1CCCOc1ccc(-c2ccc(=O)[nH]n2)cc1,4.86,1,nM,CHEMBL1829335,-4.86,4.14,CHEMBL240,hERG,True,True,True
C[C@@H]1CCCN1CCCOc1ccc(-c2ccc(=O)n(C)n2)cc1,4.89,1,nM,CHEMBL1813057,-4.89,4.11,CHEMBL240,hERG,True,True,True
C[C@@H]1CCCN1CCCOc1ccc(-c2cn[nH]c(=O)c2)cc1,5.01,2,nM,CHEMBL1813065,-5.01,3.99,CHEMBL240,hERG,True,True,True
C[C@@H]1CCCN1CCCOc1ccc(C2=NNC(=O)C(C)(C)C2)cc1,4.7,1,nM,CHEMBL1935114,-4.7,4.3,CHEMBL240,hERG,False,False,False
C[C@@H]1CCCN1CCCOc1ccc(N2CCN(C(=O)c3cc(F)cc(F)c3)CC2=O)cc1,6.3,1,nM,CHEMBL239081,-6.3,2.7,CHEMBL240,hERG,False,False,False
C[C@@H]1CCCN1CCCOc1ccc(N2CCN(C(=O)c3ccc(F)cc3)CC2=O)cc1,4.7,1,nM,CHEMBL394144,-4.7,4.3,CHEMBL240,hERG,False,False,False
C[C@@H]1CCCN1CCCOc1ccc(N2CCN(C(=O)c3ccc(F)cc3F)CC2=O)cc1,5.8,1,nM,CHEMBL239299,-5.8,3.2,CHEMBL240,hERG,False,False,False
C[C@@H]1CCCN1CCCOc1ccc2c(c1)CC[C@H]1[C@@H]3[C@@H](C(=O)NCC4CC4)CC[C@@]3(C)CC[C@H]21,5.39,1,nM,CHEMBL4515933,-5.39,3.6100000000000003,CHEMBL240,hERG,True,True,True
C[C@@H]1CCCN1CCN1CCc2cc(-c3ccc(C#N)cc3)ccc2C1=O,6.85,1,nM,CHEMBL2031762,-6.85,2.1500000000000004,CHEMBL240,hERG,True,True,True
C[C@@H]1CCCN1CCN1CCc2cc(-c3ccc(C(=O)N4CCCC4)cc3)ccc2C1=O,5.02,1,nM,CHEMBL2031885,-5.02,3.9800000000000004,CHEMBL240,hERG,True,True,True
C[C@@H]1CCCN1CCN1CCc2cc(-c3ccc(F)cc3)ccc2C1=O,6.52,1,nM,CHEMBL2031760,-6.52,2.4800000000000004,CHEMBL240,hERG,True,True,True
C[C@@H]1CCCN1CCc1cc2cc(-c3ccc(C#N)cc3)ccc2o1,5.8,1,nM,CHEMBL351231,-5.8,3.2,CHEMBL240,hERG,True,True,True
C[C@@H]1CCCN1CCc1ccc(-c2ccc(S(=O)(=O)CC3CCOCC3)cc2)cc1,5.51,1,nM,CHEMBL1934525,-5.51,3.49,CHEMBL240,hERG,False,False,False
C[C@@H]1CCCN1CCc1ccc(-c2ccc(S(=O)(=O)CCO)cc2)cc1,5.11,1,nM,CHEMBL1934521,-5.11,3.8899999999999997,CHEMBL240,hERG,False,False,False
C[C@@H]1CCCN1CCc1ccc(-c2ccc(S(=O)(=O)N3CCC(O)C3)cc2)cc1,5.16,1,nM,CHEMBL1823053,-5.16,3.84,CHEMBL240,hERG,True,True,True
C[C@@H]1CCCN1CCc1ccc(-c2ccc(S(=O)(=O)N3CCCCC3)cc2)cc1,5.96,1,nM,CHEMBL562629,-5.96,3.04,CHEMBL240,hERG,True,True,True
C[C@@H]1CCCN1CCc1ccc(-c2ccc(S(=O)(=O)N3CCOCC3)cc2)cc1,5.44,1,nM,CHEMBL564380,-5.44,3.5599999999999996,CHEMBL240,hERG,True,True,True
C[C@@H]1CCCN1CCc1ccc(-c2ccc(S(=O)(=O)N3CCS(=O)(=O)CC3)cc2)cc1,5.02,1,nM,CHEMBL560140,-5.02,3.9800000000000004,CHEMBL240,hERG,False,False,False
C[C@@H]1CCCN1CCc1ccc(-c2ccc(S(=O)(=O)NC3CCC3)cc2)cc1,6.12,1,nM,CHEMBL563118,-6.12,2.88,CHEMBL240,hERG,True,True,True
C[C@@H]1CCCN1CCc1ccc(-c2ccc(S(=O)(=O)NC3CCOCC3)cc2)cc1,4.89,1,nM,CHEMBL559118,-4.89,4.11,CHEMBL240,hERG,True,True,True
C[C@@H]1CCCN1CCc1ccc(-c2ccc(S(=O)(=O)NCC3CC3)cc2)cc1,5.59,1,nM,CHEMBL558260,-5.59,3.41,CHEMBL240,hERG,True,True,True
C[C@@H]1CCCN1CCc1ccc(-c2ccc(S(=O)(=O)NCc3ccccc3)cc2)cc1,6.24,1,nM,CHEMBL558456,-6.24,2.76,CHEMBL240,hERG,True,True,True
C[C@@H]1CCCN1CCc1ccc(-c2ccc(S(=O)(=O)NCc3ccncc3)cc2)cc1,5.09,1,nM,CHEMBL558655,-5.09,3.91,CHEMBL240,hERG,True,True,True
C[C@@H]1CCCN1CCc1ccc(-c2ccc(S(=O)(=O)Nc3ccccc3)cc2)cc1,6.53,1,nM,CHEMBL552279,-6.53,2.4699999999999998,CHEMBL240,hERG,True,True,True
C[C@@H]1CCCN1CCc1ccc(-c2ccc(S(N)(=O)=O)cc2)cc1,5.11,1,nM,CHEMBL558923,-5.11,3.8899999999999997,CHEMBL240,hERG,True,True,True
C[C@@H]1CCCN1CCc1ccc2nc(-c3c(-c4ccccc4)nn(C)c3Cl)ccc2c1,5.22,1,nM,CHEMBL1085397,-5.22,3.7800000000000002,CHEMBL240,hERG,False,False,False
C[C@@H]1CCCN1CCc1ccc2nc(-c3c(O)ccnc3C(F)(F)F)ccc2c1,4.4,1,nM,CHEMBL1085783,-4.4,4.6,CHEMBL240,hERG,False,False,False
C[C@@H]1CCCN1CCc1ccc2nc(-c3cc(Br)no3)ccc2c1,6.06,1,nM,CHEMBL1086520,-6.06,2.9400000000000004,CHEMBL240,hERG,True,True,True
C[C@@H]1CCCN1CCc1ccc2nc(-c3ccc(-n4ccc(=O)cc4)cc3)ccc2c1,4.7,1,nM,CHEMBL1086514,-4.7,4.3,CHEMBL240,hERG,True,True,True
C[C@@H]1CCCN1CCc1ccc2nc(-c3ccc(C#N)cc3)ccc2c1,5.5,1,nM,CHEMBL1085800,-5.5,3.5,CHEMBL240,hERG,True,True,True
C[C@@H]1CCCN1CCc1ccc2nc(-c3ccc(C#N)s3)ccc2c1,5.7,1,nM,CHEMBL1086315,-5.7,3.3,CHEMBL240,hERG,True,True,True
C[C@@H]1CCCN1CCc1ccc2nc(-c3ccc(Cl)nc3)ccc2c1,5.44,1,nM,CHEMBL1083407,-5.44,3.5599999999999996,CHEMBL240,hERG,True,True,True
C[C@@H]1CCCN1CCc1ccc2nc(-c3ccc(N4CCCCC4)cc3)ccc2c1,5.55,1,nM,CHEMBL1085336,-5.55,3.45,CHEMBL240,hERG,True,True,True
C[C@@H]1CCCN1CCc1ccc2nc(-c3ccc4c(c3)COCO4)ccc2c1,5.44,1,nM,CHEMBL1083448,-5.44,3.5599999999999996,CHEMBL240,hERG,False,False,False
C[C@@H]1CCCN1CCc1ccc2nc(-c3ccc4nccnc4c3)ccc2c1,5.08,1,nM,CHEMBL1083447,-5.08,3.92,CHEMBL240,hERG,False,False,False
C[C@@H]1CCCN1CCc1ccc2nc(-c3ccccn3)ccc2c1,4.75,1,nM,CHEMBL1082496,-4.75,4.25,CHEMBL240,hERG,True,True,True
C[C@@H]1CCCN1CCc1ccc2nc(-c3cccnc3)ccc2c1,4.92,1,nM,CHEMBL1084560,-4.92,4.08,CHEMBL240,hERG,True,True,True
C[C@@H]1CCCN1CCc1ccc2nc(-c3ccn4ncnc4n3)ccc2c1,4.68,1,nM,CHEMBL1084616,-4.68,4.32,CHEMBL240,hERG,False,False,False
C[C@@H]1CCCN1CCc1ccc2nc(-c3ccn[nH]3)ccc2c1,4.4,1,nM,CHEMBL1084581,-4.4,4.6,CHEMBL240,hERG,True,True,True
C[C@@H]1CCCN1CCc1ccc2nc(-c3ccncc3)ccc2c1,4.55,1,nM,CHEMBL1083406,-4.55,4.45,CHEMBL240,hERG,True,True,True
C[C@@H]1CCCN1CCc1ccc2nc(-c3cn4c(n3)SCC4)ccc2c1,4.4,1,nM,CHEMBL1084384,-4.4,4.6,CHEMBL240,hERG,True,True,True
C[C@@H]1CCCN1CCc1ccc2nc(-c3cn[nH]c3)ccc2c1,4.4,1,nM,CHEMBL1084582,-4.4,4.6,CHEMBL240,hERG,True,True,True
C[C@@H]1CCCN1CCc1ccc2nc(-c3cnc(-c4ccccc4)s3)ccc2c1,5.87,1,nM,CHEMBL1086513,-5.87,3.13,CHEMBL240,hERG,False,False,False
C[C@@H]1CCCN1CCc1ccc2nc(-c3cnc4c(c3)OCO4)ccc2c1,4.4,1,nM,CHEMBL1086074,-4.4,4.6,CHEMBL240,hERG,False,False,False
C[C@@H]1CCCN1CCc1ccc2nc(-c3cnccn3)ccc2c1,4.61,1,nM,CHEMBL1085964,-4.61,4.39,CHEMBL240,hERG,True,True,True
C[C@@H]1CCCN1CCc1ccc2nc(-c3cncnc3)ccc2c1,4.4,1,nM,CHEMBL1085828,-4.4,4.6,CHEMBL240,hERG,True,True,True
C[C@@H]1CCCN1CCc1ccc2nc(-c3csc(-c4cc(Cl)nc(Cl)c4)n3)ccc2c1,4.69,1,nM,CHEMBL1084294,-4.69,4.31,CHEMBL240,hERG,True,True,True
C[C@@H]1CCCN1CCc1ccc2nc(-c3csc(-c4ccc(OCC(F)(F)F)nc4)n3)ccc2c1,5.82,1,nM,CHEMBL1084879,-5.82,3.1799999999999997,CHEMBL240,hERG,False,False,False
C[C@@H]1CCCN1CCc1ccc2nc(-c3csc(-c4ccccc4)n3)ccc2c1,5.8,1,nM,CHEMBL1084878,-5.8,3.2,CHEMBL240,hERG,True,True,True
C[C@@H]1CCCN1CCc1ccc2nc(-c3nc4ccccc4s3)ccc2c1,5.7,1,nM,CHEMBL1083562,-5.7,3.3,CHEMBL240,hERG,False,False,False
C[C@@H]1CCCN1CCc1ccc2nc(-c3nccs3)ccc2c1,4.94,1,nM,CHEMBL1086521,-4.94,4.06,CHEMBL240,hERG,True,True,True
C[C@@H]1CCCN1CCc1ccc2nc(C(C)(C)C)ccc2c1,5.17,1,nM,CHEMBL1085325,-5.17,3.83,CHEMBL240,hERG,True,True,True
C[C@@H]1CCCN1CCc1ccc2nc(C3=NCCS3)ccc2c1,4.6,1,nM,CHEMBL1085591,-4.6,4.4,CHEMBL240,hERG,True,True,True
C[C@@H]1CCCN1CCc1ccc2nc(C3CC3)ccc2c1,4.36,1,nM,CHEMBL1086034,-4.36,4.64,CHEMBL240,hERG,True,True,True
C[C@@H]1CCCN1CCc1ccc2ncccc2c1,4.4,1,nM,CHEMBL1086032,-4.4,4.6,CHEMBL240,hERG,False,False,False
C[C@@H]1CCC[C@H](C)N1CCNc1cn(Cc2ccc(F)cc2)nn1,6.22,1,nM,CHEMBL3417071,-6.22,2.7800000000000002,CHEMBL240,hERG,False,False,False
C[C@@H]1CC[C@@H](C)N1CCCNc1nnc(-c2ccc(NC(=O)c3ccccc3F)cc2)o1,5.1,1,nM,CHEMBL2022500,-5.1,3.9000000000000004,CHEMBL240,hERG,False,False,False
C[C@@H]1CC[C@@H]([C@@H](C)C(=O)Nc2ccc(Cl)c(-c3ccccn3)c2)c2nc(CN3CCOCC3)ccc21,5.48,1,nM,CHEMBL3986017,-5.48,3.5199999999999996,CHEMBL240,hERG,False,False,False
C[C@@H]1CC[C@H](N)CN1c1ccncc1Nc1ncc2ccc(-c3c(F)cccc3F)nn12,4.71,1,nM,CHEMBL3965757,-4.71,4.29,CHEMBL240,hERG,False,False,False
C[C@@H]1CC[C@H](Nc2ncc(C(N)=O)c3sc(-c4ccccc4)cc23)CN1,5.61,1,nM,CHEMBL4104102,-5.61,3.3899999999999997,CHEMBL240,hERG,False,False,False
C[C@@H]1CC[C@H](Nc2ncc(C(N)=O)c3sc(-c4ccccc4)cc23)[C@H](C)N1,5.08,1,nM,CHEMBL4093952,-5.08,3.92,CHEMBL240,hERG,False,False,False
C[C@@H]1CN(C(=O)Nc2cc(-c3cn(C4CCOCC4)c4cnccc34)ccn2)C[C@H](C)O1,4.9,2,nM,CHEMBL4641839,-4.9,4.1,CHEMBL240,hERG,False,False,False
C[C@@H]1CN(C(=O)OC2(C(F)(F)F)COC2)CCN1c1ncc(OCc2ccc(S(C)(=O)=O)cc2F)cn1,4.96,1,nM,CHEMBL3358012,-4.96,4.04,CHEMBL240,hERG,False,False,False
C[C@@H]1CN(C(=O)OCC(F)(F)F)CCN1c1ncc(OCc2ccncc2C#N)cn1,4.92,1,nM,CHEMBL2086687,-4.92,4.08,CHEMBL240,hERG,False,False,False
C[C@@H]1CN(C(=O)c2ccnc(Nc3nc4cnc(Nc5ccc(F)c(C(F)(F)F)c5)cc4[nH]3)c2)C[C@H](C)N1,4.89,1,nM,CHEMBL4575250,-4.89,4.11,CHEMBL240,hERG,False,False,False
C[C@@H]1CN(C(=O)c2ccnc(Nc3nc4cnc(Nc5ccc(F)c(C(F)(F)F)c5)cc4[nH]3)c2)C[C@H](C)O1,5.28,1,nM,CHEMBL4447741,-5.28,3.7199999999999998,CHEMBL240,hERG,False,False,False
C[C@@H]1CN(CC(=O)N2CC(C)(C)c3nc(CO)c(Cc4ccc(F)cc4)cc32)[C@@H](CN2CCOC[C@H]2C)CN1,4.16,1,nM,CHEMBL4173974,-4.16,4.84,CHEMBL240,hERG,False,False,False
C[C@@H]1CN(CC(=O)N2CC(C)(C)c3ncc(Cc4ccc(F)cc4)cc32)[C@@H](CN2CCOC[C@H]2C)CN1,5.05,1,nM,CHEMBL4064619,-5.05,3.95,CHEMBL240,hERG,False,False,False
C[C@@H]1CN(CC2(C(N)=O)CCC2)CCN1S(=O)(=O)c1ccc(C(C)(O)C(F)(F)F)cc1,4.19,1,nM,CHEMBL465956,-4.19,4.81,CHEMBL240,hERG,False,False,False
C[C@@H]1CN(CC2(c3ccc(C(N)=O)cc3)CC2)CCN1S(=O)(=O)c1ccc(C(C)(O)C(F)(F)F)cc1,5.19,1,nM,CHEMBL516636,-5.19,3.8099999999999996,CHEMBL240,hERG,False,False,False
C[C@@H]1CN(CC2(c3ccncc3)CC2)CCN1S(=O)(=O)c1ccc(C(C)(O)C(F)(F)F)cc1,6.36,1,nM,CHEMBL522964,-6.36,2.6399999999999997,CHEMBL240,hERG,False,False,False
C[C@@H]1CN(CCO)CCN1c1cc2[nH]c(SC(C)(C)C)nc2cc1Cl,5.8,1,nM,CHEMBL494350,-5.8,3.2,CHEMBL240,hERG,False,False,False
C[C@@H]1CN(CC[S+]([O-])C(c2ccc(F)cc2)c2ccc(F)cc2)C[C@H](C)N1CC(O)Cc1ccccc1,7.04,1,nM,CHEMBL4639814,-7.04,1.96,CHEMBL240,hERG,False,False,False
C[C@@H]1CN(c2c(F)c(N)c3c(=O)c(C(=O)O)cn(C4CC4)c3c2F)C[C@H](C)N1,4.66,9,nM,CHEMBL850,-4.66,4.34,CHEMBL240,hERG,False,False,False
C[C@@H]1CN(c2ccc(S(C)(=O)=O)cc2F)CCN1c1nccc(C(=O)NC2C3CC4CC2CC(O)(C4)C3)n1,5.1,1,nM,CHEMBL4748750,-5.1,3.9000000000000004,CHEMBL240,hERG,False,False,False
C[C@@H]1CN(c2nc(C(F)(F)F)no2)CCN1c1ncc(OCc2ccc(C[S+](C)[O-])cc2F)cn1,4.55,1,nM,CHEMBL3358007,-4.55,4.45,CHEMBL240,hERG,False,False,False
C[C@@H]1CN(c2nc(C(F)(F)F)no2)CCN1c1ncc(OCc2ccc(S(C)(=O)=O)cc2F)cn1,5.44,1,nM,CHEMBL3358005,-5.44,3.5599999999999996,CHEMBL240,hERG,False,False,False
C[C@@H]1CN(c2nc(C(F)(F)F)no2)CCN1c1ncc(OCc2ccncc2C#N)cn1,5.23,1,nM,CHEMBL2087086,-5.23,3.7699999999999996,CHEMBL240,hERG,False,False,False
C[C@@H]1CN(c2nc(N3CCOCC3)c3ccc(-c4cccc(CNCCO)c4)nc3n2)C[C@H](C)O1,4.89,1,nM,CHEMBL2336328,-4.89,4.11,CHEMBL240,hERG,False,False,False
C[C@@H]1CN(c2nc(N3CCOC[C@@H]3C)c3ccc(-c4ccccc4)nc3n2)C[C@H](C)O1,5.4,1,nM,CHEMBL2336331,-5.4,3.5999999999999996,CHEMBL240,hERG,False,False,False
C[C@@H]1CN(c2nc(N3CCOC[C@@H]3C)c3ncc(-c4ccccc4)nc3n2)C[C@H](C)O1,4.88,1,nM,CHEMBL2331605,-4.88,4.12,CHEMBL240,hERG,False,False,False
C[C@@H]1CN(c2nnc(C(F)(F)F)o2)CCN1c1ncc(OCc2ccc(-n3cnnn3)cc2F)cn1,5.24,1,nM,CHEMBL3358000,-5.24,3.76,CHEMBL240,hERG,False,False,False
C[C@@H]1CN(c2nnc(C(F)(F)F)o2)CCN1c1ncc(OCc2ccc(C#N)cc2C#N)cn1,5.44,1,nM,CHEMBL3357996,-5.44,3.5599999999999996,CHEMBL240,hERG,False,False,False
C[C@@H]1CN(c2nnc(C(F)(F)F)o2)CCN1c1ncc(OCc2ccc(C#N)cc2F)cn1,4.96,1,nM,CHEMBL3357999,-4.96,4.04,CHEMBL240,hERG,False,False,False
C[C@@H]1CN(c2nnc(C(F)(F)F)o2)CCN1c1ncc(OCc2ccc(OS(C)(=O)=O)cc2F)cn1,4.77,1,nM,CHEMBL3358002,-4.77,4.23,CHEMBL240,hERG,False,False,False
C[C@@H]1CN(c2nnc(C(F)(F)F)o2)CCN1c1ncc(OCc2ccc(S(C)(=O)=O)cc2)cn1,5.03,1,nM,CHEMBL3357997,-5.03,3.9699999999999998,CHEMBL240,hERG,False,False,False
C[C@@H]1CN(c2nnc(C(F)(F)F)o2)CCN1c1ncc(OCc2ccc(S(C)(=O)=O)cc2C#N)cn1,5.19,1,nM,CHEMBL3357995,-5.19,3.8099999999999996,CHEMBL240,hERG,False,False,False
C[C@@H]1CN(c2nnc(C(F)(F)F)o2)CCN1c1ncc(OCc2ccc(S(C)(=O)=O)cc2F)cn1,5.16,1,nM,CHEMBL3357994,-5.16,3.84,CHEMBL240,hERG,False,False,False
C[C@@H]1CN(c2nnc(C(F)(F)F)o2)CCN1c1ncc(OCc2ccncc2C#N)cn1,4.75,2,nM,CHEMBL3218816,-4.75,4.25,CHEMBL240,hERG,False,False,False
C[C@@H]1CN(c2noc(C(F)(F)F)n2)CCN1c1ncc(OCc2ccncc2C#N)cn1,5.12,1,nM,CHEMBL2086693,-5.12,3.88,CHEMBL240,hERG,False,False,False
C[C@@H]1CNCCN1c1ccc(=O)n(CCOc2ccccc2C(F)(F)F)n1,5.43,1,nM,CHEMBL570274,-5.43,3.5700000000000003,CHEMBL240,hERG,True,True,True
C[C@@H]1COCCN1c1cc(C2(S(C)(=O)=O)CC2)nc(-c2cccc3[nH]ccc23)n1,4.3,2,nM,CHEMBL2325697,-4.3,4.7,CHEMBL240,hERG,False,False,False
C[C@@H]1COCCN1c1cc(C2(S(C)(=O)=O)CC2)nc(-c2cncc3[nH]ccc23)n1,4.82,1,nM,CHEMBL4281240,-4.82,4.18,CHEMBL240,hERG,False,False,False
C[C@@H]1C[C@@](C)(c2cc(CNC3(C(F)(F)F)CC3)c(F)cc2F)N=C(N)S1,5.58,1,nM,CHEMBL4088234,-5.58,3.42,CHEMBL240,hERG,False,False,False
C[C@@H]1C[C@H](N)CN(c2ccncc2Nc2ncc3ccc(-c4c(F)cccc4F)nn23)C1,6.0,1,nM,CHEMBL3942186,-6.0,3.0,CHEMBL240,hERG,False,False,False
C[C@@H]1C[C@H](N)CN(c2ccncc2Nc2ncc3ccc(-c4ncccc4F)nn23)C1,5.92,1,nM,CHEMBL3913540,-5.92,3.08,CHEMBL240,hERG,False,False,False
C[C@@H]1C[C@H](N)C[C@H](c2ccncc2NC(=O)c2ccc(F)c(-c3c(F)cccc3F)n2)C1,4.92,1,nM,CHEMBL3651966,-4.92,4.08,CHEMBL240,hERG,True,True,True
C[C@@H]1C[C@H]1C(=O)N1CCN(c2cnc(C#N)c(-c3cnn(C)c3)n2)C[C@H]1C,4.64,1,nM,CHEMBL4634634,-4.64,4.36,CHEMBL240,hERG,False,False,False
C[C@@H]1C[C@H]2[C@@H]3CCC4=CC(=O)C=C[C@]4(C)C3=CC[C@]2(C)[C@@]1(O)C(=O)CO,4.7,1,nM,CHEMBL2348780,-4.7,4.3,CHEMBL240,hERG,False,False,False
C[C@@H]1Cc2c([nH]c3ccc(F)cc23)[C@@H](c2c(F)cc(NC3CN(CCCF)C3)cc2F)N1CC(F)(F)CO,5.55,1,nM,CHEMBL4866043,-5.55,3.45,CHEMBL240,hERG,False,False,False
C[C@@H]1Cc2c([nH]c3ccccc23)[C@@H](c2c(F)cc(NC3CN(CCCF)C3)cc2F)N1CC(F)(F)CO,5.21,1,nM,CHEMBL4650316,-5.21,3.79,CHEMBL240,hERG,False,False,False
C[C@@H]1Cc2c(ccc3[nH]ncc23)[C@@H](c2ccc(N(C)C3CN(CCCF)C3)cn2)N1CC(F)(F)F,5.11,1,nM,CHEMBL4751770,-5.11,3.8899999999999997,CHEMBL240,hERG,False,False,False
C[C@@H]1Cc2c(ccc3[nH]ncc23)[C@@H](c2ccc(NC3CN(CCCF)C3)cn2)N1CC(F)(F)F,4.66,1,nM,CHEMBL4650365,-4.66,4.34,CHEMBL240,hERG,False,False,False
C[C@@H]1Cc2c(ccc3[nH]ncc23)[C@@H](c2ccc(N[C@H]3CCN(CCCF)C3)cn2)N1CC(F)(F)F,4.89,1,nM,CHEMBL4780809,-4.89,4.11,CHEMBL240,hERG,False,False,False
C[C@@H]1Cc2c(ccc3[nH]ncc23)[C@@](C)(c2ccc(NC3CN(CCCF)C3)cn2)N1CC(F)F,4.89,1,nM,CHEMBL4787725,-4.89,4.11,CHEMBL240,hERG,False,False,False
C[C@@H]1Cn2ncc(-c3ccc(S(C)(=O)=O)cc3)c2CN1c1ccnc2[nH]ccc12,5.82,1,nM,CHEMBL3355072,-5.82,3.1799999999999997,CHEMBL240,hERG,False,False,False
C[C@@H]1Cn2ncc(C3CCN(S(C)(=O)=O)CC3)c2CN1c1cc(Cl)nc2[nH]ccc12,4.9,1,nM,CHEMBL3355074,-4.9,4.1,CHEMBL240,hERG,False,False,False
C[C@@H]1NC(c2cc(C#N)ccn2)=NC1(c1ccc(F)cc1)c1ccc(F)cc1,5.76,1,nM,CHEMBL523134,-5.76,3.24,CHEMBL240,hERG,True,True,True
C[C@@H]1NC(c2cc(Cl)ccn2)=N[C@@]1(c1ccc(F)cc1)c1ccc(F)nc1,5.11,1,nM,CHEMBL490903,-5.11,3.8899999999999997,CHEMBL240,hERG,False,False,False
C[C@@H]1NC(c2cccc(C#N)c2)=N[C@@]1(c1ccc(F)cc1)c1ccc(F)nc1,5.36,1,nM,CHEMBL521947,-5.36,3.6399999999999997,CHEMBL240,hERG,True,True,True
C[C@@H]1NC(c2cccc(C#N)n2)=N[C@@]1(c1ccc(F)cc1)c1ccc(F)nc1,5.16,1,nM,CHEMBL523821,-5.16,3.84,CHEMBL240,hERG,True,True,True
C[C@@H]1NCCC[C@@H]1Nc1ncc(C(N)=O)c2sc(-c3ccccc3)cc12,5.23,1,nM,CHEMBL4100776,-5.23,3.7699999999999996,CHEMBL240,hERG,False,False,False
C[C@@H]1OC2(CCN(CCc3ccccc3)CC2)CN(c2ccccc2)C1=O,6.52,1,nM,CHEMBL4467749,-6.52,2.4800000000000004,CHEMBL240,hERG,False,True,True
C[C@@H]1OCC2(CCN(c3cnc4c(-c5cccc(Cl)c5Cl)c[nH]c4n3)CC2)[C@@H]1N,8.15,1,nM,CHEMBL4475081,-8.15,0.8499999999999996,CHEMBL240,hERG,False,False,False
C[C@@H]1OCC2(CCN(c3cnc4c(-c5cccc(Cl)c5Cl)n[nH]c4n3)CC2)[C@@H]1N,8.4,1,nM,CHEMBL4475043,-8.4,0.5999999999999996,CHEMBL240,hERG,False,False,False
C[C@@H]1OCC2(CCN(c3nc(N)c(Sc4cccc(Cl)c4Cl)c(=O)n3C)CC2)[C@@H]1N,5.4,1,nM,CHEMBL4546378,-5.4,3.5999999999999996,CHEMBL240,hERG,False,False,False
C[C@@H]1OCC2(CCN(c3nc(N)c(Sc4ccnc(C5CC5)c4Cl)c(=O)n3C)CC2)[C@@H]1N,5.01,1,nM,CHEMBL4578698,-5.01,3.99,CHEMBL240,hERG,False,False,False
C[C@@H]1OCC2(CCN(c3nc4[nH]nc(-c5cccc(Cl)c5Cl)c4c(=O)n3C)CC2)[C@@H]1N,6.54,1,nM,CHEMBL4455446,-6.54,2.46,CHEMBL240,hERG,False,False,False
C[C@@H]1OCC2(CCN(c3nc4[nH]nc(-c5ccnc(Cl)c5Cl)c4c(=O)n3C)CC2)[C@@H]1N,5.92,1,nM,CHEMBL4461938,-5.92,3.08,CHEMBL240,hERG,False,False,False
C[C@@H]1OCC2(CCN(c3nc4[nH]nc(-c5ccnc(NC6CC6)c5Cl)c4c(=O)n3C)CC2)[C@@H]1N,4.77,2,nM,CHEMBL4439006,-4.77,4.23,CHEMBL240,hERG,False,False,False
C[C@@H]1OCC2(CCN(c3nc4[nH]nc(-c5ccnc(NC6CCC6)c5Cl)c4c(=O)n3C)CC2)[C@@H]1N,5.72,1,nM,CHEMBL4450282,-5.72,3.2800000000000002,CHEMBL240,hERG,False,False,False
C[C@@H]1O[C@@H](O[C@H]2C[C@@H](O)[C@]3(CO)[C@H]4[C@H](O)C[C@]5(C)[C@@H](C6=CC(=O)OC6)CC[C@]5(O)[C@@H]4CC[C@]3(O)C2)[C@H](O)[C@H](O)[C@H]1O,5.24,1,nM,CHEMBL222863,-5.24,3.76,CHEMBL240,hERG,False,False,False
C[C@@H]1Sc2ccccc2O[C@@H]1c1ccc(OCCCN2CCCC2)cc1,8.3,2,nM,CHEMBL557853,-8.3,0.6999999999999993,CHEMBL240,hERG,True,True,True
C[C@@H]1[C@@H](c2ccc(OCCCN3CCCC3)cc2)Oc2ccccc2S1(=O)=O,5.89,1,nM,CHEMBL558248,-5.89,3.1100000000000003,CHEMBL240,hERG,False,False,False
C[C@@H]1c2n[nH]cc2CN1C1=NC(NCc2c(F)cccc2C(F)(F)F)c2cccc(C(N)=O)c2N1,5.5,1,nM,CHEMBL4227839,-5.5,3.5,CHEMBL240,hERG,False,False,False
C[C@@H]1c2nnc(-c3cccc(O)n3)n2CCN1C(=O)c1ccc(-c2cccs2)cc1,4.7,1,nM,CHEMBL4114218,-4.7,4.3,CHEMBL240,hERG,False,False,False
C[C@@H]1c2nnc(-c3csc(-c4ccc(F)cc4F)n3)n2CCN1C(=O)c1ccc(-c2cccs2)cc1,5.85,2,nM,CHEMBL3422009,-5.85,3.1500000000000004,CHEMBL240,hERG,True,True,True
C[C@@H]1c2nnc(-c3nc(C(F)(F)F)ns3)n2CCN1C(=O)c1ccc(F)cc1,4.41,1,nM,CHEMBL3608688,-4.41,4.59,CHEMBL240,hERG,True,True,True
C[C@@]1(COc2ccc(OC(F)(F)F)cc2)CCn2cc([N+](=O)[O-])nc2O1,5.85,1,nM,CHEMBL5077758,-5.85,3.1500000000000004,CHEMBL240,hERG,False,False,False
C[C@@]1(c2cc(CNC3(C#N)CC3)c(F)cc2F)CCSC(N)=N1,4.55,1,nM,CHEMBL4077211,-4.55,4.45,CHEMBL240,hERG,False,False,False
C[C@@]1(c2cc(CNC3(C(F)(F)F)CC3)c(F)cc2F)CCSC(N)=N1,5.46,1,nM,CHEMBL4098403,-5.46,3.54,CHEMBL240,hERG,False,False,False
C[C@@]1(c2cc(CNC3(C(F)(F)F)COC3)c(F)cc2F)CCSC(N)=N1,4.78,1,nM,CHEMBL4080380,-4.78,4.22,CHEMBL240,hERG,False,False,False
C[C@@]1(c2cc(CNC3(C(F)F)CC3)c(F)cc2F)CCSC(N)=N1,4.86,1,nM,CHEMBL4062728,-4.86,4.14,CHEMBL240,hERG,False,False,False
C[C@@]1(c2cc(CNC3CC3)c(F)cc2F)CCSC(N)=N1,4.31,1,nM,CHEMBL4085715,-4.31,4.69,CHEMBL240,hERG,False,False,False
C[C@@]1(c2cc(CNCC(F)(F)F)c(F)cc2F)CCSC(N)=N1,5.21,1,nM,CHEMBL4086633,-5.21,3.79,CHEMBL240,hERG,False,False,False
C[C@@]1(c2cc(CNCC(F)F)c(F)cc2F)CCSC(N)=N1,4.83,1,nM,CHEMBL4066885,-4.83,4.17,CHEMBL240,hERG,False,False,False
C[C@@]1(c2cc(CNCC3CC3)c(F)cc2F)CCSC(N)=N1,4.48,1,nM,CHEMBL4064148,-4.48,4.52,CHEMBL240,hERG,False,False,False
C[C@@]1(c2cc(CNCCC(F)(F)F)c(F)cc2F)CCSC(N)=N1,4.69,1,nM,CHEMBL4084170,-4.69,4.31,CHEMBL240,hERG,False,False,False
C[C@@]1(c2cc(NC(=O)c3ccc(C#N)cn3)ccc2F)C=C(CF)OC(N)=N1,5.7,1,nM,CHEMBL4213486,-5.7,3.3,CHEMBL240,hERG,False,False,False
C[C@@]1(c2cc(NC(=O)c3ccc(C#N)cn3)ccc2F)C=CSC(N)=N1,6.3,1,nM,CHEMBL3916243,-6.3,2.7,CHEMBL240,hERG,False,False,False
C[C@@]1(c2nc(NC(=O)c3ncc(C(F)(F)F)cc3Cl)ccc2F)CO[C@@](C)(C(F)(F)F)C(N)=N1,5.5,1,nM,CHEMBL3670375,-5.5,3.5,CHEMBL240,hERG,False,False,False
C[C@@]12CC(c3ccccc3)C[C@@H](C1)N(CCN1CCN(c3cccc(Cl)c3)C1=O)C2,7.2,2,nM,CHEMBL551927,-7.2,1.7999999999999998,CHEMBL240,hERG,False,False,False
C[C@H](C(=O)N1CCC(Oc2ccc(-c3cn(C)cn3)cc2C(N)=O)CC1)c1ccc(OC(F)(F)F)cc1,5.19,1,nM,CHEMBL4211826,-5.19,3.8099999999999996,CHEMBL240,hERG,False,False,False
C[C@H](C(=O)Nc1ccc(Cl)cc1)[C@H]1CC[C@@H](c2ccnc3ccc(F)cc32)CC1,5.5,2,nM,CHEMBL4855340,-5.5,3.5,CHEMBL240,hERG,False,False,False
C[C@H](C(=O)O)n1nc(Cn2cc3cc(OCC4CC4)c(Cl)cc3n2)c2ccccc2c1=O,4.45,1,nM,CHEMBL5079623,-4.45,4.55,CHEMBL240,hERG,False,False,False
C[C@H](C1=C(CCN(C)C)Cc2ccccc21)c1ccccn1,6.05,1,nM,CHEMBL564226,-6.05,2.95,CHEMBL240,hERG,False,False,False
C[C@H](C1=C(CCN(C)C)Cc2ccccc21)c1cnccn1,5.85,2,nM,CHEMBL556506,-5.85,3.1500000000000004,CHEMBL240,hERG,False,False,False
C[C@H](C1=C(CCN(C)C)Cc2ccccc21)c1nccs1,5.43,1,nM,CHEMBL1092598,-5.43,3.5700000000000003,CHEMBL240,hERG,False,False,False
C[C@H](CN(C)C)Oc1nc(Nc2cc3cccc(Cl)c3cn2)cnc1C#N,5.3,1,nM,CHEMBL1928705,-5.3,3.7,CHEMBL240,hERG,False,False,False
C[C@H](CN[C@@H](C(=O)Nc1ccc(-c2cnn(C)c2)cn1)c1ccccc1)c1ccc(C#N)cc1,4.98,1,nM,CHEMBL4641354,-4.98,4.02,CHEMBL240,hERG,False,False,False
C[C@H](CO)CONC(=O)c1ncc2cncn2c1Nc1ccc(I)cc1F,4.85,1,nM,CHEMBL3330655,-4.85,4.15,CHEMBL240,hERG,False,False,False
C[C@H](CO)OC[C@H](Oc1ncnc2c1cnn2-c1ncccc1Cl)C(=O)Nc1ccc(C#N)cn1,4.2,1,nM,CHEMBL3221514,-4.2,4.8,CHEMBL240,hERG,False,False,False
C[C@H](COc1ccc(C2=NNC(=O)C3CC23)cc1)CN1CCC[C@H]1C,5.1,1,nM,CHEMBL3417505,-5.1,3.9000000000000004,CHEMBL240,hERG,True,True,True
C[C@H](Cc1cc2c(c(C(N)=O)c1)N(CCCO)CC2)NCCOc1ccccc1OCC(F)(F)F,5.09,1,nM,CHEMBL24778,-5.09,3.91,CHEMBL240,hERG,False,False,False
C[C@H](N)C(=O)N1CCN(c2cnc3cc(C(F)(F)F)cc(NCc4cccc([N+](=O)[O-])c4)c3c2)CC1,5.89,1,nM,CHEMBL3220878,-5.89,3.1100000000000003,CHEMBL240,hERG,False,False,False
C[C@H](NC(=O)C(C)(C)Oc1ccc(C(F)(F)F)cn1)[C@@H](Cc1ccc(Cl)cc1)c1cccc(C#N)c1,4.85,1,nM,CHEMBL220360,-4.85,4.15,CHEMBL240,hERG,False,False,False
C[C@H](NC(=O)C1(N)CCN(c2ncnc3[nH]ccc23)CC1)c1ccc(Cl)cc1,5.17,1,nM,CHEMBL2325743,-5.17,3.83,CHEMBL240,hERG,False,False,False
C[C@H](NC(=O)[C@@H]1CC[C@@H](N2CCOCC2)C[C@H]1c1ccc(Br)cc1)c1ccc(F)cc1,5.66,1,nM,CHEMBL3086032,-5.66,3.34,CHEMBL240,hERG,False,False,False
C[C@H](NC(=O)[C@H]1CNC[C@@H]1c1ccc(C(F)(F)F)cc1)c1ccc(N(C)C)cc1,4.5,1,nM,CHEMBL4436020,-4.5,4.5,CHEMBL240,hERG,False,False,False
C[C@H](NC(=O)c1c(CN2CCC(N3CCCCC3)CC2)c(-c2cccc(C(F)(F)F)c2)nc2ccccc12)c1ccccc1,5.92,1,nM,CHEMBL4084542,-5.92,3.08,CHEMBL240,hERG,False,False,False
C[C@H](NC(=O)c1cc(C(F)(F)F)nn1C)c1nc(-c2ccnc(C(F)(F)F)c2)no1,4.92,1,nM,CHEMBL4741793,-4.92,4.08,CHEMBL240,hERG,False,False,False
C[C@H](NC(=O)c1ccc(Cl)cc1)c1ccc2c(c1)CCCN2C(=O)c1cccc(Cl)c1,6.0,1,nM,CHEMBL4788204,-6.0,3.0,CHEMBL240,hERG,False,False,False
C[C@H](Nc1c(C(N)=O)cnc2ccc(-c3cccnc3)cc12)C1CCOCC1,5.44,1,nM,CHEMBL4548199,-5.44,3.5599999999999996,CHEMBL240,hERG,False,False,False
C[C@H](Nc1c(C(N)=O)cnc2ccc(-c3cccnc3)cc12)c1ccn(C)n1,4.96,1,nM,CHEMBL4591401,-4.96,4.04,CHEMBL240,hERG,False,False,False
C[C@H](Nc1c(C(N)=O)nnc2ccc(-c3ccc(OCCCN(C)C)nc3)cc12)C1CCOCC1,4.62,1,nM,CHEMBL4217549,-4.62,4.38,CHEMBL240,hERG,False,False,False
C[C@H](Nc1ccc(C(N)=O)c2[nH]c3cc(-c4cnn(C)c4)ccc3c12)C(C)(C)C,4.54,1,nM,CHEMBL1835039,-4.54,4.46,CHEMBL240,hERG,False,False,False
C[C@H](O)C(=O)N1CC[C@H](N(Cc2cc(Cl)ccc2Cl)c2ccc(C#N)c(Cl)c2)C1,5.66,1,nM,CHEMBL590593,-5.66,3.34,CHEMBL240,hERG,False,False,False
C[C@H](O)C(=O)NC1CC(C)(C)Oc2nc(-c3ccc(Cl)cc3Cl)c(-c3ccc(Cl)cc3)cc21,6.695,2,nM,CHEMBL1094521,-6.695,2.3049999999999997,CHEMBL240,hERG,False,False,False
C[C@H](O)CN(CCc1ccc(Cl)cc1)C1CCN(c2nc(N)n[nH]2)CC1,4.85,1,nM,CHEMBL4464943,-4.85,4.15,CHEMBL240,hERG,False,False,False
C[C@H](O)CONC(=O)c1ncc2cncn2c1Nc1ccc(I)cc1F,5.48,1,nM,CHEMBL3330654,-5.48,3.5199999999999996,CHEMBL240,hERG,False,False,False
C[C@H](Oc1cc2cc(F)ccc2nc1N)c1[nH]c(=O)ccc1-n1cccn1,4.37,1,nM,CHEMBL4650304,-4.37,4.63,CHEMBL240,hERG,False,False,False
C[C@H](Oc1ccc(C(=O)NC2CC2)cc1-c1cn(C)nn1)c1ccccn1,4.4,1,nM,CHEMBL4867703,-4.4,4.6,CHEMBL240,hERG,False,False,False
C[C@H](Oc1ccc(S(C)(=O)=O)cc1C(=O)N1CC(c2ccc(C(F)(F)F)cc2)C1)C(F)(F)F,5.23,1,nM,CHEMBL4639102,-5.23,3.7699999999999996,CHEMBL240,hERG,False,False,False
C[C@H](Oc1ccc(S(C)(=O)=O)cc1C(=O)N1CCN(c2ncc(C(F)(F)F)cc2F)CC1)C(C)(C)C,4.77,1,nM,CHEMBL2021600,-4.77,4.23,CHEMBL240,hERG,False,False,False
C[C@H](Oc1cccc2ncnc(Nc3ccc(OCc4ccccn4)c(Cl)c3)c12)C(=O)N(C)C,5.0,1,nM,CHEMBL255968,-5.0,4.0,CHEMBL240,hERG,False,False,False
C[C@H](Oc1cccc2ncnc(Nc3ccc(OCc4ccccn4)c(Cl)c3)c12)C(=O)N(C)CCO,4.96,1,nM,CHEMBL256060,-4.96,4.04,CHEMBL240,hERG,False,False,False
C[C@H](c1c(CCN(C)C)sc2ccccc12)n1cccn1,5.7,1,nM,CHEMBL1093058,-5.7,3.3,CHEMBL240,hERG,True,True,True
C[C@H](c1cc(C(=O)N(C)C)cc2c(=O)cc(N3CCOCC3)oc12)N(C)c1cc(F)cc(F)c1,4.72,1,nM,CHEMBL3408274,-4.72,4.28,CHEMBL240,hERG,False,False,False
C[C@H](c1ccc(Cl)nc1)N1[C@@H]2CC[C@H]1C[C@H](Oc1cccc(C(N)=O)c1)C2,8.48,1,nM,CHEMBL1257579,-8.48,0.5199999999999996,CHEMBL240,hERG,False,False,False
C[C@H](c1ccccc1)N1[C@@H]2CC[C@H]1C[C@H](Oc1cccc(C(N)=O)c1)C2,7.89,1,nM,CHEMBL1257226,-7.89,1.1100000000000003,CHEMBL240,hERG,False,False,False
C[C@H](c1cccnc1)c1c(CCN(C)C)sc2ccccc12,6.31,1,nM,CHEMBL1091777,-6.31,2.6900000000000004,CHEMBL240,hERG,False,True,True
C[C@H](c1cccnc1Cl)c1c(CCN(C)C)sc2ccccc12,5.82,1,nM,CHEMBL1092766,-5.82,3.1799999999999997,CHEMBL240,hERG,True,True,True
C[C@H](c1cccnc1F)c1c(CCN(C)C)sc2ccccc12,5.64,1,nM,CHEMBL1092765,-5.64,3.3600000000000003,CHEMBL240,hERG,True,True,True
C[C@H](c1ccnc(Cl)c1)N1[C@@H]2CC[C@H]1C[C@H](Oc1cccc(C(N)=O)c1)C2,7.89,1,nM,CHEMBL1257459,-7.89,1.1100000000000003,CHEMBL240,hERG,False,False,False
C[C@H](c1ccnc(Nc2nc3ccc(-c4cc(N(C)C)ncn4)cc3[nH]2)c1)N1CCN(C(=O)CC(F)(F)F)CC1,5.33,1,nM,CHEMBL4537673,-5.33,3.67,CHEMBL240,hERG,False,False,False
C[C@H](c1nc(-c2ccc(S(C)(=O)=O)cc2Cl)no1)[C@H](N)C(=O)N1CCCC1,4.43,1,nM,CHEMBL437206,-4.43,4.57,CHEMBL240,hERG,False,False,False
C[C@H](c1nc2c(cnn2C2CCCC2)c(=O)[nH]1)N1CC(c2ncccn2)C1,4.27,1,nM,CHEMBL2180070,-4.27,4.73,CHEMBL240,hERG,False,False,False
C[C@H]1C=C(C2=Nc3cc(Cl)ccc3Nc3ccc(C#N)cc32)CCN1C,6.22,1,nM,CHEMBL4742056,-6.22,2.7800000000000002,CHEMBL240,hERG,False,False,False
C[C@H]1C=C(C2=Nc3cc(Cl)ccc3Nc3ccc(Cl)cc32)CCN1C,6.05,1,nM,CHEMBL4795230,-6.05,2.95,CHEMBL240,hERG,False,False,False
C[C@H]1C=C(C2=Nc3cc(Cl)ccc3Nc3ccc(F)cc32)CCN1C,5.92,1,nM,CHEMBL4758723,-5.92,3.08,CHEMBL240,hERG,False,False,False
C[C@H]1C=C(C2=Nc3cc(Cl)ccc3Nc3ccc(OC(F)(F)F)cc32)CCN1C,5.72,1,nM,CHEMBL4745489,-5.72,3.2800000000000002,CHEMBL240,hERG,False,False,False
C[C@H]1C=C(C2=Nc3ccccc3Nc3ccc(Cl)cc32)CCN1C,6.22,1,nM,CHEMBL4740880,-6.22,2.7800000000000002,CHEMBL240,hERG,False,False,False
C[C@H]1CC(=O)NN=C1c1ccc(OC2CCN(C3CCC3)CC2)cc1,4.57,1,nM,CHEMBL1950747,-4.57,4.43,CHEMBL240,hERG,True,True,True
C[C@H]1CCCN1C(=O)c1ccc(-c2ccc3c(c2)CCN(CCN2CCCC2)C3=O)cc1,4.92,1,nM,CHEMBL2031877,-4.92,4.08,CHEMBL240,hERG,True,True,True
C[C@H]1CCCN1CCCOc1ccc(N2CCN(C(=O)c3cc(F)cc(F)c3)CC2=O)cc1,4.9,1,nM,CHEMBL392713,-4.9,4.1,CHEMBL240,hERG,False,False,False
C[C@H]1CCCN1CCCOc1ccc(N2CCN(C(=O)c3ccc(F)cc3)CC2=O)cc1,4.6,1,nM,CHEMBL239300,-4.6,4.4,CHEMBL240,hERG,False,False,False
C[C@H]1CCCN1CCCOc1ccc(N2CCN(C(=O)c3ccc(F)cc3F)CC2=O)cc1,4.5,1,nM,CHEMBL239724,-4.5,4.5,CHEMBL240,hERG,False,False,False
C[C@H]1CCCN1CCCOc1ccc2c(c1)CC[C@H]1[C@@H]3[C@H](C(=O)N4CCCC4)CC(=O)[C@@]3(C)CC[C@H]21,4.1,1,nM,CHEMBL4474244,-4.1,4.9,CHEMBL240,hERG,True,True,True
C[C@H]1CC[C@@H](c2nc(-c3ccc(C(=O)Nc4cc(C(F)(F)F)ccn4)cc3F)c3c(N)nccn23)CN1C(=O)C1CC1,5.37,1,nM,CHEMBL4103954,-5.37,3.63,CHEMBL240,hERG,False,False,False
C[C@H]1CC[C@H](Cn2c(N3CCO[C@@H]4CCC[C@H]43)nc3cc(-c4noc(=O)[nH]4)nc(-c4cncc(Cl)c4)c32)CC1,4.92,1,nM,CHEMBL3647052,-4.92,4.08,CHEMBL240,hERG,False,False,False
C[C@H]1CN(C2CCN(c3nc(N)n[nH]3)CC2)[C@@H](Cc2ccc(Cl)cc2)CO1,4.64,1,nM,CHEMBL4788866,-4.64,4.36,CHEMBL240,hERG,False,False,False
C[C@H]1CN(CC[C@H]2CC[C@H](NC(=O)N(C)C)CC2)CCc2ccc(Cl)cc21,5.91,1,nM,CHEMBL4799863,-5.91,3.09,CHEMBL240,hERG,False,False,False
C[C@H]1CN(Cc2ccc(CC(=O)N3CCC(Nc4cccc(F)c4)CC3)cc2)CCN1,4.8,1,nM,CHEMBL489095,-4.8,4.2,CHEMBL240,hERG,False,False,False
C[C@H]1CN(Cc2cccc(-c3cc(CNC(=O)c4cccc(CC5CCNCC5)c4)ccc3F)c2)CCN1,5.0,1,nM,CHEMBL521523,-5.0,4.0,CHEMBL240,hERG,False,False,False
C[C@H]1CN(c2ccc(C#N)cn2)CC[C@H]1Nc1c(C(N)=O)cnc2[nH]ccc12,4.54,1,nM,CHEMBL3593779,-4.54,4.46,CHEMBL240,hERG,False,False,False
C[C@H]1CNC[C@H](C)N1c1nc2c(C(=O)N[C@@H]3C[C@H]4CCC[C@@H](C3)N4C)cccc2o1,5.19,1,nM,CHEMBL3084776,-5.19,3.8099999999999996,CHEMBL240,hERG,True,True,True
C[C@H]1COCCN1c1c(NC(=O)Nc2cnc(OC3CCN(C)CC3)c(Cl)c2)cnc2ccc(F)cc12,4.8,1,nM,CHEMBL4758420,-4.8,4.2,CHEMBL240,hERG,False,False,False
C[C@H]1COc2c(N3CC[C@@H](C4(N)CC4)C3)cc(Cl)c3cc(C(=O)O)c(=O)n1c23,4.38,1,nM,CHEMBL4867992,-4.38,4.62,CHEMBL240,hERG,False,False,False
C[C@H]1COc2c(N3CC[C@@H](C4(N)CC4)C3)ccc3cc(C(=O)O)c(=O)n1c23,4.05,1,nM,CHEMBL4847738,-4.05,4.95,CHEMBL240,hERG,False,False,False
C[C@H]1C[C@H](C(=O)O)CC[C@H]1C(=O)N1CC[C@@]2(S(=O)(=O)c3ccccc3)c3cc(F)c(C(F)(C(F)(F)F)C(F)(F)F)cc3CC[C@@H]12,4.75,1,nM,CHEMBL4763134,-4.75,4.25,CHEMBL240,hERG,False,False,False
C[C@H]1C[C@H]2CSC(N)=N[C@@]2(c2cc(NC(=O)c3ccc(C#N)cn3)cs2)CO1,5.75,1,nM,CHEMBL3909266,-5.75,3.25,CHEMBL240,hERG,False,False,False
C[C@H]1C[C@H]2CSC(N)=N[C@@]2(c2cc(NC(=O)c3ccc(Cl)cn3)ccc2F)CO1,6.7,1,nM,CHEMBL3983509,-6.7,2.3,CHEMBL240,hERG,False,False,False
C[C@H]1C[C@H]2CSC(N)=N[C@@]2(c2cc(NC(=O)c3ccc(OC(F)F)cn3)ccc2F)CO1,6.4,1,nM,CHEMBL4483673,-6.4,2.5999999999999996,CHEMBL240,hERG,False,False,False
C[C@H]1C[C@H]2CSC(N)=N[C@@]2(c2ccc(F)cc2F)CO1,4.8,1,nM,CHEMBL3414707,-4.8,4.2,CHEMBL240,hERG,False,False,False
C[C@H]1C[C@H]2CSC(N)=N[C@@]2(c2ccccc2)CO1,4.07,1,nM,CHEMBL4207711,-4.07,4.93,CHEMBL240,hERG,False,False,False
C[C@H]1C[C@H]2CSC(N)=N[C@@]2(c2ccccc2C(F)(F)F)CO1,4.26,1,nM,CHEMBL4209994,-4.26,4.74,CHEMBL240,hERG,False,False,False
C[C@H]1C[C@H]2CSC(N)=N[C@@]2(c2ccsc2)CO1,4.4,1,nM,CHEMBL4203347,-4.4,4.6,CHEMBL240,hERG,False,False,False
C[C@H]1C[C@H]2CSC(N)=N[C@@]2(c2nc(NC(=O)c3ccc(C#N)cn3)cs2)CO1,4.92,1,nM,CHEMBL4211913,-4.92,4.08,CHEMBL240,hERG,False,False,False
C[C@H]1C[C@H]2CSC(N)=N[C@@]2(c2nc(NC(=O)c3ccc(C(F)(F)F)cn3)cs2)CO1,4.93,1,nM,CHEMBL3917530,-4.93,4.07,CHEMBL240,hERG,False,False,False
C[C@H]1C[C@H]2CSC(N)=N[C@@]2(c2nc(NC(=O)c3ccc(Cl)cn3)cs2)CO1,5.05,2,nM,CHEMBL3967984,-5.05,3.95,CHEMBL240,hERG,False,False,False
C[C@H]1C[C@H]2CSC(N)=N[C@@]2(c2nc(NC(=O)c3ccc(F)cn3)cs2)CO1,4.97,1,nM,CHEMBL3979124,-4.97,4.03,CHEMBL240,hERG,False,False,False
C[C@H]1C[C@H]2CSC(N)=N[C@@]2(c2nc(NC(=O)c3ccc(OC(F)(F)F)cn3)cs2)CO1,5.0,1,nM,CHEMBL3947194,-5.0,4.0,CHEMBL240,hERG,False,False,False
C[C@H]1C[C@H]2CSC(N)=N[C@@]2(c2nc(NC(=O)c3ccc(OC(F)F)cn3)ccc2F)CO1,6.4,1,nM,CHEMBL3942279,-6.4,2.5999999999999996,CHEMBL240,hERG,False,False,False
C[C@H]1C[C@H]2CSC(N)=N[C@@]2(c2nc(NC(=O)c3ccc(OC(F)F)cn3)cs2)CO1,5.0,4,nM,CHEMBL3952064,-5.0,4.0,CHEMBL240,hERG,False,False,False
C[C@H]1C[C@H]2CSC(N)=N[C@@]2(c2nc(NC(=O)c3ccn(C(F)F)n3)cs2)CO1,5.03,1,nM,CHEMBL4215837,-5.03,3.9699999999999998,CHEMBL240,hERG,False,False,False
C[C@H]1C[C@H]2CSC(N)=N[C@@]2(c2nc(NC(=O)c3cnc(OC(F)F)cn3)cs2)CO1,4.63,1,nM,CHEMBL4204163,-4.63,4.37,CHEMBL240,hERG,False,False,False
C[C@H]1C[C@H]2CSC(N)=N[C@@]2(c2ncc(NC(=O)c3ccc(OC(F)F)cn3)s2)CO1,4.92,1,nM,CHEMBL4574502,-4.92,4.08,CHEMBL240,hERG,False,False,False
C[C@H]1Cc2c([nH]c3cc(Cl)c(F)cc23)[C@@]2(N1)C(=O)Nc1ccc(Cl)cc12,4.52,1,nM,CHEMBL1082723,-4.52,4.48,CHEMBL240,hERG,False,False,False
C[C@H]1Cc2c(ncnc2Oc2ccc3c(ccn3C(=O)Nc3cc(C(C)(C)C)on3)c2)CN1,4.96,1,nM,CHEMBL3747669,-4.96,4.04,CHEMBL240,hERG,False,False,False
C[C@H]1Cc2c(ncnc2Oc2ccc3c(ccn3C(=O)Nc3cc(C4(C(F)(F)F)CC4)on3)c2)CN1,5.13,1,nM,CHEMBL3808921,-5.13,3.87,CHEMBL240,hERG,False,False,False
C[C@H]1Cc2c(ncnc2Oc2ccc3c(ccn3C(=O)Nc3cc(C4(C)CC4)[nH]n3)c2)CN1,4.56,1,nM,CHEMBL3746776,-4.56,4.44,CHEMBL240,hERG,False,False,False
C[C@H]1Cc2c(ncnc2Oc2ccc3c(ccn3C(=O)Nc3cccc(C(F)(F)F)c3)c2)CN1,4.97,1,nM,CHEMBL3747266,-4.97,4.03,CHEMBL240,hERG,False,False,False
C[C@H]1Cc2c(ncnc2Oc2ccc3ccn(C(=O)Nc4cc(C5(C(F)(F)F)CC5)on4)c3c2)CN1,5.07,1,nM,CHEMBL3809643,-5.07,3.9299999999999997,CHEMBL240,hERG,False,False,False
C[C@H]1OC2(CCN(CCc3ccccc3)CC2)CN(C2CC2)C1=O,5.35,1,nM,CHEMBL4789005,-5.35,3.6500000000000004,CHEMBL240,hERG,False,False,False
C[C@H]1OC2(CCN(CCc3ccccc3)CC2)CN(c2ccccc2)C1=O,5.92,1,nM,CHEMBL4450665,-5.92,3.08,CHEMBL240,hERG,True,True,True
C[C@H]1OC2(CCN(CCc3ccccc3F)CC2)CN(c2cnccc2C(F)(F)F)C1=O,5.2,1,nM,CHEMBL4576031,-5.2,3.8,CHEMBL240,hERG,True,True,True
C[C@H]1OC2(CCN(CCc3ccccc3F)CC2)CN(c2ncccc2C(F)(F)F)C1=O,5.18,1,nM,CHEMBL4522004,-5.18,3.8200000000000003,CHEMBL240,hERG,True,True,True
C[C@H]1SC(N)=N[C@@]2(c3ccc(F)cc3F)CO[C@@H](c3cnn(C)c3)C[C@@H]12,5.32,1,nM,CHEMBL3422243,-5.32,3.6799999999999997,CHEMBL240,hERG,False,False,False
C[C@H]1SC(N)=N[C@](C)(c2cc(NC(=O)c3cnc(OCF)cn3)ccc2F)[C@H]1F,5.29,1,nM,CHEMBL4557670,-5.29,3.71,CHEMBL240,hERG,False,False,False
C[C@H]1Sc2ccccc2O[C@@H]1c1ccc(OCCCN2CCCC2)cc1,7.6,2,nM,CHEMBL550393,-7.6,1.4000000000000004,CHEMBL240,hERG,False,True,True
C[C@H]1[C@@H](c2ccc(OCCCN3CCCC3)cc2)Oc2ccccc2S1(=O)=O,6.36,1,nM,CHEMBL549908,-6.36,2.6399999999999997,CHEMBL240,hERG,False,False,False
C[C@H]1[C@H](c2ccc(OCCCN3CCCC3)cc2)Oc2ccccc2S1(=O)=O,6.36,1,nM,CHEMBL1823180,-6.36,2.6399999999999997,CHEMBL240,hERG,False,False,False
C[C@H]1c2c([nH]c3ccc(C(F)(F)F)cc23)C[C@H]2CCN(CCCC3(C(=O)O)CCOCC3)C[C@@H]21,6.52,1,nM,CHEMBL2032047,-6.52,2.4800000000000004,CHEMBL240,hERG,False,False,False
C[C@H]1c2c([nH]c3ccc(C(F)(F)F)cc23)C[C@H]2CCN(CCCC3CCOCC3)C[C@@H]21,7.52,1,nM,CHEMBL1922270,-7.52,1.4800000000000004,CHEMBL240,hERG,False,False,False
C[C@](N)(CF)c1nc(-c2ccc(OC(F)(F)F)cc2)c[nH]1,4.85,1,nM,CHEMBL4104889,-4.85,4.15,CHEMBL240,hERG,False,False,False
C[C@]1(C(=O)O)CC[C@@](C)(c2nc(-c3ccc(C(=O)Nc4cc(C(F)(F)F)ccn4)cc3)c3c(N)nccn23)C1,4.27,1,nM,CHEMBL4068919,-4.27,4.73,CHEMBL240,hERG,False,False,False
C[C@]1(COc2ccc(OC(F)(F)F)cc2)CCn2cc([N+](=O)[O-])nc2O1,5.58,1,nM,CHEMBL5073339,-5.58,3.42,CHEMBL240,hERG,False,False,False
C[C@]1(COc2ccc(OC(F)(F)F)cc2)Cn2cc([N+](=O)[O-])nc2O1,4.98,2,nM,CHEMBL218974,-4.98,4.02,CHEMBL240,hERG,False,False,False
C[C@]1(CS(=O)(=O)N2CCC(Oc3ccc(OC(F)(F)C(F)F)cc3)CC2)NC(=O)NC1=O,4.4,1,nM,CHEMBL2409707,-4.4,4.6,CHEMBL240,hERG,False,False,False
C[C@]1(CS(=O)(=O)N2CCN(c3ncc(OCc4ccc(C(F)(F)F)o4)cn3)CC2)NC(=O)NC1=O,4.36,1,nM,CHEMBL2409676,-4.36,4.64,CHEMBL240,hERG,False,False,False
C[C@]1(O)CC[C@H](Nc2ccc3ncc(-c4cccc(C(F)(F)F)c4)n3n2)CC1,4.92,1,nM,CHEMBL3912135,-4.92,4.08,CHEMBL240,hERG,False,False,False
C[C@]1(O)CC[C@H](Nc2ccc3ncc(-c4cccc(OC(F)(F)F)c4)n3n2)CC1,4.58,1,nM,CHEMBL3895053,-4.58,4.42,CHEMBL240,hERG,False,False,False
C[C@]1(c2cc(NC(=O)c3ccc(C#N)cn3)ccc2F)N=C(N)CO[C@@H]1F,5.1,1,nM,CHEMBL3634342,-5.1,3.9000000000000004,CHEMBL240,hERG,False,False,False
C[C@]12CCC(F)(F)C[C@H]1C[C@@H](N1CCC[C@@H](N)C1)[C@@H]2Oc1ccc(C#N)cc1,4.89,1,nM,CHEMBL4128079,-4.89,4.11,CHEMBL240,hERG,False,False,False
C[C@]12CCC(F)=C[C@H]1C[C@@H](N1CCC[C@@H](N)C1)[C@@H]2Oc1ccc(C#N)cc1,5.07,1,nM,CHEMBL4129456,-5.07,3.9299999999999997,CHEMBL240,hERG,False,False,False
C[C@]12CCCC[C@H]1C[C@@H](N1CCC[C@@H](N)C1)[C@@H]2Oc1ccc(C#N)cc1,5.11,1,nM,CHEMBL4127190,-5.11,3.8899999999999997,CHEMBL240,hERG,False,False,False
C[C@]12CC[C@@H]3c4ccc(OCCCN5CCCC5)cc4CC[C@H]3[C@@H]1CC[C@@H]2N1CCCC1,5.12,1,nM,CHEMBL4451680,-5.12,3.88,CHEMBL240,hERG,False,False,False
C[C@]12CC[C@H](C(F)F)C[C@H]1C[C@@H](N1CCC[C@@H](N)C1)[C@@H]2Oc1ccc(C#N)cc1,4.82,1,nM,CHEMBL4129002,-4.82,4.18,CHEMBL240,hERG,False,False,False
C[N+](C)(CCCCNC(=O)Cc1ccc(OCc2ccccc2)cc1)CCNC(=O)c1nc(Cl)c(N)nc1N,5.725,2,nM,CHEMBL1945199,-5.725,3.2750000000000004,CHEMBL240,hERG,False,False,False
C[S+]([O-])Cc1ccc(C(=O)Nc2nccnc2C(=O)NCC2CCC2)c2ccccc12,4.77,1,nM,CHEMBL2316385,-4.77,4.23,CHEMBL240,hERG,False,False,False
C[S+]([O-])c1ccc(-c2ccc3ncc(-c4ccc(S(C)(=O)=O)cc4)n3n2)cc1,4.75,1,nM,CHEMBL4528812,-4.75,4.25,CHEMBL240,hERG,False,False,False
C[S+]([O-])c1ccc(-c2ccc3ncc(-c4cccc([S+](C)[O-])c4)n3n2)cc1,4.68,1,nM,CHEMBL4451616,-4.68,4.32,CHEMBL240,hERG,False,False,False
C[S+]([O-])c1ccc(-c2cnc3ccc(-c4cccc(S(=O)(=O)C5CC5)c4)nn23)cc1,6.4,1,nM,CHEMBL3355638,-6.4,2.5999999999999996,CHEMBL240,hERG,False,False,False
C[S+]([O-])c1ccc(-c2cnc3ccc(-c4cccc(S(C)(=O)=O)c4)nn23)cc1,5.4,1,nM,CHEMBL3355629,-5.4,3.5999999999999996,CHEMBL240,hERG,False,False,False
C[S+]([O-])c1ccc(-c2cnc3ccc(-c4cccc([S+](C)[O-])c4)nn23)cc1,4.92,1,nM,CHEMBL3355633,-4.92,4.08,CHEMBL240,hERG,False,False,False
C[S+]([O-])c1ccc(-c2cnc3ccc(NC4CCN(S(C)(=O)=O)CC4)nn23)cc1,4.59,1,nM,CHEMBL4445827,-4.59,4.41,CHEMBL240,hERG,False,False,False
C[S+]([O-])c1ccc(-c2cnc3ccc(NC4CCS(=O)(=O)CC4)nn23)cc1,4.54,1,nM,CHEMBL4445885,-4.54,4.46,CHEMBL240,hERG,False,False,False
C[S+]([O-])c1ccc(-c2cnc3ccc(Nc4ccc(S(C)(=O)=O)cc4)nn23)cc1,4.58,1,nM,CHEMBL4444857,-4.58,4.42,CHEMBL240,hERG,False,False,False
C[S+]([O-])c1ccc(-c2cnc3ccc(Nc4cccc(S(C)(=O)=O)c4)nn23)cc1,5.63,1,nM,CHEMBL4465203,-5.63,3.37,CHEMBL240,hERG,False,False,False
C[S+]([O-])c1ccc(-c2cnc3ccc(Nc4cccc([S+](C)[O-])c4)nn23)cc1,4.74,1,nM,CHEMBL4562181,-4.74,4.26,CHEMBL240,hERG,False,False,False
C[S+]([O-])c1ccc(-c2cnc3ccc(Nc4cnccn4)nn23)cc1,5.11,1,nM,CHEMBL4562638,-5.11,3.8899999999999997,CHEMBL240,hERG,False,False,False
C[S+]([O-])c1ccc(Nc2ccc3ncc(-c4ccc([S+](C)[O-])cc4)n3n2)cc1,4.49,1,nM,CHEMBL4443635,-4.49,4.51,CHEMBL240,hERG,False,False,False
C[S+]([O-])c1cccc(-c2ccc3ncc(-c4ccc(S(C)(=O)=O)cc4)n3n2)c1,5.4,1,nM,CHEMBL3355624,-5.4,3.5999999999999996,CHEMBL240,hERG,False,False,False
C[S+]([O-])c1cccc(-c2ccc3ncc(-c4cccc([S+](C)[O-])c4)n3n2)c1,5.07,1,nM,CHEMBL4476063,-5.07,3.9299999999999997,CHEMBL240,hERG,False,False,False
C[Si]1(C)CCN(Cc2cc(-c3ccc(C(F)(F)F)cc3)n(-c3ccc(F)cc3)n2)CC1,5.9,1,nM,CHEMBL4543679,-5.9,3.0999999999999996,CHEMBL240,hERG,False,False,False
C[Si]1(C)CCN(Cc2cc(-c3ccc(C(F)(F)F)cc3)n(C3CCCCC3)n2)CC1,5.6,1,nM,CHEMBL4515914,-5.6,3.4000000000000004,CHEMBL240,hERG,False,False,False
C[n+]1c(C#CC2CCCCC2)cccc1C#CC1CCCCC1,5.36,1,nM,CHEMBL2325211,-5.36,3.6399999999999997,CHEMBL240,hERG,False,False,False
C[n+]1c(C#CCOc2ccc(Cl)cc2)cccc1C#CCOc1ccc(Cl)cc1,4.51,1,nM,CHEMBL2324239,-4.51,4.49,CHEMBL240,hERG,False,False,False
C[n+]1c(C#CCOc2ccccc2)cccc1C#CCOc1ccccc1,4.85,1,nM,CHEMBL2325217,-4.85,4.15,CHEMBL240,hERG,False,False,False
C[n+]1c(C#Cc2ccc(-c3ccccc3)cc2)cccc1C#Cc1ccc(-c2ccccc2)cc1,6.53,1,nM,CHEMBL2325212,-6.53,2.4699999999999998,CHEMBL240,hERG,False,False,False
C[n+]1c(C#Cc2ccc(Cl)cc2)cccc1C#Cc1ccc(Cl)cc1,5.94,1,nM,CHEMBL2325214,-5.94,3.0599999999999996,CHEMBL240,hERG,False,False,False
C[n+]1c(C#Cc2cccc(Cl)c2)cccc1C#Cc1cccc(Cl)c1,5.4,1,nM,CHEMBL2325215,-5.4,3.5999999999999996,CHEMBL240,hERG,False,False,False
C[n+]1c(C#Cc2ccccc2)cccc1C#Cc1ccccc1,6.26,1,nM,CHEMBL2325210,-6.26,2.74,CHEMBL240,hERG,False,False,False
C[n+]1c(C#Cc2ccccc2Cl)cccc1C#Cc1ccccc1Cl,5.41,1,nM,CHEMBL2325216,-5.41,3.59,CHEMBL240,hERG,False,False,False
C[n+]1c(CCCOc2ccc(Cl)cc2)cccc1CCCOc1ccc(Cl)cc1,7.85,1,nM,CHEMBL2324244,-7.85,1.1500000000000004,CHEMBL240,hERG,False,False,False
C[n+]1c(CCCOc2cccc(Cl)c2)cccc1CCCOc1cccc(Cl)c1,7.22,1,nM,CHEMBL2324245,-7.22,1.7800000000000002,CHEMBL240,hERG,False,False,False
C[n+]1c(CCCOc2ccccc2)cccc1CCCOc1ccccc1,6.68,1,nM,CHEMBL2324242,-6.68,2.3200000000000003,CHEMBL240,hERG,False,False,False
C[n+]1c(CCCOc2ccccc2Cl)cccc1CCCOc1ccccc1Cl,7.13,1,nM,CHEMBL2324246,-7.13,1.87,CHEMBL240,hERG,False,False,False
C[n+]1c(CCc2ccccc2)cccc1CCc1ccccc1,6.33,1,nM,CHEMBL2324251,-6.33,2.67,CHEMBL240,hERG,False,False,False
C[n+]1c(COc2ccccc2)cccc1COc1ccccc1,6.12,1,nM,CHEMBL2324248,-6.12,2.88,CHEMBL240,hERG,False,False,False
Cc1[nH]c(-c2ccccc2)cc1C(=O)NCCCN1CCN(c2cccc(Cl)c2Cl)CC1,7.0,1,nM,CHEMBL1086626,-7.0,2.0,CHEMBL240,hERG,False,False,False
Cc1[nH]c(-c2ccccn2)cc1C(=O)NCCCN1CCN(c2cccc(Cl)c2Cl)CC1,6.05,1,nM,CHEMBL3217141,-6.05,2.95,CHEMBL240,hERG,False,False,False
Cc1[nH]c(/C=C2\C(=O)Nc3ccc(F)cc32)c(C)c1NC(=O)CCN1CCN(C)CC1,4.72,1,nM,CHEMBL3288854,-4.72,4.28,CHEMBL240,hERG,False,False,False
Cc1[nH]c(/C=C2\C(=O)Nc3ccc(F)cc32)c(C)c1NC(=O)[C@H]1CCCN1,5.17,1,nM,CHEMBL4093614,-5.17,3.83,CHEMBL240,hERG,False,False,False
Cc1[nH]c2ccccc2c1C1CCCN(Cc2ccc(/C=C/C(=O)NO)cc2)C1,4.56,1,nM,CHEMBL1089343,-4.56,4.44,CHEMBL240,hERG,False,False,False
Cc1[nH]c2ccccc2c1C1CCN(Cc2ccc(/C=C/C(=O)NO)cc2)C1,4.87,1,nM,CHEMBL1089344,-4.87,4.13,CHEMBL240,hERG,False,False,False
Cc1[nH]c2ccccc2c1CC1CCCCN1Cc1ccc(/C=C/C(=O)NO)cc1,5.04,1,nM,CHEMBL1089359,-5.04,3.96,CHEMBL240,hERG,False,False,False
Cc1[nH]c2ccccc2c1CCN(CCF)Cc1ccc(/C=C/C(=O)NO)cc1,5.24,1,nM,CHEMBL1819138,-5.24,3.76,CHEMBL240,hERG,False,False,False
Cc1[nH]c2ccccc2c1CCN1CCCC1c1ccc(/C=C/C(=O)NO)cc1,4.71,1,nM,CHEMBL1089700,-4.71,4.29,CHEMBL240,hERG,False,False,False
Cc1[nH]c2ccccc2c1CCN1CCc2cc(/C=C/C(=O)NO)ccc2C1,4.83,1,nM,CHEMBL1089701,-4.83,4.17,CHEMBL240,hERG,False,False,False
Cc1[nH]c2ccccc2c1CCN1CCc2ccc(/C=C/C(=O)NO)cc2C1,5.57,1,nM,CHEMBL1093362,-5.57,3.4299999999999997,CHEMBL240,hERG,False,False,False
Cc1[nH]c2ccccc2c1CCN1CCc2ccc(/C=C/C(=O)NO)cc2CC1,5.5,1,nM,CHEMBL1089301,-5.5,3.5,CHEMBL240,hERG,False,False,False
Cc1[nH]c2ccccc2c1CCN1Cc2ccc(/C=C/C(=O)NO)cc2C1,5.32,2,nM,CHEMBL1088949,-5.32,3.6799999999999997,CHEMBL240,hERG,False,False,False
Cc1[nH]cnc1CN1CCc2c(c3ccccc3n2C)C1=O,5.495,6,nM,CHEMBL1110,-5.495,3.505,CHEMBL240,hERG,False,False,False
Cc1[nH]nc(C(=O)N[C@@H]2CC(C)(C)Oc3nc(-c4ccc(Cl)cc4Cl)c(-c4ccc(Cl)cc4)cc32)c1C,5.06,1,nM,CHEMBL1095476,-5.06,3.9400000000000004,CHEMBL240,hERG,False,False,False
Cc1[nH]nc(Nc2ccnc3ccc(S(=O)(=O)C(C)(C)C)cc23)c1C,4.81,1,nM,CHEMBL4285462,-4.81,4.19,CHEMBL240,hERG,False,False,False
Cc1[nH]nc2c1C(c1cc(-c3cccnc3)cc(C(F)(F)F)c1)(C(C)C)C(C#N)=C(N)O2,4.54,1,nM,CHEMBL4080522,-4.54,4.46,CHEMBL240,hERG,False,False,False
Cc1[nH]nc2c1c(=O)n(CCCN)c1cc(C3CCCCC3)c(C3CCCCC3)cc21,5.28,1,nM,CHEMBL250481,-5.28,3.7199999999999998,CHEMBL240,hERG,False,False,False
Cc1[nH]nc2c1c(=O)n(C[C@H](F)CN)c1cc(C3CCCCC3)c(C3CCCCC3)cc21,4.88,1,nM,CHEMBL398612,-4.88,4.12,CHEMBL240,hERG,False,False,False
Cc1c(-c2c(F)cc(C(N)=O)c3[nH]c4c(c23)CC[C@H](C(C)(C)O)C4)cccc1-n1c(=O)c2cccc(F)c2n(C)c1=O,5.26,1,nM,CHEMBL3900554,-5.26,3.74,CHEMBL240,hERG,False,False,False
Cc1c(-c2cc(F)c(N)cc2F)ccc2c3oc(CN)nc3c(=O)n(C3CC3)c12,5.1,1,nM,CHEMBL4764598,-5.1,3.9000000000000004,CHEMBL240,hERG,False,False,False
Cc1c(-c2ccc(C(N)=O)c3[nH]c4cc(C(C)(C)O)ccc4c23)cccc1-n1cnc2ccccc2c1=O,5.0,1,nM,CHEMBL3918580,-5.0,4.0,CHEMBL240,hERG,False,False,False
Cc1c(-c2ccc(Cl)cc2)noc1-c1ccc2cc(CCN3CCC[C@H]3C)ccc2n1,5.7,1,nM,CHEMBL1085641,-5.7,3.3,CHEMBL240,hERG,False,False,False
Cc1c(-c2ccc(F)cc2F)noc1-c1ccc2c(c1)CN(C(C)C)C2=O,5.97,1,nM,CHEMBL3398269,-5.97,3.0300000000000002,CHEMBL240,hERG,False,False,False
Cc1c(-c2ccc3[nH]ncc3c2)ccc2c3oc(CN)nc3c(=O)n(C3CC3)c12,5.21,1,nM,CHEMBL4743440,-5.21,3.79,CHEMBL240,hERG,False,False,False
Cc1c(-c2ccc3cc(CCN4CCC[C@H]4C)ccc3n2)cnn1-c1ccc(Cl)c(Cl)c1,6.22,1,nM,CHEMBL1083463,-6.22,2.7800000000000002,CHEMBL240,hERG,True,True,True
Cc1c(-c2ccc3cc(CCN4CCC[C@H]4C)ccc3n2)cnn1-c1ccc(N(C)C)nn1,4.75,1,nM,CHEMBL1083462,-4.75,4.25,CHEMBL240,hERG,True,True,True
Cc1c(-c2ccc3cc(CCN4CCC[C@H]4C)ccc3n2)cnn1-c1ccccn1,4.7,1,nM,CHEMBL393581,-4.7,4.3,CHEMBL240,hERG,True,True,True
Cc1c(-c2ccc3cc(CCN4CCC[C@H]4C)ccc3n2)cnn1C,4.4,1,nM,CHEMBL1084827,-4.4,4.6,CHEMBL240,hERG,True,True,True
Cc1c(-c2ccc3cc(CCN4CCC[C@H]4C)ccc3n2)nnn1-c1ccc(F)cc1F,5.55,1,nM,CHEMBL1086098,-5.55,3.45,CHEMBL240,hERG,False,False,False
Cc1c(-c2ccc3cc(CCN4CCC[C@H]4C)ccc3n2)sc2nc3ccccc3n12,5.76,1,nM,CHEMBL1085142,-5.76,3.24,CHEMBL240,hERG,False,False,False
Cc1c(-c2ccc3cc(CCN4CCC[C@H]4C)ccc3n2)sc2ncnn12,5.55,1,nM,CHEMBL1084383,-5.55,3.45,CHEMBL240,hERG,False,False,False
Cc1c(-c2ccccc2)oc2c(C(=O)OCCN3CCCCC3)cccc2c1=O,4.62,1,nM,CHEMBL1493,-4.62,4.38,CHEMBL240,hERG,False,False,False
Cc1c(-c2cnc3[nH]ncc3c2)ccc2c3oc(CN)nc3c(=O)n(C3CC3)c12,4.35,1,nM,CHEMBL4787847,-4.35,4.65,CHEMBL240,hERG,False,False,False
Cc1c(-c2noc(-c3ccc(OC(C)C)c(C#N)c3)n2)ccc2c1CCN(C(CO)CO)C2,4.89,1,nM,CHEMBL1836215,-4.89,4.11,CHEMBL240,hERG,False,False,False
Cc1c(-c2noc(-c3ccc(OC(C)C)c(C#N)c3)n2)cnc2c1CCN(C(CO)CO)C2,4.9,1,nM,CHEMBL1836213,-4.9,4.1,CHEMBL240,hERG,False,False,False
Cc1c(C#N)cccc1[C@@H]1CN2CCN(C(=O)Cc3ccc(-n4cnnn4)cc3)C[C@H]2CO1,4.83,1,nM,CHEMBL4451354,-4.83,4.17,CHEMBL240,hERG,False,False,False
Cc1c(C#N)cccc1[C@@H]1CN2CCN(C(=O)Cc3ccc(-n4cnnn4)nc3)C[C@@H]2CO1,4.83,1,nM,CHEMBL3964139,-4.83,4.17,CHEMBL240,hERG,False,False,False
Cc1c(C#N)cccc1[C@H]1CN2CCN(C(=O)Cc3ccc(-n4cnnn4)nc3)C[C@H]2CO1,4.75,1,nM,CHEMBL3896006,-4.75,4.25,CHEMBL240,hERG,False,False,False
Cc1c(C(=O)CC#N)oc2ccc(Br)cc12,7.52,1,nM,CHEMBL4592743,-7.52,1.4800000000000004,CHEMBL240,hERG,False,False,False
Cc1c(C(=O)CC#N)oc2ccc(Cl)cc12,7.52,1,nM,CHEMBL4443436,-7.52,1.4800000000000004,CHEMBL240,hERG,False,False,False
Cc1c(C(=O)CC#N)oc2ccccc12,7.52,1,nM,CHEMBL4537540,-7.52,1.4800000000000004,CHEMBL240,hERG,False,False,False
Cc1c(C(=O)N(C)CCCN2CCN(c3cccc(Cl)c3Cl)CC2)cc(-c2ccccc2)n1C,6.3,1,nM,CHEMBL1214177,-6.3,2.7,CHEMBL240,hERG,False,False,False
Cc1c(C(=O)NCCCN2CCN(c3cccc(Cl)c3Cl)CC2)cc(-c2ccccc2)n1C,6.85,1,nM,CHEMBL1086754,-6.85,2.1500000000000004,CHEMBL240,hERG,False,False,False
Cc1c(C(=O)NCCCN2CCN(c3cccc(Cl)c3Cl)CC2)cc(-c2ccccn2)n1C,5.77,1,nM,CHEMBL3216259,-5.77,3.2300000000000004,CHEMBL240,hERG,False,False,False
Cc1c(C(=O)NCCCN2CCN(c3cccc(Cl)c3Cl)CC2)cc(-c2cccnc2)n1C,5.17,1,nM,CHEMBL1212957,-5.17,3.83,CHEMBL240,hERG,False,False,False
Cc1c(C(=O)NCCN2CCN(c3cccc(Cl)c3Cl)CC2)cc(C(C)(C)C)n1C,5.16,1,nM,CHEMBL1214597,-5.16,3.84,CHEMBL240,hERG,False,False,False
Cc1c(C(=O)NN2CCCCC2)nn(-c2ccc(Cl)cc2Cl)c1-c1ccc(Cl)cc1,5.4350000000000005,2,nM,CHEMBL111,-5.4350000000000005,3.5649999999999995,CHEMBL240,hERG,False,False,False
Cc1c(C(=O)Nc2ccn(C)n2)ncn1Cc1cccc(C(F)(F)F)c1,4.54,1,nM,CHEMBL1683577,-4.54,4.46,CHEMBL240,hERG,False,False,False
Cc1c(C(=O)c2ccc(Cl)cc2)c2ccc(OC(F)(F)F)cc2n1Cc1cccc(O[C@H](C)C(=O)O)c1,5.49,1,nM,CHEMBL461571,-5.49,3.51,CHEMBL240,hERG,False,False,False
Cc1c(C(C)CN2CCN(C(=O)Cc3ccc(-n4cnnn4)cc3)CC2)ccc2c1COC2=O,4.22,1,nM,CHEMBL4522413,-4.22,4.78,CHEMBL240,hERG,False,False,False
Cc1c(C(C)CN2CCN(C(=O)Cc3ccc(-n4cnnn4)nc3)CC2)ccc2c1COC2=O,4.414999999999999,2,nM,CHEMBL3794292,-4.414999999999999,4.585000000000001,CHEMBL240,hERG,False,False,False
Cc1c(C(F)CN2CCN(C(=O)Cc3ccc(-n4cnnn4)cc3)CC2)ccc2c1COC2=O,4.17,1,nM,CHEMBL4566857,-4.17,4.83,CHEMBL240,hERG,False,False,False
Cc1c(C(F)CN2CCN(C(=O)Cc3ccc(-n4cnnn4)nc3)CC2)ccc2c1COC2=O,4.66,1,nM,CHEMBL3792978,-4.66,4.34,CHEMBL240,hERG,False,False,False
Cc1c(C(F)CN2CCN(CC(F)c3ccc4c(c3C)COC4=O)CC2)ccc2c1COC2=O,4.4,1,nM,CHEMBL4573466,-4.4,4.6,CHEMBL240,hERG,False,False,False
Cc1c(C(O)CN2CCN(C(=O)Cc3ccc(-n4cnnn4)cc3)CC2)ccc2c1COC2=O,4.0,1,nM,CHEMBL4438583,-4.0,5.0,CHEMBL240,hERG,False,False,False
Cc1c(C(O)CN2CCN(C(=O)Cc3ccc(-n4cnnn4)nc3)CC2)ccc2c1COC2=O,4.48,1,nM,CHEMBL3794233,-4.48,4.52,CHEMBL240,hERG,False,False,False
Cc1c(C(O)CN2CCN(CC(O)c3ccc4c(c3C)COC4=O)CC2)ccc2c1COC2=O,4.595,2,nM,CHEMBL4559965,-4.595,4.405,CHEMBL240,hERG,False,False,False
Cc1c(C)c2ccc(OCCCCN3CCC(c4noc5cc(F)ccc45)CC3)cc2oc1=O,6.71,1,nM,CHEMBL2385102,-6.71,2.29,CHEMBL240,hERG,False,False,False
Cc1c(C)n(Cc2ccccc2)c2ncnc(OC3CCN(Cc4cscn4)CC3)c12,6.29,1,nM,CHEMBL2012178,-6.29,2.71,CHEMBL240,hERG,False,False,False
Cc1c(C2(c3ccc(C(F)(F)F)c(C#N)c3)CC2)c[nH]c1C(=O)NC(C)c1nc[nH]n1,4.69,1,nM,CHEMBL4876457,-4.69,4.31,CHEMBL240,hERG,False,False,False
Cc1c(CCC2CCN(C(=O)Cc3ccc(-n4cnnn4)cc3)CC2)ccc2c1COC2=O,5.23,1,nM,CHEMBL3792542,-5.23,3.7699999999999996,CHEMBL240,hERG,False,False,False
Cc1c(CCN2CCC3(CC2)CCN(c2ccc(=O)n(C)n2)C3=O)ccc2c1COC2=O,5.33,1,nM,CHEMBL4075868,-5.33,3.67,CHEMBL240,hERG,False,False,False
Cc1c(CCN2CCN(C(=O)Cc3ccc(-n4cnnn4)cc3)CC2)ccc2c1COC2=O,4.7,5,nM,CHEMBL2441417,-4.7,4.3,CHEMBL240,hERG,False,False,False
Cc1c(CCN2CCN(C(=O)Cc3ccc(-n4cnnn4)cn3)CC2)ccc2c1COC2=O,4.48,1,nM,CHEMBL3792966,-4.48,4.52,CHEMBL240,hERG,False,False,False
Cc1c(CCN2CCN(C(=O)Cc3ccc(-n4cnnn4)nc3)CC2)ccc2c1COC2=O,4.654999999999999,2,nM,CHEMBL3692706,-4.654999999999999,4.345000000000001,CHEMBL240,hERG,False,False,False
Cc1c(CCN2CCN(C(=O)Cc3cnc(-n4cnnn4)cn3)CC2)ccc2c1COC2=O,4.92,1,nM,CHEMBL3793143,-4.92,4.08,CHEMBL240,hERG,False,False,False
Cc1c(CCN2CCN(C(=O)Cc3cncc(-n4cnnn4)c3)CC2)ccc2c1COC2=O,4.68,1,nM,CHEMBL3793411,-4.68,4.32,CHEMBL240,hERG,False,False,False
Cc1c(CCN2CCN(CC(O)c3ccc4c(c3C)COC4=O)CC2)ccc2c1COC2=O,5.28,1,nM,CHEMBL3696479,-5.28,3.7199999999999998,CHEMBL240,hERG,False,False,False
Cc1c(CCN2CCN(CCc3ccc4c(c3C)COC4=O)CC2)ccc2c1COC2=O,5.52,1,nM,CHEMBL4534171,-5.52,3.4800000000000004,CHEMBL240,hERG,False,False,False
Cc1c(CN2CCOCC2)cc(-c2ccc(C(C)C)cc2)n1-c1ccc(F)cc1,5.0,2,nM,CHEMBL4069395,-5.0,4.0,CHEMBL240,hERG,False,False,False
Cc1c(CN2CCOCC2)cc(-c2ccc(C(C)C)cc2)n1-c1ccc(F)cn1,5.1,1,nM,CHEMBL4288827,-5.1,3.9000000000000004,CHEMBL240,hERG,False,False,False
Cc1c(CN2CCOCC2)cc(-c2ccc(C(C)C)cc2)n1C(C)C,4.8,1,nM,CHEMBL4294266,-4.8,4.2,CHEMBL240,hERG,False,False,False
Cc1c(CN2CCOCC2)cc(-c2ccc(C(C)C)cc2)n1C1CC1,5.1,1,nM,CHEMBL4290873,-5.1,3.9000000000000004,CHEMBL240,hERG,False,False,False
Cc1c(CN2CCOCC2)cc(-c2ccc(C(C)C)cc2)n1C1CCC1,5.1,1,nM,CHEMBL4290458,-5.1,3.9000000000000004,CHEMBL240,hERG,False,False,False
Cc1c(CN2CCOCC2)cc(-c2ccc(C(C)C)cc2)n1C1CCCCC1,4.3,1,nM,CHEMBL4282585,-4.3,4.7,CHEMBL240,hERG,False,False,False
Cc1c(CN2CCOCC2)cc(-c2ccc(C(C)C)cc2)n1C1CCCOC1,5.0,1,nM,CHEMBL4291770,-5.0,4.0,CHEMBL240,hERG,False,False,False
Cc1c(CN2CCOCC2)cc(-c2ccc(C(C)C)cc2)n1CC(C)C,4.8,1,nM,CHEMBL4280239,-4.8,4.2,CHEMBL240,hERG,False,False,False
Cc1c(CN2CCOCC2)cc(-c2ccc(C(C)C)cc2)n1Cc1ccc(F)cc1,5.3,1,nM,CHEMBL4277084,-5.3,3.7,CHEMBL240,hERG,False,False,False
Cc1c(CNC(C)C)nn(-c2ccc(Cl)cc2Cl)c1-c1ccc(Cl)cc1,7.64,1,nM,CHEMBL494230,-7.64,1.3600000000000003,CHEMBL240,hERG,False,False,False
Cc1c(CNC2CCCC2)nn(-c2ccc(Cl)cc2Cl)c1-c1ccc(Cl)cc1,7.64,1,nM,CHEMBL512827,-7.64,1.3600000000000003,CHEMBL240,hERG,False,False,False
Cc1c(CNC2CCCC2)nn(-c2ccc(Cl)cc2Cl)c1-c1cccnc1,5.54,1,nM,CHEMBL468937,-5.54,3.46,CHEMBL240,hERG,False,False,False
Cc1c(CNC2CCCC2)nn(-c2ncccc2Cl)c1-c1ccc(Cl)nc1,5.57,1,nM,CHEMBL492585,-5.57,3.4299999999999997,CHEMBL240,hERG,False,False,False
Cc1c(CNC2CCCC2)nn(-c2ncccc2Cl)c1-c1cccnc1,4.64,1,nM,CHEMBL492396,-4.64,4.36,CHEMBL240,hERG,False,False,False
Cc1c(CN[C@H]2CC[C@@H](F)C2)nn(CCC#N)c1-c1cc(F)cc(F)c1,5.02,1,nM,CHEMBL560667,-5.02,3.9800000000000004,CHEMBL240,hERG,False,False,False
Cc1c(Cl)ccc(OC2CCN(C3CCN(S(=O)(=O)NC(=O)c4ccccc4)CC3)CC2)c1Cl,5.4,1,nM,CHEMBL2171016,-5.4,3.5999999999999996,CHEMBL240,hERG,True,True,True
Cc1c(Cl)ccc(OC2CCN(C[C@H](O)CNC(=O)c3c[nH]c(=O)cc3C(F)(F)F)CC2)c1Cl,5.3,1,nM,CHEMBL2207664,-5.3,3.7,CHEMBL240,hERG,True,True,True
Cc1c(Cl)ccc(OC2CCN(C[C@H](O)CNC(=O)c3c[nH]nc3C(F)(F)F)CC2)c1Cl,5.7,1,nM,CHEMBL2207660,-5.7,3.3,CHEMBL240,hERG,True,True,True
Cc1c(Cl)cccc1C(=O)N(CC(C)C)[C@H]1CCNC1,4.28,1,nM,CHEMBL1078162,-4.28,4.72,CHEMBL240,hERG,True,True,True
Cc1c(Cl)cccc1N1CCN(CCCNC(=O)c2nc(-c3ccccc3)n(-c3ccccc3)c2C)CC1,5.89,1,nM,CHEMBL3217170,-5.89,3.1100000000000003,CHEMBL240,hERG,False,False,False
Cc1c(Cl)cccc1N1CCN(CCCNC(=O)c2nc(-c3ccccc3)n(-c3ccccc3)c2Cn2cncn2)CC1,5.01,1,nM,CHEMBL3215850,-5.01,3.99,CHEMBL240,hERG,False,False,False
Cc1c(F)c(N2CCNC(C)C2)cc2c1c(=O)c(C(=O)O)cn2C1CC1,4.3,7,nM,CHEMBL583,-4.3,4.7,CHEMBL240,hERG,False,False,False
Cc1c(F)c(Nc2ccc(-c3cn(C)cn3)cn2)cc2c1ncn2CC1CC1,4.96,1,nM,CHEMBL4581355,-4.96,4.04,CHEMBL240,hERG,False,False,False
Cc1c(N2CCC(C3(N)CC3)C2)c(F)cc2c(-c3cc(O)no3)cc(=O)n(C3CC3)c12,4.77,1,nM,CHEMBL4852170,-4.77,4.23,CHEMBL240,hERG,False,False,False
Cc1c(N2CCC(C3(N)CC3)C2)c(F)cc2c(-c3n[nH]c(=O)o3)cc(=O)n(C3CC3)c12,4.89,1,nM,CHEMBL4875871,-4.89,4.11,CHEMBL240,hERG,False,False,False
Cc1c(N2CCC(C3(N)CC3)C2)c(F)cc2c(-c3noc(=S)[nH]3)cc(=O)n(C3CC3)c12,4.75,1,nM,CHEMBL4861495,-4.75,4.25,CHEMBL240,hERG,False,False,False
Cc1c(N2CC[C@@H](C3(N)CC3)C2)c(F)cc2cc(-c3n[nH]c(=O)o3)c(=O)n(C3CC3)c12,5.0,1,nM,CHEMBL4867915,-5.0,4.0,CHEMBL240,hERG,False,False,False
Cc1c(N2CC[C@@H](C3(N)CC3)C2)c(F)cc2cc(-c3ncon3)c(=O)n(C3CC3)c12,4.92,1,nM,CHEMBL4878164,-4.92,4.08,CHEMBL240,hERG,False,False,False
Cc1c(N2CC[C@@H](C3(N)CC3)C2)c(F)cc2cc(-c3nnco3)c(=O)n(C3CC3)c12,5.1,1,nM,CHEMBL4864037,-5.1,3.9000000000000004,CHEMBL240,hERG,False,False,False
Cc1c(N2CC[C@@H](C3(N)CC3)C2)c(F)cc2cc(-c3noc(=O)[nH]3)c(=O)n(C3CC3)c12,4.54,1,nM,CHEMBL4877922,-4.54,4.46,CHEMBL240,hERG,False,False,False
Cc1c(N2CC[C@@H](C3(N)CC3)C2)c(F)cc2cc(C#N)c(=O)n(C3CC3)c12,5.57,1,nM,CHEMBL4860033,-5.57,3.4299999999999997,CHEMBL240,hERG,False,False,False
Cc1c(N2CC[C@@H](C3(N)CC3)C2)c(F)cc2cc(C(N)=O)c(=O)n(C3CC3)c12,5.0,1,nM,CHEMBL4875315,-5.0,4.0,CHEMBL240,hERG,False,False,False
Cc1c(N2CC[C@@H]([C@H](C)N)C2)c(F)cc2cc(O)c(=O)n(C3CC3)c12,4.6,1,nM,CHEMBL4860105,-4.6,4.4,CHEMBL240,hERG,False,False,False
Cc1c(N2CC[C@@H]([C@H](C)N)C2)c(F)cc2ccc(=O)n(C3CC3)c12,4.31,2,nM,CHEMBL4640061,-4.31,4.69,CHEMBL240,hERG,False,False,False
Cc1c(NC(=O)OC[C@@H]2COCCN2)cn2ncnc(Nc3ccc4c(cnn4Cc4cccc(F)c4)c3)c12,5.4,1,nM,CHEMBL1645462,-5.4,3.5999999999999996,CHEMBL240,hERG,False,False,False
Cc1c(O)ccc2c1C(=O)N(Cc1ccccc1-c1ccc(F)c(F)c1)C2C(=O)NC(C)(C)C,4.57,1,nM,CHEMBL3785370,-4.57,4.43,CHEMBL240,hERG,False,False,False
Cc1c(O)ccc2c1C(=O)N(Cc1ccccc1-c1ccccc1)C2C(=O)NC(C)(C)C,4.46,2,nM,CHEMBL3785865,-4.46,4.54,CHEMBL240,hERG,False,False,False
Cc1c(OC(F)F)ccc2c1C(=O)N(Cc1ccccc1-c1ccccc1)C2C(=O)NC(C)(C)C,4.66,1,nM,CHEMBL3785810,-4.66,4.34,CHEMBL240,hERG,False,False,False
Cc1c(OC2CCN(CC3CCN([C@@H](Cc4ccc(F)cc4)C(=O)O)CC3)CC2)ccc(C#N)c1Cl,4.8,1,nM,CHEMBL2158785,-4.8,4.2,CHEMBL240,hERG,True,True,True
Cc1c(OCF)ccc2c1C(=O)N(Cc1ccccc1-c1ccccc1)C2C(=O)NC(C)(C)C,4.57,1,nM,CHEMBL3786683,-4.57,4.43,CHEMBL240,hERG,False,False,False
Cc1c(O[C@H]2C[C@H]3CC[C@@H](C2)N3Cc2ccccc2)cccc1C(N)=O,5.96,1,nM,CHEMBL1224142,-5.96,3.04,CHEMBL240,hERG,False,False,False
Cc1c([C@@H](O)CN2CCC3(CC2)CC(=O)N(c2ccc(=O)n(C)n2)C3)ccc2c1COC2=O,4.44,1,nM,CHEMBL4059965,-4.44,4.56,CHEMBL240,hERG,False,False,False
Cc1c([C@@H](O)CN2CCC3(CC2)CC(=O)N(c2ccc(C#N)cn2)C3)ccc2c1COC2=O,5.75,1,nM,CHEMBL3622104,-5.75,3.25,CHEMBL240,hERG,False,False,False
Cc1c([C@@H](O)CN2CCC3(CC2)CC(=O)N(c2ccc(S(C)(=O)=O)cn2)C3)ccc2c1COC2=O,4.6899999999999995,2,nM,CHEMBL4066256,-4.6899999999999995,4.3100000000000005,CHEMBL240,hERG,False,False,False
Cc1c([C@@H](O)CN2CCC3(CC2)CC(=O)N(c2ccns2)C3)ccc2c1COC2=O,5.1,1,nM,CHEMBL4067063,-5.1,3.9000000000000004,CHEMBL240,hERG,False,False,False
Cc1c([C@@H](O)CN2CCC3(CC2)CC(=O)N(c2cnc(S(C)(=O)=O)cn2)C3)ccc2c1COC2=O,4.675,2,nM,CHEMBL4086237,-4.675,4.325,CHEMBL240,hERG,False,False,False
Cc1c([C@@H](O)CN2CCC3(CC2)CC(=O)N(c2cncc(C#N)c2)C3)ccc2c1COC2=O,5.75,1,nM,CHEMBL4079335,-5.75,3.25,CHEMBL240,hERG,False,False,False
Cc1c([C@@H](O)CN2CCC3(CC2)CCN(c2cc(-c4ccccc4)no2)C3=O)ccc2c1COC2=O,7.27,1,nM,CHEMBL4072929,-7.27,1.7300000000000004,CHEMBL240,hERG,False,False,False
Cc1c([C@@H](O)CN2CCC3(CC2)CCN(c2cc(-c4ccccc4)ns2)C3=O)ccc2c1COC2=O,8.02,1,nM,CHEMBL4093627,-8.02,0.9800000000000004,CHEMBL240,hERG,False,False,False
Cc1c([C@@H](O)CN2CCC3(CC2)CCN(c2cc(C)c(=O)n(C)n2)C3=O)ccc2c1COC2=O,5.57,1,nM,CHEMBL4061173,-5.57,3.4299999999999997,CHEMBL240,hERG,False,False,False
Cc1c([C@@H](O)CN2CCC3(CC2)CCN(c2ccc(-n4cnnn4)cn2)C3)ccc2c1COC2=O,5.48,1,nM,CHEMBL4062576,-5.48,3.5199999999999996,CHEMBL240,hERG,False,False,False
Cc1c([C@@H](O)CN2CCC3(CC2)CCN(c2ccc(=O)n(C(F)F)n2)C3=O)ccc2c1COC2=O,4.72,1,nM,CHEMBL4070542,-4.72,4.28,CHEMBL240,hERG,False,False,False
Cc1c([C@@H](O)CN2CCC3(CC2)CCN(c2ccc(=O)n(C)n2)C3)ccc2c1COC2=O,5.35,1,nM,CHEMBL4082637,-5.35,3.6500000000000004,CHEMBL240,hERG,False,False,False
Cc1c([C@@H](O)CN2CCC3(CC2)CCN(c2ccc(=O)n(C)n2)C3=O)ccc2c1COC2=O,4.6850000000000005,2,nM,CHEMBL4069245,-4.6850000000000005,4.3149999999999995,CHEMBL240,hERG,False,False,False
Cc1c([C@@H](O)CN2CCC3(CC2)CCN(c2ccc(=O)n(C)n2)CC3)ccc2c1COC2=O,4.35,1,nM,CHEMBL4076697,-4.35,4.65,CHEMBL240,hERG,False,False,False
Cc1c([C@@H](O)CN2CCC3(CC2)CCN(c2ccc(=O)n(C4CCCC4)n2)C3=O)ccc2c1COC2=O,4.87,1,nM,CHEMBL4071141,-4.87,4.13,CHEMBL240,hERG,False,False,False
Cc1c([C@@H](O)CN2CCC3(CC2)CCN(c2ccc(C#N)cn2)C3)ccc2c1COC2=O,5.62,1,nM,CHEMBL3622105,-5.62,3.38,CHEMBL240,hERG,False,False,False
Cc1c([C@@H](O)CN2CCC3(CC2)CCN(c2ccc(C#N)cn2)CC3)ccc2c1COC2=O,6.71,1,nM,CHEMBL4070123,-6.71,2.29,CHEMBL240,hERG,False,False,False
Cc1c([C@@H](O)CN2CCC3(CC2)CCN(c2ccc(C#N)nc2)C3)ccc2c1COC2=O,5.92,1,nM,CHEMBL4097359,-5.92,3.08,CHEMBL240,hERG,False,False,False
Cc1c([C@@H](O)CN2CCC3(CC2)CCN(c2ccc(C(C)(C)O)nc2)C3)ccc2c1COC2=O,4.54,1,nM,CHEMBL4094901,-4.54,4.46,CHEMBL240,hERG,False,False,False
Cc1c([C@@H](O)CN2CCC3(CC2)CCN(c2ccc(S(C)(=O)=O)cn2)C3)ccc2c1COC2=O,4.885,4,nM,CHEMBL4098260,-4.885,4.115,CHEMBL240,hERG,False,False,False
Cc1c([C@@H](O)CN2CCC3(CC2)CCN(c2ccc(S(C)(=O)=O)nc2)C3)ccc2c1COC2=O,4.53,1,nM,CHEMBL4087218,-4.53,4.47,CHEMBL240,hERG,False,False,False
Cc1c([C@@H](O)CN2CCC3(CC2)CCN(c2ccc([S+](C)[O-])nc2)C3)ccc2c1COC2=O,5.52,1,nM,CHEMBL4067468,-5.52,3.4800000000000004,CHEMBL240,hERG,False,False,False
Cc1c([C@@H](O)CN2CCC3(CC2)CCN(c2ccncc2)C3=O)ccc2c1COC2=O,4.845000000000001,2,nM,CHEMBL4092262,-4.845000000000001,4.154999999999999,CHEMBL240,hERG,False,False,False
Cc1c([C@@H](O)CN2CCC3(CC2)CCN(c2ccncn2)C3=O)ccc2c1COC2=O,4.66,1,nM,CHEMBL4072014,-4.66,4.34,CHEMBL240,hERG,False,False,False
Cc1c([C@@H](O)CN2CCC3(CC2)CCN(c2ccnnc2)C3=O)ccc2c1COC2=O,4.57,1,nM,CHEMBL4086697,-4.57,4.43,CHEMBL240,hERG,False,False,False
Cc1c([C@@H](O)CN2CCC3(CC2)CCN(c2ccns2)C3)ccc2c1COC2=O,5.85,1,nM,CHEMBL4059846,-5.85,3.1500000000000004,CHEMBL240,hERG,False,False,False
Cc1c([C@@H](O)CN2CCC3(CC2)CCN(c2ccns2)C3=O)ccc2c1COC2=O,5.175,2,nM,CHEMBL4062753,-5.175,3.825,CHEMBL240,hERG,False,False,False
Cc1c([C@@H](O)CN2CCC3(CC2)CCN(c2cnc(S(C)(=O)=O)cn2)C3)ccc2c1COC2=O,4.845,2,nM,CHEMBL4064760,-4.845,4.155,CHEMBL240,hERG,False,False,False
Cc1c([C@@H](O)CN2CCC3(CC2)CCN(c2cncc(C#N)c2)C3)ccc2c1COC2=O,5.62,1,nM,CHEMBL4066423,-5.62,3.38,CHEMBL240,hERG,False,False,False
Cc1c([C@@H](O)CN2CCC3(CC2)CCN(c2cnn(C)c(=O)c2)C3=O)ccc2c1COC2=O,4.92,1,nM,CHEMBL4075427,-4.92,4.08,CHEMBL240,hERG,False,False,False
Cc1c([C@@H](O)CN2CCC3(CC2)CCN(c2cnsc2)C3=O)ccc2c1COC2=O,5.31,1,nM,CHEMBL4086822,-5.31,3.6900000000000004,CHEMBL240,hERG,False,False,False
Cc1c([C@@H](O)CN2CCC3(CC2)CCN(c2cnsn2)C3=O)ccc2c1COC2=O,5.21,1,nM,CHEMBL4076563,-5.21,3.79,CHEMBL240,hERG,False,False,False
Cc1c([C@@H](O)CN2CCC3(CC2)CCN(c2ncns2)C3=O)ccc2c1COC2=O,4.91,1,nM,CHEMBL4070003,-4.91,4.09,CHEMBL240,hERG,False,False,False
Cc1c([C@@H](O)CN2CCC3(CC2)CCN(c2sncc2Cl)C3=O)ccc2c1COC2=O,5.82,1,nM,CHEMBL4071329,-5.82,3.1799999999999997,CHEMBL240,hERG,False,False,False
Cc1c([C@@H](O)CN2CCC3(CC2)CN(c2ccc(=O)n(C)n2)C(=O)CO3)ccc2c1COC2=O,4.34,1,nM,CHEMBL4097415,-4.34,4.66,CHEMBL240,hERG,False,False,False
Cc1c([C@@H](O)CN2CCC3(CC2)CN(c2ccc(C#N)cn2)C3)ccc2c1COC2=O,4.98,1,nM,CHEMBL4087753,-4.98,4.02,CHEMBL240,hERG,False,False,False
Cc1c([C@@H](O)CN2CCC3(CC2)CN(c2ccns2)C(=O)O3)ccc2c1COC2=O,4.92,1,nM,CHEMBL4061345,-4.92,4.08,CHEMBL240,hERG,False,False,False
Cc1c([C@@H](O)CN2CCC3(CC2)CN(c2ccns2)C3)ccc2c1COC2=O,5.35,1,nM,CHEMBL4081764,-5.35,3.6500000000000004,CHEMBL240,hERG,False,False,False
Cc1c([C@@H](O)CN2CCN(CC(O)c3cc(C(F)(F)F)c(C#N)cn3)CC2)ccc2c1COC2=O,5.16,2,nM,CHEMBL3612927,-5.16,3.84,CHEMBL240,hERG,False,False,False
Cc1c([C@@H](O)CN2CCN(CC(O)c3cc(C4CC4)c(C#N)cn3)CC2)ccc2c1COC2=O,4.96,3,nM,CHEMBL3612924,-4.96,4.04,CHEMBL240,hERG,False,False,False
Cc1c([C@@H](O)CN2CCN(CC(O)c3ncc(C#N)cc3Cl)CC2)ccc2c1COC2=O,5.02,2,nM,CHEMBL3612923,-5.02,3.9800000000000004,CHEMBL240,hERG,False,False,False
Cc1c([C@@H](O)CN2CCN(C[C@H](O)c3ccc(C#N)cn3)CC2)ccc2c1COC2=O,4.75,3,nM,CHEMBL3612807,-4.75,4.25,CHEMBL240,hERG,False,False,False
Cc1c([C@@H](O)CN2CCN(C[C@H](O)c3ccc4c(c3C)COC4=O)CC2)ccc2c1COC2=O,4.65,2,nM,CHEMBL3696475,-4.65,4.35,CHEMBL240,hERG,False,False,False
Cc1c([C@@H]2CN3CCN(C(=O)Cc4ccc(-n5cnnn5)cn4)C[C@H]3CO2)ccc(F)c1C#N,4.69,2,nM,CHEMBL3933749,-4.69,4.31,CHEMBL240,hERG,False,False,False
Cc1c([C@@H]2CN3CCN(C(=O)Cc4ccc(-n5cnnn5)nc4)C[C@@H]3CO2)ccc2c1COC2=O,4.18,2,nM,CHEMBL3922156,-4.18,4.82,CHEMBL240,hERG,False,False,False
Cc1c([C@@H]2CN3CCN(C(=O)Cc4ccc(-n5cnnn5)nc4)C[C@H]3CO2)ccc(F)c1C#N,5.0,1,nM,CHEMBL3911740,-5.0,4.0,CHEMBL240,hERG,False,False,False
Cc1c([C@@H]2CN3CCN(C(=O)Cc4ccc(-n5cnnn5)nc4)C[C@H]3CO2)ccc2c1COC2=O,4.695,2,nM,CHEMBL3929578,-4.695,4.305,CHEMBL240,hERG,False,False,False
Cc1c([C@@H]2CN3CCN(C(=O)Cc4ccc(-n5cnnn5)nc4)C[C@H]3CS2)ccc2c1COC2=O,5.05,1,nM,CHEMBL3921834,-5.05,3.95,CHEMBL240,hERG,False,False,False
Cc1c([C@@H]2CN3CCN(C(=O)Cc4cnc(-n5cnnn5)cn4)C[C@H]3CO2)ccc(F)c1C#N,5.0,1,nM,CHEMBL3974889,-5.0,4.0,CHEMBL240,hERG,False,False,False
Cc1c([C@@H]2CN3CCN(C(=O)Cc4cnc(-n5cnnn5)nc4)C[C@H]3CO2)ccc(F)c1C#N,5.23,1,nM,CHEMBL3964482,-5.23,3.7699999999999996,CHEMBL240,hERG,False,False,False
Cc1c([C@H](O)CN2CCN(C[C@@H](O)c3ccc4c(c3C)COC4=O)CC2)ccc2c1COC2=O,4.495,2,nM,CHEMBL3696476,-4.495,4.505,CHEMBL240,hERG,False,False,False
Cc1c([C@H](O)CN2CCN(C[C@H](O)c3ccc4c(c3C)COC4=O)CC2)ccc2c1COC2=O,4.0,1,nM,CHEMBL3696477,-4.0,5.0,CHEMBL240,hERG,False,False,False
Cc1c([C@H]2CN3CCN(C(=O)Cc4ccc(-n5cnnn5)cn4)C[C@H]3CO2)ccc(F)c1C#N,4.7,1,nM,CHEMBL3892013,-4.7,4.3,CHEMBL240,hERG,False,False,False
Cc1c([C@H]2CN3CCN(C(=O)Cc4ccc(-n5cnnn5)nc4)C[C@@H]3CN2)ccc2c1COC2=O,4.66,1,nM,CHEMBL3898579,-4.66,4.34,CHEMBL240,hERG,False,False,False
Cc1c([C@H]2CN3CCN(C(=O)Cc4ccc(-n5cnnn5)nc4)C[C@@H]3CO2)ccc2c1COC2=O,4.27,1,nM,CHEMBL3928846,-4.27,4.73,CHEMBL240,hERG,False,False,False
Cc1c([C@H]2CN3CCN(C(=O)Cc4ccc(-n5cnnn5)nc4)C[C@H]3CO2)ccc(F)c1C#N,4.9,1,nM,CHEMBL3924012,-4.9,4.1,CHEMBL240,hERG,False,False,False
Cc1c([C@H]2CN3CCN(C(=O)Cc4ccc(-n5cnnn5)nc4)C[C@H]3CO2)ccc2c1COC2=O,4.41,2,nM,CHEMBL3900159,-4.41,4.59,CHEMBL240,hERG,False,False,False
Cc1c([C@H]2CN3CCN(C(=O)Cc4ccc(-n5cnnn5)nc4)C[C@H]3CO2)ccc2nonc12,5.0,1,nM,CHEMBL3891108,-5.0,4.0,CHEMBL240,hERG,False,False,False
Cc1c([C@H]2CN3CCN(C(=O)Cc4ccc(-n5cnnn5)nn4)C[C@H]3CO2)ccc(F)c1C#N,4.47,1,nM,CHEMBL3900985,-4.47,4.53,CHEMBL240,hERG,False,False,False
Cc1c([C@H]2CN3CCN(C(=O)Cc4cnc(-n5cnnn5)cn4)C[C@H]3CO2)ccc(F)c1C#N,4.91,1,nM,CHEMBL3928945,-4.91,4.09,CHEMBL240,hERG,False,False,False
Cc1c([C@H]2CN3CCN(C(=O)Cc4cnc(-n5cnnn5)nc4)C[C@H]3CO2)ccc(F)c1C#N,4.6,1,nM,CHEMBL3920038,-4.6,4.4,CHEMBL240,hERG,False,False,False
Cc1c2c(n3c1CCCN1CCCC[C@@H]1CNc1cc-3ccc1C(N)=O)CC(C)(C)CC2=O,6.05,1,nM,CHEMBL1779532,-6.05,2.95,CHEMBL240,hERG,False,False,False
Cc1c2c(n3c1CCCN1CCCC[C@@H]1[C@H](C)Nc1cc-3ccc1C(N)=O)CC(C)(C)CC2=O,5.82,1,nM,CHEMBL1779545,-5.82,3.1799999999999997,CHEMBL240,hERG,False,False,False
Cc1c2c(n3c1CCCN1CCC[C@@H](C1)Nc1cc-3ccc1C(N)=O)CC(C)(C)CC2=O,5.47,1,nM,CHEMBL1779547,-5.47,3.5300000000000002,CHEMBL240,hERG,False,False,False
Cc1c2c(n3c1CCCN1CCC[C@@H]1CNc1cc-3ccc1C(N)=O)CC(C)(C)CC2=O,5.58,1,nM,CHEMBL1738705,-5.58,3.42,CHEMBL240,hERG,False,False,False
Cc1c2c(n3c1CCCN1CCOC[C@@H]1CNc1cc-3ccc1C(N)=O)CC(C)(C)CC2=O,4.9,1,nM,CHEMBL1779533,-4.9,4.1,CHEMBL240,hERG,False,False,False
Cc1c2c(n3c1CCCN1CC[C@H](CNc4cc-3ccc4C(N)=O)C1)CC(C)(C)CC2=O,6.36,1,nM,CHEMBL1779536,-6.36,2.6399999999999997,CHEMBL240,hERG,False,False,False
Cc1c2c(n3c1CCCN1C[C@@H](F)C[C@@H]1CNc1cc-3ccc1C(N)=O)CC(C)(C)CC2=O,4.79,1,nM,CHEMBL1779539,-4.79,4.21,CHEMBL240,hERG,False,False,False
Cc1c2c(n3c1CCCN[C@H](C)CNc1cc-3ccc1C(N)=O)CC(C)(C)CC2=O,5.5,1,nM,CHEMBL1778190,-5.5,3.5,CHEMBL240,hERG,False,False,False
Cc1c[nH]c2c(Nc3nc(N[C@@H]4CCCC[C@@H]4N)cc4cc[nH]c(=O)c34)cccc12,5.09,1,nM,CHEMBL3262625,-5.09,3.91,CHEMBL240,hERG,False,False,False
Cc1c[nH]c2ncnc(O[C@H]3CC[C@H](N4CCO[C@@H](C)C4)CC3)c12,4.6,1,nM,CHEMBL4215476,-4.6,4.4,CHEMBL240,hERG,False,False,False
Cc1c[nH]nc1C(=O)N[C@@H]1CC(C)(C)Oc2nc(-c3ccc(Cl)cc3Cl)c(-c3ccc(Cl)cc3)cc21,5.28,1,nM,CHEMBL1095158,-5.28,3.7199999999999998,CHEMBL240,hERG,False,False,False
Cc1cc(-c2cc(OC(F)(F)F)ccc2Cl)cc(C)c1OCCCC(=O)O,4.26,1,nM,CHEMBL3909872,-4.26,4.74,CHEMBL240,hERG,False,False,False
Cc1cc(-c2cc3c(N[C@@H]4CC[C@](C)(N)C4(C)C)c(C(N)=O)cnn3c2)ccn1,4.52,1,nM,CHEMBL4073562,-4.52,4.48,CHEMBL240,hERG,False,False,False
Cc1cc(-c2ccc3c(c2)-c2nnc(Cc4cccc(Cl)c4)n2CCO3)ccn1,5.41,1,nM,CHEMBL4744842,-5.41,3.59,CHEMBL240,hERG,False,False,False
Cc1cc(-c2ccc3c(c2)-c2nnc(Nc4cccc(C(F)(F)F)c4)n2CCO3)ccn1,6.41,1,nM,CHEMBL4788072,-6.41,2.59,CHEMBL240,hERG,False,False,False
Cc1cc(-c2ccc3c(c2)-c2nnc(Nc4cccc(Cl)c4)n2CCO3)ccn1,6.37,1,nM,CHEMBL4750179,-6.37,2.63,CHEMBL240,hERG,False,False,False
Cc1cc(-c2ccc3c(c2)-c2nnc(Nc4cccc(OC(F)(F)F)c4)n2CCO3)ccn1,6.63,1,nM,CHEMBL4798957,-6.63,2.37,CHEMBL240,hERG,False,False,False
Cc1cc(-c2ccc3c(c2)-c2nnc(Oc4cccc(Cl)c4)n2CCO3)ccn1,6.03,1,nM,CHEMBL4761139,-6.03,2.9699999999999998,CHEMBL240,hERG,False,False,False
Cc1cc(-c2ccc3c(c2)-c2nnc(Oc4cccc(Cl)c4F)n2CCO3)ccn1,5.62,1,nM,CHEMBL4746135,-5.62,3.38,CHEMBL240,hERG,False,False,False
Cc1cc(-c2ccc3c(c2)-c2nnc(Oc4cccc(OC(F)(F)F)c4)n2CCO3)ccn1,6.16,1,nM,CHEMBL4751613,-6.16,2.84,CHEMBL240,hERG,False,False,False
Cc1cc(-c2ccc3c(c2)-c2nnc(Oc4ccccc4Cl)n2CCO3)ccn1,5.46,1,nM,CHEMBL4759692,-5.46,3.54,CHEMBL240,hERG,False,False,False
Cc1cc(-c2ccc3c(c2)-c2nnc(Oc4ccccc4OC(F)(F)F)n2CCO3)ccn1,5.55,1,nM,CHEMBL4743615,-5.55,3.45,CHEMBL240,hERG,False,False,False
Cc1cc(-c2ccc3c(c2)CCN(CCCSc2nnc(-c4ccc(C#N)cc4)n2C)CC3)no1,7.7,1,nM,CHEMBL243896,-7.7,1.2999999999999998,CHEMBL240,hERG,False,False,False
Cc1cc(-c2ccc3c(c2)CCN(CCCSc2nnc(-c4ccc(C(F)(F)F)cc4)n2C)CC3)n(C)n1,7.5,1,nM,CHEMBL390649,-7.5,1.5,CHEMBL240,hERG,False,False,False
Cc1cc(-c2ccc3c(c2)CCN(CCCSc2nnc(-c4ccc(C(F)(F)F)cc4)n2C)CC3)no1,7.2,1,nM,CHEMBL243897,-7.2,1.7999999999999998,CHEMBL240,hERG,False,False,False
Cc1cc(-c2ccc3c(c2)CCN(CCCSc2nnc(-c4ccc(Cl)c(Cl)c4)n2C)CC3)no1,8.0,1,nM,CHEMBL397222,-8.0,1.0,CHEMBL240,hERG,False,False,False
Cc1cc(-c2ccc3c(c2)CCN(CCCSc2nnc(-c4ccc(Cl)cc4)n2C)CC3)no1,7.6,1,nM,CHEMBL244279,-7.6,1.4000000000000004,CHEMBL240,hERG,False,False,False
Cc1cc(-c2ccc3c(c2)CCN(CCCSc2nnc(-c4ccc(F)c(F)c4)n2C)CC3)n(C)n1,6.6,1,nM,CHEMBL245118,-6.6,2.4000000000000004,CHEMBL240,hERG,False,False,False
Cc1cc(-c2ccc3c(c2)CCN(CCCSc2nnc(-c4ccc5nc(C)c(C)nc5c4)n2C)CC3)no1,6.5,1,nM,CHEMBL243708,-6.5,2.5,CHEMBL240,hERG,False,False,False
Cc1cc(-c2ccc3c(c2)CCN(CCCSc2nnc(-c4cccc(Cl)c4)n2C)CC3)no1,7.1,1,nM,CHEMBL244278,-7.1,1.9000000000000004,CHEMBL240,hERG,False,False,False
Cc1cc(-c2ccc3c(c2)CCN(CCCSc2nnc(-c4cccc(F)c4)n2C)CC3)no1,6.6,1,nM,CHEMBL244280,-6.6,2.4000000000000004,CHEMBL240,hERG,False,False,False
Cc1cc(-c2ccc3c(c2)CCN(CCCSc2nnc(-c4ccccc4)n2C)CC3)no1,5.7,1,nM,CHEMBL243709,-5.7,3.3,CHEMBL240,hERG,False,False,False
Cc1cc(-c2ccc3c(c2)CCN(CCCSc2nnc(-c4ccccc4Cl)n2C)CC3)no1,7.2,1,nM,CHEMBL244087,-7.2,1.7999999999999998,CHEMBL240,hERG,False,False,False
Cc1cc(-c2ccc3c(c2)CCN(CCCSc2nnc(-c4ccccn4)n2C)CC3)no1,6.6,1,nM,CHEMBL243898,-6.6,2.4000000000000004,CHEMBL240,hERG,False,False,False
Cc1cc(-c2ccc3c(c2)CCN(CCCSc2nnc(-c4cccn4C)n2C)CC3)no1,6.6,1,nM,CHEMBL395743,-6.6,2.4000000000000004,CHEMBL240,hERG,False,False,False
Cc1cc(-c2ccc3c(c2)CCN(CCCSc2nnc(-c4cccs4)n2C)CC3)no1,6.9,1,nM,CHEMBL244086,-6.9,2.0999999999999996,CHEMBL240,hERG,False,False,False
Cc1cc(-c2ccc3c(c2)CCN(CCCSc2nnc(-c4ccncc4)n2C)CC3)no1,6.1,1,nM,CHEMBL244085,-6.1,2.9000000000000004,CHEMBL240,hERG,False,False,False
Cc1cc(-c2ccc3c(c2)CCN(CCCSc2nnc(-c4ocnc4C)n2C)CC3)n(C)n1,5.6,1,nM,CHEMBL245119,-5.6,3.4000000000000004,CHEMBL240,hERG,False,False,False
Cc1cc(-c2ccc3c(c2)CCN(CCCSc2nnc(C(C)(C)C)n2C)CC3)no1,6.4,1,nM,CHEMBL243474,-6.4,2.5999999999999996,CHEMBL240,hERG,False,False,False
Cc1cc(-c2ccc3c(c2)CCN(CCCSc2nnc(C(C)C)n2C)CC3)no1,5.9,1,nM,CHEMBL243901,-5.9,3.0999999999999996,CHEMBL240,hERG,False,False,False
Cc1cc(-c2ccc3c(c2)CCN(CCCSc2nnc(C(F)(F)F)n2C)CC3)no1,6.5,1,nM,CHEMBL243900,-6.5,2.5,CHEMBL240,hERG,False,False,False
Cc1cc(-c2ccc3c(c2)CCN(CCCSc2nnc(C)n2C)CC3)no1,6.1,1,nM,CHEMBL243899,-6.1,2.9000000000000004,CHEMBL240,hERG,False,False,False
Cc1cc(-c2ccc3c(c2)CCN(CCCSc2nnc(C4CCC(C)CC4)n2C)CC3)no1,6.9,1,nM,CHEMBL243860,-6.9,2.0999999999999996,CHEMBL240,hERG,False,False,False
Cc1cc(-c2ccc3c(c2)CCN(CCCSc2nnc(C4CCCC4)n2C)CC3)no1,6.1,1,nM,CHEMBL243859,-6.1,2.9000000000000004,CHEMBL240,hERG,False,False,False
Cc1cc(-c2ccc3c(c2)CCN(CCCSc2nnc(C4CCOCC4)n2C)CC3)no1,5.4,1,nM,CHEMBL242598,-5.4,3.5999999999999996,CHEMBL240,hERG,False,False,False
Cc1cc(-c2ccc3c(c2)CCN(CCSc2nnc(-c4ccc(F)c(F)c4)n2C)CC3)n(C)n1,6.3,1,nM,CHEMBL242602,-6.3,2.7,CHEMBL240,hERG,False,False,False
Cc1cc(-c2ccc3c(c2)CC[C@H]3N2CC3(CCN(C(=O)Cc4cn5cc(C)sc5n4)CC3)C2)ncn1,5.16,1,nM,CHEMBL3287218,-5.16,3.84,CHEMBL240,hERG,True,True,True
Cc1cc(-c2ccc3c(c2)CC[C@H]3N2CCC(N(C)C(=O)N[C@@H](C)c3ccc(C#CC4CC4)c(Cl)c3Cl)CC2)ncn1,5.5,1,nM,CHEMBL4281310,-5.5,3.5,CHEMBL240,hERG,False,False,False
Cc1cc(-c2ccc3cc(CCN4CCC[C@H]4C)ccc3n2)nc(-c2ccccc2)n1,6.92,1,nM,CHEMBL1082488,-6.92,2.08,CHEMBL240,hERG,False,False,False
Cc1cc(-c2cccc([C@H](CC(=O)O)CN3CC[C@@H](CCc4ccc5c(n4)NCCC5)C3)c2)[nH]n1,4.6,1,nM,CHEMBL4240155,-4.6,4.4,CHEMBL240,hERG,False,False,False
Cc1cc(-c2ccnc3[nH]nc(C(F)(F)F)c23)cc(C2(CN)CCC2)c1,6.16,1,nM,CHEMBL4590477,-6.16,2.84,CHEMBL240,hERG,True,True,True
Cc1cc(-c2nc(-c3ccc4cc(CCN5CCC[C@H]5C)ccc4n3)cs2)no1,5.55,1,nM,CHEMBL1086073,-5.55,3.45,CHEMBL240,hERG,True,True,True
Cc1cc(-c2nc3c4c(ccc3o2)CCN(CCCSc2nnc(-c3ocnc3C)n2C)CC4)n(C)n1,6.1,1,nM,CHEMBL272297,-6.1,2.9000000000000004,CHEMBL240,hERG,False,False,False
Cc1cc(-c2nc3cc4c(cc3o2)CCN(CCCSc2nnc(-c3ocnc3C)n2C)CC4)n(C)n1,6.0,1,nM,CHEMBL401728,-6.0,3.0,CHEMBL240,hERG,False,False,False
Cc1cc(-c2nnc(NCCCN3CCCCC3)o2)ccc1NC(=O)c1ccccc1F,4.8,1,nM,CHEMBL2023923,-4.8,4.2,CHEMBL240,hERG,False,False,False
Cc1cc(-c2nnc(SCCCN3CC[C@]4(C[C@@H]4c4ccc(C(F)(F)F)cc4)C3)n2C)on1,6.69,1,nM,CHEMBL3978613,-6.69,2.3099999999999996,CHEMBL240,hERG,True,True,True
Cc1cc(-n2cc3c(n2)CN(C(=O)c2cc(C#N)ccc2-c2cccc(F)c2)C3)ccn1,5.0,1,nM,CHEMBL4212425,-5.0,4.0,CHEMBL240,hERG,False,False,False
Cc1cc(-n2cc3c(n2)CN(C(=O)c2cc(C#N)ccc2N2CCC(F)(F)CC2)C3)ccn1,5.16,1,nM,CHEMBL4211535,-5.16,3.84,CHEMBL240,hERG,False,False,False
Cc1cc(-n2cc3c(n2)CN(C(=O)c2cc(C#N)ccc2OC(C)C)C3)ccn1,5.0,1,nM,CHEMBL4207171,-5.0,4.0,CHEMBL240,hERG,False,False,False
Cc1cc(-n2cc3c(n2)CN(C(=O)c2cc(C#N)ccc2O[C@@H](C)C(F)(F)F)C3)ccn1,5.0,1,nM,CHEMBL4215015,-5.0,4.0,CHEMBL240,hERG,False,False,False
Cc1cc(-n2cnnn2)ccc1CC(=O)N1CCN(CCc2ccc3c(c2)COC3=O)CC1,5.85,1,nM,CHEMBL2441414,-5.85,3.1500000000000004,CHEMBL240,hERG,False,False,False
Cc1cc(-n2cnnn2)cnc1CC(=O)N1CCN(CCc2ccc3c(c2C)COC3=O)CC1,4.28,2,nM,CHEMBL3793380,-4.28,4.72,CHEMBL240,hERG,False,False,False
Cc1cc(-n2cnnn2)ncc1C(C)C(=O)N1CCN(CCc2ccc3c(c2C)COC3=O)CC1,4.38,1,nM,CHEMBL3793717,-4.38,4.62,CHEMBL240,hERG,False,False,False
Cc1cc(-n2cnnn2)ncc1CC(=O)N1CCN(CCc2ccc3c(c2C)COC3=O)CC1,5.04,1,nM,CHEMBL3792700,-5.04,3.96,CHEMBL240,hERG,False,False,False
Cc1cc(/C=C/C#N)cc(C)c1Nc1ccnc(Nc2ccc(C#N)cc2)n1,6.3,2,nM,CHEMBL175691,-6.3,2.7,CHEMBL240,hERG,False,False,False
Cc1cc(/C=C/C#N)cc(C)c1Oc1nc(NC2CCN(Cc3ccc(S(N)(=O)=O)cc3)CC2)nc2ccsc12,6.73,2,nM,CHEMBL4094163,-6.73,2.2699999999999996,CHEMBL240,hERG,False,False,False
Cc1cc(/C=C/C#N)cc(C)c1Oc1nc(NC2CCN(Cc3ccc(S(N)(=O)=O)cc3)CC2)nc2sccc12,6.01,1,nM,CHEMBL4526732,-6.01,2.99,CHEMBL240,hERG,False,False,False
Cc1cc(/C=C/C#N)cc(C)c1Oc1nc(Nc2ccc(C#N)cc2F)nc2sccc12,6.75,1,nM,CHEMBL4520763,-6.75,2.25,CHEMBL240,hERG,False,False,False
Cc1cc(=O)n(C)nc1N1CCC2(CCN(C[C@H](O)c3ccc4c(c3C)COC4=O)CC2)C1=O,4.68,1,nM,CHEMBL4102137,-4.68,4.32,CHEMBL240,hERG,False,False,False
Cc1cc(=O)n2nc(N3CC[C@H](c4cc(F)c(F)cc4F)[C@@H](N)C3)ccc2n1,4.48,1,nM,CHEMBL231397,-4.48,4.52,CHEMBL240,hERG,False,False,False
Cc1cc(=O)oc2c(C)c(OCCCCN3CCC(c4noc5cc(F)ccc45)CC3)ccc12,6.65,1,nM,CHEMBL2387230,-6.65,2.3499999999999996,CHEMBL240,hERG,False,False,False
Cc1cc(=O)oc2c(Cl)c(OCCCCN3CCC(c4noc5cc(F)ccc45)CC3)ccc12,5.8,1,nM,CHEMBL2387229,-5.8,3.2,CHEMBL240,hERG,False,False,False
Cc1cc(=O)oc2cc(OCCCCN3CCC(c4noc5cc(F)ccc45)CC3)ccc12,6.8,1,nM,CHEMBL2387260,-6.8,2.2,CHEMBL240,hERG,False,False,False
Cc1cc(Br)c(NC2=NCCN2)c2ccccc12,5.15,1,nM,CHEMBL4636550,-5.15,3.8499999999999996,CHEMBL240,hERG,False,False,False
Cc1cc(C#N)cc(C)c1Oc1nc(NC2CCN(Cc3ccc(C(N)=O)cc3)CC2)nc2c1COC2,6.08,1,nM,CHEMBL4514678,-6.08,2.92,CHEMBL240,hERG,False,False,False
Cc1cc(C#N)cc(C)c1Oc1nc(NC2CCN(Cc3ccc(C(N)=O)cc3)CC2)ncc1-c1ccncc1,5.92,1,nM,CHEMBL4873054,-5.92,3.08,CHEMBL240,hERG,False,False,False
Cc1cc(C#N)cc(C)c1Oc1nc(NC2CCN(Cc3ccc(S(N)(=O)=O)cc3)CC2)nc2ccsc12,6.89,2,nM,CHEMBL3929927,-6.89,2.1100000000000003,CHEMBL240,hERG,False,False,False
Cc1cc(C#N)ccc1-c1ccnc(NCc2cc(-c3ccccn3)[nH]n2)c1,5.96,1,nM,CHEMBL2147024,-5.96,3.04,CHEMBL240,hERG,False,False,False
Cc1cc(C#N)ccc1-c1ccnc(NCc2n[nH]c(-c3ccccc3)c2Cl)c1,4.52,1,nM,CHEMBL2147023,-4.52,4.48,CHEMBL240,hERG,False,False,False
Cc1cc(C#N)ccc1-c1ccnc(NCc2n[nH]c3nc(F)ccc23)c1,5.57,1,nM,CHEMBL2147021,-5.57,3.4299999999999997,CHEMBL240,hERG,False,False,False
Cc1cc(C#N)ccc1-c1ccnc(NCc2n[nH]c3nc(N)ccc23)c1,5.37,1,nM,CHEMBL2147022,-5.37,3.63,CHEMBL240,hERG,False,False,False
Cc1cc(C#N)ccc1-c1ccnc(NCc2n[nH]c3ncccc23)c1,5.72,1,nM,CHEMBL2147020,-5.72,3.2800000000000002,CHEMBL240,hERG,False,False,False
Cc1cc(C#N)nc2c(CCC34CCC(NCc5ccc6c(n5)NC(=O)CO6)(CC3)CO4)ccnc12,8.68,1,nM,CHEMBL3422973,-8.68,0.3200000000000003,CHEMBL240,hERG,False,False,False
Cc1cc(C(=O)N[C@@H]2CC(C)(C)Oc3nc(-c4ccc(Cl)cc4Cl)c(-c4ccc(Cl)cc4)cc32)n[nH]1,6.0,1,nM,CHEMBL1096182,-6.0,3.0,CHEMBL240,hERG,False,False,False
Cc1cc(C(=O)N[C@H]2CC[C@@H](NC(=O)c3cc(F)cnc3Oc3cccc(-c4ccc(O)cc4CN4CCOCC4)c3)CC2)nn1C,4.5,1,nM,CHEMBL3287739,-4.5,4.5,CHEMBL240,hERG,False,False,False
Cc1cc(C(=O)Nc2cncc(-c3cc(Cl)cc(Cl)c3)c2N2CCC(N)CC2)n(C)n1,5.31,1,nM,CHEMBL4870834,-5.31,3.6900000000000004,CHEMBL240,hERG,False,False,False
Cc1cc(C(=O)O)ccc1-c1ccc(Cl)c(-c2ccc(C(F)(F)F)cc2CN2C(=O)O[C@H](c3cc(C(F)(F)F)cc(C(F)(F)F)c3)[C@@H]2C)c1,5.3,2,nM,CHEMBL4875851,-5.3,3.7,CHEMBL240,hERG,False,False,False
Cc1cc(C(=O)O)ccc1-c1ccc(N2C(=O)N(c3cc(C(F)(F)F)ncn3)C3(CCN(Cc4ncccc4C)CC3)C2=O)cc1,4.68,1,nM,CHEMBL2041183,-4.68,4.32,CHEMBL240,hERG,False,False,False
Cc1cc(C(=O)O)ccc1-c1ccc(N2C(=O)N(c3cc(O)ncn3)C3(CCN(Cc4ncccc4C)CC3)C2=O)cn1,4.7,1,nM,CHEMBL2040854,-4.7,4.3,CHEMBL240,hERG,False,False,False
Cc1cc(C(=O)O)ccc1-c1ccc(N2C(=O)N(c3ccncn3)C3(CCN(Cc4ncccc4C)CC3)C2=O)cc1,4.66,2,nM,CHEMBL2041193,-4.66,4.34,CHEMBL240,hERG,False,False,False
Cc1cc(C(=O)O)ccc1-c1ccc(N2C(=O)N(c3cnccn3)C3(CCN(Cc4ncccc4C)CC3)C2=O)cc1,5.14,1,nM,CHEMBL2041190,-5.14,3.8600000000000003,CHEMBL240,hERG,False,False,False
Cc1cc(C(=O)O)ccc1-c1ccc(N2C(=O)N(c3cnccn3)C3(CCN(Cc4ncccc4C)CC3)C2=O)cn1,5.6,1,nM,CHEMBL2041191,-5.6,3.4000000000000004,CHEMBL240,hERG,False,False,False
Cc1cc(C(=O)O)ccc1-c1ccc(N2C(=O)N(c3ncccn3)C3(CCN(Cc4ncccc4C)CC3)C2=O)cc1,4.64,1,nM,CHEMBL2041188,-4.64,4.36,CHEMBL240,hERG,False,False,False
Cc1cc(C(=O)O)ccc1-c1ccc(N2C(=O)N(c3nccnc3C)C3(CCN(Cc4ncccc4C)CC3)C2=O)cc1,5.11,1,nM,CHEMBL2041186,-5.11,3.8899999999999997,CHEMBL240,hERG,False,False,False
Cc1cc(C(=O)O)ccc1NC(=O)[C@H](C1CCCCC1)n1c(-c2ccc(Cl)cc2)nc2cc(F)c(F)cc21,6.16,1,nM,CHEMBL1615150,-6.16,2.84,CHEMBL240,hERG,False,False,False
Cc1cc(C(C)(C)O)cc(Nc2cc(N[C@@H]3CCCC[C@@H]3N)cnc2C(N)=O)n1,5.19,1,nM,CHEMBL3415596,-5.19,3.8099999999999996,CHEMBL240,hERG,False,False,False
Cc1cc(C(F)(F)F)cc(-n2ncc(-c3ccc4cc(CCN5CCC[C@H]5C)ccc4n3)c2C)n1,4.78,1,nM,CHEMBL1084877,-4.78,4.22,CHEMBL240,hERG,True,True,True
Cc1cc(C(F)(F)F)ccc1C12CC1CN(CCCSc1nnc(-c3ocnc3C)n1C)C2,6.4,1,nM,CHEMBL1079814,-6.4,2.5999999999999996,CHEMBL240,hERG,False,False,False
Cc1cc(C(N)=O)c(-c2cccc(OC(=O)NCCCN3CCN(c4ccccc4)CC3)c2)o1,5.965,2,nM,CHEMBL4540218,-5.965,3.035,CHEMBL240,hERG,True,True,True
Cc1cc(C(N)=O)c(-c2cccc(OC(=O)NCCN3CCN(c4ccccc4)CC3)c2)s1,6.55,2,nM,CHEMBL4565200,-6.55,2.45,CHEMBL240,hERG,True,True,True
Cc1cc(C(N)=O)ccc1O[C@H]1C[C@H]2CC[C@@H](C1)N2Cc1ccccc1,6.0,1,nM,CHEMBL1224215,-6.0,3.0,CHEMBL240,hERG,False,False,False
Cc1cc(C(NC(=O)[C@@H]2CC[C@@H](N3CCOCC3)C[C@H]2c2ccc(Br)cc2)c2ccc(Cl)cc2)ccn1,5.82,1,nM,CHEMBL3086038,-5.82,3.1799999999999997,CHEMBL240,hERG,False,False,False
Cc1cc(C)c(-c2cn(C)cn2)cc1NC(=O)c1ccc(OCc2ccccn2)cc1,4.68,1,nM,CHEMBL4637222,-4.68,4.32,CHEMBL240,hERG,False,False,False
Cc1cc(C)cc(-c2cncc(-c3nc4cc(C#N)ccc4[nH]3)c2N2CCC(N)CC2)c1,5.66,1,nM,CHEMBL4858892,-5.66,3.34,CHEMBL240,hERG,False,False,False
Cc1cc(C)cc(-c2cncc(-c3nc4cc(C(F)(F)F)ccc4[nH]3)c2N2CCC(N)CC2)c1,6.22,1,nM,CHEMBL4849848,-6.22,2.7800000000000002,CHEMBL240,hERG,False,False,False
Cc1cc(C)cc(-c2cncc(-c3nc4cc(C)cc(C)c4[nH]3)c2N2CCC(N)CC2)c1,5.7,1,nM,CHEMBL4861425,-5.7,3.3,CHEMBL240,hERG,False,False,False
Cc1cc(C)cc(-c2cncc(-c3nc4cc(C)ccc4[nH]3)c2N2CCC(N)CC2)c1,6.0,1,nM,CHEMBL4872591,-6.0,3.0,CHEMBL240,hERG,False,False,False
Cc1cc(C)cc(-c2cncc(-c3nc4cc(Cl)ccc4[nH]3)c2N2CCC(N)CC2)c1,5.77,1,nM,CHEMBL4860633,-5.77,3.2300000000000004,CHEMBL240,hERG,False,False,False
Cc1cc(C)cc(-c2cncc(-c3nc4cc(F)ccc4[nH]3)c2N2CCC(N)CC2)c1,5.43,1,nM,CHEMBL4866325,-5.43,3.5700000000000003,CHEMBL240,hERG,False,False,False
Cc1cc(C)cc(-c2cncc(-c3nc4ccccc4[nH]3)c2N2CCC(N)CC2)c1,5.52,1,nM,CHEMBL4851978,-5.52,3.4800000000000004,CHEMBL240,hERG,False,False,False
Cc1cc(C)cc(C(=O)Nc2cncc(-c3cc(C)cc(C)c3)c2N2CCC(N)CC2)c1,5.77,1,nM,CHEMBL4845867,-5.77,3.2300000000000004,CHEMBL240,hERG,False,False,False
Cc1cc(C)cc(CNc2cncc(-c3cc(C)cc(C)c3)c2N2CCC(N)CC2)c1,5.77,1,nM,CHEMBL4878248,-5.77,3.2300000000000004,CHEMBL240,hERG,False,False,False
Cc1cc(C)cc(NC(=O)c2cncc(-c3cc(C)cc(C)c3)c2N2CCC(N)CC2)c1,6.1,1,nM,CHEMBL4863880,-6.1,2.9000000000000004,CHEMBL240,hERG,False,False,False
Cc1cc(C)cc(NC(=O)c2cncc(-c3ccc(C#N)cc3)c2)c1,4.8,1,nM,CHEMBL1271309,-4.8,4.2,CHEMBL240,hERG,False,False,False
Cc1cc(C)cc(OCc2cncc(-c3cc(C)cc(C)c3)c2N2CCC(N)CC2)c1,5.77,1,nM,CHEMBL4845931,-5.77,3.2300000000000004,CHEMBL240,hERG,False,False,False
Cc1cc(C)n(-c2cc(NC(=O)CC3CCN(C)CC3)nc(-c3ccc(C)o3)n2)n1,5.38,1,nM,CHEMBL272679,-5.38,3.62,CHEMBL240,hERG,True,True,True
Cc1cc(C)n(-c2cc(NC(=O)CCN(C)C)nc(-c3ccc(C)o3)n2)n1,6.19,1,nM,CHEMBL410234,-6.19,2.8099999999999996,CHEMBL240,hERG,True,True,True
Cc1cc(C)n(-c2cc(NC(=O)CCN3CC[C@H](N(C)C)C3)nc(-c3ccc(C)o3)n2)n1,5.64,1,nM,CHEMBL270314,-5.64,3.3600000000000003,CHEMBL240,hERG,True,True,True
Cc1cc(C)n(-c2cc(NC(=O)CN3CCC(CN(C)C)CC3)nc(-c3ccc(C)o3)n2)n1,5.78,1,nM,CHEMBL409459,-5.78,3.2199999999999998,CHEMBL240,hERG,True,True,True
Cc1cc(C)n(-c2cc(NC(=O)CN3CCCN(C)CC3)nc(-c3ccc(C)o3)n2)n1,6.54,1,nM,CHEMBL409419,-6.54,2.46,CHEMBL240,hERG,True,True,True
Cc1cc(C)n(-c2cc(NC(=O)CN3CCN(C)CC3)nc(-c3ccc(C)o3)n2)n1,6.02,1,nM,CHEMBL270467,-6.02,2.9800000000000004,CHEMBL240,hERG,True,True,True
Cc1cc(C)n(-c2cc(NC(=O)CN3CC[C@@H](CN(C)C)C3)nc(-c3ccc(C)o3)n2)n1,6.0,1,nM,CHEMBL272637,-6.0,3.0,CHEMBL240,hERG,True,True,True
Cc1cc(C)n(-c2cc(NC(=O)CN3CC[C@H](CN(C)C)C3)nc(-c3ccc(C)o3)n2)n1,5.73,1,nM,CHEMBL429761,-5.73,3.2699999999999996,CHEMBL240,hERG,True,True,True
Cc1cc(C)n(-c2cc(NC(=O)CN3CC[C@H](N(C)C)C3)nc(-c3ccc(C)o3)n2)n1,6.22,1,nM,CHEMBL271606,-6.22,2.7800000000000002,CHEMBL240,hERG,True,True,True
Cc1cc(C)n(-c2cc(NC(=O)COc3cccc(CN(C)C)c3)nc(-c3ccc(C)o3)n2)n1,5.92,2,nM,CHEMBL401895,-5.92,3.08,CHEMBL240,hERG,True,True,True
Cc1cc(C)n(-c2cccc([C@H](CC(=O)O)CN3CC[C@@H](CCc4ccc5c(n4)NCCC5)C3)c2)n1,4.7,2,nM,CHEMBL4241824,-4.7,4.3,CHEMBL240,hERG,False,False,False
Cc1cc(C)n(CC(NC(=O)NC2CCN(Cc3ccn(-c4ccc(C(F)(F)F)cc4)c3)CC2)c2ccccc2)n1,5.55,1,nM,CHEMBL539475,-5.55,3.45,CHEMBL240,hERG,False,False,False
Cc1cc(C)n(Cc2ccc(C(=O)NCC3(c4nc(-c5ccccc5)cs4)CCOCC3)cc2)n1,4.35,1,nM,CHEMBL3780951,-4.35,4.65,CHEMBL240,hERG,False,False,False
Cc1cc(C)nc(N2C[C@H]3CN(C(=O)c4c(C)cccc4-n4nccn4)C[C@H]3C2)n1,5.16,1,nM,CHEMBL3586440,-5.16,3.84,CHEMBL240,hERG,True,True,True
Cc1cc(C)nc(N2C[C@H]3CN(C(=O)c4cccc(F)c4-n4nccn4)C[C@H]3C2)n1,5.22,1,nM,CHEMBL3586433,-5.22,3.7800000000000002,CHEMBL240,hERG,True,True,True
Cc1cc(C)nc(Nc2cc(NCC3(N)CC3)cnc2C(N)=O)c1,5.77,1,nM,CHEMBL3415587,-5.77,3.2300000000000004,CHEMBL240,hERG,False,False,False
Cc1cc(C)nc(Nc2cc(NC[C@@H](N)C(F)(F)F)cnc2C(N)=O)c1,4.38,1,nM,CHEMBL3415586,-4.38,4.62,CHEMBL240,hERG,False,False,False
Cc1cc(C)nc(Nc2cc(NC[C@@H](N)CC(F)F)cnc2C(N)=O)c1,5.28,1,nM,CHEMBL3415585,-5.28,3.7199999999999998,CHEMBL240,hERG,False,False,False
Cc1cc(C)nc(Nc2cc(NC[C@@H](N)CCS(C)(=O)=O)cnc2C(N)=O)c1,4.85,1,nM,CHEMBL3415591,-4.85,4.15,CHEMBL240,hERG,False,False,False
Cc1cc(C)nc(Nc2cc(N[C@@H]3CCCC[C@@H]3N)cnc2C(N)=O)c1,5.8,1,nM,CHEMBL3415583,-5.8,3.2,CHEMBL240,hERG,False,False,False
Cc1cc(C)nc(Nc2cc(N[C@@H]3CS(=O)(=O)CC[C@@H]3N)cnc2C(N)=O)c1,4.54,1,nM,CHEMBL3415589,-4.54,4.46,CHEMBL240,hERG,False,False,False
Cc1cc(C2(c3cccc(-c4cncnc4)c3)N=C(N)c3c(F)cccc32)cc(C)n1,5.19,1,nM,CHEMBL2177910,-5.19,3.8099999999999996,CHEMBL240,hERG,False,False,False
Cc1cc(C2CC=CCN(C)C2)ccc1Cl,4.58,1,nM,CHEMBL2326684,-4.58,4.42,CHEMBL240,hERG,True,True,True
Cc1cc(C2CC=CCNC2)ccc1Cl,4.58,1,nM,CHEMBL2326685,-4.58,4.42,CHEMBL240,hERG,True,True,True
Cc1cc(C2C[C@H]3[C@@H](C)SC(N)=N[C@@]3(c3ccc(F)cc3F)CO2)on1,5.68,1,nM,CHEMBL4210352,-5.68,3.3200000000000003,CHEMBL240,hERG,False,False,False
Cc1cc(C2C[C@H]3[C@@H](CF)SC(N)=N[C@@]3(c3ccc(F)cc3F)CO2)on1,5.68,1,nM,CHEMBL4204559,-5.68,3.3200000000000003,CHEMBL240,hERG,False,False,False
Cc1cc(CC(C)(C)O)cc(Nc2cc(N[C@@H]3CCCC[C@@H]3N)cnc2C(N)=O)n1,5.23,1,nM,CHEMBL3415595,-5.23,3.7699999999999996,CHEMBL240,hERG,False,False,False
Cc1cc(CCN2CCN(C(=O)Cc3ccc(-n4cnnn4)cc3)CC2)cc2c1C(=O)OC2,5.0,1,nM,CHEMBL2441426,-5.0,4.0,CHEMBL240,hERG,False,False,False
Cc1cc(CN(C)C)ccc1OC1CN(C(=O)c2nnc(-c3ccccc3)o2)C1,5.07,1,nM,CHEMBL3787333,-5.07,3.9299999999999997,CHEMBL240,hERG,False,False,False
Cc1cc(CN(C)CCN2CCN(c3cccc(Cl)c3)C2=O)on1,4.3,2,nM,CHEMBL549438,-4.3,4.7,CHEMBL240,hERG,False,False,False
Cc1cc(CN2CCN(C(=O)/C=C/c3ccc(Cl)cc3Cn3nnc(C)n3)CC2)on1,4.92,1,nM,CHEMBL4782227,-4.92,4.08,CHEMBL240,hERG,False,False,False
Cc1cc(CN2CCN(C(=O)/C=C/c3ccc(Cl)cc3Cn3nnc(C)n3)CC2=O)on1,4.77,1,nM,CHEMBL4747057,-4.77,4.23,CHEMBL240,hERG,False,False,False
Cc1cc(CN2CCN(c3c(Br)cnc4[nH]c(N5CCN(C)CC5)nc34)CC2)no1,5.52,1,nM,CHEMBL1086579,-5.52,3.4800000000000004,CHEMBL240,hERG,False,False,False
Cc1cc(CN2CCN(c3c(Br)cnc4nc(-c5ccc(N6CCN(C)CC6)cc5)[nH]c34)CC2)no1,5.52,2,nM,CHEMBL1236904,-5.52,3.4800000000000004,CHEMBL240,hERG,False,False,False
Cc1cc(CN2CCN(c3c(Cl)cnc4[nH]c(-c5ccc(N6CCN(C)CC6)cc5)nc34)CC2)no1,5.64,1,nM,CHEMBL1651456,-5.64,3.3600000000000003,CHEMBL240,hERG,False,False,False
Cc1cc(CN2CCN(c3c(Cl)cnc4[nH]c(-c5cccc(N6CCN(C)CC6)c5)nc34)CC2)no1,5.02,1,nM,CHEMBL2203775,-5.02,3.9800000000000004,CHEMBL240,hERG,False,False,False
Cc1cc(CN2CCN(c3c(Cl)cnc4[nH]c(-c5cn(C)nc5C)nc34)CC2)no1,5.2,1,nM,CHEMBL2207518,-5.2,3.8,CHEMBL240,hERG,False,False,False
Cc1cc(CN2CCN(c3c(Cl)cnc4[nH]c(-c5cn(C)nc5C5CC5)nc34)CC2)no1,5.6,1,nM,CHEMBL2203764,-5.6,3.4000000000000004,CHEMBL240,hERG,False,False,False
Cc1cc(CN2CCN(c3c(Cl)cnc4[nH]c(N5CCN(C)CC5)nc34)CC2)no1,5.64,1,nM,CHEMBL1086582,-5.64,3.3600000000000003,CHEMBL240,hERG,False,False,False
Cc1cc(CNc2nc(N)nc3ccn(Cc4cc(Cl)ccn4)c23)no1,6.3,1,nM,CHEMBL4098533,-6.3,2.7,CHEMBL240,hERG,False,False,False
Cc1cc(CNc2nc(N)nc3ccn(Cc4ccc(C(F)(F)F)cn4)c23)no1,6.3,1,nM,CHEMBL4088372,-6.3,2.7,CHEMBL240,hERG,False,False,False
Cc1cc(CNc2nc(N)nc3ccn(Cc4ccc(F)cn4)c23)no1,5.7,1,nM,CHEMBL4072841,-5.7,3.3,CHEMBL240,hERG,False,False,False
Cc1cc(CNc2nc(N)nc3ccn(Cc4ccccn4)c23)no1,5.92,1,nM,CHEMBL4094458,-5.92,3.08,CHEMBL240,hERG,False,False,False
Cc1cc(CNc2nc(N)nc3ccn(Cc4ncccc4Cl)c23)no1,6.05,1,nM,CHEMBL4080513,-6.05,2.95,CHEMBL240,hERG,False,False,False
Cc1cc(CNc2nc(N)nc3ccn(Cc4ncccc4F)c23)no1,5.68,1,nM,CHEMBL4099725,-5.68,3.3200000000000003,CHEMBL240,hERG,False,False,False
Cc1cc(COCCN2CCCC2)nn1-c1ccc(Cl)c(Cl)c1,5.29,1,nM,CHEMBL4792105,-5.29,3.71,CHEMBL240,hERG,False,False,False
Cc1cc(C[C@H](CCCCNCc2ccc(F)cc2)C(=O)NO)cc(C)c1F,5.33,1,nM,CHEMBL1760324,-5.33,3.67,CHEMBL240,hERG,False,False,False
Cc1cc(Cl)c2c(C(=O)OCC34CCN(CC3)CC4)c[nH]c2c1,5.61,1,nM,CHEMBL3916655,-5.61,3.3899999999999997,CHEMBL240,hERG,False,False,False
Cc1cc(Cl)cc(-c2ccnc3cc(CN4C(=O)C5C(C4=O)C5(C)C)sc23)c1C[C@@H]1CNCCO1,5.38,1,nM,CHEMBL4647217,-5.38,3.62,CHEMBL240,hERG,False,False,False
Cc1cc(Cl)cc(-c2ccnc3cc(CN4C(=O)C5C(C4=O)C5(C)C)sc23)c1O[C@@H]1CCNC[C@@H]1C,6.4,1,nM,CHEMBL4635160,-6.4,2.5999999999999996,CHEMBL240,hERG,False,False,False
Cc1cc(Cl)cc(-c2ccnc3cc(CN4C(=O)C5CC5C4=O)sc23)c1C[C@@H]1CNCCO1,5.1,1,nM,CHEMBL4634092,-5.1,3.9000000000000004,CHEMBL240,hERG,False,False,False
Cc1cc(Cl)cc(-c2ccnc3cc(CN4C(=O)CCC4=O)sc23)c1CN1[C@@H](C)CNC[C@@H]1C,5.57,1,nM,CHEMBL4638458,-5.57,3.4299999999999997,CHEMBL240,hERG,False,False,False
Cc1cc(Cl)cc(-c2cnc3ncn(-c4cc(O)cc(F)c4)c(=O)c3c2CN(C)C[C@@H]2CCCN2)c1,5.5,1,nM,CHEMBL4778342,-5.5,3.5,CHEMBL240,hERG,False,False,False
Cc1cc(Cl)cc(N2C=Nc3cc(C)c(-c4cc(F)cc(C#N)c4)cc3C2C(=O)N(C)C[C@@H]2CCCN2)c1,5.8,1,nM,CHEMBL4777122,-5.8,3.2,CHEMBL240,hERG,False,False,False
Cc1cc(Cl)cc(N2C=Nc3cc(C)c(-c4cc(F)cc(C(N)=O)c4)cc3C2C(=O)N(C)C[C@@H]2CCCN2)c1,5.6,1,nM,CHEMBL4761949,-5.6,3.4000000000000004,CHEMBL240,hERG,False,False,False
Cc1cc(Cl)cc(N2C=Nc3cc(C)c(-c4cc(O)cc(F)c4)cc3C2C(=O)N(C)C[C@@H]2CCCN2)c1,6.2,1,nM,CHEMBL4750691,-6.2,2.8,CHEMBL240,hERG,False,False,False
Cc1cc(Cl)cc(N2C=Nc3cc(C)c(-c4cc(O)ccc4F)cc3C2C(=O)N(C)C[C@@H]2CCCN2)c1,6.3,1,nM,CHEMBL4785112,-6.3,2.7,CHEMBL240,hERG,False,False,False
Cc1cc(Cl)cc(N2C=Nc3cc(C)c(-c4cccc(F)c4O)cc3C2C(=O)N(C)C[C@@H]2CCCN2)c1,5.3,1,nM,CHEMBL4746816,-5.3,3.7,CHEMBL240,hERG,False,False,False
Cc1cc(Cl)ccc1-c1nc2c(cc1-c1ccc(Cl)cc1)C(NC(=O)C(O)C(F)(F)F)CC(C)(C)O2,6.484999999999999,2,nM,CHEMBL1169572,-6.484999999999999,2.5150000000000006,CHEMBL240,hERG,False,False,False
Cc1cc(Cl)ccc1OC1CCN(CC2CCN([C@@](C)(Cc3ccc(F)cc3)C(=O)O)CC2)CC1,4.5,1,nM,CHEMBL2158791,-4.5,4.5,CHEMBL240,hERG,True,True,True
Cc1cc(Cl)ccc1OC1CCN(C[C@H](O)CNC(=O)c2c[nH]c(=O)c3cc(S(C)(=O)=O)ccc23)CC1,5.7,1,nM,CHEMBL2207276,-5.7,3.3,CHEMBL240,hERG,True,True,True
Cc1cc(Cl)ccc1OC1CCN(C[C@H](O)CNC(=O)c2c[nH]c(=O)cc2C(F)(F)F)CC1,5.0,2,nM,CHEMBL2207663,-5.0,4.0,CHEMBL240,hERG,True,True,True
Cc1cc(Cl)ccc1OC1CCN(C[C@H](O)CNC(=O)c2c[nH]nc2C(F)(F)F)CC1,5.7,2,nM,CHEMBL2207659,-5.7,3.3,CHEMBL240,hERG,True,True,True
Cc1cc(Cl)cnc1C(=O)Nc1ccc2c(c1)C1(COC(N)=N1)C1(CC1)CO2,5.31,2,nM,CHEMBL3650825,-5.31,3.6900000000000004,CHEMBL240,hERG,False,False,False
Cc1cc(Cl)nc(C)c1C(=O)NCC[C@@H](C)N1CCC(N(Cc2ccsc2)C(=O)CC#N)CC1,4.8,1,nM,CHEMBL2164220,-4.8,4.2,CHEMBL240,hERG,False,False,False
Cc1cc(F)cc(-c2cncc(-c3nc4cc(F)ccc4[nH]3)c2N2CCC(N)CC2)c1,5.24,1,nM,CHEMBL4853282,-5.24,3.76,CHEMBL240,hERG,False,False,False
Cc1cc(F)ccc1C1CCN(CC2Cc3c(Cl)ccc(O)c3CN2)CC1,6.01,1,nM,CHEMBL3785952,-6.01,2.99,CHEMBL240,hERG,False,False,False
Cc1cc(F)ccc1C1CCN(CC2Cc3ccccc3CN2)CC1,6.7,1,nM,CHEMBL3786469,-6.7,2.3,CHEMBL240,hERG,False,False,False
Cc1cc(F)ccc1[C@@H]1CCN(C[C@@H]2CCc3cccnc3[C@@H](O)C2)C[C@H]1O,4.89,1,nM,CHEMBL472304,-4.89,4.11,CHEMBL240,hERG,True,True,True
Cc1cc(F)cnc1C(=O)Nc1csc([C@]23CO[C@@H](C)C[C@H]2CSC(N)=N3)n1,4.75,1,nM,CHEMBL3983988,-4.75,4.25,CHEMBL240,hERG,False,False,False
Cc1cc(N2C(=O)N(c3ccc(-c4ccc(C(=O)O)cc4C)cc3)C(=O)C23CCN(Cc2ncccc2C)CC3)ncn1,4.42,1,nM,CHEMBL2041182,-4.42,4.58,CHEMBL240,hERG,False,False,False
Cc1cc(N2CCC(C3CCN(c4ncc(Cl)cn4)CC3)CC2)nc(C#N)n1,6.56,1,nM,CHEMBL1771093,-6.56,2.4400000000000004,CHEMBL240,hERG,False,False,False
Cc1cc(N2CCC(N3CCCC3C)C2)ccc1NC(=O)c1cc(F)ccc1C,6.32,1,nM,CHEMBL2391167,-6.32,2.6799999999999997,CHEMBL240,hERG,True,True,True
Cc1cc(N2CCC(N3CCCC3C)C2)ccc1NC(=O)c1ccccc1F,6.0,1,nM,CHEMBL2391166,-6.0,3.0,CHEMBL240,hERG,True,True,True
Cc1cc(N2CCC3(CCN(C[C@H](O)c4ccc5c(c4C)COC5=O)CC3)C2=O)sn1,5.154999999999999,2,nM,CHEMBL4075906,-5.154999999999999,3.8450000000000006,CHEMBL240,hERG,False,False,False
Cc1cc(N2CCCc3nc([C@@H](C)NC(=O)c4ccc(F)cc4)ccc32)ccn1,6.14,1,nM,CHEMBL4747474,-6.14,2.8600000000000003,CHEMBL240,hERG,False,False,False
Cc1cc(N2CC[C@@H](N3CCC[C@@H]3C)C2)ccc1NC(=O)c1cc(F)ccc1C,5.75,1,nM,CHEMBL2403549,-5.75,3.25,CHEMBL240,hERG,False,True,True
Cc1cc(N2CC[C@H](N3CCC[C@@H]3C)C2)ccc1NC(=O)C1CCOCC1,4.72,1,nM,CHEMBL2441636,-4.72,4.28,CHEMBL240,hERG,True,True,True
Cc1cc(N2CC[C@H](N3CCC[C@@H]3C)C2)ccc1NC(=O)c1c(C)noc1C,4.43,1,nM,CHEMBL3087669,-4.43,4.57,CHEMBL240,hERG,False,False,False
Cc1cc(N2CC[C@H](N3CCC[C@@H]3C)C2)ccc1NC(=O)c1cc(F)ccc1C,5.96,1,nM,CHEMBL2403550,-5.96,3.04,CHEMBL240,hERG,True,True,True
Cc1cc(N2C[C@H]3CC[C@@H](C2)[C@@H]3Nc2nc3c(OCC(F)(F)F)cccn3n2)sn1,5.54,1,nM,CHEMBL4635478,-5.54,3.46,CHEMBL240,hERG,False,False,False
Cc1cc(N2C[C@H]3CC[C@@H](C2)[C@@H]3Nc2nc3c(OCC(F)F)ccc(C(F)(F)F)n3n2)ncn1,5.35,1,nM,CHEMBL4642178,-5.35,3.6500000000000004,CHEMBL240,hERG,False,False,False
Cc1cc(N2C[C@H]3CC[C@@H](C2)[C@@H]3Nc2nc3n(n2)CCCC[C@H]3c2ccc(F)c(F)c2F)ncn1,5.85,1,nM,CHEMBL4644426,-5.85,3.1500000000000004,CHEMBL240,hERG,False,False,False
Cc1cc(N2C[C@H]3CC[C@@H](C2)[C@@H]3Nc2nc3n(n2)CCCN3c2cc(F)cc(F)c2)ncn1,6.16,1,nM,CHEMBL4645821,-6.16,2.84,CHEMBL240,hERG,False,False,False
Cc1cc(NC(=O)COc2ccc(C(=O)c3cc(Cl)ccc3Br)cc2)ccn1,7.22,1,nM,CHEMBL4781970,-7.22,1.7800000000000002,CHEMBL240,hERG,False,False,False
Cc1cc(NC(=O)c2ccccc2F)ccc1-c1nnc(NCCCN2CCCCC2)o1,5.4,1,nM,CHEMBL2023925,-5.4,3.5999999999999996,CHEMBL240,hERG,False,False,False
Cc1cc(NC2CCc3cc(Br)ccc3C2)n2nc(C(C)(F)F)nc2n1,6.3,1,nM,CHEMBL4747214,-6.3,2.7,CHEMBL240,hERG,False,False,False
Cc1cc(NC2CCc3cc(Cl)ccc3C2)n2nc(C(C)(F)F)nc2n1,5.85,1,nM,CHEMBL4761666,-5.85,3.1500000000000004,CHEMBL240,hERG,False,False,False
Cc1cc(NC2CCc3cc(F)ccc3C2)n2nc(C(C)(F)F)nc2n1,6.16,1,nM,CHEMBL4740960,-6.16,2.84,CHEMBL240,hERG,False,False,False
Cc1cc(NC2CCc3ccc(Br)cc3C2)n2nc(C(C)(F)F)nc2n1,5.96,1,nM,CHEMBL4753862,-5.96,3.04,CHEMBL240,hERG,False,False,False
Cc1cc(NC2Cc3cc(F)c(F)cc3C2)n2nc(C(C)(F)F)nc2n1,5.77,1,nM,CHEMBL4794107,-5.77,3.2300000000000004,CHEMBL240,hERG,False,False,False
Cc1cc(NCc2c(C)cccc2C)c2cccc(C(N)=O)c2n1,6.3,1,nM,CHEMBL3604701,-6.3,2.7,CHEMBL240,hERG,False,False,False
Cc1cc(NCc2c(Cl)ccc(Cl)c2Cl)c2cccc(C(N)=O)c2n1,6.3,1,nM,CHEMBL3604735,-6.3,2.7,CHEMBL240,hERG,False,False,False
Cc1cc(NCc2c(F)cccc2C(F)(F)F)c2cccc(C(N)=O)c2n1,6.4,2,nM,CHEMBL3604734,-6.4,2.5999999999999996,CHEMBL240,hERG,False,False,False
Cc1cc(N[C@H](CCCCNCc2ccc(F)cc2)C(=O)NO)cc(C)c1F,5.91,1,nM,CHEMBL1269994,-5.91,3.09,CHEMBL240,hERG,False,False,False
Cc1cc(N[C@H]2CCc3ccc(Cl)cc3C2)n2nc(C(C)(F)F)nc2n1,5.82,1,nM,CHEMBL4751920,-5.82,3.1799999999999997,CHEMBL240,hERG,False,False,False
Cc1cc(Nc2cc(N[C@@H]3CCCC[C@@H]3N)cnc2C(N)=O)nc(-n2nccn2)n1,4.36,1,nM,CHEMBL3415598,-4.36,4.64,CHEMBL240,hERG,False,False,False
Cc1cc(Nc2cc(N[C@@H]3CCCC[C@@H]3N)cnc2C(N)=O)nc(C)c1-c1cnn(C)c1,6.0,1,nM,CHEMBL3415594,-6.0,3.0,CHEMBL240,hERG,False,False,False
Cc1cc(Nc2ccc(S(F)(F)(F)(F)F)cc2)n2nc(C(C)(F)F)nc2n1,5.8,1,nM,CHEMBL1956285,-5.8,3.2,CHEMBL240,hERG,False,False,False
Cc1cc(Nc2ccccc2)nc(NCc2ccc3c(c2)OCO3)n1,5.02,1,nM,CHEMBL594752,-5.02,3.9800000000000004,CHEMBL240,hERG,False,False,False
Cc1cc(Nc2ccccc2)nc(NCc2ccccn2)n1,4.8,1,nM,CHEMBL594534,-4.8,4.2,CHEMBL240,hERG,False,False,False
Cc1cc(Nc2ccnc3ccc(S(=O)(=O)C(C)(C)C)cc23)n[nH]1,5.2,1,nM,CHEMBL4283104,-5.2,3.8,CHEMBL240,hERG,False,False,False
Cc1cc(Nc2nc(Nc3ccccc3S(=O)(=O)C(C)C)c3c(C)[nH]nc3n2)c(OC(C)C)cc1C1CCN(C)CC1,4.68,1,nM,CHEMBL3651854,-4.68,4.32,CHEMBL240,hERG,False,False,False
Cc1cc(Nc2nc(Nc3ccccc3S(=O)(=O)C(C)C)c3cc[nH]c3n2)c(OC(C)C)cc1C1CCN(C)CC1,5.77,1,nM,CHEMBL4762256,-5.77,3.2300000000000004,CHEMBL240,hERG,False,False,False
Cc1cc(Nc2nc(Nc3ccccc3S(=O)(=O)C(C)C)c3cc[nH]c3n2)c(OC(C)C)cc1C1CCNCC1,5.96,1,nM,CHEMBL4779222,-5.96,3.04,CHEMBL240,hERG,False,False,False
Cc1cc(Nc2nc(Nc3ccccc3S(=O)(=O)C(C)C)c3cn[nH]c3n2)c(OC(C)C)cc1C1CCN(C)CC1,6.0,1,nM,CHEMBL4798141,-6.0,3.0,CHEMBL240,hERG,False,False,False
Cc1cc(Nc2ncc(C)c(Nc3ccccc3S(=O)(=O)C(C)C)n2)c(OC(C)C)cc1C1CCN(C)CC1,5.33,2,nM,CHEMBL2403843,-5.33,3.67,CHEMBL240,hERG,False,False,False
Cc1cc(Nc2ncc(Cl)c(Nc3ccccc3S(=O)(=O)C(C)C)n2)c(OC(C)C)cc1C1CCN(C(=O)CN(C)C)CC1,4.61,1,nM,CHEMBL2403842,-4.61,4.39,CHEMBL240,hERG,False,False,False
Cc1cc(Nc2ncc(Cl)c(Nc3ccccc3S(=O)(=O)C(C)C)n2)c(OC(C)C)cc1C1CCN(C)CC1,5.47,1,nM,CHEMBL2403849,-5.47,3.5300000000000002,CHEMBL240,hERG,False,False,False
Cc1cc(Nc2ncc(Cl)c(Nc3ccccc3S(=O)(=O)C(C)C)n2)c(OC(C)C)cc1C1CCN(CCO)CC1,5.58,1,nM,CHEMBL2403836,-5.58,3.42,CHEMBL240,hERG,False,False,False
Cc1cc(Nc2ncc(Cl)c(Nc3ccccc3S(=O)(=O)C(C)C)n2)c(OC(C)C)cc1C1CCNCC1,4.34,3,nM,CHEMBL2403108,-4.34,4.66,CHEMBL240,hERG,False,False,False
Cc1cc(Nc2ncc(Cl)c(Nc3ccccc3S(=O)(=O)C(C)C)n2)c(OC2CCC2)cc1C1CCNCC1,5.52,1,nM,CHEMBL2403848,-5.52,3.4800000000000004,CHEMBL240,hERG,False,False,False
Cc1cc(Nc2nccc(-c3sc(C4CCNCC4)nc3-c3ccc(F)cc3)n2)cc(C)n1,5.82,1,nM,CHEMBL4473609,-5.82,3.1799999999999997,CHEMBL240,hERG,False,False,False
Cc1cc(Nc2nccc(-c3sc(C4CCNCC4)nc3-c3ccc(F)cc3)n2)ccn1,6.0,1,nM,CHEMBL4591417,-6.0,3.0,CHEMBL240,hERG,False,False,False
Cc1cc(Nc2nccc(-c3sc(C4CCNCC4)nc3C3CC3)n2)ccn1,5.38,1,nM,CHEMBL4453994,-5.38,3.62,CHEMBL240,hERG,False,False,False
Cc1cc(OC(F)F)cnc1C(=O)Nc1csc([C@]23CO[C@@H](C)C[C@H]2CSC(N)=N3)n1,5.02,2,nM,CHEMBL3972449,-5.02,3.9800000000000004,CHEMBL240,hERG,False,False,False
Cc1cc(OCCN2CCN(C)CC2)nn1-c1ccc(Cl)c(Cl)c1,5.13,1,nM,CHEMBL2170231,-5.13,3.87,CHEMBL240,hERG,True,True,True
Cc1cc(OCCN2CCOCC2)nn1-c1ccc(Cl)c(Cl)c1,5.46,1,nM,CHEMBL2170225,-5.46,3.54,CHEMBL240,hERG,True,True,True
Cc1cc(OCCN2C[C@@H](C)O[C@@H](C)C2)nn1-c1ccc2ccccc2c1,5.13,1,nM,CHEMBL2170070,-5.13,3.87,CHEMBL240,hERG,True,True,True
Cc1cc(O[C@H](CCCCNCc2ccc(F)cc2)C(=O)NO)cc(C)c1F,6.1,1,nM,CHEMBL1760322,-6.1,2.9000000000000004,CHEMBL240,hERG,False,False,False
Cc1cc(O[C@H]2C[C@H]3CC[C@@H](C2)N3Cc2ccccc2)cc(C(N)=O)c1,6.18,1,nM,CHEMBL1224140,-6.18,2.8200000000000003,CHEMBL240,hERG,False,False,False
Cc1cc(Oc2cncnc2)cc(C(=O)Nc2ccc(F)cn2)n1,4.13,1,nM,CHEMBL2386850,-4.13,4.87,CHEMBL240,hERG,False,False,False
Cc1cc(Oc2nccc3occc23)ccc1-c1c(C)ncc2nccn12,4.92,1,nM,CHEMBL4277264,-4.92,4.08,CHEMBL240,hERG,True,True,True
Cc1cc(S(=O)(=O)Nc2ccncn2)c(F)cc1O[C@H]1CCCC[C@@H]1c1ccnn1C,4.05,1,nM,CHEMBL4639987,-4.05,4.95,CHEMBL240,hERG,False,False,False
Cc1cc(S(C)(=O)=O)nc2c(CCC34CCC(NCc5ccc6c(n5)NC(=O)CO6)(CC3)CO4)c(F)cnc12,7.91,1,nM,CHEMBL3422958,-7.91,1.0899999999999999,CHEMBL240,hERG,False,False,False
Cc1cc(S(C)(=O)=O)nc2c(CCC34CCC(NCc5ccc6c(n5)NC(=O)CO6)(CC3)CO4)ccnc12,8.17,1,nM,CHEMBL3422974,-8.17,0.8300000000000001,CHEMBL240,hERG,False,False,False
Cc1cc([C@H]2CC[C@H](c3nnc4n3-c3ccc(Cl)cc3CC4)CC2)no1,5.12,1,nM,CHEMBL4745524,-5.12,3.88,CHEMBL240,hERG,False,False,False
Cc1cc([C@H]2C[C@H]3CSC(N)=N[C@@]3(c3ccc(F)cc3F)CO2)on1,5.8,1,nM,CHEMBL3422237,-5.8,3.2,CHEMBL240,hERG,False,False,False
Cc1cc([C@H]2C[C@H]3[C@@H](C)SC(N)=N[C@@]3(c3ccc(F)cc3F)CO2)on1,5.68,1,nM,CHEMBL3422242,-5.68,3.3200000000000003,CHEMBL240,hERG,False,False,False
Cc1cc([C@H]2C[C@H]3[C@@H](CF)SC(N)=N[C@@]3(c3ccc(F)cc3F)CO2)on1,5.0,1,nM,CHEMBL3422245,-5.0,4.0,CHEMBL240,hERG,False,False,False
Cc1cc2[nH]c(C3CCN(CCn4c(=O)ccc5ncc(F)cc54)CC3)nc2cc1Cl,5.92,1,nM,CHEMBL3318993,-5.92,3.08,CHEMBL240,hERG,False,False,False
Cc1cc2c(-c3nnc(SCCCN4CCc5ccc(-c6cc(C)nn6C)cc5CC4)n3C)cccc2cn1,5.7,1,nM,CHEMBL273199,-5.7,3.3,CHEMBL240,hERG,False,False,False
Cc1cc2c(cc1CCN1CCN(C(=O)Cc3ccc(-n4cnnn4)cc3)CC1)COC2=O,4.85,1,nM,CHEMBL2441423,-4.85,4.15,CHEMBL240,hERG,False,False,False
Cc1cc2c(cc1CN(C)C)CCN(C(=O)c1cc3cc(Cl)ccc3n1C)C2,4.89,1,nM,CHEMBL3314362,-4.89,4.11,CHEMBL240,hERG,False,False,False
Cc1cc2c(cc1F)[nH]c(=O)n2C1CCN(C2CCOCC2)CC1,4.9,1,nM,CHEMBL1223753,-4.9,4.1,CHEMBL240,hERG,False,False,False
Cc1cc2c(s1)Nc1ccccc1N=C2N1CCN(C)CC1,6.69,9,nM,CHEMBL715,-6.69,2.3099999999999996,CHEMBL240,hERG,False,False,False
Cc1cc2c(s1)Nc1ccccc1N=C2N1CCNCC1,4.85,4,nM,CHEMBL1125,-4.85,4.15,CHEMBL240,hERG,False,False,False
Cc1cc2cc(Nc3ncnn4cc(-c5nnc(C)o5)c(C(C)C)c34)cnc2[nH]1,5.18,1,nM,CHEMBL261592,-5.18,3.8200000000000003,CHEMBL240,hERG,False,False,False
Cc1cc2nc(/C=C/C3CCCN3C)n(Cc3ccc(Cl)cc3)c2cc1C,6.01,1,nM,CHEMBL3696118,-6.01,2.99,CHEMBL240,hERG,False,False,False
Cc1cc2nc(/C=C/C3CCNC3)n(Cc3ccc(Cl)cc3)c2cc1C,5.8,1,nM,CHEMBL3696119,-5.8,3.2,CHEMBL240,hERG,False,False,False
Cc1cc2nc(/C=C/c3ccccc3)n(Cc3ccc(Cl)cc3)c2cc1C,5.4,1,nM,CHEMBL3699573,-5.4,3.5999999999999996,CHEMBL240,hERG,False,False,False
Cc1cc2nc(C(C)Cc3ccncc3)n(Cc3ccc(Cl)cc3)c2cc1C,5.06,1,nM,CHEMBL3699564,-5.06,3.9400000000000004,CHEMBL240,hERG,False,False,False
Cc1cc2nc(CC3CC4CCC(C3)N4)n(Cc3ccc(Cl)cc3)c2cc1C,5.37,1,nM,CHEMBL3696121,-5.37,3.63,CHEMBL240,hERG,False,False,False
Cc1cc2nc(CC3CCCC3)n(Cc3ccc(Cl)cc3)c2cc1C,5.89,1,nM,CHEMBL3699576,-5.89,3.1100000000000003,CHEMBL240,hERG,False,False,False
Cc1cc2nc(CC3CCCNC3)n(Cc3ccc(Cl)cc3)c2cc1C,6.31,1,nM,CHEMBL3699565,-6.31,2.6900000000000004,CHEMBL240,hERG,False,False,False
Cc1cc2nc(CC3CCNC(C)C3)n(Cc3ccc(Cl)cc3)c2cc1C,6.24,1,nM,CHEMBL3699563,-6.24,2.76,CHEMBL240,hERG,False,False,False
Cc1cc2nc(CC3CCNCC3)n(Cc3ccc(Cl)cc3)c2cc1C,5.96,1,nM,CHEMBL3696120,-5.96,3.04,CHEMBL240,hERG,False,False,False
Cc1cc2nc(CCC3CCCN3C)n(Cc3ccc(Cl)cc3)c2cc1C,6.58,1,nM,CHEMBL3699567,-6.58,2.42,CHEMBL240,hERG,False,False,False
Cc1cc2ncc(-c3ccc4cc(CCN5CCC[C@H]5C)ccc4n3)c(C)n2n1,5.06,1,nM,CHEMBL392573,-5.06,3.9400000000000004,CHEMBL240,hERG,False,False,False
Cc1cc2ncc(C(=O)N3CCC([C@H](N)Cc4cc(F)c(F)cc4F)CC3)c(C)n2n1,4.75,1,nM,CHEMBL484528,-4.75,4.25,CHEMBL240,hERG,False,False,False
Cc1cc2ncc3c(n2n1)CN([C@H]1CC[C@H](c2cc(F)c(F)cc2F)[C@@H](N)C1)C3,6.22,1,nM,CHEMBL3805966,-6.22,2.7800000000000002,CHEMBL240,hERG,False,False,False
Cc1cc2ncc3c(n2n1)CN([C@H]1CO[C@H](c2cc(F)c(F)cc2F)[C@@H](N)C1)C3,5.19,1,nM,CHEMBL3806029,-5.19,3.8099999999999996,CHEMBL240,hERG,False,False,False
Cc1cc2nccn2cc1Nc1ncc2c(n1)n(C1CCOCC1)c(=O)n2C,5.09,1,nM,CHEMBL4474647,-5.09,3.91,CHEMBL240,hERG,False,False,False
Cc1cc2ncn(Cc3ccc(Cl)cc3)c2cc1C,5.16,1,nM,CHEMBL1945694,-5.16,3.84,CHEMBL240,hERG,False,False,False
Cc1cc[n+]([O-])c(C)c1C(=O)N1CCC(C)(N2CCC(N(Cc3cccc(C#N)c3)c3ccccc3)CC2)CC1,5.89,1,nM,CHEMBL59511,-5.89,3.1100000000000003,CHEMBL240,hERG,False,False,False
Cc1cc[n+]([O-])c(C)c1C(=O)N1CCC(C)(N2CCC(N(Cc3ccccc3)c3ccccc3)CC2)CC1,6.26,1,nM,CHEMBL61536,-6.26,2.74,CHEMBL240,hERG,False,False,False
Cc1ccc(-c2c(C)c(CNC3CCC(F)(F)C3)nn2-c2ncccc2Cl)cn1,4.68,1,nM,CHEMBL468518,-4.68,4.32,CHEMBL240,hERG,False,False,False
Cc1ccc(-c2c(C)c(CNC3CCCC3)nn2-c2ncc(Cl)cc2Cl)cn1,5.92,1,nM,CHEMBL468307,-5.92,3.08,CHEMBL240,hERG,False,False,False
Cc1ccc(-c2c(C)c(CNC3CCCC3)nn2-c2ncccc2Cl)cn1,4.8,1,nM,CHEMBL494767,-4.8,4.2,CHEMBL240,hERG,False,False,False
Cc1ccc(-c2c(C)c(CNC3CCCC3F)nn2-c2ncccc2Cl)cn1,4.52,1,nM,CHEMBL513855,-4.52,4.48,CHEMBL240,hERG,False,False,False
Cc1ccc(-c2c(C)c(CN[C@H]3CC[C@@H](F)C3)nn2-c2ncccc2Cl)cn1,4.54,1,nM,CHEMBL468308,-4.54,4.46,CHEMBL240,hERG,False,False,False
Cc1ccc(-c2c[nH]c([C@H]3Cc4c([nH]c5ccccc45)[C@@H](C4CCOCC4)N3)n2)cc1,7.0,1,nM,CHEMBL3774791,-7.0,2.0,CHEMBL240,hERG,False,False,False
Cc1ccc(-c2cc(S(=O)(=O)c3ccc(CN)s3)ccc2S(C)(=O)=O)cc1,4.17,1,nM,CHEMBL4434955,-4.17,4.83,CHEMBL240,hERG,False,False,False
Cc1ccc(-c2cc(S(C)(=O)=O)cc(S(=O)(=O)c3ccc(CN)s3)c2)cc1,5.34,1,nM,CHEMBL4564517,-5.34,3.66,CHEMBL240,hERG,False,False,False
Cc1ccc(-c2cc(S(C)(=O)=O)cc(S(=O)(=O)c3cnc(CN)s3)c2)cc1,5.5,1,nM,CHEMBL4515085,-5.5,3.5,CHEMBL240,hERG,False,False,False
Cc1ccc(-c2cc3c(N[C@@H]4CC[C@](C)(N)C4(C)C)c(C(N)=O)cnn3c2)cn1,5.1,1,nM,CHEMBL4060444,-5.1,3.9000000000000004,CHEMBL240,hERG,False,False,False
Cc1ccc(-c2cc3nc[nH]c(=O)c3c(NC[C@H]3CCCNC3)n2)cc1,5.1,1,nM,CHEMBL4449815,-5.1,3.9000000000000004,CHEMBL240,hERG,False,False,False
Cc1ccc(-c2cc3ncccc3c(NC[C@H]3CCCNC3)n2)cc1,4.8,1,nM,CHEMBL4455268,-4.8,4.2,CHEMBL240,hERG,False,False,False
Cc1ccc(-c2cc3nccnc3c(NCCCCN)n2)cc1,4.8,1,nM,CHEMBL4436576,-4.8,4.2,CHEMBL240,hERG,False,False,False
Cc1ccc(-c2cc3nccnc3c(NC[C@H]3CCCNC3)n2)o1,4.7,1,nM,CHEMBL4453218,-4.7,4.3,CHEMBL240,hERG,False,False,False
Cc1ccc(-c2cc3nccnc3c(NC[C@H]3CCCNC3)n2)s1,5.3,1,nM,CHEMBL4584789,-5.3,3.7,CHEMBL240,hERG,False,False,False
Cc1ccc(-c2cc3ncn(C)c(=O)c3c(NC[C@H]3CCCNC3)n2)cc1,4.6,1,nM,CHEMBL4526150,-4.6,4.4,CHEMBL240,hERG,False,False,False
Cc1ccc(-c2cc3ncncc3c(NC[C@H]3CCCNC3)n2)cc1,5.0,1,nM,CHEMBL4570737,-5.0,4.0,CHEMBL240,hERG,False,False,False
Cc1ccc(-c2cc3sc(N4CCC(N5CCCCC5)CC4)nc3cn2)cn1,5.09,1,nM,CHEMBL572559,-5.09,3.91,CHEMBL240,hERG,True,True,True
Cc1ccc(-c2ccc(-c3ccc4cc(CCN5CCC[C@H]5C)ccc4n3)s2)s1,5.7,1,nM,CHEMBL1085124,-5.7,3.3,CHEMBL240,hERG,True,True,True
Cc1ccc(-c2ccc(N3CC(CNC(=O)c4ccc(-c5nc6cc(C#N)cc(C(C)C)c6o5)cc4)OC3=O)nc2)s1,4.9,1,nM,CHEMBL1771138,-4.9,4.1,CHEMBL240,hERG,False,False,False
Cc1ccc(-c2ccc3cc(CCN4CCC[C@H]4C)ccc3n2)c(C)n1,4.7,1,nM,CHEMBL1082447,-4.7,4.3,CHEMBL240,hERG,True,True,True
Cc1ccc(-c2ccc3cc(CCN4CCC[C@H]4C)ccc3n2)cn1,4.58,1,nM,CHEMBL1082781,-4.58,4.42,CHEMBL240,hERG,True,True,True
Cc1ccc(-c2cnc3nc(N4CCC(N5CCCCC5)CC4)sc3c2)cn1,5.12,1,nM,CHEMBL574180,-5.12,3.88,CHEMBL240,hERG,True,True,True
Cc1ccc(-c2nc(C)c(Cl)c(OCCCN3CCCCC3)n2)cc1,6.02,1,nM,CHEMBL3359234,-6.02,2.9800000000000004,CHEMBL240,hERG,False,False,False
Cc1ccc(-c2ncc(OC[C@@H]3CCNC3)cc2-c2ccc(C#N)cc2)cc1,5.5,1,nM,CHEMBL3134377,-5.5,3.5,CHEMBL240,hERG,False,False,False
Cc1ccc(-c2ncc(OC[C@H]3CCNC3)cc2-c2ccc(C#N)cc2)cc1,5.51,2,nM,CHEMBL4084845,-5.51,3.49,CHEMBL240,hERG,False,False,False
Cc1ccc(-c2nnc(SCCCN3CC[C@]4(C[C@@H]4c4ccc(C(F)(F)F)cc4)C3)n2C)c(C)n1,6.03,1,nM,CHEMBL3913542,-6.03,2.9699999999999998,CHEMBL240,hERG,True,True,True
Cc1ccc(-c2nnc(SCCCN3CCc4ccc(-c5cc(C)on5)cc4CC3)n2C)cc1,7.6,1,nM,CHEMBL395742,-7.6,1.4000000000000004,CHEMBL240,hERG,False,False,False
Cc1ccc(-c2nnc(SCCCN3CCc4ccc5oc(C(F)(F)F)nc5c4CC3)n2C)cn1,5.8,1,nM,CHEMBL404404,-5.8,3.2,CHEMBL240,hERG,False,False,False
Cc1ccc(-c2nnc(SCCCN3C[C@@H]4C[C@]4(c4ccc(C(F)(F)F)cc4)C3)n2C)cn1,6.1,1,nM,CHEMBL1079640,-6.1,2.9000000000000004,CHEMBL240,hERG,False,False,False
Cc1ccc(-n2c(-c3ncccc3Cl)nc(CNC3CCCC3)c2C(C)C)cn1,5.0,1,nM,CHEMBL561396,-5.0,4.0,CHEMBL240,hERG,False,False,False
Cc1ccc(-n2c(-c3ncccc3Cl)nc(CNC3CCCC3)c2C)cn1,4.72,1,nM,CHEMBL554299,-4.72,4.28,CHEMBL240,hERG,False,False,False
Cc1ccc(-n2c(-c3ncccc3Cl)nc(CN[C@H]3CC[C@@H](F)C3)c2C(C)C)cn1,4.82,1,nM,CHEMBL561397,-4.82,4.18,CHEMBL240,hERG,False,False,False
Cc1ccc(-n2c(-c3ncccc3Cl)nc(CN[C@H]3CC[C@@H](F)C3)c2C)cn1,4.51,1,nM,CHEMBL551208,-4.51,4.49,CHEMBL240,hERG,False,False,False
Cc1ccc(-n2nc(C)c(C(=O)N[C@@H]3COc4cccc(N5CCN(C)CC5)c4C3)n2)c(C)c1,5.0,1,nM,CHEMBL2069404,-5.0,4.0,CHEMBL240,hERG,False,False,False
Cc1ccc(/C(=C(\CCCO)c2ccccc2)c2ccc(N3CCN(C)CC3)cc2)cc1,4.72,1,nM,CHEMBL4472718,-4.72,4.28,CHEMBL240,hERG,False,False,False
Cc1ccc(/C(=C(\CCCO)c2ccccc2)c2ccc(N3CCNCC3)cc2)cc1,5.15,1,nM,CHEMBL4443694,-5.15,3.8499999999999996,CHEMBL240,hERG,False,False,False
Cc1ccc(/C=C/C(=O)N2CCN(c3ccc(C(=O)Nc4ccccc4N)cc3)CC2)cc1,4.57,1,nM,CHEMBL4071757,-4.57,4.43,CHEMBL240,hERG,False,False,False
Cc1ccc(/C=C/CN(C)Cc2ccc3c(c2)OCCC3)cc1,5.42,1,nM,CHEMBL4090758,-5.42,3.58,CHEMBL240,hERG,False,False,False
Cc1ccc(/C=C/CN(C)Cc2ccc3c(c2)OCCO3)cc1,5.34,1,nM,CHEMBL4288709,-5.34,3.66,CHEMBL240,hERG,False,False,False
Cc1ccc(C#CCOCc2cccc(COCC#Cc3ccc(C)cc3)[n+]2C)cc1,7.035,2,nM,CHEMBL2325200,-7.035,1.9649999999999999,CHEMBL240,hERG,False,False,False
Cc1ccc(C#Cc2cccc(C#Cc3ccc(C)cc3)[n+]2C)cc1,6.54,1,nM,CHEMBL2325201,-6.54,2.46,CHEMBL240,hERG,False,False,False
Cc1ccc(C#N)cc1NC(=O)COc1ccc(C(=O)c2cc(Cl)ccc2Br)cc1,7.89,1,nM,CHEMBL4799702,-7.89,1.1100000000000003,CHEMBL240,hERG,False,False,False
Cc1ccc(C(=O)N(CCCN)[C@@H](c2nc3cc(Cl)ccc3c(=O)n2Cc2ccccc2)C(C)C)cc1,5.32,1,nM,CHEMBL228814,-5.32,3.6799999999999997,CHEMBL240,hERG,True,True,True
Cc1ccc(C(=O)N(CCCN)[C@@H](c2oc3cc(Cl)ccc3c(=O)c2Cc2ccccc2)C(C)C)cc1,5.8,1,nM,CHEMBL2325429,-5.8,3.2,CHEMBL240,hERG,False,False,False
Cc1ccc(C(=O)N2CCN(c3ccc(OCCCN4CCCCC4)cc3)C(=O)C2)cc1,4.5,1,nM,CHEMBL536991,-4.5,4.5,CHEMBL240,hERG,False,False,False
Cc1ccc(C(=O)NC2CC2)cc1-c1cc2cnn(-c3c(F)cccc3F)c2n(C)c1=O,4.44,1,nM,CHEMBL1089865,-4.44,4.56,CHEMBL240,hERG,True,True,True
Cc1ccc(C(=O)Nc2ccc(CN3CCC4C=NNC4C3)c(Cl)c2)cc1C#Cc1cnc2cccnn12,5.3,1,nM,CHEMBL4640297,-5.3,3.7,CHEMBL240,hERG,False,False,False
Cc1ccc(C(=O)Nc2ccc(CN3CCN(C)CC3)c(C(F)(F)F)c2)cc1C#Cc1cnc2cccnn12,6.11,1,nM,CHEMBL1171837,-6.11,2.8899999999999997,CHEMBL240,hERG,False,False,False
Cc1ccc(C(=O)Nc2ccc(CN3CCN(CCO)CC3)c(C3CC3)c2)cc1C#Cc1cnc2cccnn12,6.47,1,nM,CHEMBL4632471,-6.47,2.5300000000000002,CHEMBL240,hERG,False,False,False
Cc1ccc(C(=O)Nc2ccc(CN3CCN(CCO)CC3)c(Cl)c2)cc1C#Cc1cnc2cccnn12,7.0,1,nM,CHEMBL4642144,-7.0,2.0,CHEMBL240,hERG,False,False,False
Cc1ccc(C(=O)Nc2ccc(CN3Cc4ccc(O)cc4C3)c(Cl)c2)cc1C#Cc1cnc2cccnn12,6.11,1,nM,CHEMBL4633367,-6.11,2.8899999999999997,CHEMBL240,hERG,False,False,False
Cc1ccc(C(=O)Nc2ccc(CN3Cc4cn[nH]c4C3)c(Cl)c2)cc1C#Cc1cnc2cccnn12,4.92,1,nM,CHEMBL4638981,-4.92,4.08,CHEMBL240,hERG,False,False,False
Cc1ccc(C(C)N2[C@@H]3CC[C@H]2C[C@H](Oc2cccc(C(N)=O)c2)C3)s1,8.8,1,nM,CHEMBL1258616,-8.8,0.1999999999999993,CHEMBL240,hERG,False,False,False
Cc1ccc(C2(O)CCN(C(C)C(O)c3ccc4c(c3)CCC(=O)N4)CC2)cc1,5.48,1,nM,CHEMBL247840,-5.48,3.5199999999999996,CHEMBL240,hERG,False,False,False
Cc1ccc(C23CC2CN(CCCSc2nnc(-c4ocnc4C)n2C)C3)c(F)c1,5.2,3,nM,CHEMBL1081869,-5.2,3.8,CHEMBL240,hERG,False,False,False
Cc1ccc(C23CNCC2C3)cc1,4.35,1,nM,CHEMBL511099,-4.35,4.65,CHEMBL240,hERG,False,False,False
Cc1ccc(C2=CC3(CCNCC3)Oc3ccccc32)cc1,6.33,1,nM,CHEMBL492448,-6.33,2.67,CHEMBL240,hERG,True,True,True
Cc1ccc(CCCCN2CCC(C(O)(c3ccccc3)c3ccccc3)CC2)cc1,6.4,2,nM,CHEMBL571389,-6.4,2.5999999999999996,CHEMBL240,hERG,True,True,True
Cc1ccc(CCCOCc2cccc(COCCCc3ccc(C)cc3)[n+]2C)cc1,7.165,2,nM,CHEMBL2325199,-7.165,1.835,CHEMBL240,hERG,False,False,False
Cc1ccc(CCN(C)CCOc2ccc(C)cc2)cc1,8.29,1,nM,CHEMBL2324254,-8.29,0.7100000000000009,CHEMBL240,hERG,False,False,False
Cc1ccc(CCN2CC[C@H](CNC(=O)c3cc(C(C)C)no3)C2)cc1C(F)(F)F,5.72,1,nM,CHEMBL4461512,-5.72,3.2800000000000002,CHEMBL240,hERG,False,False,False
Cc1ccc(CCNC[C@H](O)COc2ccc(NS(C)(=O)=O)cc2)cc1C,5.62,1,nM,CHEMBL494061,-5.62,3.38,CHEMBL240,hERG,False,False,False
Cc1ccc(CCOCC#Cc2cccc(C#CCOCCc3ccc(C)cc3)[n+]2C)cc1,4.84,1,nM,CHEMBL2325203,-4.84,4.16,CHEMBL240,hERG,False,False,False
Cc1ccc(CCOCCCc2cccc(CCCOCCc3ccc(C)cc3)[n+]2C)cc1,6.43,1,nM,CHEMBL2325206,-6.43,2.5700000000000003,CHEMBL240,hERG,False,False,False
Cc1ccc(CCOCc2cccc(COCCc3ccc(C)cc3)[n+]2C)cc1,6.87,1,nM,CHEMBL2324264,-6.87,2.13,CHEMBL240,hERG,False,False,False
Cc1ccc(CCc2cccc(CCc3ccc(C)cc3)[n+]2C)cc1,7.62,1,nM,CHEMBL2325204,-7.62,1.38,CHEMBL240,hERG,False,False,False
Cc1ccc(CN2CCC(CNC(=O)c3cc(Cl)cc(Cl)c3)CC2)cc1,6.87,1,nM,CHEMBL488295,-6.87,2.13,CHEMBL240,hERG,False,False,False
Cc1ccc(CN2CCN(C(=O)C(=O)Nc3ccc4c(ccn4C)c3)CC2)cc1,5.12,1,nM,CHEMBL4873077,-5.12,3.88,CHEMBL240,hERG,False,False,False
Cc1ccc(CN2CC[C@@H](N3CCC(c4ccc(O)cc4)CC3)C2=O)cc1,6.4,1,nM,CHEMBL4115628,-6.4,2.5999999999999996,CHEMBL240,hERG,False,False,False
Cc1ccc(CN2CC[C@@H](N3CC[C@@H](c4ccc(O)cc4)[C@H](F)C3)C2=O)cc1,4.55,1,nM,CHEMBL3892956,-4.55,4.45,CHEMBL240,hERG,False,False,False
Cc1ccc(CN2CC[C@@H](N3CC[C@H](c4ccc(O)cc4)[C@H](F)C3)C2=O)cc1,5.11,1,nM,CHEMBL4170867,-5.11,3.8899999999999997,CHEMBL240,hERG,False,False,False
Cc1ccc(CN2[C@@H]3CC[C@H]2C[C@@H](Oc2cccc(C(N)=O)c2)C3)s1,6.58,1,nM,CHEMBL1223815,-6.58,2.42,CHEMBL240,hERG,False,False,False
Cc1ccc(CN2[C@@H]3CC[C@H]2C[C@H](Oc2cccc(C(N)=O)c2)C3)cc1,9.85,1,nM,CHEMBL1257821,-9.85,-0.8499999999999996,CHEMBL240,hERG,False,False,False
Cc1ccc(CN2[C@@H]3CC[C@H]2C[C@H](Oc2cccc(C(N)=O)c2)C3)o1,8.55,1,nM,CHEMBL1255595,-8.55,0.4499999999999993,CHEMBL240,hERG,False,False,False
Cc1ccc(CN2[C@@H]3CC[C@H]2C[C@H](Oc2cccc(C(N)=O)c2)C3)s1,9.59,1,nM,CHEMBL1257578,-9.59,-0.5899999999999999,CHEMBL240,hERG,False,False,False
Cc1ccc(CNC(=O)[C@@H]2CNC[C@H]2c2ccc(C(F)(F)F)cc2)cc1,5.05,1,nM,CHEMBL4536433,-5.05,3.95,CHEMBL240,hERG,False,False,False
Cc1ccc(COCc2cccc(COCc3ccc(C)cc3)[n+]2C)cc1,6.97,1,nM,CHEMBL2324263,-6.97,2.0300000000000002,CHEMBL240,hERG,False,False,False
Cc1ccc(C[C@@H](C(=O)O)N2CCC(CN3CCC(Oc4ccc(Cl)c(Cl)c4)CC3)CC2)cc1,5.2,1,nM,CHEMBL2158774,-5.2,3.8,CHEMBL240,hERG,True,True,True
Cc1ccc(Cc2cc3c(=O)n([C@H]4CCCC[C@@H]4O)cnc3c3ccccc23)cn1,4.22,1,nM,CHEMBL4078588,-4.22,4.78,CHEMBL240,hERG,False,False,False
Cc1ccc(Cc2cc[n+](C)c(COc3ccc(C)cc3)c2)cc1,6.46,1,nM,CHEMBL2324261,-6.46,2.54,CHEMBL240,hERG,False,False,False
Cc1ccc(Cn2c(C3CNCCO3)nc3ccccc32)cc1C,5.68,1,nM,CHEMBL1935443,-5.68,3.3200000000000003,CHEMBL240,hERG,False,False,False
Cc1ccc(Cn2c(C3CNCCS3)nc3ccccc32)cc1,6.03,1,nM,CHEMBL1935444,-6.03,2.9699999999999998,CHEMBL240,hERG,False,False,False
Cc1ccc(Cn2c([C@H]3CNCCO3)nc3ccccc32)cc1,5.64,1,nM,CHEMBL1935441,-5.64,3.3600000000000003,CHEMBL240,hERG,False,False,False
Cc1ccc(Cn2cnc(=O)c3cc(Oc4ncccc4C(F)(F)F)ccc32)c(F)c1,4.85,1,nM,CHEMBL2403338,-4.85,4.15,CHEMBL240,hERG,False,False,False
Cc1ccc(Cn2cnc(=O)c3cc(Oc4ncccc4C(F)(F)F)ccc32)cc1,4.77,1,nM,CHEMBL2403327,-4.77,4.23,CHEMBL240,hERG,False,False,False
Cc1ccc(F)cc1C(C)(C)CC(O)(Cc1cc2cc(-c3ccccc3)ncc2[nH]1)C(F)(F)F,5.42,1,nM,CHEMBL3358925,-5.42,3.58,CHEMBL240,hERG,False,False,False
Cc1ccc(F)cc1CO[C@H]1CCc2ccc(N3CCNC[C@H]3C)nc21,5.41,1,nM,CHEMBL594717,-5.41,3.59,CHEMBL240,hERG,False,False,False
Cc1ccc(N(C)C(=O)c2ccc3c(c2)CC(c2ccc(Cl)cc2)OC3=O)cc1C,5.54,1,nM,CHEMBL4453859,-5.54,3.46,CHEMBL240,hERG,False,False,False
Cc1ccc(N(CC2=NCCN2)c2cccc(O)c2)cc1,4.7,1,nM,CHEMBL597,-4.7,4.3,CHEMBL240,hERG,False,False,False
Cc1ccc(N2CCC3CN(CCCSc4nnc(-c5cnccn5)n4C)CC32)cc1,6.4,1,nM,CHEMBL3775071,-6.4,2.5999999999999996,CHEMBL240,hERG,True,True,True
Cc1ccc(N2CCN(CC(O)COc3ccccc3C(=O)CCc3ccccc3)CC2)cc1,5.37,2,nM,CHEMBL1914844,-5.37,3.63,CHEMBL240,hERG,False,False,False
Cc1ccc(N2CCN(CCN(C)C[C@]34CC[C@H](CC3)C4(C)C)C2=O)cc1,5.6,2,nM,CHEMBL564948,-5.6,3.4000000000000004,CHEMBL240,hERG,True,True,True
Cc1ccc(N2CCN(CCN3Cc4ccccc4C3)C2=O)cn1,4.5,1,nM,CHEMBL564477,-4.5,4.5,CHEMBL240,hERG,False,False,False
Cc1ccc(N2CCN(CCN3Cc4ccccc4C3)C2=O)s1,4.5,1,nM,CHEMBL552460,-4.5,4.5,CHEMBL240,hERG,False,False,False
Cc1ccc(N2CCN(Cc3cc(C(=O)N[C@H]4CCCC[C@@H]4O)c(=O)n4ccccc34)CC2)nc1,4.94,1,nM,CHEMBL2204276,-4.94,4.06,CHEMBL240,hERG,False,False,False
Cc1ccc(NC(=O)N2CCN(C[C@@H]3CCCN(C4CC4)C3)CC2)cc1Cl,5.15,1,nM,CHEMBL2036762,-5.15,3.8499999999999996,CHEMBL240,hERG,False,False,False
Cc1ccc(NC(=O)N2CCN(c3nc(N)nc4sc(-c5cccnc5)nc34)CC2)cc1,5.7,1,nM,CHEMBL4206816,-5.7,3.3,CHEMBL240,hERG,False,False,False
Cc1ccc(NC(=O)[C@H](COC(C)C)Oc2ncnc3c2cnn3-c2ccccc2Cl)nc1,4.5,1,nM,CHEMBL3221488,-4.5,4.5,CHEMBL240,hERG,False,False,False
Cc1ccc(NC(=O)[C@H](COC2CCC2)Oc2ncnc3c2cnn3-c2ncccc2Cl)nc1,4.4,1,nM,CHEMBL3221490,-4.4,4.6,CHEMBL240,hERG,False,False,False
Cc1ccc(NC(=O)c2cc(C(F)(F)F)cnn2)cc1-c1ccc2c(c1)OC1(CCOCC1)CC(=O)N2,4.71,1,nM,CHEMBL5078176,-4.71,4.29,CHEMBL240,hERG,False,False,False
Cc1ccc(NC(=O)c2ccc3c(c2)CC(c2ccc(Cl)cc2)OC3=O)cc1C,5.17,1,nM,CHEMBL4577906,-5.17,3.83,CHEMBL240,hERG,False,False,False
Cc1ccc(NC(=O)c2cccc(C(F)(F)F)c2)cc1C#Cc1nn(C2CCN(C)CC2)c2ncnc(N)c12,6.22,1,nM,CHEMBL4787515,-6.22,2.7800000000000002,CHEMBL240,hERG,False,False,False
Cc1ccc(NC(=O)c2cccc(C(F)(F)F)c2)cc1C#Cc1nn(CC2CCN(C)C2)c2ncnc(N)c12,5.62,1,nM,CHEMBL4799744,-5.62,3.38,CHEMBL240,hERG,False,False,False
Cc1ccc(NC(=O)c2cccc(C(F)(F)F)c2)cc1C#Cc1nn(CC2CCN(C)CC2)c2ncnc(N)c12,5.25,1,nM,CHEMBL4793811,-5.25,3.75,CHEMBL240,hERG,False,False,False
Cc1ccc(NC(=O)c2cccc(C(F)(F)F)c2)cc1C#Cc1nn([C@@H]2CCN(C)C2)c2ncnc(N)c12,6.17,1,nM,CHEMBL4783566,-6.17,2.83,CHEMBL240,hERG,False,False,False
Cc1ccc(NC(=O)c2cccc(C(F)(F)F)c2)cc1C#Cc1nn([C@H]2CC[C@H](O)CC2)c2ncnc(N)c12,4.58,1,nM,CHEMBL4789115,-4.58,4.42,CHEMBL240,hERG,False,False,False
Cc1ccc(NC(=O)c2ccnc(C(F)(F)F)c2)cc1-c1ccc2c(c1)OC1(CCOCC1)CC(=O)N2,5.52,1,nM,CHEMBL5087151,-5.52,3.4800000000000004,CHEMBL240,hERG,False,False,False
Cc1ccc(Nc2c(-c3ccc(F)cc3)nc3n2CCN(C(=O)C(C)(C)N)C3)cc1,5.82,1,nM,CHEMBL1800770,-5.82,3.1799999999999997,CHEMBL240,hERG,False,False,False
Cc1ccc(Nc2c(-c3ccc(F)cc3)nc3n2CCN(C(=O)CN)C3)cc1,4.96,1,nM,CHEMBL1800769,-4.96,4.04,CHEMBL240,hERG,False,False,False
Cc1ccc(Nc2cc(NCCN)nnc2C(N)=O)nc1C(C)C,5.2,1,nM,CHEMBL3237577,-5.2,3.8,CHEMBL240,hERG,False,False,False
Cc1ccc(Nc2cc(N[C@@H]3CCCC[C@@H]3N)nnc2C(N)=O)nc1C,4.7,1,nM,CHEMBL3237561,-4.7,4.3,CHEMBL240,hERG,False,False,False
Cc1ccc(Nc2cc(N[C@@H]3CCCC[C@@H]3N)nnc2C(N)=O)nc1C(C)C,6.0,1,nM,CHEMBL3237573,-6.0,3.0,CHEMBL240,hERG,False,False,False
Cc1ccc(Nc2nc(N[C@@H]3CCCC[C@@H]3N)ncc2C(N)=O)cc1,4.6,1,nM,CHEMBL1835070,-4.6,4.4,CHEMBL240,hERG,False,False,False
Cc1ccc(Nc2nc(N[C@@H]3CCOC[C@@H]3N)ncc2C(N)=O)cc1,4.7,1,nM,CHEMBL1835071,-4.7,4.3,CHEMBL240,hERG,False,False,False
Cc1ccc(Nc2nc3ccc(N4CCN(C)CC4)cc3[nH]2)nc1,4.9,1,nM,CHEMBL3321873,-4.9,4.1,CHEMBL240,hERG,False,False,False
Cc1ccc(O)c(C(=O)N[C@H]2CC[C@@H](NC(=O)c3cc(F)cnc3Oc3cccc(-c4ccc(CN5C[C@@H](C)N[C@@H](C)C5)cc4CN4CCOCC4)c3)CC2)c1,5.2,1,nM,CHEMBL3288030,-5.2,3.8,CHEMBL240,hERG,False,False,False
Cc1ccc(O)c([C@H](CCN(C(C)C)C(C)C)c2ccccc2)c1,7.77,1,nM,CHEMBL1382,-7.77,1.2300000000000004,CHEMBL240,hERG,False,False,False
Cc1ccc(OC(=O)N(CC(=O)O)Cc2cccc(OCc3nc(-c4ccc(C#N)cc4)oc3C)c2)cc1,4.28,1,nM,CHEMBL1090188,-4.28,4.72,CHEMBL240,hERG,False,False,False
Cc1ccc(OC(=O)N(CC(=O)O)Cc2cccc(OCc3nc(-c4ccc(C(F)(F)F)cc4)oc3C)c2)cc1,4.58,1,nM,CHEMBL1091218,-4.58,4.42,CHEMBL240,hERG,False,False,False
Cc1ccc(OC(=O)N(CC(=O)O)Cc2cccc(OCc3nc(-c4ccc(C)cc4)oc3C)c2)cc1,4.59,1,nM,CHEMBL1090877,-4.59,4.41,CHEMBL240,hERG,False,False,False
Cc1ccc(OC(=O)N(CC(=O)O)Cc2cccc(OCc3nc(-c4ccc(Cl)cc4)oc3C)c2)cc1,4.53,1,nM,CHEMBL1089210,-4.53,4.47,CHEMBL240,hERG,False,False,False
Cc1ccc(OC(=O)N(CC(=O)O)Cc2cccc(OCc3nc(-c4ccc(Cl)cc4)sc3C)c2)cc1,5.0,1,nM,CHEMBL1091664,-5.0,4.0,CHEMBL240,hERG,False,False,False
Cc1ccc(OC(=O)N(CC(=O)O)Cc2cccc(OCc3nc(-c4ccc(F)cc4)oc3C)c2)cc1,4.42,1,nM,CHEMBL1089164,-4.42,4.58,CHEMBL240,hERG,False,False,False
Cc1ccc(OC(=O)N(CC(=O)O)Cc2cccc(OCc3nc(-c4cccc(Cl)c4)oc3C)c2)cc1,5.14,1,nM,CHEMBL1092931,-5.14,3.8600000000000003,CHEMBL240,hERG,False,False,False
Cc1ccc(OC(=O)N(CC(=O)O)Cc2cccc(OCc3oc(-c4ccc(Cl)cc4)nc3C)c2)cc1,4.7,1,nM,CHEMBL1090211,-4.7,4.3,CHEMBL240,hERG,False,False,False
Cc1ccc(OCC#Cc2cc(-c3n[nH]c4c3Cc3cc(CN5CCN(C)CC5)ccc3-4)cs2)cc1C,5.6,1,nM,CHEMBL224497,-5.6,3.4000000000000004,CHEMBL240,hERG,False,False,False
Cc1ccc(OCC#Cc2cccc(CCCOc3ccc(C)cc3)[n+]2C)cc1,5.54,1,nM,CHEMBL2325209,-5.54,3.46,CHEMBL240,hERG,False,False,False
Cc1ccc(OCCCc2cc(N)cc(CCCOc3ccc(C)cc3)n2)cc1,6.805,2,nM,CHEMBL2324256,-6.805,2.1950000000000003,CHEMBL240,hERG,False,False,False
Cc1ccc(OCCCc2cccc(CCCOc3ccc(C)cc3)[n+]2C)cc1,6.545,2,nM,CHEMBL2325205,-6.545,2.455,CHEMBL240,hERG,False,False,False
Cc1ccc(OCc2cccc(COc3ccc(C)cc3)[n+]2C)cc1,7.28,1,nM,CHEMBL2324262,-7.28,1.7199999999999998,CHEMBL240,hERG,False,False,False
Cc1ccc(Oc2ccc(-c3nnn(CCN)n3)cc2)cc1,5.24,1,nM,CHEMBL4851581,-5.24,3.76,CHEMBL240,hERG,False,False,False
Cc1ccc(Oc2ccc(Cl)c(Cl)c2)c(CN(C)C)c1,5.47,1,nM,CHEMBL455511,-5.47,3.5300000000000002,CHEMBL240,hERG,False,False,False
Cc1ccc(Oc2ccc(Nc3ncnc4cccc(O[C@@H](C)C(=O)N(C)C)c34)cc2C)cn1,4.96,1,nM,CHEMBL429760,-4.96,4.04,CHEMBL240,hERG,False,False,False
Cc1ccc(Oc2ccc(Nc3ncnc4cccc(O[C@H](C)C(=O)N(C)C)c34)cc2C)cn1,5.1,1,nM,CHEMBL256362,-5.1,3.9000000000000004,CHEMBL240,hERG,False,False,False
Cc1ccc(Oc2ccc(Nc3ncnc4cccc(O[C@H](C)C(=O)N(C)CCO)c34)cc2C)cn1,4.92,1,nM,CHEMBL257478,-4.92,4.08,CHEMBL240,hERG,False,False,False
Cc1ccc(Oc2ccnc3cc(-c4cnn(C5CCNCC5)c4)ccc23)cc1,5.51,1,nM,CHEMBL4091441,-5.51,3.49,CHEMBL240,hERG,False,False,False
Cc1ccc(S(=O)(=O)C[C@@H]2C[C@H](N(C)C(C)C)CC[C@@H]2N2CC[C@H](NC(=O)c3cccc(C(F)(F)F)c3)C2=O)cc1,5.52,1,nM,CHEMBL1092678,-5.52,3.4800000000000004,CHEMBL240,hERG,False,False,False
Cc1ccc(S(=O)(=O)N(C)C(=O)N2CCC(N3CCC(Oc4ccc(Cl)c(Cl)c4)CC3)CC2)cc1,6.5,1,nM,CHEMBL2171013,-6.5,2.5,CHEMBL240,hERG,False,False,False
Cc1ccc(S(=O)(=O)N/N=C/c2cn(CC(=O)Nc3ccc(F)cc3F)c3ccccc23)cc1,4.37,1,nM,CHEMBL2440384,-4.37,4.63,CHEMBL240,hERG,False,False,False
Cc1ccc(S(=O)(=O)N/N=C/c2cn(CC(=O)Nc3ccccc3)c3ccccc23)cc1,4.36,1,nM,CHEMBL2440398,-4.36,4.64,CHEMBL240,hERG,False,False,False
Cc1ccc(S(=O)(=O)N/N=C/c2cn(CC(=O)Nc3ccccc3Cl)c3ccccc23)cc1,4.73,1,nM,CHEMBL2440383,-4.73,4.27,CHEMBL240,hERG,False,False,False
Cc1ccc(S(=O)(=O)NC(=O)N2CCC(N3CCC(Oc4ccc(Cl)c(Cl)c4)CC3)CC2)cc1,4.6,1,nM,CHEMBL2158814,-4.6,4.4,CHEMBL240,hERG,True,True,True
Cc1ccc([C@@H](C)N2[C@@H]3CC[C@H]2C[C@H](Oc2cccc(C(N)=O)c2)C3)cn1,8.52,1,nM,CHEMBL1257458,-8.52,0.4800000000000004,CHEMBL240,hERG,False,False,False
Cc1ccc([C@@H](C)N2[C@@H]3CC[C@H]2C[C@H](Oc2cccc(C(N)=O)c2)C3)s1,8.55,1,nM,CHEMBL1257347,-8.55,0.4499999999999993,CHEMBL240,hERG,False,False,False
Cc1ccc([C@@H]2CN(C(=O)[C@H]3CC[C@H](CN)CC3)C[C@H]2c2ccc(C#N)cc2)cc1,4.92,1,nM,CHEMBL4071991,-4.92,4.08,CHEMBL240,hERG,False,False,False
Cc1ccc([C@H](CCN2[C@@H]3CC[C@H]2C[C@H](n2c(C)nnc2C(C)C)C3)NC(=O)C2CCC(F)(F)CC2)s1,5.47,1,nM,CHEMBL4248282,-5.47,3.5300000000000002,CHEMBL240,hERG,False,False,False
Cc1ccc([C@H]2CC[C@@H](N3CC(NC(=O)CNc4n[nH]c5ccc(C(F)(F)F)cc45)C3)CC2)cn1,4.57,1,nM,CHEMBL1834788,-4.57,4.43,CHEMBL240,hERG,False,False,False
Cc1ccc([C@H]2CC[C@@H](N3CC(NC(=O)CNc4nn(C)c5ccc(C(F)(F)F)cc45)C3)CC2)cn1,4.75,1,nM,CHEMBL1834791,-4.75,4.25,CHEMBL240,hERG,False,False,False
Cc1ccc([C@]2(O)CC[C@H](N3CC(NC(=O)CNC(=O)c4cccc(C(F)(F)F)c4)C3)CC2)cn1,4.46,1,nM,CHEMBL2204243,-4.46,4.54,CHEMBL240,hERG,False,False,False
Cc1ccc([C@]2(O)CC[C@H](N3CC[C@@H](NC(=O)CNC(=O)c4cccc(C(F)(F)F)c4)C3)CC2)cc1,4.88,1,nM,CHEMBL1951766,-4.88,4.12,CHEMBL240,hERG,False,False,False
Cc1ccc([C@]2(O)CC[C@H](N[C@H]3CCN(C(=O)CNC(=O)c4cccc(C(F)(F)F)c4)C3)CC2)nc1,4.62,1,nM,CHEMBL2029417,-4.62,4.38,CHEMBL240,hERG,False,False,False
Cc1ccc2[nH]c(=O)n(C3CCN(C4CCOCC4)CC3)c2c1,4.6,1,nM,CHEMBL2146599,-4.6,4.4,CHEMBL240,hERG,False,False,False
Cc1ccc2[nH]c(C(=O)N[C@@H]3Cc4ccccc4[C@@H]3NC(=O)CCN(C)C)cc2c1,5.2,1,nM,CHEMBL4167267,-5.2,3.8,CHEMBL240,hERG,False,False,False
Cc1ccc2[nH]c(C(=O)N[C@@H]3Cc4ccccc4[C@H]3NC(=O)CCN(C)C)cc2c1,5.6,1,nM,CHEMBL4163811,-5.6,3.4000000000000004,CHEMBL240,hERG,False,False,False
Cc1ccc2[nH]c(C(=O)N[C@H]3Cc4ccccc4[C@@H]3NC(=O)CCN(C)C)cc2c1,5.1,1,nM,CHEMBL4171040,-5.1,3.9000000000000004,CHEMBL240,hERG,False,False,False
Cc1ccc2[nH]c(C(=O)N[C@H]3Cc4ccccc4[C@H]3NC(=O)CCN(C)C)cc2c1,4.6,1,nM,CHEMBL4174476,-4.6,4.4,CHEMBL240,hERG,False,False,False
Cc1ccc2c(-c3nnc(SCCC(C)N4CCc5cc6c(cc5CC4)C(=O)N(C(C)C)C6)n3C)cccc2n1,5.6,1,nM,CHEMBL272086,-5.6,3.4000000000000004,CHEMBL240,hERG,False,False,False
Cc1ccc2c(-c3nnc(SCCC(C)N4CCc5cc6c(cc5CC4)C(=O)N(C)C6)n3C)cccc2n1,4.4,1,nM,CHEMBL272300,-4.4,4.6,CHEMBL240,hERG,False,False,False
Cc1ccc2c(-c3nnc(SCCC(C)N4CCc5cc6nc(C(F)(F)F)oc6c(Br)c5CC4)n3C)cccc2n1,5.7,1,nM,CHEMBL255618,-5.7,3.3,CHEMBL240,hERG,False,False,False
Cc1ccc2c(-c3nnc(SCCC(C)N4CCc5cc6nc(C(F)(F)F)oc6c(C)c5CC4)n3C)cccc2n1,6.0,1,nM,CHEMBL257525,-6.0,3.0,CHEMBL240,hERG,False,False,False
Cc1ccc2c(-c3nnc(SCCC(C)N4CCc5cc6nc(C)oc6c(Br)c5CC4)n3C)cccc2n1,5.0,1,nM,CHEMBL273165,-5.0,4.0,CHEMBL240,hERG,False,False,False
Cc1ccc2c(-c3nnc(SCCC(C)N4CCc5cc6nc(C)oc6c(C)c5CC4)n3C)cccc2n1,4.9,1,nM,CHEMBL270239,-4.9,4.1,CHEMBL240,hERG,False,False,False
Cc1ccc2c(-c3nnc(SCCC(C)N4CCc5ccc(-c6cc(C)nn6C)cc5CC4)n3C)cccc2n1,5.9,1,nM,CHEMBL242603,-5.9,3.0999999999999996,CHEMBL240,hERG,False,False,False
Cc1ccc2c(-c3nnc(SCCCCN4CCc5cc6c(cc5CC4)C(=O)N(C(C)C)C6)n3C)cccc2n1,5.4,1,nM,CHEMBL270852,-5.4,3.5999999999999996,CHEMBL240,hERG,False,False,False
Cc1ccc2c(-c3nnc(SCCCCN4CCc5cc6c(cc5CC4)C(=O)N(C)C6)n3C)cccc2n1,4.5,1,nM,CHEMBL270853,-4.5,4.5,CHEMBL240,hERG,False,False,False
Cc1ccc2c(-c3nnc(SCCCCN4CCc5cc6nc(C(F)(F)F)oc6c(Br)c5CC4)n3C)cccc2n1,6.6,1,nM,CHEMBL257369,-6.6,2.4000000000000004,CHEMBL240,hERG,False,False,False
Cc1ccc2c(-c3nnc(SCCCCN4CCc5cc6nc(C(F)(F)F)oc6c(C)c5CC4)n3C)cccc2n1,6.6,1,nM,CHEMBL271097,-6.6,2.4000000000000004,CHEMBL240,hERG,False,False,False
Cc1ccc2c(-c3nnc(SCCCCN4CCc5cc6nc(C)oc6c(Br)c5CC4)n3C)cccc2n1,5.3,1,nM,CHEMBL271072,-5.3,3.7,CHEMBL240,hERG,False,False,False
Cc1ccc2c(-c3nnc(SCCCCN4CCc5cc6nc(C)oc6c(C)c5CC4)n3C)cccc2n1,5.8,1,nM,CHEMBL256481,-5.8,3.2,CHEMBL240,hERG,False,False,False
Cc1ccc2c(-c3nnc(SCCCN4CC5CC5(c5ccc(Br)cc5)C4)n3C)cccc2n1,6.9,1,nM,CHEMBL1079497,-6.9,2.0999999999999996,CHEMBL240,hERG,False,False,False
Cc1ccc2c(-c3nnc(SCCCN4CC5CC5(c5ccc(C#N)cc5)C4)n3C)cccc2n1,6.2,1,nM,CHEMBL1079577,-6.2,2.8,CHEMBL240,hERG,False,False,False
Cc1ccc2c(-c3nnc(SCCCN4CC5CC5(c5ccc(C(C)(C)C)cc5)C4)n3C)cccc2n1,6.6,3,nM,CHEMBL1081401,-6.6,2.4000000000000004,CHEMBL240,hERG,False,False,False
Cc1ccc2c(-c3nnc(SCCCN4CC5CC5(c5ccc(C(F)(F)F)cc5)C4)n3C)cccc2n1,6.8,1,nM,CHEMBL1080293,-6.8,2.2,CHEMBL240,hERG,False,False,False
Cc1ccc2c(-c3nnc(SCCCN4CC5CC5(c5ccc(Cl)c(Cl)c5)C4)n3C)cccc2n1,6.0,3,nM,CHEMBL1081237,-6.0,3.0,CHEMBL240,hERG,False,False,False
Cc1ccc2c(-c3nnc(SCCCN4CC5CC5(c5ccc(Cl)cc5)C4)n3C)cccc2n1,5.8,3,nM,CHEMBL1080117,-5.8,3.2,CHEMBL240,hERG,False,False,False
Cc1ccc2c(-c3nnc(SCCCN4CC5CC5(c5ccccc5)C4)n3C)cccc2n1,5.7,3,nM,CHEMBL1081203,-5.7,3.3,CHEMBL240,hERG,False,False,False
Cc1ccc2c(-c3nnc(SCCCN4CCc5c(Cl)cc6oc(C)nc6c5CC4)n3C)cccc2n1,5.8,1,nM,CHEMBL403815,-5.8,3.2,CHEMBL240,hERG,False,False,False
Cc1ccc2c(-c3nnc(SCCCN4CCc5cc6c(cc5CC4)C(=O)N(C(C)C)C6)n3C)cccc2n1,5.4,1,nM,CHEMBL272478,-5.4,3.5999999999999996,CHEMBL240,hERG,False,False,False
Cc1ccc2c(-c3nnc(SCCCN4CCc5cc6c(cc5CC4)N(C)C(=O)CO6)n3C)cccc2n1,5.3,1,nM,CHEMBL256652,-5.3,3.7,CHEMBL240,hERG,False,False,False
Cc1ccc2c(-c3nnc(SCCCN4CCc5cc6c(cc5CC4)N(S(C)(=O)=O)CCO6)n3C)cccc2n1,5.1,1,nM,CHEMBL272379,-5.1,3.9000000000000004,CHEMBL240,hERG,False,False,False
Cc1ccc2c(-c3nnc(SCCCN4CCc5cc6c(cc5CC4)OCC(=O)N6)n3C)cccc2n1,8.2,1,nM,CHEMBL271066,-8.2,0.8000000000000007,CHEMBL240,hERG,False,False,False
Cc1ccc2c(-c3nnc(SCCCN4CCc5cc6c(cc5CC4)OCCN6)n3C)cccc2n1,6.4,1,nM,CHEMBL408169,-6.4,2.5999999999999996,CHEMBL240,hERG,False,False,False
Cc1ccc2c(-c3nnc(SCCCN4CCc5cc6nc(-c7cc(C)nn7C)oc6cc5CC4)n3C)cccc2n1,6.3,1,nM,CHEMBL270567,-6.3,2.7,CHEMBL240,hERG,False,False,False
Cc1ccc2c(-c3nnc(SCCCN4CCc5cc6nc(C(C)(C)C)oc6c(Br)c5CC4)n3C)cccc2n1,6.4,1,nM,CHEMBL255566,-6.4,2.5999999999999996,CHEMBL240,hERG,False,False,False
Cc1ccc2c(-c3nnc(SCCCN4CCc5cc6nc(C(C)(C)C)oc6c(C)c5CC4)n3C)cccc2n1,6.6,1,nM,CHEMBL402087,-6.6,2.4000000000000004,CHEMBL240,hERG,False,False,False
Cc1ccc2c(-c3nnc(SCCCN4CCc5cc6nc(C(C)(C)C)oc6cc5CC4)n3C)cccc2n1,6.1,1,nM,CHEMBL429132,-6.1,2.9000000000000004,CHEMBL240,hERG,False,False,False
Cc1ccc2c(-c3nnc(SCCCN4CCc5cc6nc(C(C)(F)F)oc6cc5CC4)n3C)cccc2n1,5.9,1,nM,CHEMBL256473,-5.9,3.0999999999999996,CHEMBL240,hERG,False,False,False
Cc1ccc2c(-c3nnc(SCCCN4CCc5cc6nc(C(C)C)oc6cc5CC4)n3C)cccc2n1,5.7,1,nM,CHEMBL256015,-5.7,3.3,CHEMBL240,hERG,False,False,False
Cc1ccc2c(-c3nnc(SCCCN4CCc5cc6nc(C(F)(F)C(F)(F)F)oc6cc5CC4)n3C)cccc2n1,7.0,1,nM,CHEMBL270227,-7.0,2.0,CHEMBL240,hERG,False,False,False
Cc1ccc2c(-c3nnc(SCCCN4CCc5cc6nc(C(F)(F)F)oc6cc5CC4)n3C)cccc2n1,6.0,1,nM,CHEMBL402016,-6.0,3.0,CHEMBL240,hERG,False,False,False
Cc1ccc2c(-c3nnc(SCCCN4CCc5cc6nc(C)oc6c(Br)c5CC4)n3C)cccc2n1,5.6,1,nM,CHEMBL255806,-5.6,3.4000000000000004,CHEMBL240,hERG,False,False,False
Cc1ccc2c(-c3nnc(SCCCN4CCc5cc6nc(C)oc6c(C)c5CC4)n3C)cccc2n1,5.3,1,nM,CHEMBL272694,-5.3,3.7,CHEMBL240,hERG,False,False,False
Cc1ccc2c(-c3nnc(SCCCN4CCc5cc6nc(C)sc6cc5CC4)n3C)cccc2n1,5.6,1,nM,CHEMBL271632,-5.6,3.4000000000000004,CHEMBL240,hERG,False,False,False
Cc1ccc2c(-c3nnc(SCCCN4CCc5cc6nc(C7CC7)oc6cc5CC4)n3C)cccc2n1,6.0,1,nM,CHEMBL272695,-6.0,3.0,CHEMBL240,hERG,False,False,False
Cc1ccc2c(-c3nnc(SCCCN4CCc5cc6nc(CC(F)(F)F)oc6cc5CC4)n3C)cccc2n1,5.6,1,nM,CHEMBL258090,-5.6,3.4000000000000004,CHEMBL240,hERG,False,False,False
Cc1ccc2c(-c3nnc(SCCCN4CCc5cc6nc(CC7CC7)oc6cc5CC4)n3C)cccc2n1,5.9,1,nM,CHEMBL273166,-5.9,3.0999999999999996,CHEMBL240,hERG,False,False,False
Cc1ccc2c(-c3nnc(SCCCN4CCc5cc6nc(N(C)C)oc6cc5CC4)n3C)cccc2n1,4.7,1,nM,CHEMBL255620,-4.7,4.3,CHEMBL240,hERG,False,False,False
Cc1ccc2c(-c3nnc(SCCCN4CCc5cc6nc(N7CCCCC7)oc6cc5CC4)n3C)cccc2n1,5.3,1,nM,CHEMBL255826,-5.3,3.7,CHEMBL240,hERG,False,False,False
Cc1ccc2c(-c3nnc(SCCCN4CCc5cc6ncoc6cc5CC4)n3C)cccc2n1,5.4,1,nM,CHEMBL271844,-5.4,3.5999999999999996,CHEMBL240,hERG,False,False,False
Cc1ccc2c(-c3nnc(SCCCN4CCc5cc6onc(C)c6cc5CC4)n3C)cccc2n1,6.1,1,nM,CHEMBL257946,-6.1,2.9000000000000004,CHEMBL240,hERG,False,False,False
Cc1ccc2c(-c3nnc(SCCCN4CCc5ccc(-c6cc(C)nn6C)cc5CC4)n3C)cccc2n1,5.7,5,nM,CHEMBL244946,-5.7,3.3,CHEMBL240,hERG,False,False,False
Cc1ccc2c(-c3nnc(SCCCN4CCc5ccc(-c6cc(C)on6)cc5CC4)n3C)cccc2n1,6.6,2,nM,CHEMBL243707,-6.6,2.4000000000000004,CHEMBL240,hERG,False,False,False
Cc1ccc2c(-c3nnc(SCCCN4CCc5ccc(-c6ncc(C)o6)cc5CC4)n3C)cccc2n1,6.1,1,nM,CHEMBL244084,-6.1,2.9000000000000004,CHEMBL240,hERG,False,False,False
Cc1ccc2c(-c3nnc(SCCCN4CCc5ccc6nc(C(C)(F)F)oc6c5CC4)n3C)cccc2n1,5.6,1,nM,CHEMBL256488,-5.6,3.4000000000000004,CHEMBL240,hERG,False,False,False
Cc1ccc2c(-c3nnc(SCCCN4CCc5ccc6nc(C(F)(F)F)oc6c5CC4)n3C)cccc2n1,6.0,1,nM,CHEMBL404363,-6.0,3.0,CHEMBL240,hERG,False,False,False
Cc1ccc2c(-c3nnc(SCCCN4CCc5ccc6nc(C)sc6c5CC4)n3C)cccc2n1,5.5,1,nM,CHEMBL271909,-5.5,3.5,CHEMBL240,hERG,False,False,False
Cc1ccc2c(-c3nnc(SCCCN4CCc5ccc6oc(-c7cc(C)nn7C)nc6c5CC4)n3C)cccc2n1,6.1,1,nM,CHEMBL402853,-6.1,2.9000000000000004,CHEMBL240,hERG,False,False,False
Cc1ccc2c(-c3nnc(SCCCN4CCc5ccc6oc(C(F)(F)C(F)(F)F)nc6c5CC4)n3C)cccc2n1,6.6,1,nM,CHEMBL271034,-6.6,2.4000000000000004,CHEMBL240,hERG,False,False,False
Cc1ccc2c(-c3nnc(SCCCN4CCc5ccc6oc(C(F)(F)F)nc6c5CC4)n3C)cccc2n1,5.7,2,nM,CHEMBL272150,-5.7,3.3,CHEMBL240,hERG,False,False,False
Cc1ccc2c(-c3nnc(SCCCN4CCc5ccc6oc(C)nc6c5CC4)n3C)cccc2n1,5.6,3,nM,CHEMBL272511,-5.6,3.4000000000000004,CHEMBL240,hERG,False,False,False
Cc1ccc2c(-c3nnc(SCCCN4CCc5nc6cc(C(F)(F)F)ccn6c5CC4)n3C)cccc2n1,6.6,1,nM,CHEMBL411293,-6.6,2.4000000000000004,CHEMBL240,hERG,False,False,False
Cc1ccc2c(-c3nnc(SCCCN4CCc5nc6ccc(C(F)(F)F)cn6c5CC4)n3C)cccc2n1,5.3,1,nM,CHEMBL271729,-5.3,3.7,CHEMBL240,hERG,False,False,False
Cc1ccc2c(-c3nnc(SCCCN4CCc5nc6ccc(Cl)cn6c5CC4)n3C)cccc2n1,5.8,1,nM,CHEMBL257716,-5.8,3.2,CHEMBL240,hERG,False,False,False
Cc1ccc2c(-c3nnc(SCCCN4CCc5nc6ccccn6c5CC4)n3C)cccc2n1,5.6,1,nM,CHEMBL406678,-5.6,3.4000000000000004,CHEMBL240,hERG,False,False,False
Cc1ccc2c(-c3nnc(SCCCN4C[C@@H]5C[C@]5(c5ccc(Br)cc5)C4)n3C)cccc2n1,6.6,1,nM,CHEMBL1080165,-6.6,2.4000000000000004,CHEMBL240,hERG,False,False,False
Cc1ccc2c(-c3nnc(SCCCN4C[C@@H]5C[C@]5(c5ccc(C(F)(F)F)cc5)C4)n3C)cccc2n1,6.3,1,nM,CHEMBL1081685,-6.3,2.7,CHEMBL240,hERG,False,False,False
Cc1ccc2c(-c3nnc(SCCCN4C[C@H]5C[C@@]5(c5ccc(Br)cc5)C4)n3C)cccc2n1,6.3,1,nM,CHEMBL1080164,-6.3,2.7,CHEMBL240,hERG,False,False,False
Cc1ccc2c(-c3nnc(SCCN4CCc5cc6nc(C(F)(F)F)oc6c(Br)c5CC4)n3C)cccc2n1,6.2,1,nM,CHEMBL408208,-6.2,2.8,CHEMBL240,hERG,False,False,False
Cc1ccc2c(-c3nnc(SCCN4CCc5cc6nc(C(F)(F)F)oc6c(C)c5CC4)n3C)cccc2n1,6.4,1,nM,CHEMBL257900,-6.4,2.5999999999999996,CHEMBL240,hERG,False,False,False
Cc1ccc2c(-c3nnc(SCCN4CCc5cc6nc(C)oc6c(Br)c5CC4)n3C)cccc2n1,5.2,1,nM,CHEMBL402015,-5.2,3.8,CHEMBL240,hERG,False,False,False
Cc1ccc2c(-c3nnc(SCCN4CCc5cc6nc(C)oc6c(C)c5CC4)n3C)cccc2n1,4.9,1,nM,CHEMBL257901,-4.9,4.1,CHEMBL240,hERG,False,False,False
Cc1ccc2c(-c3nnc(SCCN4CCc5cc6nc(C)oc6cc5CC4)n3C)cccc2n1,4.3,1,nM,CHEMBL256650,-4.3,4.7,CHEMBL240,hERG,False,False,False
Cc1ccc2c(-c3nnc(SCCN4CCc5ccc(-c6cc(C)nn6C)cc5CC4)n3C)cccc2n1,5.7,1,nM,CHEMBL245120,-5.7,3.3,CHEMBL240,hERG,False,False,False
Cc1ccc2c(=O)n(-c3ccc(OCCCN4CCCC4)cc3)c(C)nc2c1,5.17,2,nM,CHEMBL478615,-5.17,3.83,CHEMBL240,hERG,True,True,True
Cc1ccc2c(N3CCN(CCc4cccc5c4OCc4c(C(=O)N6CCOCC6)ncn4-5)CC3)cccc2n1,6.0,1,nM,CHEMBL1242717,-6.0,3.0,CHEMBL240,hERG,True,True,True
Cc1ccc2c(c1)C(C1=C[C@H](C)N(C)CC1)=Nc1cc(Cl)ccc1N2,6.1,1,nM,CHEMBL4745124,-6.1,2.9000000000000004,CHEMBL240,hERG,False,False,False
Cc1ccc2c(c1)CC(CCN(C)C)=C2Cc1cnccn1,6.28,1,nM,CHEMBL1092600,-6.28,2.7199999999999998,CHEMBL240,hERG,True,True,True
Cc1ccc2c(c1)CC(CCN(C)C)=C2[C@@H](C)c1cnccn1,6.44,1,nM,CHEMBL1092663,-6.44,2.5599999999999996,CHEMBL240,hERG,False,False,False
Cc1ccc2c(c1)CC(CCN(C)C)=C2[C@@H](C)c1nccs1,6.21,1,nM,CHEMBL1090528,-6.21,2.79,CHEMBL240,hERG,False,False,False
Cc1ccc2c(c1)N=C(C1=C[C@H](C)N(C)CC1)c1cc(Cl)ccc1N2,5.96,1,nM,CHEMBL4756254,-5.96,3.04,CHEMBL240,hERG,False,False,False
Cc1ccc2c(c1)N=C(C1=C[C@H](C)N(C)CC1)c1cc(F)ccc1N2,5.8,1,nM,CHEMBL4776090,-5.8,3.2,CHEMBL240,hERG,False,False,False
Cc1ccc2c(c1)nc(CCN1C(=O)c3cccc4cccc(c34)C1=O)n2-c1ccncc1,5.33,1,nM,CHEMBL4558162,-5.33,3.67,CHEMBL240,hERG,False,False,False
Cc1ccc2cc(C(=O)c3cnn(-c4ccc5nc(C)[nH]c5c4)c3N)[nH]c2c1,5.16,1,nM,CHEMBL3895337,-5.16,3.84,CHEMBL240,hERG,False,False,False
Cc1ccc2cccc(NC(=O)[C@]3(O)CC[C@@H](NCc4cc5c(cn4)OCCO5)CC3)c2n1,5.7,1,nM,CHEMBL1926867,-5.7,3.3,CHEMBL240,hERG,False,False,False
Cc1ccc2nc(C)n(-c3ccc(OCCCN4CCCC4)cc3)c(=O)c2c1,5.0,1,nM,CHEMBL478406,-5.0,4.0,CHEMBL240,hERG,True,True,True
Cc1ccc2nc(CN3CCCC3)n(Cc3ccc(Cl)cc3)c2c1,6.19,1,nM,CHEMBL3699580,-6.19,2.8099999999999996,CHEMBL240,hERG,False,False,False
Cc1ccc2nc(CN3CCN(C(=O)CC(c4ccccc4)c4ccc(F)cc4)CC3)oc2c1,5.64,1,nM,CHEMBL1645172,-5.64,3.3600000000000003,CHEMBL240,hERG,False,False,False
Cc1ccc2nc3c(n2c1)CCN(CCCSc1nnc(-c2cccc4nc(C)ccc24)n1C)CC3,5.6,1,nM,CHEMBL256658,-5.6,3.4000000000000004,CHEMBL240,hERG,False,False,False
Cc1ccc2oc(-c3c4c(N)n[nH]c(=O)c4nn3-c3ccc(NC(=O)/C=C/CN(C)C)cc3)c(C)c2c1,4.48,1,nM,CHEMBL4463714,-4.48,4.52,CHEMBL240,hERG,False,False,False
Cc1ccc2oc(-c3c4c(N)n[nH]c(=O)c4nn3-c3ccccc3)c(C)c2c1,4.71,1,nM,CHEMBL4586512,-4.71,4.29,CHEMBL240,hERG,False,False,False
Cc1ccc2oc(C(=O)CC#N)c(C)c2c1,7.52,1,nM,CHEMBL4577458,-7.52,1.4800000000000004,CHEMBL240,hERG,False,False,False
Cc1ccc2oc(N3CCN4CCC3CC4)nc2n1,4.4,1,nM,CHEMBL604798,-4.4,4.6,CHEMBL240,hERG,False,False,False
Cc1cccc(-c2[nH]c(CNc3ccccc3F)nc2-c2ccc3ncnn3c2)n1,4.51,2,nM,CHEMBL3260567,-4.51,4.49,CHEMBL240,hERG,False,False,False
Cc1cccc(-c2cc3c(N[C@@H]4CC[C@](C)(N)C4(C)C)c(C(N)=O)cnn3c2)c1,5.11,1,nM,CHEMBL4087655,-5.11,3.8899999999999997,CHEMBL240,hERG,False,False,False
Cc1cccc(-c2nnc3n2CCN(C(=O)c2ccc(-c4ccccc4)cc2)[C@@H]3C)n1,4.6,1,nM,CHEMBL4107668,-4.6,4.4,CHEMBL240,hERG,False,False,False
Cc1cccc(-c2nnc3n2CCN(C(=O)c2ccc(-c4cccs4)cc2)[C@@H]3C)n1,5.14,1,nM,CHEMBL3422007,-5.14,3.8600000000000003,CHEMBL240,hERG,False,False,False
Cc1cccc(-c2noc(C3CC(=O)N(c4ccc(F)cc4)C3)n2)c1,5.16,2,nM,CHEMBL2069398,-5.16,3.84,CHEMBL240,hERG,True,True,True
Cc1cccc(C(=O)Nc2cccc(NC(=O)c3cccc(C)c3)c2)c1,4.91,1,nM,CHEMBL3185736,-4.91,4.09,CHEMBL240,hERG,False,False,False
Cc1cccc(C(CCCN)(c2ccccc2)c2ccccc2)c1,5.19,1,nM,CHEMBL2022997,-5.19,3.8099999999999996,CHEMBL240,hERG,True,True,True
Cc1cccc(C)c1C(=O)N1CCC(C)(N2CCC(N(Cc3ccccc3)c3ccccc3)CC2)CC1,6.17,1,nM,CHEMBL301454,-6.17,2.83,CHEMBL240,hERG,False,False,False
Cc1cccc(C)c1C(=O)N1CCC(C)(N2CCC(N(c3ccccc3)c3ccccc3)CC2)CC1,6.82,1,nM,CHEMBL62152,-6.82,2.1799999999999997,CHEMBL240,hERG,False,False,False
Cc1cccc(C)c1C(=O)N1CCC(N2CCC(N(Cc3ccccc3)C(=O)C3CCC3)CC2)CC1,5.47,1,nM,CHEMBL472260,-5.47,3.5300000000000002,CHEMBL240,hERG,False,False,False
Cc1cccc(C)c1C(=O)N1CCC(N2CC[C@@H](N(Cc3ccccc3)C(=O)C3CC3)C2)CC1,5.01,1,nM,CHEMBL471623,-5.01,3.99,CHEMBL240,hERG,False,False,False
Cc1cccc(C)c1NC(=O)CC12CCCN1CCC2,4.69,2,nM,CHEMBL163238,-4.69,4.31,CHEMBL240,hERG,False,False,False
Cc1cccc(C)c1NC(=O)CN1CCN(CCCC(c2ccc(F)cc2)c2ccc(F)cc2)CC1,7.8,2,nM,CHEMBL92870,-7.8,1.2000000000000002,CHEMBL240,hERG,False,False,False
Cc1cccc(C)c1OCC(=O)N[C@@H](Cc1ccccc1)[C@@H](O)C[C@H](Cc1ccccc1)NC(=O)[C@H](C(C)C)N1CCCNC1=O,5.07,1,nM,CHEMBL729,-5.07,3.9299999999999997,CHEMBL240,hERG,False,False,False
Cc1cccc(C)c1OCC(C)N,5.0,1,nM,CHEMBL558,-5.0,4.0,CHEMBL240,hERG,False,False,False
Cc1cccc(C)c1[C@]1(O)CC[C@@H](N2CC(NC(=O)CNC(=O)c3cccc(C(F)(F)F)c3)C2)CC1,5.12,1,nM,CHEMBL1829635,-5.12,3.88,CHEMBL240,hERG,False,False,False
Cc1cccc(CCN2C(=O)c3ccccc3C2C(=O)NCc2ccc(OC(F)(F)F)cc2)n1,5.18,1,nM,CHEMBL2164356,-5.18,3.8200000000000003,CHEMBL240,hERG,False,False,False
Cc1cccc(CCN2CCC(C(=O)c3ccc(NS(C)(=O)=O)cc3)CC2)n1,7.68,27,nM,CHEMBL327980,-7.68,1.3200000000000003,CHEMBL240,hERG,False,False,False
Cc1cccc(CN2[C@@H]3CC[C@H]2C[C@H](Oc2cccc(C(N)=O)c2)C3)c1,9.28,1,nM,CHEMBL1257937,-9.28,-0.27999999999999936,CHEMBL240,hERG,False,False,False
Cc1cccc(C[C@@H](C(=O)O)N2CCC(CN3CCC(Oc4ccc(Cl)c(Cl)c4)CC3)CC2)c1,5.2,1,nM,CHEMBL2158773,-5.2,3.8,CHEMBL240,hERG,True,True,True
Cc1cccc(N2CCC3CN(CCCSc4nnc(-c5cnccn5)n4C)CC32)c1,6.5,1,nM,CHEMBL3775836,-6.5,2.5,CHEMBL240,hERG,True,True,True
Cc1cccc(N2CCN(CCCNC(=O)c3nc(C)n(-c4ccc5c(c4)OCCO5)c3C)CC2)c1C,5.06,1,nM,CHEMBL3215864,-5.06,3.9400000000000004,CHEMBL240,hERG,False,False,False
Cc1cccc(N2CCN(CCN(C)C[C@]34CC[C@H](CC3)C4(C)C)C2=O)c1,5.8,2,nM,CHEMBL560270,-5.8,3.2,CHEMBL240,hERG,True,True,True
Cc1cccc(N2CCN(CCNC(=O)c3cc(C(C)(C)C)n(C)c3C)CC2)c1C,4.93,1,nM,CHEMBL1214595,-4.93,4.07,CHEMBL240,hERG,False,False,False
Cc1cccc(N2C[C@]3(CC[C@@H](c4nc5cc(OC(F)(F)F)ccc5[nH]4)CC3)OC2=O)n1,5.7,1,nM,CHEMBL1289609,-5.7,3.3,CHEMBL240,hERG,False,False,False
Cc1cccc(NC(=O)N[C@@H]2N=C(c3ccccc3)c3ccccc3N(C)C2=O)c1,5.3,1,nM,CHEMBL9387,-5.3,3.7,CHEMBL240,hERG,False,False,False
Cc1cccc(Nc2cc(N[C@@H]3CCCC[C@@H]3N)nnc2C(N)=O)n1,5.0,1,nM,CHEMBL3233058,-5.0,4.0,CHEMBL240,hERG,False,False,False
Cc1cccc(Nc2nc(N3CCNCC3)nc3c(C)nn(CCOCC(F)(F)F)c23)n1,6.25,1,nM,CHEMBL1097718,-6.25,2.75,CHEMBL240,hERG,False,False,False
Cc1cccc(Nc2nc(NC3CNC3)ncc2C(N)=O)c1,5.8,1,nM,CHEMBL1835059,-5.8,3.2,CHEMBL240,hERG,False,False,False
Cc1cccc(Nc2nc(NCC3CCCCN3)ncc2C(N)=O)c1,5.6,1,nM,CHEMBL1835060,-5.6,3.4000000000000004,CHEMBL240,hERG,False,False,False
Cc1cccc(Nc2nc(NCCN)ncc2C(N)=O)c1,5.7,1,nM,CHEMBL515757,-5.7,3.3,CHEMBL240,hERG,False,False,False
Cc1cccc(Nc2nc(NC[C@@H]3CCCN3)ncc2C(N)=O)c1,6.0,1,nM,CHEMBL1835061,-6.0,3.0,CHEMBL240,hERG,False,False,False
Cc1cccc(Nc2nc(NC[C@H]3CCCN3)ncc2C(N)=O)c1,5.6,1,nM,CHEMBL1835062,-5.6,3.4000000000000004,CHEMBL240,hERG,False,False,False
Cc1cccc(Nc2nc(N[C@@H]3CC(F)(F)CC[C@@H]3N)ncc2C(N)=O)c1,5.1,1,nM,CHEMBL1835069,-5.1,3.9000000000000004,CHEMBL240,hERG,False,False,False
Cc1cccc(Nc2nc(N[C@@H]3CCC(F)(F)C[C@@H]3N)ncc2C(N)=O)c1,5.5,1,nM,CHEMBL1835068,-5.5,3.5,CHEMBL240,hERG,False,False,False
Cc1cccc(Nc2nc(N[C@@H]3CCCC[C@@H]3N)ncc2C(N)=O)c1,5.5,1,nM,CHEMBL1235110,-5.5,3.5,CHEMBL240,hERG,False,False,False
Cc1cccc(Nc2nc(N[C@@H]3CCCNC3)ncc2C(N)=O)c1,5.6,1,nM,CHEMBL1834757,-5.6,3.4000000000000004,CHEMBL240,hERG,False,False,False
Cc1cccc(Nc2nc(N[C@@H]3CCNC3)ncc2C(N)=O)c1,6.3,1,nM,CHEMBL1835057,-6.3,2.7,CHEMBL240,hERG,False,False,False
Cc1cccc(Nc2nc(N[C@@H]3CCOC[C@@H]3N)ncc2C(N)=O)c1,5.4,1,nM,CHEMBL1835065,-5.4,3.5999999999999996,CHEMBL240,hERG,False,False,False
Cc1cccc(Nc2nc(N[C@@H]3COCC[C@@H]3N)ncc2C(N)=O)c1,5.1,1,nM,CHEMBL1835066,-5.1,3.9000000000000004,CHEMBL240,hERG,False,False,False
Cc1cccc(Nc2nc(N[C@@H]3COC[C@@H]3N)ncc2C(N)=O)c1,5.4,1,nM,CHEMBL1835067,-5.4,3.5999999999999996,CHEMBL240,hERG,False,False,False
Cc1cccc(Nc2nc(N[C@H]3CCCC[C@H]3N)ncc2C(N)=O)c1,5.2,1,nM,CHEMBL1835064,-5.2,3.8,CHEMBL240,hERG,False,False,False
Cc1cccc(Nc2nc(N[C@H]3CCCNC3)ncc2C(N)=O)c1,5.8,1,nM,CHEMBL1834758,-5.8,3.2,CHEMBL240,hERG,False,False,False
Cc1cccc(Nc2nc(N[C@H]3CCNC3)ncc2C(N)=O)c1,5.6,1,nM,CHEMBL1835058,-5.6,3.4000000000000004,CHEMBL240,hERG,False,False,False
Cc1cccc([C@H]2CC[C@@H](CNC(=O)c3ccc(-c4nc5cc(C#N)cc(C(C)C)c5o4)cc3)CC2)c1,4.95,1,nM,CHEMBL1771129,-4.95,4.05,CHEMBL240,hERG,False,False,False
Cc1cccc2c(=O)n(-c3ccc(OCCCN4CCCC4)cc3)c(C)nc12,5.8,2,nM,CHEMBL478616,-5.8,3.2,CHEMBL240,hERG,True,True,True
Cc1cccc2c(=O)n(C)c(-c3ccc(OC4CCN(C5CCC5)CC4)cc3)nc12,5.7,2,nM,CHEMBL508712,-5.7,3.3,CHEMBL240,hERG,True,True,True
Cc1cccc2c1C(C(=O)NCc1ccc(OC(F)(F)F)cc1)N(CCc1ccccn1)C2=O,5.25,1,nM,CHEMBL2164369,-5.25,3.75,CHEMBL240,hERG,False,False,False
Cc1cccc2nc(C)n(-c3ccc(OCCCN4CCCC4)cc3)c(=O)c12,5.18,2,nM,CHEMBL479242,-5.18,3.8200000000000003,CHEMBL240,hERG,True,True,True
Cc1ccccc1-c1cc2c(N[C@@H]3CC[C@](C)(N)C3(C)C)c(C(N)=O)cnn2c1,5.31,1,nM,CHEMBL4068856,-5.31,3.6900000000000004,CHEMBL240,hERG,False,False,False
Cc1ccccc1-c1nc2cc(-c3ccc(Cl)cc3)sc2c(=O)n1CC1CCCN(C(C)C)C1,5.68,1,nM,CHEMBL3218646,-5.68,3.3200000000000003,CHEMBL240,hERG,False,False,False
Cc1ccccc1-c1nc2ccc(-c3ccc(Cl)cc3)cc2c(=O)n1C[C@H]1CCCN(C(C)C)C1,5.06,1,nM,CHEMBL3218645,-5.06,3.9400000000000004,CHEMBL240,hERG,False,False,False
Cc1ccccc1-c1nc2cn(-c3ccc(Cl)cc3)nc2c(=O)n1CC1CCCN(C(C)C)C1,5.46,1,nM,CHEMBL3218647,-5.46,3.54,CHEMBL240,hERG,False,False,False
Cc1ccccc1-c1nc2cn(-c3cccc(C#N)c3)nc2c(=O)n1CC1CCCN(C(C)C)C1,4.66,1,nM,CHEMBL3218887,-4.66,4.34,CHEMBL240,hERG,False,False,False
Cc1ccccc1-c1nc2cn(-c3cccc(Cl)c3)nc2c(=O)n1CC1CCCN(C(C)C)C1,5.0,1,nM,CHEMBL3218885,-5.0,4.0,CHEMBL240,hERG,False,False,False
Cc1ccccc1C(=O)Nc1ccc(-c2nnc(NCCCN3CCCCC3)o2)cc1,5.1,1,nM,CHEMBL2022941,-5.1,3.9000000000000004,CHEMBL240,hERG,False,False,False
Cc1ccccc1C(C)N1[C@@H]2CC[C@H]1C[C@H](Oc1cccc(C(N)=O)c1)C2,8.31,1,nM,CHEMBL1258724,-8.31,0.6899999999999995,CHEMBL240,hERG,False,False,False
Cc1ccccc1C(OCCN(C)C)c1ccccc1,6.07,1,nM,CHEMBL900,-6.07,2.9299999999999997,CHEMBL240,hERG,False,False,False
Cc1ccccc1C1CCN(C[C@@H]2CCc3c(C)cccc3[C@@H](O)C2)CC1,7.07,1,nM,CHEMBL513585,-7.07,1.9299999999999997,CHEMBL240,hERG,False,False,False
Cc1ccccc1C1CCN(C[C@@H]2CCc3cccnc3[C@@H](O)C2)CC1,5.695,2,nM,CHEMBL472168,-5.695,3.3049999999999997,CHEMBL240,hERG,False,False,False
Cc1ccccc1C1CCN(C[C@H]2CCc3cccnc3[C@@H](O)C2)CC1,6.585,2,nM,CHEMBL471994,-6.585,2.415,CHEMBL240,hERG,False,False,False
Cc1ccccc1CN(c1ccc(C#N)c(Cl)c1)[C@H]1CCN(S(C)(=O)=O)C1,5.55,1,nM,CHEMBL601500,-5.55,3.45,CHEMBL240,hERG,False,False,False
Cc1ccccc1CN1[C@@H]2CC[C@H]1C[C@H](Oc1cccc(C(N)=O)c1)C2,9.21,1,nM,CHEMBL1257938,-9.21,-0.21000000000000085,CHEMBL240,hERG,False,False,False
Cc1ccccc1N1CCC2CN(CCCSc3nnc(-c4cnccn4)n3C)CC21,6.5,1,nM,CHEMBL3774927,-6.5,2.5,CHEMBL240,hERG,True,True,True
Cc1ccccc1N1CCN(C[C@@H]2CCc3cccnc3[C@@H](O)C2)CC1,5.64,1,nM,CHEMBL487826,-5.64,3.3600000000000003,CHEMBL240,hERG,False,False,False
Cc1ccccc1[C@@H]1CCN(C[C@@H]2CCc3cccnc3[C@@H](O)C2)C[C@H]1C,5.04,1,nM,CHEMBL511658,-5.04,3.96,CHEMBL240,hERG,True,True,True
Cc1ccccc1[C@@H]1CCN(C[C@@H]2CCc3cccnc3[C@@H](O)C2)C[C@H]1CO,4.7,1,nM,CHEMBL472125,-4.7,4.3,CHEMBL240,hERG,True,True,True
Cc1ccccc1[C@@H]1CCN(C[C@@H]2CCc3cccnc3[C@@H](O)C2)C[C@H]1O,4.4,1,nM,CHEMBL512896,-4.4,4.6,CHEMBL240,hERG,True,True,True
Cc1ccccc1[C@H]1C[C@@H](NCc2ccc(Cl)cc2)CC[C@@H]1C(=O)N1CC(c2ccccc2)(c2ccccc2)C1,8.52,1,nM,CHEMBL3086045,-8.52,0.4800000000000004,CHEMBL240,hERG,False,False,False
Cc1cccn(-c2ccc(-c3ccc4c(C(=O)NCC5CC5)n[nH]c4c3)c(Cl)c2)c1=O,4.08,1,nM,CHEMBL4781551,-4.08,4.92,CHEMBL240,hERG,False,False,False
Cc1cccn(-c2ccc(-c3ccc4c(C(=O)NCc5ccncc5)n[nH]c4c3)c(Cl)c2)c1=O,4.39,1,nM,CHEMBL4758500,-4.39,4.61,CHEMBL240,hERG,False,False,False
Cc1cccnc1-n1cc(CN2CCC3(CC2)OCc2ccccc23)c(C)n1,4.89,1,nM,CHEMBL470951,-4.89,4.11,CHEMBL240,hERG,False,False,False
Cc1cccnc1C(=O)N1CCC(C)(N2CCC(N(c3ccccc3)c3cccnc3)CC2)CC1,6.39,1,nM,CHEMBL255431,-6.39,2.6100000000000003,CHEMBL240,hERG,False,False,False
Cc1cccnc1CN1CCC2(CC1)C(=O)N(c1ccc(-c3ccc(-c4ccn[nH]4)cc3)cc1)C(=O)N2c1cc(O)ncn1,5.09,1,nM,CHEMBL2041169,-5.09,3.91,CHEMBL240,hERG,False,False,False
Cc1cccnc1CN1CCC2(CC1)C(=O)N(c1ccc(-c3ccc(C(=O)O)cc3)cc1)C(=O)N2c1ccncn1,4.51,1,nM,CHEMBL2041192,-4.51,4.49,CHEMBL240,hERG,False,False,False
Cc1cccnc1CN1CCC2(CC1)C(=O)N(c1ccc(-c3ccc(C(=O)O)cc3)cc1)C(=O)N2c1cnccn1,4.8,1,nM,CHEMBL2041189,-4.8,4.2,CHEMBL240,hERG,False,False,False
Cc1cccnc1CN1CCC2(CC1)C(=O)N(c1ccc(-c3ccc(C(=O)O)cc3)cc1)C(=O)N2c1ncccn1,4.72,1,nM,CHEMBL2041187,-4.72,4.28,CHEMBL240,hERG,False,False,False
Cc1cccnc1CN1CCC2(CC1)C(=O)N(c1ccc(-c3ccc(N4CCOCC4)cc3)cc1)C(=O)N2c1cc(O)ncn1,4.89,1,nM,CHEMBL2041170,-4.89,4.11,CHEMBL240,hERG,False,False,False
Cc1cccnc1CN1CCC2(CC1)C(=O)N(c1ccc(-c3ccc4scnc4c3)cc1)C(=O)N2c1cc(O)ncn1,5.82,1,nM,CHEMBL2041175,-5.82,3.1799999999999997,CHEMBL240,hERG,False,False,False
Cc1cccnc1CN1CCC2(CC1)C(=O)N(c1ccc(-c3ccccc3)cc1)C(=O)N2c1cc(O)ncn1,6.66,1,nM,CHEMBL2043004,-6.66,2.34,CHEMBL240,hERG,False,False,False
Cc1cccnc1CN1CCC2(CC1)C(=O)N(c1ccc(-c3ccno3)cc1)C(=O)N2c1cc(O)ncn1,4.66,1,nM,CHEMBL2040896,-4.66,4.34,CHEMBL240,hERG,False,False,False
Cc1cccnc1CN1CCC2(CC1)C(=O)N(c1ccc(-n3cccn3)cc1)C(=O)N2c1cc(O)ncn1,5.05,1,nM,CHEMBL2040895,-5.05,3.95,CHEMBL240,hERG,False,False,False
Cc1cccnc1CN1CCC2(CC1)C(=O)N(c1ccc(C3CCCCC3)cc1)C(=O)N2c1cc(O)ncn1,6.0,1,nM,CHEMBL2043327,-6.0,3.0,CHEMBL240,hERG,False,False,False
Cc1cccnc1CN1CCC2(CC1)C(=O)N(c1ccc(N3CCC3=O)cc1)C(=O)N2c1cc(O)ncn1,4.57,1,nM,CHEMBL2043328,-4.57,4.43,CHEMBL240,hERG,False,False,False
Cc1cccnc1[C@H](C)c1c(CCN(C)C)sc2ccccc12,6.04,1,nM,CHEMBL1092126,-6.04,2.96,CHEMBL240,hERG,True,True,True
Cc1ccn(-c2cccc([C@H](CC(=O)O)CN3CC[C@@H](CCc4ccc5c(n4)NCCC5)C3)c2)n1,4.7,2,nM,CHEMBL4247149,-4.7,4.3,CHEMBL240,hERG,False,False,False
Cc1ccn2c3c(nc2c1)CCN(CCCSc1nnc(-c2cccc4nc(C)ccc24)n1C)CC3,6.6,1,nM,CHEMBL257717,-6.6,2.4000000000000004,CHEMBL240,hERG,False,False,False
Cc1ccn2nc3c(c2n1)CN([C@H]1CO[C@H](c2cc(F)ccc2F)[C@@H](N)C1)C3,4.75,1,nM,CHEMBL3805400,-4.75,4.25,CHEMBL240,hERG,False,False,False
Cc1ccnc(C)c1C(=O)N1CCC(C)(N2CCC(N(c3ccccc3)c3ccccc3)CC2)CC1,6.24,1,nM,CHEMBL58387,-6.24,2.76,CHEMBL240,hERG,False,False,False
Cc1ccnc2c3c(nn12)CN([C@H]1CO[C@H](c2cc(F)ccc2F)[C@@H](N)C1)C3,4.01,1,nM,CHEMBL3804950,-4.01,4.99,CHEMBL240,hERG,False,False,False
Cc1ccnc2nc(Oc3ccc(CN4CCCCC4)cc3)sc12,5.09,1,nM,CHEMBL2207733,-5.09,3.91,CHEMBL240,hERG,False,False,False
Cc1ccncc1-c1cc2c(N[C@@H]3CC[C@](C)(N)C3(C)C)c(C(N)=O)cnn2c1,4.75,1,nM,CHEMBL3671805,-4.75,4.25,CHEMBL240,hERG,False,False,False
Cc1ccnn1-c1cccc([C@H](CC(=O)O)CN2CC[C@@H](CCc3ccc4c(n3)NCCC4)C2)c1,4.6,1,nM,CHEMBL4243367,-4.6,4.4,CHEMBL240,hERG,False,False,False
Cc1ccoc1-c1nnc(SCCCN2C[C@@H]3C[C@]3(c3ccc(C(F)(F)F)cc3)C2)n1C,6.7,1,nM,CHEMBL1079639,-6.7,2.3,CHEMBL240,hERG,False,False,False
Cc1cn(-c2cc(NC(=O)c3ccc(C)c(Nc4nccc(-c5cccnc5)n4)c3)cc(C(F)(F)F)c2)cn1,6.35,1,nM,CHEMBL255863,-6.35,2.6500000000000004,CHEMBL240,hERG,False,False,False
Cc1cn(-c2ccc(-c3cn(CC(=O)Nc4cccc(Cl)c4Cl)nn3)cc2F)cn1,5.47,1,nM,CHEMBL3903475,-5.47,3.5300000000000002,CHEMBL240,hERG,False,False,False
Cc1cn(-c2ccc(Nc3cccc4c3nc(-c3ccc(F)cc3)n4C)nc2)cn1,5.28,1,nM,CHEMBL2178522,-5.28,3.7199999999999998,CHEMBL240,hERG,False,False,False
Cc1cn(-c2ccc3n(c2=O)CCN(C[C@@]24C[C@@H]2C(C)(C)Oc2ccc(C(F)(F)F)cc24)C3=O)cn1,4.81,1,nM,CHEMBL4280986,-4.81,4.19,CHEMBL240,hERG,False,False,False
Cc1cn(-c2ccc3n(c2=O)CCN([C@@H](C)COc2ccc(F)cc2[C@@H](C)C(F)(F)F)C3=O)cn1,5.04,1,nM,CHEMBL3580774,-5.04,3.96,CHEMBL240,hERG,False,False,False
Cc1cn([C@@H](C)[C@@H]2CCNC[C@@H]2F)c2nc(C(N)=O)cc(Cl)c12,5.0,1,nM,CHEMBL4746428,-5.0,4.0,CHEMBL240,hERG,False,False,False
Cc1cn([C@@H](C)[C@H]2CCNC[C@H]2F)c2nc(C(N)=O)cc(Cl)c12,5.0,1,nM,CHEMBL4759685,-5.0,4.0,CHEMBL240,hERG,False,False,False
Cc1cn([C@@H](C)[C@]2(F)CCNC2)c2nc(C(N)=O)cc(Cl)c12,4.66,1,nM,CHEMBL4778578,-4.66,4.34,CHEMBL240,hERG,False,False,False
Cc1cn([C@H](C)[C@@H]2CCNC[C@H]2F)c2nc(C(N)=O)cc(Cl)c12,5.22,1,nM,CHEMBL4745141,-5.22,3.7800000000000002,CHEMBL240,hERG,False,False,False
Cc1cn([C@H](C)[C@H]2CCNC[C@@H]2F)c2nc(C(N)=O)cc(Cl)c12,5.16,1,nM,CHEMBL4750046,-5.16,3.84,CHEMBL240,hERG,False,False,False
Cc1cn([C@H](C)[C@]2(F)CCNC2)c2nc(C(N)=O)cc(Cl)c12,4.52,1,nM,CHEMBL4781364,-4.52,4.48,CHEMBL240,hERG,False,False,False
Cc1cn([C@H]2CCCN(S(=O)(=O)c3ccc(O)c(Oc4cccc(Cl)c4)c3)C2)c(=O)[nH]c1=O,4.57,1,nM,CHEMBL2331747,-4.57,4.43,CHEMBL240,hERG,False,False,False
Cc1cn2c(N)c(Cl)cc(C(=O)NCC3CCN(CC(C)C)CC3)c2n1,5.59,1,nM,CHEMBL1671898,-5.59,3.41,CHEMBL240,hERG,False,False,False
Cc1cnc(-c2ccc(-c3ccco3)cc2)n1Cc1ccccc1OCCCCCC(=O)O,5.26,1,nM,CHEMBL4640515,-5.26,3.74,CHEMBL240,hERG,False,False,False
Cc1cnc(-c2ccc(OC(F)(F)F)cc2)n1Cc1ccccc1OCCC[C@@H](C)CC(=O)O,5.0,1,nM,CHEMBL4649683,-5.0,4.0,CHEMBL240,hERG,False,False,False
Cc1cnc(-c2ccc3c(c2)CCN(CCCSc2nnc(-c4cc5ccccc5[nH]4)n2C)CC3)o1,7.3,1,nM,CHEMBL397429,-7.3,1.7000000000000002,CHEMBL240,hERG,False,False,False
Cc1cnc(-c2ccc3c(c2)CCN(CCCSc2nnc(-c4ccc5[nH]ccc5c4)n2C)CC3)o1,7.4,1,nM,CHEMBL244276,-7.4,1.5999999999999996,CHEMBL240,hERG,False,False,False
Cc1cnc(-c2ccc3c(c2)CCN(CCCSc2nnc(-c4cccn4C)n2C)CC3)o1,6.3,1,nM,CHEMBL244277,-6.3,2.7,CHEMBL240,hERG,False,False,False
Cc1cnc(-c2ccc3c(c2)CCN(CCCSc2nnc(-c4cccs4)n2C)CC3)o1,6.5,1,nM,CHEMBL244275,-6.5,2.5,CHEMBL240,hERG,False,False,False
Cc1cnc(-c2cnc(Nc3cnc(C#N)cn3)cc2NC[C@H]2CNCCO2)s1,4.25,1,nM,CHEMBL4742233,-4.25,4.75,CHEMBL240,hERG,False,False,False
Cc1cnc(-c2nnc(SCCCN3CCc4ccc5oc(C(F)(F)F)nc5c4CC3)n2C)cn1,5.9,1,nM,CHEMBL270602,-5.9,3.0999999999999996,CHEMBL240,hERG,False,False,False
Cc1cnc(-c2nnc(SCCCN3C[C@@H]4C[C@]4(c4ccc(C(F)(F)F)cc4)C3)n2C)cn1,6.1,1,nM,CHEMBL1079480,-6.1,2.9000000000000004,CHEMBL240,hERG,False,False,False
Cc1cnc(-c2nnc(SCCN3CCc4ccc(-c5cc(C)nn5C)cc4CC3)n2C)cn1,5.7,1,nM,CHEMBL242601,-5.7,3.3,CHEMBL240,hERG,False,False,False
Cc1cnc(COc2nc(N)nc3ccn(Cc4ccccn4)c23)s1,4.35,1,nM,CHEMBL4096097,-4.35,4.65,CHEMBL240,hERG,False,False,False
Cc1cnc(N2CCC(C3CCN(c4cc(C#N)nc(C)n4)CC3)CC2)cn1,5.27,1,nM,CHEMBL1771095,-5.27,3.7300000000000004,CHEMBL240,hERG,False,False,False
Cc1cnc(N2CCC(C3CCN(c4cc(C#N)nc(C)n4)CC3)CC2)nc1,5.75,1,nM,CHEMBL1771094,-5.75,3.25,CHEMBL240,hERG,False,False,False
Cc1cnc(N2CCC(C3CCN(c4cc(C)nc(C#N)n4)CC3)CC2)cn1,4.97,1,nM,CHEMBL1771096,-4.97,4.03,CHEMBL240,hERG,False,False,False
Cc1cnc(N2CCC([C@H]3C[C@H]3CCOc3nc(C)cc(C#N)n3)CC2)nc1,5.4,1,nM,CHEMBL1771103,-5.4,3.5999999999999996,CHEMBL240,hERG,False,False,False
Cc1cnc(NC(=O)Nc2cc(Br)c(C)cc2OC[C@@H]2CNCCO2)cn1,4.55,1,nM,CHEMBL3039517,-4.55,4.45,CHEMBL240,hERG,False,False,False
Cc1cnc(NC(=O)[C@H](CN2CC(O)C2)Oc2ncnc3c2cnn3-c2c(Cl)cccc2Cl)cn1,4.21,1,nM,CHEMBL3221531,-4.21,4.79,CHEMBL240,hERG,False,False,False
Cc1cnc(NC(=O)[C@H](COC2CCC2)Oc2ncnc3c2cnn3-c2ccccc2Cl)cn1,4.9,1,nM,CHEMBL3221491,-4.9,4.1,CHEMBL240,hERG,False,False,False
Cc1cnc(NC(=O)[C@H](COC2CCC2)Oc2ncnc3c2cnn3-c2ncccc2Cl)cn1,4.4,1,nM,CHEMBL3221492,-4.4,4.6,CHEMBL240,hERG,False,False,False
Cc1cnc(NC(=O)c2cc(Oc3ccc(C#N)cc3)c3cc(C)oc3c2)cn1,5.4,1,nM,CHEMBL3218481,-5.4,3.5999999999999996,CHEMBL240,hERG,False,False,False
Cc1cnc(NC(=O)c2cc(Oc3ccc(C(=O)N(C)C)cc3)c3cc(C)oc3c2)cn1,4.23,1,nM,CHEMBL3218482,-4.23,4.77,CHEMBL240,hERG,False,False,False
Cc1cnc(NC(=O)c2cc(Oc3ccc(C(=O)N4CCC4)cc3)cc(O[C@@H](C)CO)c2)cn1,4.42,1,nM,CHEMBL3219110,-4.42,4.58,CHEMBL240,hERG,False,False,False
Cc1cnc(NC(=O)c2cc(Oc3ccc(S(C)(=O)=O)cc3)c3cc(C)oc3c2)cn1,4.66,1,nM,CHEMBL3218480,-4.66,4.34,CHEMBL240,hERG,False,False,False
Cc1cnc(Nc2cc(N3CCN(C)CC3)nc(N[C@@H](C)c3ccc(F)cn3)n2)s1,4.89,1,nM,CHEMBL1087268,-4.89,4.11,CHEMBL240,hERG,False,False,False
Cc1cnc(Nc2cc(N3CCOCC3)nc(N[C@@H](C)c3ccc(F)cn3)n2)s1,4.92,1,nM,CHEMBL1087269,-4.92,4.08,CHEMBL240,hERG,False,False,False
Cc1cnc(Nc2cc(NC3CCN(c4ccc(C#N)cn4)CC3)c(C(N)=O)cn2)cn1,5.32,1,nM,CHEMBL4471707,-5.32,3.6799999999999997,CHEMBL240,hERG,False,False,False
Cc1cnc(Nc2ccc(N3CCC(N(C)CCO)CC3)c(F)c2)nc1-c1cnn(C(C)C)c1,4.55,1,nM,CHEMBL4447631,-4.55,4.45,CHEMBL240,hERG,False,False,False
Cc1cnc(Nc2cccnc2F)nc1-c1c[nH]c2c(NC(=O)[C@@H](C)N3CCN(C)CC3)cccc12,5.0,1,nM,CHEMBL4466590,-5.0,4.0,CHEMBL240,hERG,False,False,False
Cc1cnc(Nc2ccnn2C)nc1-c1cn2c(n1)C(=O)N(Cc1ccc(F)c(F)c1)CC2,4.64,1,nM,CHEMBL4458562,-4.64,4.36,CHEMBL240,hERG,False,False,False
Cc1cnc(Nc2ccnn2C)nc1-c1cn2c(n1)C(=O)N(Cc1ccc(F)c(F)c1)[C@@H](C)C2,4.64,1,nM,CHEMBL4440109,-4.64,4.36,CHEMBL240,hERG,False,False,False
Cc1cnc([C@]2(O)CC[C@H](N3CC(NC(=O)CNC(=O)c4cccc(C(F)(F)F)c4)C3)CC2)s1,4.55,1,nM,CHEMBL2204261,-4.55,4.45,CHEMBL240,hERG,False,False,False
Cc1cnc2c(c1)nnn2-c1ccc(C(=O)N(c2ncccc2Cl)[C@@H]2CCCNC2)nc1,5.44,1,nM,CHEMBL4107559,-5.44,3.5599999999999996,CHEMBL240,hERG,True,True,True
Cc1cncc(-c2c(C)c(CNC3CCCC3)nn2-c2ncccc2Cl)c1,5.05,1,nM,CHEMBL494406,-5.05,3.95,CHEMBL240,hERG,False,False,False
Cc1cncc(-c2ccc(C(=O)N(c3ncccc3Cl)[C@@H]3CCCNC3)cc2)n1,4.22,1,nM,CHEMBL4127458,-4.22,4.78,CHEMBL240,hERG,True,True,True
Cc1cncc(-c2nnc3n2CCN(C(=O)c2ccc(-c4cccs4)cc2)[C@@H]3C)n1,5.33,1,nM,CHEMBL3422008,-5.33,3.67,CHEMBL240,hERG,True,True,True
Cc1cncc(C#Cc2sc(NC(=O)NC[C@H](C)OCC3CC3)nc2C)c1,4.55,1,nM,CHEMBL4784202,-4.55,4.45,CHEMBL240,hERG,False,False,False
Cc1cncc(Nc2cc(NC3CCN(c4ccc(C#N)cn4)CC3)c(C(N)=O)cn2)n1,5.27,1,nM,CHEMBL4470355,-5.27,3.7300000000000004,CHEMBL240,hERG,False,False,False
Cc1cnccc1NC(=O)COc1ccc(C(=O)c2cc(Cl)ccc2Br)cc1,7.85,1,nM,CHEMBL4790592,-7.85,1.1500000000000004,CHEMBL240,hERG,False,False,False
Cc1cnn(-c2cccc([C@H](CC(=O)O)CN3CC[C@@H](CCc4ccc5c(n4)NCCC5)C3)c2)c1,5.0,1,nM,CHEMBL4247617,-5.0,4.0,CHEMBL240,hERG,False,False,False
Cc1cnn(C)c1-c1cccc([C@H](CC(=O)O)CN2CC[C@@H](CCc3ccc4c(n3)NCCC4)C2)c1,4.7,2,nM,CHEMBL4250148,-4.7,4.3,CHEMBL240,hERG,False,False,False
Cc1cnn(C2CCN(c3nc4ccccc4n3Cc3ccc(F)cc3)CC2)c1,6.09,3,nM,CHEMBL556450,-6.09,2.91,CHEMBL240,hERG,True,True,True
Cc1cnsc1N1CCC2(CCN(C[C@H](O)c3ccc4c(c3C)COC4=O)CC2)C1=O,5.1,1,nM,CHEMBL4067649,-5.1,3.9000000000000004,CHEMBL240,hERG,False,False,False
Cc1coc([C@H]2C[C@H]3CSC(N)=N[C@@]3(c3ccc(F)cc3F)CO2)n1,5.64,1,nM,CHEMBL3422236,-5.64,3.3600000000000003,CHEMBL240,hERG,False,False,False
Cc1coc([C@H]2C[C@H]3[C@@H](C)SC(N)=N[C@@]3(c3ccc(F)cc3F)CO2)n1,5.32,1,nM,CHEMBL3422241,-5.32,3.6799999999999997,CHEMBL240,hERG,False,False,False
Cc1coc([C@H]2C[C@H]3[C@@H](CF)SC(N)=N[C@@]3(c3ccc(F)cc3F)CO2)n1,4.71,1,nM,CHEMBL3422244,-4.71,4.29,CHEMBL240,hERG,False,False,False
Cc1csc(-c2nnc3n2CCN(C(=O)c2ccc(-c4cccs4)cc2)[C@@H]3C)n1,4.77,2,nM,CHEMBL3422016,-4.77,4.23,CHEMBL240,hERG,True,True,True
Cc1csc(C(=O)N[C@H]2CC[C@@H](NC(=O)c3cc(F)cnc3Oc3cccc(-c4ccc(CN5C[C@@H](C)N[C@@H](C)C5)cc4CN4CCOCC4)c3)CC2)n1,4.7,1,nM,CHEMBL3288029,-4.7,4.3,CHEMBL240,hERG,False,False,False
Cc1csc([C@H](C)C2=C(CCN(C)C)Cc3ccccc32)n1,5.72,1,nM,CHEMBL1092599,-5.72,3.2800000000000002,CHEMBL240,hERG,False,False,False
Cc1n[nH]c(=O)cc1-c1ccc(OC2CCN(C3CCC3)CC2)cc1,5.16,1,nM,CHEMBL1945845,-5.16,3.84,CHEMBL240,hERG,True,True,True
Cc1n[nH]c(C)c1-c1ccc2cc(CCN3CCC[C@H]3C)ccc2n1,4.4,1,nM,CHEMBL1084826,-4.4,4.6,CHEMBL240,hERG,True,True,True
Cc1n[nH]c(C)c1C(=O)N[C@@H]1CC(C)(C)Oc2nc(-c3ccc(Cl)cc3Cl)c(-c3ccc(Cl)cc3)cc21,5.8,1,nM,CHEMBL1095151,-5.8,3.2,CHEMBL240,hERG,False,False,False
Cc1n[nH]c2c1CN(C1=NC(NCc3c(F)cccc3C(F)(F)F)c3cccc(C(N)=O)c3N1)C2,4.9,1,nM,CHEMBL4226243,-4.9,4.1,CHEMBL240,hERG,False,False,False
Cc1n[nH]cc1-c1cc(C(F)(F)F)cc(S(=O)(=O)N2CCN(C(=O)[C@@H]3C[C@H]3c3ccc(C(F)(F)F)cc3)CC2)c1,7.4,1,nM,CHEMBL487912,-7.4,1.5999999999999996,CHEMBL240,hERG,False,False,False
Cc1n[nH]cc1-c1ccc2cc(CCN3CCC[C@H]3C)ccc2n1,4.75,1,nM,CHEMBL1084314,-4.75,4.25,CHEMBL240,hERG,True,True,True
Cc1n[nH]cc1C(=O)N[C@@H]1CC(C)(C)Oc2nc(-c3ccc(Cl)cc3Cl)c(-c3ccc(Cl)cc3)cc21,5.96,1,nM,CHEMBL1095150,-5.96,3.04,CHEMBL240,hERG,False,False,False
Cc1nc(-c2ccc(C(F)(F)F)cc2)nc(OCCCN2CCCCC2)c1Cl,5.58,1,nM,CHEMBL3359236,-5.58,3.42,CHEMBL240,hERG,False,False,False
Cc1nc(-c2ccc(CN3CCC(N(C)C(=O)Cc4ccc(-n5cnnn5)cc4)CC3)cc2)no1,5.19,1,nM,CHEMBL2010841,-5.19,3.8099999999999996,CHEMBL240,hERG,False,False,False
Cc1nc(-c2ccc(Cl)cc2)nc(OCCCN2CCCCC2)c1Cl,5.16,1,nM,CHEMBL3359239,-5.16,3.84,CHEMBL240,hERG,False,False,False
Cc1nc(-c2ccc(F)c(F)c2)nc(OCCCN2CCCCC2)c1Cl,5.85,1,nM,CHEMBL3359238,-5.85,3.1500000000000004,CHEMBL240,hERG,False,False,False
Cc1nc(-c2ccc(F)cc2)nc(OCCCN2CCCCC2)c1Cl,5.81,1,nM,CHEMBL3359237,-5.81,3.1900000000000004,CHEMBL240,hERG,False,False,False
Cc1nc(-c2cccc(C(=O)N[C@H]3CC[C@H](CCN4CCc5ccc(S(C)(=O)=O)cc5CC4)CC3)c2)no1,5.6,1,nM,CHEMBL244083,-5.6,3.4000000000000004,CHEMBL240,hERG,False,False,False
Cc1nc(-c2ccccc2)nc(OCCCN2CCCC2)c1Cl,5.42,1,nM,CHEMBL3359230,-5.42,3.58,CHEMBL240,hERG,False,False,False
Cc1nc(-c2ccccc2)nc(OCCCN2CCCCC2)c1Cl,6.55,1,nM,CHEMBL3359220,-6.55,2.45,CHEMBL240,hERG,False,False,False
Cc1nc(-c2ccccn2)sc1-c1ccc2cc(CCN3CCC[C@H]3C)ccc2n1,4.95,1,nM,CHEMBL1085866,-4.95,4.05,CHEMBL240,hERG,True,True,True
Cc1nc(-c2cccnc2)sc1-c1ccc2cc(CCN3CCC[C@H]3C)ccc2n1,5.22,1,nM,CHEMBL1082606,-5.22,3.7800000000000002,CHEMBL240,hERG,True,True,True
Cc1nc(-c2cccs2)sc1-c1ccc2cc(CCN3CCC[C@H]3C)ccc2n1,5.43,1,nM,CHEMBL1086292,-5.43,3.5700000000000003,CHEMBL240,hERG,True,True,True
Cc1nc(-c2ccncc2)sc1-c1ccc2cc(CCN3CCC[C@H]3C)ccc2n1,5.32,1,nM,CHEMBL1085841,-5.32,3.6799999999999997,CHEMBL240,hERG,True,True,True
Cc1nc(-c2cnccn2)sc1-c1ccc2cc(CCN3CCC[C@H]3C)ccc2n1,4.5,1,nM,CHEMBL1085592,-4.5,4.5,CHEMBL240,hERG,True,True,True
Cc1nc(-c2nc(-c3ccc4cc(CCN5CCC[C@H]5C)ccc4n3)cs2)cs1,4.91,1,nM,CHEMBL1086072,-4.91,4.09,CHEMBL240,hERG,True,True,True
Cc1nc(-c2nnc3n2CCN(C(=O)c2ccc(-c4cccs4)cc2)C3)cs1,4.575,2,nM,CHEMBL3422012,-4.575,4.425,CHEMBL240,hERG,True,True,True
Cc1nc(-c2nnc3n2CCN(C(=O)c2ccc(-c4cccs4)cc2)[C@@H]3C)cs1,4.62,2,nM,CHEMBL3422010,-4.62,4.38,CHEMBL240,hERG,True,True,True
Cc1nc(-c2nnc3n2CCN(C(=O)c2ccc(-c4cccs4)cc2)[C@@H]3C)sc1C,4.92,1,nM,CHEMBL4112613,-4.92,4.08,CHEMBL240,hERG,False,False,False
Cc1nc(-n2cnnn2)ccc1C(C)C(=O)N1CCN(CCc2ccc3c(c2C)COC3=O)CC1,5.47,1,nM,CHEMBL3794533,-5.47,3.5300000000000002,CHEMBL240,hERG,False,False,False
Cc1nc(-n2cnnn2)ccc1CC(=O)N1CCN(CCc2ccc3c(c2C)COC3=O)CC1,5.07,1,nM,CHEMBL3793685,-5.07,3.9299999999999997,CHEMBL240,hERG,False,False,False
Cc1nc(-n2cnnn2)ccc1[C@@H](O)CN1CCC2(CC1)CCN(c1ccc(=O)n(C)n1)C2=O,4.76,1,nM,CHEMBL4071084,-4.76,4.24,CHEMBL240,hERG,False,False,False
Cc1nc(C#Cc2ccnc(Cl)c2)c(C)n1-c1ccc(F)cc1,5.15,1,nM,CHEMBL3301626,-5.15,3.8499999999999996,CHEMBL240,hERG,True,True,True
Cc1nc(C#Cc2ccnc(Cl)c2)c(C)n1-c1ccc(OC(F)(F)F)cc1,6.0,1,nM,CHEMBL3410223,-6.0,3.0,CHEMBL240,hERG,True,True,True
Cc1nc(C(=O)NCCCN2CCN(c3cccc(C)c3C)CC2)cc(C(C)(C)C)n1,5.23,1,nM,CHEMBL1271816,-5.23,3.7699999999999996,CHEMBL240,hERG,False,False,False
Cc1nc(C(=O)NCCCN2CCN(c3cccc(Cl)c3Cl)CC2)c(C)n1-c1ccccc1,5.09,1,nM,CHEMBL3216098,-5.09,3.91,CHEMBL240,hERG,False,False,False
Cc1nc(C(=O)NCCCN2CCN(c3cccc(Cl)c3Cl)CC2)cc(C(C)C)n1,5.27,1,nM,CHEMBL1271756,-5.27,3.7300000000000004,CHEMBL240,hERG,False,False,False
Cc1nc(C(=O)N[C@@H]2CC(C)(C)Oc3nc(-c4ccc(Cl)cc4Cl)c(-c4ccc(Cl)cc4)cc32)n[nH]1,5.7,1,nM,CHEMBL1098876,-5.7,3.3,CHEMBL240,hERG,False,False,False
Cc1nc(C(=O)O)ccc1-c1nnc(SCCCN2CC[C@]3(C[C@@H]3c3ccc(C(F)(F)F)cc3)C2)n1C,5.0,1,nM,CHEMBL3964649,-5.0,4.0,CHEMBL240,hERG,True,True,True
Cc1nc(C(C)C)n([C@H]2C[C@H]3CC[C@@H](C2)N3CC[C@H](NC(=O)C2CCC(F)(F)CC2)c2ccccc2)n1,5.37,1,nM,CHEMBL1649912,-5.37,3.63,CHEMBL240,hERG,False,False,False
Cc1nc(C(N)=O)ccc1-c1nnc(SCCCN2CC[C@]3(C[C@@H]3c3ccc(C(F)(F)F)cc3)C2)n1C,5.56,1,nM,CHEMBL3941520,-5.56,3.4400000000000004,CHEMBL240,hERG,True,True,True
Cc1nc(C(O)CN2CCN(C[C@H](O)c3ccc4c(c3C)COC4=O)CC2)ccc1C#N,4.81,2,nM,CHEMBL3612814,-4.81,4.19,CHEMBL240,hERG,False,False,False
Cc1nc(C)c(-c2ccc(N3C(=O)N(c4cc(O)ncn4)C4(CCN(Cc5ncccc5C)CC4)C3=O)cc2)s1,6.02,1,nM,CHEMBL2040897,-6.02,2.9800000000000004,CHEMBL240,hERG,False,False,False
Cc1nc(C)c(-c2ccc3cc(CCN4CCCC4C)ccc3n2)cc1C#N,5.08,1,nM,CHEMBL1822863,-5.08,3.92,CHEMBL240,hERG,True,True,True
Cc1nc(C)c(-c2ccc3cc(CCN4CCCC4C)ccc3n2)cc1C(N)=O,4.4,1,nM,CHEMBL1822864,-4.4,4.6,CHEMBL240,hERG,True,True,True
Cc1nc(C)c(-c2ccc3cc(CCN4CCC[C@H]4C)ccc3n2)o1,4.4,1,nM,CHEMBL1083274,-4.4,4.6,CHEMBL240,hERG,True,True,True
Cc1nc(C)c(-c2ccc3cc(CCN4CCC[C@H]4C)ccc3n2)s1,4.69,1,nM,CHEMBL1084559,-4.69,4.31,CHEMBL240,hERG,True,True,True
Cc1nc(C)c(-c2nnc(SCCCN3CCC4(CCc5cc(Cl)ccc54)C3)n2C)s1,5.6,1,nM,CHEMBL1258948,-5.6,3.4000000000000004,CHEMBL240,hERG,False,False,False
Cc1nc(C)c(-c2nnc(SCCCN3CCC4(CCc5ccc(Cl)cc54)C3)n2C)s1,5.6,1,nM,CHEMBL1258834,-5.6,3.4000000000000004,CHEMBL240,hERG,False,False,False
Cc1nc(C)c(-c2nnc(SCCCN3CCC4(CCc5ccc(F)cc54)C3)n2C)s1,5.2,1,nM,CHEMBL1257214,-5.2,3.8,CHEMBL240,hERG,False,False,False
Cc1nc(C)c(-c2nnc(SCCCN3CCC4CC4(c4ccc(C(F)(F)F)cc4)CC3)n2C)o1,5.9,1,nM,CHEMBL1257925,-5.9,3.0999999999999996,CHEMBL240,hERG,False,False,False
Cc1nc(C)c(-c2nnc(SCCCN3CCC4CC4(c4ccc(C(F)(F)F)cc4)CC3)n2C)s1,6.2,1,nM,CHEMBL1257926,-6.2,2.8,CHEMBL240,hERG,False,False,False
Cc1nc(C)c(-c2nnc(SCCCN3CCc4ccc5oc(C(F)(F)F)nc5c4CC3)n2C)s1,6.1,1,nM,CHEMBL270376,-6.1,2.9000000000000004,CHEMBL240,hERG,False,False,False
Cc1nc(C)c(-c2nnc(SCCCN3C[C@@H]4C[C@]4(c4ccc(C(F)(F)F)cc4)C3)n2C)s1,6.08,2,nM,CHEMBL1081746,-6.08,2.92,CHEMBL240,hERG,False,False,False
Cc1nc(CN(C)[C@H]2CCCc3cccnc32)cc(N2CCN(C)CC2)n1,5.1,1,nM,CHEMBL4751485,-5.1,3.9000000000000004,CHEMBL240,hERG,False,False,False
Cc1nc(CN(c2ccccc2)C2CCN(C3(C)CCN(C(=O)c4c(C)cc[n+]([O-])c4C)CC3)CC2)cs1,4.91,1,nM,CHEMBL255857,-4.91,4.09,CHEMBL240,hERG,False,False,False
Cc1nc(CN2CCN(c3c(Cl)cnc4[nH]c(-c5cn(C)nc5C)nc34)CC2)no1,5.02,2,nM,CHEMBL2207501,-5.02,3.9800000000000004,CHEMBL240,hERG,False,False,False
Cc1nc(CNC2CCCC2)n(C(C)C)c1-c1ccc(Cl)cc1,5.5,1,nM,CHEMBL562663,-5.5,3.5,CHEMBL240,hERG,False,False,False
Cc1nc(CNC2CCN(CCn3c(=O)ccc4ccc(C#N)cc43)CC2)ccc1C#N,5.28,1,nM,CHEMBL3290338,-5.28,3.7199999999999998,CHEMBL240,hERG,False,False,False
Cc1nc(CN[C@H]2CC[C@@H](F)C2)c(C(C)C)n1-c1cc(F)cc(F)c1,4.47,1,nM,CHEMBL556300,-4.47,4.53,CHEMBL240,hERG,False,False,False
Cc1nc(N)ccc1-c1n[nH]c2nc(N3CCC4(CC3)CO[C@@H](C)[C@H]4N)n(C)c(=O)c12,5.18,1,nM,CHEMBL4471006,-5.18,3.8200000000000003,CHEMBL240,hERG,False,False,False
Cc1nc(N2CCC(N3CCCC3)CC2)nc2ccc(NC(=O)COc3ccc(Cl)cc3)cc12,6.35,1,nM,CHEMBL2016731,-6.35,2.6500000000000004,CHEMBL240,hERG,False,False,False
Cc1nc(N2CCC(N3CCCC3=O)CC2)nc2ccc(NC(=O)COc3ccc(OC(F)(F)F)cc3)cc12,5.43,1,nM,CHEMBL2016776,-5.43,3.5700000000000003,CHEMBL240,hERG,False,False,False
Cc1nc(N2CCC(O)(C3CC3)CC2)nc2ccc(NC(=O)/C=C/c3ccc(C(F)F)cc3)cc12,5.6,1,nM,CHEMBL2017597,-5.6,3.4000000000000004,CHEMBL240,hERG,False,False,False
Cc1nc(N2CCC(O)(C3CC3)CC2)nc2ccc(NC(=O)/C=C/c3ccc(Cl)cc3)cc12,5.25,1,nM,CHEMBL2017593,-5.25,3.75,CHEMBL240,hERG,False,False,False
Cc1nc(N2CCC(O)CC2)nc2ccc(NC(=O)/C=C/c3ccc(OC(F)(F)F)cc3)cc12,5.48,1,nM,CHEMBL2017588,-5.48,3.5199999999999996,CHEMBL240,hERG,False,False,False
Cc1nc(N2CCC3(CCN(C[C@H](O)c4ccc5c(c4C)COC5=O)CC3)C2)ccc1S(C)(=O)=O,5.1,1,nM,CHEMBL4093830,-5.1,3.9000000000000004,CHEMBL240,hERG,False,False,False
Cc1nc(N2CCCC2)ncc1-c1ccc2cc(CCN3CCC[C@H]3C)ccc2n1,4.98,1,nM,CHEMBL237191,-4.98,4.02,CHEMBL240,hERG,False,False,False
Cc1nc(N2CCOCC2)sc1-c1ccc2cc(CCN3CCC[C@H]3C)ccc2n1,4.69,1,nM,CHEMBL1086561,-4.69,4.31,CHEMBL240,hERG,True,True,True
Cc1nc(NC(=O)NCCc2cn(CC(F)F)cn2)sc1C#Cc1cccnc1,4.89,1,nM,CHEMBL4795990,-4.89,4.11,CHEMBL240,hERG,False,False,False
Cc1nc(NC(=O)c2cc(CNC(=O)C(C)C)cnc2C(F)F)[nH]c1-c1ccc(C(F)(F)F)cc1,4.08,1,nM,CHEMBL3342693,-4.08,4.92,CHEMBL240,hERG,False,False,False
Cc1nc(NCC(=O)NC2CN([C@H]3CC[C@@](O)(c4cncs4)CC3)C2)c2cc(C(F)(F)F)ccc2n1,4.59,1,nM,CHEMBL2315937,-4.59,4.41,CHEMBL240,hERG,False,False,False
Cc1nc(NCc2ccccn2)c2c(-c3ccccc3)cccc2n1,5.34,1,nM,CHEMBL4561733,-5.34,3.66,CHEMBL240,hERG,False,False,False
Cc1nc(Nc2cc(N[C@@H]3CCCC[C@@H]3N)cnc2C(N)=O)cc(OCC(C)(C)O)n1,4.75,1,nM,CHEMBL3415597,-4.75,4.25,CHEMBL240,hERG,False,False,False
Cc1nc(Nc2cc(N[C@@H]3CCCC[C@@H]3N)nnc2C(N)=O)ccc1Cl,5.4,1,nM,CHEMBL3237562,-5.4,3.5999999999999996,CHEMBL240,hERG,False,False,False
Cc1nc(Nc2cc(N[C@@H]3CCCC[C@@H]3N)nnc2C(N)=O)ccc1F,4.8,1,nM,CHEMBL3237560,-4.8,4.2,CHEMBL240,hERG,False,False,False
Cc1nc(Nc2n[nH]c3c2CN(C(=O)N[C@H](CN(C)C)c2ccccc2)C3(C)C)c2sccc2n1,4.38,1,nM,CHEMBL3128043,-4.38,4.62,CHEMBL240,hERG,False,False,False
Cc1nc(Nc2nc3cnc(N4CCN(C)CC4)cc3[nH]2)cc(C2CC2)c1F,5.06,1,nM,CHEMBL3321980,-5.06,3.9400000000000004,CHEMBL240,hERG,False,False,False
Cc1nc(Nc2ncc(C(=O)Nc3c(C)cccc3Cl)s2)cc(N2CCN(CCO)CC2)n1,4.84,1,nM,CHEMBL5416410,-4.84,4.16,CHEMBL240,hERG,True,True,True
Cc1nc(Oc2ccc(C(=O)O)cc2)ccc1CN1CCC(N2C(=O)N(C3CCOCC3)C[C@H]2c2cccc(Cl)c2)CC1,5.0,1,nM,CHEMBL2435853,-5.0,4.0,CHEMBL240,hERG,False,False,False
Cc1nc(Oc2ccc(C(N)=O)cc2)ccc1CN1CCC(N2C(=O)N(C3CCOCC3)C[C@H]2c2ccccc2)CC1,4.75,1,nM,CHEMBL2435858,-4.75,4.25,CHEMBL240,hERG,False,False,False
Cc1nc([C@@]2(c3cnn(C)c3)N[C@@H](c3nc(-c4ccc(F)cn4)c[nH]3)Cc3c2[nH]c2ccccc32)no1,5.19,1,nM,CHEMBL3775061,-5.19,3.8099999999999996,CHEMBL240,hERG,False,False,False
Cc1nc([C@@]2(c3cnn(C)c3)N[C@@H](c3nc(-c4ccccc4)c[nH]3)Cc3c2[nH]c2ccccc32)no1,5.76,1,nM,CHEMBL3775630,-5.76,3.24,CHEMBL240,hERG,False,False,False
Cc1nc([C@@]2(c3cnn(C)c3)N[C@@H](c3nc(-c4ccccn4)c[nH]3)Cc3c2[nH]c2ccccc32)no1,5.31,1,nM,CHEMBL3774800,-5.31,3.6900000000000004,CHEMBL240,hERG,False,False,False
Cc1nc([C@]2(c3cn[nH]c3)N[C@@H](c3nc(-c4ccc(F)cn4)c[nH]3)Cc3c2[nH]c2ccccc32)no1,5.38,1,nM,CHEMBL3582318,-5.38,3.62,CHEMBL240,hERG,False,False,False
Cc1nc([C@]2(c3cnn(C)c3)N[C@@H](c3nc(-c4ccc(F)cc4)c[nH]3)Cc3c2[nH]c2ccccc32)no1,5.615,6,nM,CHEMBL2204935,-5.615,3.385,CHEMBL240,hERG,False,False,False
Cc1nc([C@]2(c3cnn(C)c3)N[C@@H](c3nc(-c4ccc(F)cn4)c[nH]3)Cc3c2[nH]c2ccccc32)no1,4.995,4,nM,CHEMBL3582317,-4.995,4.005,CHEMBL240,hERG,False,False,False
Cc1nc([C@]2(c3cnn(C)c3)N[C@@H](c3nc(-c4ccccc4)c[nH]3)Cc3c2[nH]c2ccccc32)no1,5.74,1,nM,CHEMBL3775042,-5.74,3.26,CHEMBL240,hERG,False,False,False
Cc1nc([C@]2(c3cnn(C)c3)N[C@@H](c3nc(-c4ccccn4)c[nH]3)Cc3c2[nH]c2ccccc32)no1,5.26,1,nM,CHEMBL3775760,-5.26,3.74,CHEMBL240,hERG,False,False,False
Cc1nc([C@]2(c3cnn(CC4CC4)c3)N[C@@H](c3nc(-c4ccc(F)cn4)c[nH]3)Cc3c2[nH]c2ccccc32)no1,5.5,1,nM,CHEMBL3582321,-5.5,3.5,CHEMBL240,hERG,False,False,False
Cc1nc2c(=O)n(C3CC3)c3c(Cl)c(N4CC[C@@H]([C@H](C)N)C4)c(F)cc3c2o1,4.54,1,nM,CHEMBL4786331,-4.54,4.46,CHEMBL240,hERG,False,False,False
Cc1nc2c(C#N)cccc2n1-c1ccc(C(=O)NC2CC2)s1,4.28,1,nM,CHEMBL2012958,-4.28,4.72,CHEMBL240,hERG,False,False,False
Cc1nc2c(C(F)(F)F)cccc2c(=O)n1-c1ccc(OCCCN2CCCC2)cc1,6.46,2,nM,CHEMBL476322,-6.46,2.54,CHEMBL240,hERG,True,True,True
Cc1nc2c(CCC34CCC(NCc5ccc6c(n5)NC(=O)CO6)(CC3)CO4)ccnc2cc1C#N,9.06,1,nM,CHEMBL3422970,-9.06,-0.0600000000000005,CHEMBL240,hERG,False,False,False
Cc1nc2c(Cl)cccc2c(=O)n1-c1ccc(OC2CCN(C3CCC3)CC2)cc1,5.48,1,nM,CHEMBL458954,-5.48,3.5199999999999996,CHEMBL240,hERG,False,False,False
Cc1nc2c(F)cc(-c3nc(Nc4ccc5c(n4)CCN(CCN(C)C)C5)ncc3F)cc2n1C(C)C,5.0,1,nM,CHEMBL4448494,-5.0,4.0,CHEMBL240,hERG,False,False,False
Cc1nc2c(F)cccc2c(=O)n1-c1ccc(OCCCN2CCCC2)cc1,5.0,1,nM,CHEMBL515150,-5.0,4.0,CHEMBL240,hERG,True,True,True
Cc1nc2c(OC(F)F)cccc2n1-c1ccc(C(=O)NC2CC2)s1,4.54,1,nM,CHEMBL2012951,-4.54,4.46,CHEMBL240,hERG,False,False,False
Cc1nc2c(c(-c3ccc(Cl)cc3Cl)c1CN)CN(CC(=O)NCc1cccnc1)C2=O,4.1,1,nM,CHEMBL1910126,-4.1,4.9,CHEMBL240,hERG,False,False,False
Cc1nc2c(cnn2-c2csc(C(=O)NC3COC3)c2)cc1Nc1c(F)cccc1Cl,5.0,1,nM,CHEMBL4845770,-5.0,4.0,CHEMBL240,hERG,False,False,False
Cc1nc2c(s1)CC[C@H]2C(=O)Nc1ccc(C[C@@H]2CC[C@H]([C@H](O)c3cccnc3)N2)cc1,4.92,1,nM,CHEMBL3128180,-4.92,4.08,CHEMBL240,hERG,False,False,False
Cc1nc2c3c(ccc2o1)CCN(CCCSc1nnc(-c2ocnc2C)n1C)CC3,4.9,1,nM,CHEMBL402422,-4.9,4.1,CHEMBL240,hERG,False,False,False
Cc1nc2cc(-n3ncc(C(=O)c4cc5ccc(CN6CCC(F)(F)CC6)cc5[nH]4)c3N)ccc2[nH]1,5.07,1,nM,CHEMBL3681314,-5.07,3.9299999999999997,CHEMBL240,hERG,False,False,False
Cc1nc2cc(C(F)(F)F)ccc2c(=O)n1-c1ccc(OCCCN2CCCC2)cc1,5.58,2,nM,CHEMBL477364,-5.58,3.42,CHEMBL240,hERG,True,True,True
Cc1nc2cc(Cl)ccc2c(=O)n1-c1ccc(OC2CCN(C3CCC3)CC2)cc1,5.41,1,nM,CHEMBL458953,-5.41,3.59,CHEMBL240,hERG,False,False,False
Cc1nc2cc(F)c(-c3cnc(C(C)(C)O)nc3)nc2c(N[C@H](C)c2cc(C#N)ccc2F)c1Cl,5.25,1,nM,CHEMBL4777447,-5.25,3.75,CHEMBL240,hERG,False,False,False
Cc1nc2cc(F)ccc2c(=O)n1-c1ccc(OCCCN2CCCC2)cc1,5.22,2,nM,CHEMBL476106,-5.22,3.7800000000000002,CHEMBL240,hERG,True,True,True
Cc1nc2cc(F)ccc2n1[C@H]1CC[C@@H](NC[C@H]2Cc3ccc(C#N)cc3C2)CC1,7.52,1,nM,CHEMBL2403866,-7.52,1.4800000000000004,CHEMBL240,hERG,False,False,False
Cc1nc2cc(N3CCN(CCN4Cc5ccccc5C4)C3=O)ccc2s1,5.4,1,nM,CHEMBL559780,-5.4,3.5999999999999996,CHEMBL240,hERG,False,False,False
Cc1nc2cc(Nc3cc(NC4CCN(c5ccc(C#N)cn5)CC4)c(C(N)=O)cn3)ccc2o1,5.18,1,nM,CHEMBL4476828,-5.18,3.8200000000000003,CHEMBL240,hERG,False,False,False
Cc1nc2cc3c(cc2o1)CCN(CCCCSc1nnc(-c2ocnc2C)n1C)CC3,4.3,1,nM,CHEMBL271073,-4.3,4.7,CHEMBL240,hERG,False,False,False
Cc1nc2cc3c(cc2o1)CCN(CCCSc1nnc(-c2ccc(C(F)(F)F)cc2)n1C)CC3,5.4,1,nM,CHEMBL439065,-5.4,3.5999999999999996,CHEMBL240,hERG,False,False,False
Cc1nc2cc3c(cc2o1)CCN(CCCSc1nnc(-c2ccc(F)c(F)c2)n1C)CC3,5.0,1,nM,CHEMBL269995,-5.0,4.0,CHEMBL240,hERG,False,False,False
Cc1nc2cc3c(cc2o1)CCN(CCCSc1nnc(-c2cccnc2)n1C)CC3,4.3,1,nM,CHEMBL256653,-4.3,4.7,CHEMBL240,hERG,False,False,False
Cc1nc2cc3c(cc2o1)CCN(CCCSc1nnc(-c2ocnc2C)n1C)CC3,4.5,1,nM,CHEMBL255827,-4.5,4.5,CHEMBL240,hERG,False,False,False
Cc1nc2cc3c(cc2s1)CCN(CCCSc1nnc(-c2ocnc2C)n1C)CC3,5.5,1,nM,CHEMBL256471,-5.5,3.5,CHEMBL240,hERG,False,False,False
Cc1nc2ccc(-n3ncc(C(=O)c4cc5ccccc5[nH]4)c3N)cc2[nH]1,5.16,1,nM,CHEMBL3907479,-5.16,3.84,CHEMBL240,hERG,False,False,False
Cc1nc2ccc(Cl)cc2c(=O)n1-c1ccc(OC2CCN(C3CCC3)CC2)cc1,5.27,1,nM,CHEMBL458359,-5.27,3.7300000000000004,CHEMBL240,hERG,False,False,False
Cc1nc2ccc(F)cc2c(=O)n1-c1ccc(OCCCN2CCCC2)cc1,5.6,2,nM,CHEMBL479252,-5.6,3.4000000000000004,CHEMBL240,hERG,True,True,True
Cc1nc2ccc(Oc3ccc(Cl)cc3F)nc2c(=O)n1C[C@H]1CCCN(C(C)C)C1,5.89,2,nM,CHEMBL1956991,-5.89,3.1100000000000003,CHEMBL240,hERG,True,True,True
Cc1nc2ccc(Oc3ccc(F)c4cccnc34)nc2c(=O)n1C[C@H]1CCCN(C(C)C)C1,6.89,1,nM,CHEMBL1956996,-6.89,2.1100000000000003,CHEMBL240,hERG,True,True,True
Cc1nc2ccc(Oc3ccc(F)cc3)cc2c(=O)n1C[C@H]1CCCN(C(C)C)C1,5.795,2,nM,CHEMBL243001,-5.795,3.205,CHEMBL240,hERG,False,False,False
Cc1nc2ccc(Oc3ccc(F)cc3)nc2c(=O)n1C[C@H]1CCCN(C(C)C)C1,5.495,2,nM,CHEMBL1956988,-5.495,3.505,CHEMBL240,hERG,True,True,True
Cc1nc2ccc(Oc3ccc4c(c3)OCO4)nc2c(=O)n1C[C@H]1CCCN(C(C)C)C1,4.87,1,nM,CHEMBL1956992,-4.87,4.13,CHEMBL240,hERG,True,True,True
Cc1nc2ccc3c(c2s1)CCN(CCCSc1nnc(-c2ocnc2C)n1C)CC3,4.9,1,nM,CHEMBL255220,-4.9,4.1,CHEMBL240,hERG,False,False,False
Cc1nc2cccc(C(F)(F)F)c2c(=O)n1-c1ccc(OCCCN2CCCC2)cc1,5.0,1,nM,CHEMBL476323,-5.0,4.0,CHEMBL240,hERG,True,True,True
Cc1nc2cccc(Cl)c2c(=O)n1-c1ccc(OCCCN2CCCC2)cc1,5.09,2,nM,CHEMBL477363,-5.09,3.91,CHEMBL240,hERG,True,True,True
Cc1nc2cccc(F)c2c(=O)n1-c1ccc(OCCCN2CCCC2)cc1,5.0,1,nM,CHEMBL477356,-5.0,4.0,CHEMBL240,hERG,True,True,True
Cc1nc2ccccc2c(=O)n1-c1ccc(OC2CCC(N3CCCC3)C2)cc1,5.0,1,nM,CHEMBL484740,-5.0,4.0,CHEMBL240,hERG,False,False,False
Cc1nc2ccccc2c(=O)n1-c1ccc(OC2CCCN(C3CCC3)CC2)cc1,5.14,1,nM,CHEMBL485242,-5.14,3.8600000000000003,CHEMBL240,hERG,False,False,False
Cc1nc2ccccc2c(=O)n1-c1ccc(OC2CCCN(C3CCCC3)CC2)cc1,5.17,1,nM,CHEMBL519018,-5.17,3.83,CHEMBL240,hERG,False,False,False
Cc1nc2ccccc2c(=O)n1-c1ccc(OCCCN2CCC(C)C2)cc1,5.19,1,nM,CHEMBL515477,-5.19,3.8099999999999996,CHEMBL240,hERG,False,False,False
Cc1nc2ccccc2c(=O)n1-c1ccc(OCCCN2CCCC2)cc1,5.0,1,nM,CHEMBL476373,-5.0,4.0,CHEMBL240,hERG,True,True,True
Cc1nc2ccccc2c(=O)n1-c1ccc(OCCCN2CCCCC2)cc1,5.085,2,nM,CHEMBL487063,-5.085,3.915,CHEMBL240,hERG,False,True,True
Cc1nc2ccccc2c(=O)n1-c1ccc(OCCCN2CCCCCC2)cc1,5.18,1,nM,CHEMBL476579,-5.18,3.8200000000000003,CHEMBL240,hERG,False,True,True
Cc1nc2ccccc2c(=O)n1-c1ccc(OCCCN2CCC[C@@H]2C)cc1,5.22,1,nM,CHEMBL477360,-5.22,3.7800000000000002,CHEMBL240,hERG,False,False,False
Cc1nc2ccccc2c(=O)n1-c1ccc(OCCCN2CCC[C@H](C)C2)cc1,5.28,1,nM,CHEMBL478395,-5.28,3.7199999999999998,CHEMBL240,hERG,False,False,False
Cc1nc2ccccc2c(=O)n1-c1ccc(O[C@H]2CC[C@@H](N3CCCC3)CC2)cc1,5.1,1,nM,CHEMBL521022,-5.1,3.9000000000000004,CHEMBL240,hERG,False,False,False
Cc1nc2ccccc2n1-c1ccc(C(=O)N(C)[C@@H]2CCN(C(C)C)C2)cc1,4.35,1,nM,CHEMBL1836035,-4.35,4.65,CHEMBL240,hERG,True,True,True
Cc1nc2ccccc2n1-c1ccc(C(=O)N(C)[C@@H]2CCN(C3CCCC3)C2)cc1,5.64,1,nM,CHEMBL1836039,-5.64,3.3600000000000003,CHEMBL240,hERG,True,True,True
Cc1nc2ccccc2n1-c1ccc(C(=O)N(C)[C@@H]2CCN(C3CCCCC3)C2)cc1,5.55,1,nM,CHEMBL1836040,-5.55,3.45,CHEMBL240,hERG,True,True,True
Cc1nc2ccccc2n1C1CC2CCC(C1)N2CCC1(c2cccc(F)c2)CCN(C(=O)C(C)(C)C(=O)O)CC1,4.25,1,nM,CHEMBL1784406,-4.25,4.75,CHEMBL240,hERG,False,False,False
Cc1nc2ccccc2n1C1CC2CCC(C1)N2CCC1(c2cccc(F)c2)CCN(C(=O)C(C)(C)C)CC1,5.8,1,nM,CHEMBL1784405,-5.8,3.2,CHEMBL240,hERG,False,False,False
Cc1nc2ccccc2n1C1CC2CCC(C1)N2CCC1(c2cccc(F)c2)CCN(C(=O)C2(C(=O)O)CCC2)CC1,4.35,1,nM,CHEMBL1784407,-4.35,4.65,CHEMBL240,hERG,False,False,False
Cc1nc2ccccc2n1C1CC2CCC(C1)N2CCC1(c2cccc(F)c2)CCN(C(=O)c2c(Cl)ccc(S(N)(=O)=O)c2Cl)CC1,4.28,1,nM,CHEMBL1784513,-4.28,4.72,CHEMBL240,hERG,False,False,False
Cc1nc2ccccc2n1C1CC2CCC(C1)N2CCC1(c2cccc(F)c2)CCN(C(=O)c2c(F)ccc(NS(C)(=O)=O)c2F)CC1,4.44,1,nM,CHEMBL1784524,-4.44,4.56,CHEMBL240,hERG,False,False,False
Cc1nc2ccccc2n1C1CC2CCC(C1)N2CCC1(c2cccc(F)c2)CCN(C(=O)c2cc(NS(=O)(=O)C(C)C)c(F)cc2F)CC1,5.05,1,nM,CHEMBL1784526,-5.05,3.95,CHEMBL240,hERG,False,False,False
Cc1nc2ccccc2n1C1CC2CCC(C1)N2CCC1(c2cccc(F)c2)CCN(C(=O)c2cc(NS(C)(=O)=O)c(F)cc2Cl)CC1,4.5,1,nM,CHEMBL1782081,-4.5,4.5,CHEMBL240,hERG,False,False,False
Cc1nc2ccccc2n1C1CC2CCC(C1)N2CCC1(c2cccc(F)c2)CCN(C(=O)c2cc(NS(C)(=O)=O)c(F)cc2F)CC1,4.0,1,nM,CHEMBL1784523,-4.0,5.0,CHEMBL240,hERG,False,False,False
Cc1nc2ccccc2n1C1CC2CCC(C1)N2CCC1(c2cccc(F)c2)CCN(C(=O)c2cc(S(=O)(=O)NC(C)C)c(F)cc2Cl)CC1,4.89,1,nM,CHEMBL1784517,-4.89,4.11,CHEMBL240,hERG,False,False,False
Cc1nc2ccccc2n1C1CC2CCC(C1)N2CCC1(c2cccc(F)c2)CCN(C(=O)c2cc(S(=O)(=O)NC3CC3)c(F)cc2Cl)CC1,4.92,1,nM,CHEMBL1784518,-4.92,4.08,CHEMBL240,hERG,False,False,False
Cc1nc2ccccc2n1C1CC2CCC(C1)N2CCC1(c2cccc(F)c2)CCN(C(=O)c2cc(S(=O)(=O)NC3CCCC3)c(F)cc2Cl)CC1,4.51,1,nM,CHEMBL1784515,-4.51,4.49,CHEMBL240,hERG,False,False,False
Cc1nc2ccccc2n1C1CC2CCC(C1)N2CCC1(c2cccc(F)c2)CCN(C(=O)c2cc(S(=O)(=O)NCC(F)(F)F)c(F)cc2Cl)CC1,5.1,1,nM,CHEMBL1784519,-5.1,3.9000000000000004,CHEMBL240,hERG,False,False,False
Cc1nc2ccccc2n1C1CC2CCC(C1)N2CCC1(c2cccc(F)c2)CCN(C(=O)c2cc(S(N)(=O)=O)ccc2F)CC1,4.38,1,nM,CHEMBL1784511,-4.38,4.62,CHEMBL240,hERG,False,False,False
Cc1nc2ccccc2n1C1CC2CCC(C1)N2CCC1(c2cccc(F)c2)CCN(C(=O)c2ccc(NS(C)(=O)=O)cc2Cl)CC1,5.0,1,nM,CHEMBL1784522,-5.0,4.0,CHEMBL240,hERG,False,False,False
Cc1nc2ccccc2n1C1CC2CCC(C1)N2CCC1(c2ccccc2)CCN(C(=O)C(C)(C)C(=O)NS(C)(=O)=O)CC1,4.6,1,nM,CHEMBL1784466,-4.6,4.4,CHEMBL240,hERG,False,False,False
Cc1nc2ccccc2n1C1CC2CCC(C1)N2CCC1(c2ccccc2)CCN(C(=O)C(C)(C)CO)CC1,5.22,1,nM,CHEMBL1784471,-5.22,3.7800000000000002,CHEMBL240,hERG,False,False,False
Cc1nc2ccccc2n1C1CC2CCC(C1)N2CCC1(c2ccccc2)CCN(C(=O)C(C)(C)c2nnn[nH]2)CC1,4.74,1,nM,CHEMBL1784465,-4.74,4.26,CHEMBL240,hERG,False,False,False
Cc1nc2ccccc2n1C1CC2CCC(C1)N2CCC1(c2ccccc2)CCN(C(=O)c2ccc(S(N)(=O)=O)cc2)CC1,4.6,1,nM,CHEMBL1784475,-4.6,4.4,CHEMBL240,hERG,False,False,False
Cc1nc2ccccc2n1C1CC2CCC(C1)N2CCC1(c2ccccc2)CCN(C(=O)c2cccc(-c3nnn[nH]3)c2)CC1,4.5,1,nM,CHEMBL1784467,-4.5,4.5,CHEMBL240,hERG,False,False,False
Cc1nc2ccccc2n1C1CC2CCC(C1)N2CCC1(c2ccccc2)CCN(C(=O)c2cccc(C(=O)NO)c2)CC1,4.1,1,nM,CHEMBL1784468,-4.1,4.9,CHEMBL240,hERG,False,False,False
Cc1nc2ccccc2n1C1CC2CCC(C1)N2CCC1(c2ccccc2)CCN(C(=O)c2cccc(C(=O)O)c2)CC1,4.3,1,nM,CHEMBL1784409,-4.3,4.7,CHEMBL240,hERG,False,False,False
Cc1nc2ccccc2n1C1CC2CCC(C1)N2CCC1(c2ccccc2)CCN(C(=O)c2cccc(C(N)=O)c2)CC1,4.6,1,nM,CHEMBL1784464,-4.6,4.4,CHEMBL240,hERG,False,False,False
Cc1nc2ccccc2n1C1CC2CCC(C1)N2CCC1(c2ccccc2)CCN(C(=O)c2cccc(S(=O)(=O)N(C)C)c2)CC1,5.7,1,nM,CHEMBL1784477,-5.7,3.3,CHEMBL240,hERG,False,False,False
Cc1nc2ccccc2n1C1CC2CCC(C1)N2CCC1(c2ccccc2)CCN(C(=O)c2cccc(S(N)(=O)=O)c2)CC1,4.2,1,nM,CHEMBL1784473,-4.2,4.8,CHEMBL240,hERG,False,False,False
Cc1nc2ccccc2n1C1C[C@H]2CC[C@@H](C1)N2CC[C@H](NC(=O)C1CCSCC1)c1cccc(F)c1,6.13,1,nM,CHEMBL1271606,-6.13,2.87,CHEMBL240,hERG,False,False,False
Cc1nc2ccccc2n1[C@H]1C[C@H]2CC[C@@H](C1)N2CCC1(c2ccccc2)CCN(C(=O)C(C)(C)C)CC1,6.0,1,nM,CHEMBL1784385,-6.0,3.0,CHEMBL240,hERG,False,False,False
Cc1nc2ccccc2n1[C@H]1C[C@H]2CC[C@@H](C1)N2CCC1(c2ccccc2)CCN(C(=O)c2ccccc2)CC1,5.7,1,nM,CHEMBL1784384,-5.7,3.3,CHEMBL240,hERG,False,False,False
Cc1nc2ccccn2c1-c1ccc2cc(CCN3CCC[C@H]3C)ccc2n1,5.1,1,nM,CHEMBL1084385,-5.1,3.9000000000000004,CHEMBL240,hERG,False,False,False
Cc1nc2cn(Cc3ccccc3)cc2c(-c2ccc(Cl)cc2Cl)c1CN,4.85,1,nM,CHEMBL1909986,-4.85,4.15,CHEMBL240,hERG,False,False,False
Cc1nc2cnc(Oc3ccc(Cl)cc3F)cc2c(=O)n1C[C@H]1CCCN(C(C)C)C1,6.89,2,nM,CHEMBL1956999,-6.89,2.1100000000000003,CHEMBL240,hERG,True,True,True
Cc1nc2cnc(Oc3ccc(F)c4cccnc34)cc2c(=O)n1C[C@H]1CCCN(C(C)C)C1,5.025,2,nM,CHEMBL1957002,-5.025,3.9749999999999996,CHEMBL240,hERG,True,True,True
Cc1nc2cnc(Oc3ccc(F)cc3)cc2c(=O)n1C[C@H]1CCCN(C(C)C)C1,5.89,2,nM,CHEMBL1956998,-5.89,3.1100000000000003,CHEMBL240,hERG,True,True,True
Cc1nc2cnc(Oc3ccc4ncsc4c3)cc2c(=O)n1C[C@H]1CCCN(C(C)C)C1,5.62,2,nM,CHEMBL1957001,-5.62,3.38,CHEMBL240,hERG,True,True,True
Cc1nc2cnc(Oc3cccc4cccnc34)cc2c(=O)n1C[C@H]1CCCN(C(C)C)C1,4.6,2,nM,CHEMBL1957012,-4.6,4.4,CHEMBL240,hERG,False,False,False
Cc1nc2n(c(=O)c1CCN1CCC(C3NOc4cc(F)ccc43)CC1)CCCC2,6.82,1,nM,CHEMBL364512,-6.82,2.1799999999999997,CHEMBL240,hERG,False,False,False
Cc1nc2n(c(=O)c1CCN1CCC(c3noc4cc(F)ccc34)CC1)CCCC2,6.78,17,nM,CHEMBL85,-6.78,2.2199999999999998,CHEMBL240,hERG,False,False,False
Cc1nc2n(c(=O)c1CCN1CCC(c3noc4cc(F)ccc34)CC1)CCCC2O,5.89,3,nM,CHEMBL1621,-5.89,3.1100000000000003,CHEMBL240,hERG,False,False,False
Cc1nc2n(c(=O)c1CCN1CCN(c3cccc4sccc34)CC1)CCCC2,5.57,1,nM,CHEMBL4083333,-5.57,3.4299999999999997,CHEMBL240,hERG,False,False,False
Cc1nc2n(c(=O)c1CCN1CCN(c3cccc4sccc34)CC1)CCCC2(F)F,5.24,1,nM,CHEMBL4087132,-5.24,3.76,CHEMBL240,hERG,False,False,False
Cc1nc2n(c(=O)c1CCN1CCN(c3cccc4sccc34)CC1)CCCC2F,5.21,1,nM,CHEMBL4104261,-5.21,3.79,CHEMBL240,hERG,False,False,False
Cc1nc2n(c(=O)c1CCN1CCN(c3cccc4sccc34)CC1)CCCC2O,5.39,1,nM,CHEMBL4102670,-5.39,3.6100000000000003,CHEMBL240,hERG,False,False,False
Cc1nc2nc(N3CCN4CCC3CC4)oc2cc1Cl,4.79,2,nM,CHEMBL603052,-4.79,4.21,CHEMBL240,hERG,False,False,False
Cc1nc2ncc(Oc3ccc(Br)cc3F)cc2c(=O)n1C[C@H]1CCCN(C(C)C)C1,5.89,1,nM,CHEMBL1956990,-5.89,3.1100000000000003,CHEMBL240,hERG,False,False,False
Cc1nc2ncc(Oc3ccc(Cl)cc3F)nc2c(=O)n1C[C@H]1CCCN(C(C)C)C1,4.48,1,nM,CHEMBL1957005,-4.48,4.52,CHEMBL240,hERG,True,True,True
Cc1nc2ncc(Oc3ccc(F)c4cccnc34)nc2c(=O)n1C[C@H]1CCCN(C(C)C)C1,4.48,1,nM,CHEMBL1957008,-4.48,4.52,CHEMBL240,hERG,True,True,True
Cc1nc2ncc(Oc3ccc(F)cc3)cc2c(=O)n1C[C@H]1CCCN(C(C)C)C1,5.51,2,nM,CHEMBL1956989,-5.51,3.49,CHEMBL240,hERG,True,True,True
Cc1nc2ncc(Oc3ccc(F)cc3)nc2c(=O)n1C[C@H]1CCCN(C(C)C)C1,4.79,2,nM,CHEMBL1957004,-4.79,4.21,CHEMBL240,hERG,True,True,True
Cc1nc2ncccc2cc1-c1ccc2cc(CCN3CCC[C@H]3C)ccc2n1,4.4,1,nM,CHEMBL263101,-4.4,4.6,CHEMBL240,hERG,False,False,False
Cc1nc[n+]([O-])c(C)c1C(=O)N1CCC(C)(N2CCC(N(c3ccccc3)c3ccccc3)CC2)CC1,5.92,1,nM,CHEMBL58004,-5.92,3.08,CHEMBL240,hERG,False,False,False
Cc1ncc(-c2c(C)c(CNC3CCCC3)nn2-c2ncccc2Cl)cc1F,4.64,1,nM,CHEMBL512975,-4.64,4.36,CHEMBL240,hERG,False,False,False
Cc1ncc(-c2c(C)c(CN[C@H]3CC[C@@H](F)C3)nn2-c2ncccc2Cl)cc1F,4.39,1,nM,CHEMBL466648,-4.39,4.61,CHEMBL240,hERG,False,False,False
Cc1ncc(-c2cc(NC(=O)c3ccc(OCc4ccccn4)cc3)c(C)cc2C)[nH]1,4.92,1,nM,CHEMBL4640840,-4.92,4.08,CHEMBL240,hERG,False,False,False
Cc1ncc(-c2cccc3c2C[C@H](NC(=O)c2ccc(OCC(F)(F)F)nc2)CO3)cn1,5.0,1,nM,CHEMBL2069424,-5.0,4.0,CHEMBL240,hERG,False,False,False
Cc1ncc(-c2ccccc2CCNC(=O)c2ccc(C(=O)NCCCC(F)(F)F)nc2)cn1,4.7,1,nM,CHEMBL2147219,-4.7,4.3,CHEMBL240,hERG,False,False,False
Cc1ncc(-c2ccccc2CCNC(=O)c2ccc(OCCC(F)(F)F)nc2)cn1,4.9,1,nM,CHEMBL2147214,-4.9,4.1,CHEMBL240,hERG,False,False,False
Cc1ncc(-c2ccccc2CCNC(=O)c2ccc(OCCOCC(F)(F)F)nc2)cn1,4.5,1,nM,CHEMBL2147217,-4.5,4.5,CHEMBL240,hERG,False,False,False
Cc1ncc(-c2ccnc(Nc3ccc(C(=O)N(C)C)c(F)c3)n2)n1C(C)C,5.52,1,nM,CHEMBL510436,-5.52,3.4800000000000004,CHEMBL240,hERG,False,False,False
Cc1ncc(-c2ccnc(Nc3ccc(C(=O)N(C)C)cc3)n2)n1C(C)C,4.75,1,nM,CHEMBL488085,-4.75,4.25,CHEMBL240,hERG,False,False,False
Cc1ncc(-c2ccnc(Nc3ccc(C(=O)NC4CC4)cc3)n2)n1C(C)C,5.16,1,nM,CHEMBL487066,-5.16,3.84,CHEMBL240,hERG,False,False,False
Cc1ncc(-c2ccnc(Nc3ccc(C(N)=O)c(F)c3)n2)n1C(C)C,5.0,1,nM,CHEMBL455427,-5.0,4.0,CHEMBL240,hERG,False,False,False
Cc1ncc(-c2ccnc(Nc3ccc(C(N)=O)cc3)n2)n1C(C)C,4.77,1,nM,CHEMBL488084,-4.77,4.23,CHEMBL240,hERG,False,False,False
Cc1ncc(-c2ccnc(Nc3ccc(N4CCN(S(=O)(=O)CCN(C)C)CC4)cc3)n2)n1C(C)C,4.75,1,nM,CHEMBL477785,-4.75,4.25,CHEMBL240,hERG,False,False,False
Cc1ncc(-c2ccnc(Nc3ccc(N4CCN(S(C)(=O)=O)CC4)cc3)n2)n1C(C)C,5.26,1,nM,CHEMBL477567,-5.26,3.74,CHEMBL240,hERG,False,False,False
Cc1ncc(-c2ccnc(Nc3ccc(S(C)(=O)=O)cc3)n2)n1C(C)C,5.5,1,nM,CHEMBL488436,-5.5,3.5,CHEMBL240,hERG,False,False,False
Cc1ncc(-c2nc(Nc3ccc(C(=O)N(C)C)c(F)c3)ncc2F)n1C(C)C,5.22,1,nM,CHEMBL454648,-5.22,3.7800000000000002,CHEMBL240,hERG,False,False,False
Cc1ncc(-c2nc(Nc3ccc(C(=O)N(C)C)cc3)ncc2F)n1C(C)C,4.96,1,nM,CHEMBL453862,-4.96,4.04,CHEMBL240,hERG,False,False,False
Cc1ncc(-c2nc(Nc3ccc(C(N)=O)c(F)c3)ncc2F)n1C(C)C,4.7,1,nM,CHEMBL455429,-4.7,4.3,CHEMBL240,hERG,False,False,False
Cc1ncc(-c2nc(Nc3ccc(C(N)=O)cc3)ncc2F)n1C(C)C,4.7,1,nM,CHEMBL509881,-4.7,4.3,CHEMBL240,hERG,False,False,False
Cc1ncc(-c2nc(Nc3ccc(N4CCN(C(=O)CO)CC4)cc3)ncc2F)n1C(C)C,4.75,1,nM,CHEMBL476993,-4.75,4.25,CHEMBL240,hERG,False,False,False
Cc1ncc(-c2nc(Nc3ccc(N4CCOCC4)cc3)ncc2F)n1C(C)C,4.96,1,nM,CHEMBL515001,-4.96,4.04,CHEMBL240,hERG,False,False,False
Cc1ncc(C)c(C(=O)N2CCC([C@H](N)Cc3cc(F)c(F)cc3F)CC2)n1,4.07,1,nM,CHEMBL485123,-4.07,4.93,CHEMBL240,hERG,False,False,False
Cc1ncc(CNC2CCN(CCn3c(=O)ccc4c3ccc(=O)n4C)CC2)cc1C#N,4.48,1,nM,CHEMBL3290343,-4.48,4.52,CHEMBL240,hERG,False,False,False
Cc1ncc(CNC2CCN(CCn3c(=O)ccc4ccc(C#N)cc43)CC2)cc1C#N,4.58,1,nM,CHEMBL3290339,-4.58,4.42,CHEMBL240,hERG,False,False,False
Cc1ncc(CNC2CCN(CCn3c(=O)ccc4ncc(F)cc43)CC2)cc1C#N,4.16,1,nM,CHEMBL3290340,-4.16,4.84,CHEMBL240,hERG,False,False,False
Cc1ncc(CNC2CCN(CCn3c(=O)ccc4ncc(Oc5ccc(S(N)(=O)=O)cc5)cc43)CC2)cc1Cl,4.09,1,nM,CHEMBL3608744,-4.09,4.91,CHEMBL240,hERG,False,False,False
Cc1ncc(OC[C@@]2(c3cc(F)cc(F)c3)C[C@H]2C(=O)Nc2ccc(F)cn2)c(C)n1,5.32,1,nM,CHEMBL3585955,-5.32,3.6799999999999997,CHEMBL240,hERG,True,True,True
Cc1ncc(OC[C@@]2(c3ccc(F)c(F)c3)C[C@H]2C(=O)Nc2ccc(F)cn2)c(C)n1,5.66,1,nM,CHEMBL3585956,-5.66,3.34,CHEMBL240,hERG,True,True,True
Cc1ncc(OC[C@@]2(c3ccc(F)cc3)C[C@H]2C(=O)Nc2ccc(F)cn2)c(C)n1,5.66,1,nM,CHEMBL3585954,-5.66,3.34,CHEMBL240,hERG,True,True,True
Cc1ncc(OC[C@@]2(c3cccc(F)c3)C[C@H]2C(=O)Nc2ccc(F)cn2)c(C)n1,5.21,1,nM,CHEMBL3545367,-5.21,3.79,CHEMBL240,hERG,True,True,True
Cc1ncc(OC[C@@]2(c3ccccc3)C[C@H]2C(=O)Nc2ccc(F)cn2)c(C)n1,5.11,1,nM,CHEMBL3585946,-5.11,3.8899999999999997,CHEMBL240,hERG,True,True,True
Cc1ncc(OC[C@@]2(c3ccccc3F)C[C@H]2C(=O)Nc2ccc(F)cn2)c(C)n1,5.23,1,nM,CHEMBL3585953,-5.23,3.7699999999999996,CHEMBL240,hERG,True,True,True
Cc1ncc([C@H]2CC[C@@H](N3CC(NC(=O)CNc4nn(C)c5ccc(C(F)(F)F)cc45)C3)CC2)s1,4.6,1,nM,CHEMBL1834797,-4.6,4.4,CHEMBL240,hERG,False,False,False
Cc1nccc(N2C(=O)N(c3ccc(-c4ccc(C(=O)O)cc4C)cc3)C(=O)C23CCN(Cc2ncccc2C)CC3)n1,4.66,1,nM,CHEMBL2041184,-4.66,4.34,CHEMBL240,hERG,False,False,False
Cc1nccc(N2CCC3(CCN(C[C@H](O)c4ccc5c(c4C)COC5=O)CC3)C2=O)n1,4.75,1,nM,CHEMBL4071603,-4.75,4.25,CHEMBL240,hERG,False,False,False
Cc1nccc(N2CCCc3nc([C@@H](C)NC(=O)c4ccc(F)cc4)ccc32)n1,4.75,1,nM,CHEMBL4779248,-4.75,4.25,CHEMBL240,hERG,False,False,False
Cc1nccc(Nc2cc(NC3CCN(c4ccc(C#N)cn4)CC3)c(C(N)=O)cn2)n1,5.09,1,nM,CHEMBL4591633,-5.09,3.91,CHEMBL240,hERG,False,False,False
Cc1ncccc1-c1nc2cn(-c3cccc(OC(C)C)c3)nc2c(=O)n1C[C@H]1CCCN(C[C@H]2CCCO2)C1,5.17,1,nM,CHEMBL3218914,-5.17,3.83,CHEMBL240,hERG,False,False,False
Cc1ncccc1-c1nc2cn(-c3cccc(OC(F)F)c3)nc2c(=O)n1C[C@H]1CCCN(C[C@H]2CCCO2)C1,5.08,1,nM,CHEMBL3218915,-5.08,3.92,CHEMBL240,hERG,False,False,False
Cc1ncccc1-c1nc2cn(-c3ccccc3)nc2c(=O)n1C[C@H]1CCCN(C[C@H]2CCCO2)C1,4.92,1,nM,CHEMBL3218910,-4.92,4.08,CHEMBL240,hERG,False,False,False
Cc1ncccc1-c1nnc(SCCCN2CC[C@]3(C[C@@H]3c3ccc(C(F)(F)F)cc3)C2)n1C,5.2,1,nM,CHEMBL3968272,-5.2,3.8,CHEMBL240,hERG,True,True,True
Cc1ncccc1-c1nnc(SCCCN2CCc3ccc4oc(C(F)(F)F)nc4c3CC2)n1C,5.4,1,nM,CHEMBL255158,-5.4,3.5999999999999996,CHEMBL240,hERG,False,False,False
Cc1ncccc1-c1nnc(SCCCN2C[C@@H]3C[C@]3(c3ccc(C(F)(F)F)cc3)C2)n1C,5.855,2,nM,CHEMBL1081687,-5.855,3.1449999999999996,CHEMBL240,hERG,False,False,False
Cc1ncccc1C(=O)N1CC[C@H](NCc2cncn2Cc2ccc(C#N)cc2)C1=O,5.0,1,nM,CHEMBL483805,-5.0,4.0,CHEMBL240,hERG,False,False,False
Cc1ncccc1N1C[C@]2(CC[C@@H](c3nc4cc(OC(F)(F)F)ccc4[nH]3)CC2)OC1=O,4.3,1,nM,CHEMBL1289610,-4.3,4.7,CHEMBL240,hERG,False,False,False
Cc1nccn1-c1ccc(-c2cn(CC(=O)Nc3cccc(Cl)c3Cl)nn2)cc1,5.66,1,nM,CHEMBL3905835,-5.66,3.34,CHEMBL240,hERG,False,False,False
Cc1nccn1-c1ccc(-c2cn(CC(=O)Nc3cccc(Cl)c3Cl)nn2)cn1,5.35,1,nM,CHEMBL3965469,-5.35,3.6500000000000004,CHEMBL240,hERG,False,False,False
Cc1nccn1CC(NC(=O)CC1CCN(Cc2ccn(-c3ccc(C(F)(F)F)cc3)c2)CC1)c1ccccc1,4.58,1,nM,CHEMBL561584,-4.58,4.42,CHEMBL240,hERG,False,False,False
Cc1nccn1CC1CCc2c(c3ccccc3n2C)C1=O,6.09,5,nM,CHEMBL46,-6.09,2.91,CHEMBL240,hERG,False,False,False
Cc1nccn1C[C@H]1CCc2c(c3ccccc3n2C)C1=O,6.09,1,nM,CHEMBL428411,-6.09,2.91,CHEMBL240,hERG,False,False,False
Cc1nccnc1C(=O)N1CCC([C@H](N)Cc2cc(F)c(F)cc2F)CC1,4.26,1,nM,CHEMBL485124,-4.26,4.74,CHEMBL240,hERG,False,False,False
Cc1ncn(-c2cc(Cl)c(C(=O)NC[C@@H](c3cccc(F)c3)c3ccc4[nH]c(C)nc4c3)c(Cl)c2)n1,4.7,1,nM,CHEMBL3627897,-4.7,4.3,CHEMBL240,hERG,True,True,True
Cc1ncn(-c2cc(Cl)c(C(=O)NC[C@@H](c3cccc(F)c3)c3nc4c(C)cc(Cl)cc4[nH]3)c(Cl)c2)n1,5.52,1,nM,CHEMBL3627896,-5.52,3.4800000000000004,CHEMBL240,hERG,True,True,True
Cc1ncn(-c2cc(Cl)c(C(=O)NC[C@@H](c3cccc(F)c3)c3nc4ccc(Cl)cc4[nH]3)c(Cl)c2)n1,5.27,1,nM,CHEMBL3627895,-5.27,3.7300000000000004,CHEMBL240,hERG,True,True,True
Cc1ncn(C2CCN(C(=O)/C=C/c3ccc(C(F)(F)F)cc3Cn3nnc(C)n3)CC2)n1,4.6,1,nM,CHEMBL4761729,-4.6,4.4,CHEMBL240,hERG,False,False,False
Cc1ncnc(C)c1C(=O)N1C[C@H]2CN(CCC(c3cccc(F)c3)C3CCN(S(C)(=O)=O)CC3)C[C@H]2C1,4.81,1,nM,CHEMBL1269885,-4.81,4.19,CHEMBL240,hERG,False,False,False
Cc1ncnc(C2CC2)c1-c1ncc2nc(NCc3ccc(S(C)(=O)=O)cn3)c(=O)n([C@@H](C)C3CC3)c2n1,4.8,1,nM,CHEMBL4760304,-4.8,4.2,CHEMBL240,hERG,False,False,False
Cc1ncoc1-c1nnc(SCCCCN2CC[C@]3(C[C@@H]3c3ccc(C(F)(F)F)cc3)C2)n1C,6.25,1,nM,CHEMBL3908862,-6.25,2.75,CHEMBL240,hERG,False,True,True
Cc1ncoc1-c1nnc(SCCCN2CC3CC3(c3cc(C(F)(F)F)ccc3F)C2)n1C,5.4,3,nM,CHEMBL1082111,-5.4,3.5999999999999996,CHEMBL240,hERG,False,False,False
Cc1ncoc1-c1nnc(SCCCN2CC3CC3(c3cc(F)cc(C(F)(F)F)c3)C2)n1C,5.7,3,nM,CHEMBL1081868,-5.7,3.3,CHEMBL240,hERG,False,False,False
Cc1ncoc1-c1nnc(SCCCN2CC3CC3(c3ccc(Br)cc3)C2)n1C,6.3,3,nM,CHEMBL1082106,-6.3,2.7,CHEMBL240,hERG,False,False,False
Cc1ncoc1-c1nnc(SCCCN2CC3CC3(c3ccc(C(C)(C)C)cc3)C2)n1C,6.2,1,nM,CHEMBL1079822,-6.2,2.8,CHEMBL240,hERG,False,False,False
Cc1ncoc1-c1nnc(SCCCN2CC3CC3(c3ccc(C(F)(F)F)c(F)c3)C2)n1C,6.2,3,nM,CHEMBL1080126,-6.2,2.8,CHEMBL240,hERG,False,False,False
Cc1ncoc1-c1nnc(SCCCN2CC3CC3(c3ccc(C(F)(F)F)cc3)C2)n1C,6.0,4,nM,CHEMBL1079481,-6.0,3.0,CHEMBL240,hERG,False,False,False
Cc1ncoc1-c1nnc(SCCCN2CC3CC3(c3ccc(C(F)(F)F)cc3F)C2)n1C,6.199999999999999,4,nM,CHEMBL1081023,-6.199999999999999,2.8000000000000007,CHEMBL240,hERG,False,False,False
Cc1ncoc1-c1nnc(SCCCN2CC3CC3(c3ccc(Cl)c(Cl)c3)C2)n1C,6.0,3,nM,CHEMBL1080846,-6.0,3.0,CHEMBL240,hERG,False,False,False
Cc1ncoc1-c1nnc(SCCCN2CC3CC3(c3ccc(Cl)cc3)C2)n1C,6.25,4,nM,CHEMBL1080490,-6.25,2.75,CHEMBL240,hERG,False,False,False
Cc1ncoc1-c1nnc(SCCCN2CC3CC3(c3ccc(Cl)cc3F)C2)n1C,6.3,3,nM,CHEMBL1081747,-6.3,2.7,CHEMBL240,hERG,False,False,False
Cc1ncoc1-c1nnc(SCCCN2CC3CC3(c3ccc(F)c(C(F)(F)F)c3)C2)n1C,5.7,3,nM,CHEMBL1081587,-5.7,3.3,CHEMBL240,hERG,False,False,False
Cc1ncoc1-c1nnc(SCCCN2CC3CC3(c3ccc(F)cc3)C2)n1C,5.7,3,nM,CHEMBL1079462,-5.7,3.3,CHEMBL240,hERG,False,False,False
Cc1ncoc1-c1nnc(SCCCN2CC3CC3(c3ccc(OC(F)(F)F)cc3)C2)n1C,6.6,3,nM,CHEMBL1081966,-6.6,2.4000000000000004,CHEMBL240,hERG,False,False,False
Cc1ncoc1-c1nnc(SCCCN2CC3CC3(c3ccc(S(F)(F)(F)(F)F)cc3)C2)n1C,6.3,3,nM,CHEMBL1210552,-6.3,2.7,CHEMBL240,hERG,False,False,False
Cc1ncoc1-c1nnc(SCCCN2CC3CC3(c3cccc(C(F)(F)F)c3)C2)n1C,5.5,4,nM,CHEMBL1081957,-5.5,3.5,CHEMBL240,hERG,False,False,False
Cc1ncoc1-c1nnc(SCCCN2CC3CC3(c3cccc(C(F)(F)F)c3F)C2)n1C,5.5,3,nM,CHEMBL1079938,-5.5,3.5,CHEMBL240,hERG,False,False,False
Cc1ncoc1-c1nnc(SCCCN2CC3CC3(c3cccc(Cl)c3)C2)n1C,5.9,3,nM,CHEMBL1079461,-5.9,3.0999999999999996,CHEMBL240,hERG,False,False,False
Cc1ncoc1-c1nnc(SCCCN2CC3CC3(c3cccc(F)c3)C2)n1C,6.0,3,nM,CHEMBL1079980,-6.0,3.0,CHEMBL240,hERG,False,False,False
Cc1ncoc1-c1nnc(SCCCN2CC3CC3(c3cccc(OC(F)(F)F)c3)C2)n1C,6.0,3,nM,CHEMBL1081934,-6.0,3.0,CHEMBL240,hERG,False,False,False
Cc1ncoc1-c1nnc(SCCCN2CC3CC3(c3cccc(S(F)(F)(F)(F)F)c3)C2)n1C,5.9,3,nM,CHEMBL1210614,-5.9,3.0999999999999996,CHEMBL240,hERG,False,False,False
Cc1ncoc1-c1nnc(SCCCN2CC3CC3(c3ccccc3)C2)n1C,5.8,1,nM,CHEMBL1079667,-5.8,3.2,CHEMBL240,hERG,False,False,False
Cc1ncoc1-c1nnc(SCCCN2CC3CC3(c3ccccc3C(F)(F)F)C2)n1C,5.2,1,nM,CHEMBL1080189,-5.2,3.8,CHEMBL240,hERG,False,False,False
Cc1ncoc1-c1nnc(SCCCN2CC3CCN(c4c(F)cccc4F)C3C2)n1C,6.0,1,nM,CHEMBL3775967,-6.0,3.0,CHEMBL240,hERG,True,True,True
Cc1ncoc1-c1nnc(SCCCN2CC3CCN(c4ccc(C(F)(F)F)cc4)C3C2)n1C,6.7,3,nM,CHEMBL3774540,-6.7,2.3,CHEMBL240,hERG,True,True,True
Cc1ncoc1-c1nnc(SCCCN2CC3CCN(c4ccc(C(F)(F)F)cc4F)C3C2)n1C,6.4,3,nM,CHEMBL3775226,-6.4,2.5999999999999996,CHEMBL240,hERG,True,True,True
Cc1ncoc1-c1nnc(SCCCN2CC3CCN(c4ccc(Cl)cc4Cl)C3C2)n1C,5.9,1,nM,CHEMBL3775301,-5.9,3.0999999999999996,CHEMBL240,hERG,True,True,True
Cc1ncoc1-c1nnc(SCCCN2CC3CCN(c4ccc(F)cc4)C3C2)n1C,6.1,2,nM,CHEMBL3774588,-6.1,2.9000000000000004,CHEMBL240,hERG,True,True,True
Cc1ncoc1-c1nnc(SCCCN2CC3CCN(c4cccc(C#N)c4)C3C2)n1C,6.1,1,nM,CHEMBL3775534,-6.1,2.9000000000000004,CHEMBL240,hERG,True,True,True
Cc1ncoc1-c1nnc(SCCCN2CC3CCN(c4cccc(F)c4)C3C2)n1C,6.6,1,nM,CHEMBL3775005,-6.6,2.4000000000000004,CHEMBL240,hERG,True,True,True
Cc1ncoc1-c1nnc(SCCCN2CC3CCN(c4ccccc4)C3C2)n1C,5.85,2,nM,CHEMBL3775589,-5.85,3.1500000000000004,CHEMBL240,hERG,True,True,True
Cc1ncoc1-c1nnc(SCCCN2CC3CCN(c4ccccc4OC(F)(F)F)C3C2)n1C,6.2,1,nM,CHEMBL3775872,-6.2,2.8,CHEMBL240,hERG,True,True,True
Cc1ncoc1-c1nnc(SCCCN2CC3CN(c4ccc(C(F)(F)F)cc4)C3C2)n1C,6.2,1,nM,CHEMBL3774515,-6.2,2.8,CHEMBL240,hERG,False,False,False
Cc1ncoc1-c1nnc(SCCCN2CCC3(CCCc4cc(Br)ccc43)C2)n1C,6.2,1,nM,CHEMBL1258380,-6.2,2.8,CHEMBL240,hERG,False,False,False
Cc1ncoc1-c1nnc(SCCCN2CCC3(CCCc4ccc(Br)cc43)C2)n1C,5.9,1,nM,CHEMBL1258381,-5.9,3.0999999999999996,CHEMBL240,hERG,False,False,False
Cc1ncoc1-c1nnc(SCCCN2CCC3(CCOc4ccccc43)C2)n1C,5.2,1,nM,CHEMBL1258606,-5.2,3.8,CHEMBL240,hERG,False,False,False
Cc1ncoc1-c1nnc(SCCCN2CCC3(CCc4c(Br)cccc43)C2)n1C,6.2,1,nM,CHEMBL1258713,-6.2,2.8,CHEMBL240,hERG,False,False,False
Cc1ncoc1-c1nnc(SCCCN2CCC3(CCc4cc(Br)ccc43)C2)n1C,6.5,1,nM,CHEMBL1258712,-6.5,2.5,CHEMBL240,hERG,False,False,False
Cc1ncoc1-c1nnc(SCCCN2CCC3(CCc4cc(F)ccc43)C2)n1C,5.6,1,nM,CHEMBL1258949,-5.6,3.4000000000000004,CHEMBL240,hERG,False,False,False
Cc1ncoc1-c1nnc(SCCCN2CCC3(CCc4ccc(Br)cc43)C2)n1C,6.1,1,nM,CHEMBL1258833,-6.1,2.9000000000000004,CHEMBL240,hERG,False,False,False
Cc1ncoc1-c1nnc(SCCCN2CCC3(c4ccc(C(F)(F)F)cc4)CC3C2)n1C,6.1,1,nM,CHEMBL1257686,-6.1,2.9000000000000004,CHEMBL240,hERG,False,False,False
Cc1ncoc1-c1nnc(SCCCN2CCC3(c4cccc(C(F)(F)F)c4)CC3C2)n1C,6.7,1,nM,CHEMBL1257808,-6.7,2.3,CHEMBL240,hERG,False,False,False
Cc1ncoc1-c1nnc(SCCCN2CCC3(c4ccccc4)CC3C2)n1C,5.3,1,nM,CHEMBL1257565,-5.3,3.7,CHEMBL240,hERG,False,False,False
Cc1ncoc1-c1nnc(SCCCN2CCC3CC3(c3ccc(C(F)(F)F)cc3)C2)n1C,5.7,1,nM,CHEMBL1257566,-5.7,3.3,CHEMBL240,hERG,False,False,False
Cc1ncoc1-c1nnc(SCCCN2CCC3CC3(c3ccc(C(F)(F)F)cc3)CC2)n1C,5.8,1,nM,CHEMBL1257809,-5.8,3.2,CHEMBL240,hERG,False,False,False
Cc1ncoc1-c1nnc(SCCCN2CCC3CC3(c3cccc(C(F)(F)F)c3)C2)n1C,5.7,1,nM,CHEMBL1257687,-5.7,3.3,CHEMBL240,hERG,False,False,False
Cc1ncoc1-c1nnc(SCCCN2CCC3CC3(c3ccccc3)C2)n1C,5.2,1,nM,CHEMBL1257447,-5.2,3.8,CHEMBL240,hERG,False,False,False
Cc1ncoc1-c1nnc(SCCCN2CC[C@@]3(C[C@@H]3c3ccc(C(F)(F)F)cc3)C2)n1C,6.43,1,nM,CHEMBL3944642,-6.43,2.5700000000000003,CHEMBL240,hERG,True,True,True
Cc1ncoc1-c1nnc(SCCCN2CC[C@@]3(C[C@@H]3c3ccc(C(F)(F)F)cc3F)C2)n1C,6.35,1,nM,CHEMBL3901587,-6.35,2.6500000000000004,CHEMBL240,hERG,True,True,True
Cc1ncoc1-c1nnc(SCCCN2CC[C@@]3(C[C@@H]3c3ccccc3)C2)n1C,5.44,1,nM,CHEMBL3901211,-5.44,3.5599999999999996,CHEMBL240,hERG,True,True,True
Cc1ncoc1-c1nnc(SCCCN2CC[C@@]3(C[C@@H]3c3ccccc3C(F)(F)F)C2)n1C,6.05,1,nM,CHEMBL3975989,-6.05,2.95,CHEMBL240,hERG,True,True,True
Cc1ncoc1-c1nnc(SCCCN2CC[C@@]3(C[C@H]3c3ccc(C(F)(F)F)cc3F)C2)n1C,6.28,1,nM,CHEMBL3955505,-6.28,2.7199999999999998,CHEMBL240,hERG,True,True,True
Cc1ncoc1-c1nnc(SCCCN2CC[C@@]3(C[C@H]3c3ccc(F)cc3)C2)n1C,6.22,1,nM,CHEMBL3963783,-6.22,2.7800000000000002,CHEMBL240,hERG,True,True,True
Cc1ncoc1-c1nnc(SCCCN2CC[C@@]3(C[C@H]3c3ccc(F)cc3C(F)(F)F)C2)n1C,5.57,1,nM,CHEMBL3975147,-5.57,3.4299999999999997,CHEMBL240,hERG,True,True,True
Cc1ncoc1-c1nnc(SCCCN2CC[C@@]3(C[C@H]3c3ccc(F)cc3F)C2)n1C,6.12,1,nM,CHEMBL3926847,-6.12,2.88,CHEMBL240,hERG,True,True,True
Cc1ncoc1-c1nnc(SCCCN2CC[C@@]3(C[C@H]3c3ccccc3)C2)n1C,5.54,1,nM,CHEMBL3983937,-5.54,3.46,CHEMBL240,hERG,True,True,True
Cc1ncoc1-c1nnc(SCCCN2CC[C@]3(C[C@@H]3c3cc(Cl)cc(Cl)c3)C2)n1C,6.58,1,nM,CHEMBL3899336,-6.58,2.42,CHEMBL240,hERG,True,True,True
Cc1ncoc1-c1nnc(SCCCN2CC[C@]3(C[C@@H]3c3ccc(C(F)(F)F)cc3)C2)n1C,6.39,1,nM,CHEMBL3935692,-6.39,2.6100000000000003,CHEMBL240,hERG,True,True,True
Cc1ncoc1-c1nnc(SCCCN2CC[C@]3(C[C@@H]3c3ccc(C(F)(F)F)cc3F)C2)n1C,6.16,1,nM,CHEMBL3927895,-6.16,2.84,CHEMBL240,hERG,False,True,True
Cc1ncoc1-c1nnc(SCCCN2CC[C@]3(C[C@@H]3c3ccccc3)C2)n1C,5.33,1,nM,CHEMBL3913062,-5.33,3.67,CHEMBL240,hERG,False,True,True
Cc1ncoc1-c1nnc(SCCCN2CC[C@]3(C[C@H]3c3ccc(C(F)(F)F)cc3)C2)n1C,6.72,1,nM,CHEMBL3913607,-6.72,2.2800000000000002,CHEMBL240,hERG,True,True,True
Cc1ncoc1-c1nnc(SCCCN2CC[C@]3(C[C@H]3c3ccc(C(F)(F)F)cc3F)C2)n1C,6.6,1,nM,CHEMBL3935776,-6.6,2.4000000000000004,CHEMBL240,hERG,True,True,True
Cc1ncoc1-c1nnc(SCCCN2CC[C@]3(C[C@H]3c3ccc(F)cc3C(F)(F)F)C2)n1C,5.92,1,nM,CHEMBL3985877,-5.92,3.08,CHEMBL240,hERG,True,True,True
Cc1ncoc1-c1nnc(SCCCN2CC[C@]3(C[C@H]3c3ccccc3)C2)n1C,5.4,1,nM,CHEMBL3958494,-5.4,3.5999999999999996,CHEMBL240,hERG,True,True,True
Cc1ncoc1-c1nnc(SCCCN2CC[C@]3(C[C@H]3c3ccccc3C(F)(F)F)C2)n1C,5.71,1,nM,CHEMBL3914195,-5.71,3.29,CHEMBL240,hERG,True,True,True
Cc1ncoc1-c1nnc(SCCCN2CCc3cc4c(cc3CC2)N(C)C(=O)CO4)n1C,4.6,1,nM,CHEMBL257534,-4.6,4.4,CHEMBL240,hERG,False,False,False
Cc1ncoc1-c1nnc(SCCCN2CCc3cc4c(cc3CC2)OCC(=O)N4)n1C,7.2,1,nM,CHEMBL257536,-7.2,1.7999999999999998,CHEMBL240,hERG,False,False,False
Cc1ncoc1-c1nnc(SCCCN2CCc3cc4nc(C(C)C)oc4cc3CC2)n1C,5.4,1,nM,CHEMBL256016,-5.4,3.5999999999999996,CHEMBL240,hERG,False,False,False
Cc1ncoc1-c1nnc(SCCCN2CCc3cc4nc(C(F)(F)C(F)(F)F)oc4cc3CC2)n1C,6.7,1,nM,CHEMBL271083,-6.7,2.3,CHEMBL240,hERG,False,False,False
Cc1ncoc1-c1nnc(SCCCN2CCc3cc4nc(CC5CC5)oc4cc3CC2)n1C,6.0,1,nM,CHEMBL255619,-6.0,3.0,CHEMBL240,hERG,False,False,False
Cc1ncoc1-c1nnc(SCCCN2CCc3cc4ncoc4cc3CC2)n1C,5.2,1,nM,CHEMBL255621,-5.2,3.8,CHEMBL240,hERG,False,False,False
Cc1ncoc1-c1nnc(SCCCN2CCc3cc4onc(C)c4cc3CC2)n1C,5.2,1,nM,CHEMBL256475,-5.2,3.8,CHEMBL240,hERG,False,False,False
Cc1ncoc1-c1nnc(SCCCN2CCc3ccc4nc(C(C)(F)F)oc4c3CC2)n1C,5.3,1,nM,CHEMBL272775,-5.3,3.7,CHEMBL240,hERG,False,False,False
Cc1ncoc1-c1nnc(SCCCN2CCc3ccc4nc(C(F)(F)F)oc4c3CC2)n1C,5.3,1,nM,CHEMBL256659,-5.3,3.7,CHEMBL240,hERG,False,False,False
Cc1ncoc1-c1nnc(SCCCN2CCc3ccc4oc(C(C)(F)F)nc4c3CC2)n1C,5.6,1,nM,CHEMBL437792,-5.6,3.4000000000000004,CHEMBL240,hERG,False,False,False
Cc1ncoc1-c1nnc(SCCCN2CCc3ccc4oc(C(F)(F)C(F)(F)F)nc4c3CC2)n1C,6.5,1,nM,CHEMBL402215,-6.5,2.5,CHEMBL240,hERG,False,False,False
Cc1ncoc1-c1nnc(SCCCN2CCc3ccc4oc(C(F)(F)F)nc4c3CC2)n1C,5.9,1,nM,CHEMBL271449,-5.9,3.0999999999999996,CHEMBL240,hERG,False,False,False
Cc1ncoc1-c1nnc(SCCCN2CCc3nc4cc(C(F)(F)F)ccn4c3CC2)n1C,6.1,1,nM,CHEMBL272588,-6.1,2.9000000000000004,CHEMBL240,hERG,False,False,False
Cc1ncoc1-c1nnc(SCCCN2CCc3nc4ccc(C(F)(F)F)cn4c3CC2)n1C,5.7,1,nM,CHEMBL271511,-5.7,3.3,CHEMBL240,hERG,False,False,False
Cc1ncoc1-c1nnc(SCCCN2C[C@@H]3C[C@]3(c3ccc(C(C)(C)C)cc3)C2)n1C,6.0,1,nM,CHEMBL1079824,-6.0,3.0,CHEMBL240,hERG,False,False,False
Cc1ncoc1-c1nnc(SCCCN2C[C@@H]3C[C@]3(c3ccc(C(F)(F)F)cc3)C2)n1C,6.4,2,nM,CHEMBL1081409,-6.4,2.5999999999999996,CHEMBL240,hERG,False,False,False
Cc1ncoc1-c1nnc(SCCCN2C[C@H]3C[C@@]3(c3ccc(C(C)(C)C)cc3)C2)n1C,6.4,1,nM,CHEMBL1079823,-6.4,2.5999999999999996,CHEMBL240,hERG,False,False,False
Cc1ncoc1-c1nnc(SCCCN2C[C@H]3C[C@@]3(c3ccc(C(F)(F)F)cc3)C2)n1C,6.2,1,nM,CHEMBL1081580,-6.2,2.8,CHEMBL240,hERG,False,False,False
Cc1ncoc1-c1nnc(SCCCN2[C@@H]3CC[C@H]2C[C@@H](c2ccc(C(C)(C)C)cc2)C3)n1C,6.0,1,nM,CHEMBL1257215,-6.0,3.0,CHEMBL240,hERG,False,False,False
Cc1ncoc1-c1nnc(SCCCN2[C@@H]3CC[C@H]2C[C@@H](c2ccc(C(F)(F)F)cc2)C3)n1C,6.8,1,nM,CHEMBL1257336,-6.8,2.2,CHEMBL240,hERG,False,False,False
Cc1ncoc1-c1nnc(SCCCN2[C@@H]3CC[C@H]2C[C@@H](c2ccc(C(F)(F)F)cc2F)C3)n1C,6.3,1,nM,CHEMBL1257448,-6.3,2.7,CHEMBL240,hERG,False,False,False
Cc1ncoc1-c1nnc(SCCCN2[C@@H]3CC[C@H]2C[C@@H](c2cccc(C(F)(F)F)c2)C3)n1C,6.3,1,nM,CHEMBL1257337,-6.3,2.7,CHEMBL240,hERG,False,False,False
Cc1ncoc1-c1nnc(SCCCNC2CC3CC3(c3ccccc3)C2)n1C,5.1,1,nM,CHEMBL1257335,-5.1,3.9000000000000004,CHEMBL240,hERG,False,False,False
Cc1ncoc1-c1nnc(SCCCN[C@@H]2CC3C[C@]3(c3ccc(C(F)(F)F)cc3F)C2)n1C,6.0,1,nM,CHEMBL1258269,-6.0,3.0,CHEMBL240,hERG,False,False,False
Cc1ncoc1-c1nnc(SCCCN[C@@H]2CC[C@]3(c4ccc(C(F)(F)F)cc4)CC23)n1C,6.4,2,nM,CHEMBL1258035,-6.4,2.5999999999999996,CHEMBL240,hERG,False,False,False
Cc1ncoc1-c1nnc(SCCCN[C@@H]2CC[C@]3(c4ccc(C(F)(F)F)cc4F)CC23)n1C,6.2,1,nM,CHEMBL1258268,-6.2,2.8,CHEMBL240,hERG,False,False,False
Cc1ncoc1-c1nnc(SCCCN[C@H]2CC[C@]3(c4ccc(C(F)(F)F)cc4)CC23)n1C,5.6,1,nM,CHEMBL1258153,-5.6,3.4000000000000004,CHEMBL240,hERG,False,False,False
Cc1ncoc1-c1nnc(SCCN2CC[C@@]3(C[C@@H]3c3ccc(C(F)(F)F)cc3)C2)n1C,6.87,1,nM,CHEMBL3953365,-6.87,2.13,CHEMBL240,hERG,False,False,False
Cc1ncoc1-c1nnc(SCCN2CC[C@]3(C[C@@H]3c3ccc(C(F)(F)F)cc3)C2)n1C,6.28,1,nM,CHEMBL3936812,-6.28,2.7199999999999998,CHEMBL240,hERG,False,False,False
Cc1ncoc1-c1nnc(SCCN2CC[C@]3(C[C@H]3c3ccc(C(F)(F)F)cc3)C2)n1C,6.5,1,nM,CHEMBL3954568,-6.5,2.5,CHEMBL240,hERG,False,False,False
Cc1ncsc1-c1nnc(SCCCN2CC[C@]3(C[C@@H]3c3ccc(C(F)(F)F)cc3)C2)n1C,6.1,1,nM,CHEMBL3923578,-6.1,2.9000000000000004,CHEMBL240,hERG,True,True,True
Cc1nn(-c2c(Cl)cccc2NS(C)(=O)=O)cc1CN1CCC2(CC1)OCc1ccccc12,4.77,1,nM,CHEMBL471299,-4.77,4.23,CHEMBL240,hERG,False,False,False
Cc1nn(-c2ccccc2)cc1CN1CCC2(CC1)OCc1ccccc12,6.13,1,nM,CHEMBL460893,-6.13,2.87,CHEMBL240,hERG,False,False,False
Cc1nn(-c2ccccc2)nc1C(=O)N[C@@H]1COc2cccc(-c3ccncc3)c2C1,5.4,1,nM,CHEMBL2069416,-5.4,3.5999999999999996,CHEMBL240,hERG,False,False,False
Cc1nn(-c2ccccc2)nc1C(=O)N[C@@H]1COc2cccc(N3CCN(C)CC3)c2C1,5.1,1,nM,CHEMBL2069403,-5.1,3.9000000000000004,CHEMBL240,hERG,False,False,False
Cc1nn(-c2ccnc(Nc3ccc4c(c3)c(C(=O)C(F)(F)F)cn4C)n2)cc1N[C@@H]1CCOC[C@@H]1N,5.33,1,nM,CHEMBL4797815,-5.33,3.67,CHEMBL240,hERG,False,False,False
Cc1nn(-c2ccnc(Nc3ccc4c(c3)c(C)c(C)n4C)n2)cc1CN1CC(O)C1,4.9,1,nM,CHEMBL3622958,-4.9,4.1,CHEMBL240,hERG,False,False,False
Cc1nn(-c2ccnc(Nc3ccc4c(c3)c(Cl)c(C)n4C)n2)cc1CN1CC(O)C1,4.62,1,nM,CHEMBL3622956,-4.62,4.38,CHEMBL240,hERG,False,False,False
Cc1nn(-c2ccnc3[nH]c(-c4cccc5c4ccn5C)nc23)cc1CN(C)C,5.58,2,nM,CHEMBL4796370,-5.58,3.42,CHEMBL240,hERG,False,False,False
Cc1nn(-c2ccnc3[nH]c(-c4cccc5c4ccn5C)nc23)cc1CN1CC[C@@H](O)C1,4.51,1,nM,CHEMBL4791746,-4.51,4.49,CHEMBL240,hERG,False,False,False
Cc1nn(-c2ccnc3[nH]c(-c4cccc5c4ccn5C)nc23)cc1CN1CC[C@H](O)C1,4.57,1,nM,CHEMBL4760511,-4.57,4.43,CHEMBL240,hERG,False,False,False
Cc1nn(-c2ncccc2Cl)cc1CN1CCC2(CC1)OCc1ccccc12,5.11,1,nM,CHEMBL512520,-5.11,3.8899999999999997,CHEMBL240,hERG,False,False,False
Cc1nn(C)c(C)c1-c1nc2c(N3CCN(Cc4cccnc4)CC3)c(Br)cnc2[nH]1,4.97,1,nM,CHEMBL3891461,-4.97,4.03,CHEMBL240,hERG,False,False,False
Cc1nn(C)c(C)c1N(C(F)F)S(=O)(=O)c1c(Cl)cc(CCCC2CCN(C)CC2)cc1Cl,6.22,1,nM,CHEMBL3358114,-6.22,2.7800000000000002,CHEMBL240,hERG,False,False,False
Cc1nn(C)c(C)c1NS(=O)(=O)c1c(Cl)cc(-c2ccnc(N3CCNCC3)c2)cc1Cl,4.55,2,nM,CHEMBL1230468,-4.55,4.45,CHEMBL240,hERG,False,False,False
Cc1nn(C)cc1-c1ccc2cc(CCN3CCC[C@H]3C)ccc2n1,4.61,1,nM,CHEMBL442242,-4.61,4.39,CHEMBL240,hERG,True,True,True
Cc1nn(C)cc1-c1nc2c(N3CCN(Cc4ncon4)CC3)c(Cl)cnc2[nH]1,4.96,2,nM,CHEMBL2207500,-4.96,4.04,CHEMBL240,hERG,False,False,False
Cc1nn(C2CCN(C(=O)CO)CC2)c(C)c1Nc1ncc(Cl)c(-c2cnn3ccccc23)n1,4.66,1,nM,CHEMBL3822587,-4.66,4.34,CHEMBL240,hERG,False,False,False
Cc1nn(C2CCN(C(=O)[C@@H](C)O)CC2)c(C)c1Nc1ncc(Cl)c(-c2cnn3ccccc23)n1,4.54,1,nM,CHEMBL3823030,-4.54,4.46,CHEMBL240,hERG,False,False,False
Cc1nn(C2CCN(C(=O)[C@H](C)O)CC2)c(C)c1Nc1ncc(Cl)c(-c2cnn3ccccc23)n1,4.64,1,nM,CHEMBL3822947,-4.64,4.36,CHEMBL240,hERG,False,False,False
Cc1nn(C2CCN(CC(=O)N(C)C)CC2)c(C)c1Nc1ncc(Cl)c(-c2cnn3ccccc23)n1,5.11,1,nM,CHEMBL3823095,-5.11,3.8899999999999997,CHEMBL240,hERG,False,False,False
Cc1nn(C2CCN(CCO)CC2)c(C)c1Nc1ncc(Cl)c(-c2cnn3ccccc23)n1,5.03,1,nM,CHEMBL3824323,-5.03,3.9699999999999998,CHEMBL240,hERG,False,False,False
Cc1nn(C2CCNCC2)c(C)c1Nc1ncc(Cl)c(-c2cnn3ccccc23)n1,4.62,1,nM,CHEMBL3824296,-4.62,4.38,CHEMBL240,hERG,False,False,False
Cc1nn(C2CCNCC2)cc1Nc1ncc(Cl)c(-c2cnc3ccccn23)n1,4.54,1,nM,CHEMBL3823007,-4.54,4.46,CHEMBL240,hERG,False,False,False
Cc1nn(CCOCC(F)(F)F)c2c(Nc3ccncn3)nc(N3CCN[C@H](C)C3)nc12,6.05,1,nM,CHEMBL1098752,-6.05,2.95,CHEMBL240,hERG,False,False,False
Cc1nn2ccccc2c1CCN(Cc1ccc(/C=C/C(=O)NO)cc1)C(C)C,5.0,1,nM,CHEMBL1819273,-5.0,4.0,CHEMBL240,hERG,False,False,False
Cc1nnc(-c2cc(C(F)(F)F)cc(S(=O)(=O)N3CCN(C(=O)[C@@H]4C[C@H]4c4ccc(C(F)(F)F)cc4)CC3)c2)[nH]1,5.89,1,nM,CHEMBL488730,-5.89,3.1100000000000003,CHEMBL240,hERG,False,False,False
Cc1nnc(-c2nn(C)c3ccc(Nc4nccc(-c5cc(CN(C)C)n(C)n5)n4)cc23)o1,5.66,1,nM,CHEMBL4784088,-5.66,3.34,CHEMBL240,hERG,False,False,False
Cc1nnc(-c2nn(C)c3ccc(Nc4nccc(-n5cc(N[C@@H]6CCOC[C@@H]6N)c(C)n5)n4)cc23)o1,4.96,1,nM,CHEMBL4740533,-4.96,4.04,CHEMBL240,hERG,False,False,False
Cc1nnc(C(C)C)n1C1CCN(C(C)C[C@H](NC(=O)C2CC(F)(F)C2)c2ccccc2)CC1,5.64,1,nM,CHEMBL491679,-5.64,3.3600000000000003,CHEMBL240,hERG,False,False,False
Cc1nnc(C(C)C)n1C1CCN(C(C)C[C@H](NC(=O)C2CCC(F)(F)CC2)c2ccccc2)CC1,5.68,1,nM,CHEMBL489324,-5.68,3.3200000000000003,CHEMBL240,hERG,False,False,False
Cc1nnc(C(C)C)n1C1CCN(C(C)C[C@H](NC(=O)C2CCC2)c2ccccc2)CC1,5.4,1,nM,CHEMBL469724,-5.4,3.5999999999999996,CHEMBL240,hERG,False,False,False
Cc1nnc(C(C)C)n1[C@@H]1C[C@H]2CC[C@@H](C1)N2CC[C@H](NC(=O)C1CCC(F)(F)CC1)c1cccs1,5.46,1,nM,CHEMBL4244935,-5.46,3.54,CHEMBL240,hERG,False,False,False
Cc1nnc(C(C)C)n1[C@@H]1C[C@H]2CC[C@@H](C1)N2CC[C@H](NC(=O)C1CCCC1)c1cccs1,5.82,1,nM,CHEMBL4238063,-5.82,3.1799999999999997,CHEMBL240,hERG,False,False,False
Cc1nnc(C(C)C)n1[C@@H]1C[C@H]2CC[C@@H](C1)N2CC[C@H](NC(=O)C1CCCCC1)c1cccs1,5.69,1,nM,CHEMBL4242114,-5.69,3.3099999999999996,CHEMBL240,hERG,False,False,False
Cc1nnc(C)n1C1CCN(C(C)C[C@H](NC(=O)C2CCC2)c2ccccc2)CC1,6.07,1,nM,CHEMBL469542,-6.07,2.9299999999999997,CHEMBL240,hERG,False,False,False
Cc1nnc(N2CC[C@@H](F)C2)c2nn(-c3ccc(OCC(F)(F)F)cc3)c(C)c12,6.5,1,nM,CHEMBL1801188,-6.5,2.5,CHEMBL240,hERG,False,False,False
Cc1nnc([C@]2(c3cnn(C)c3)N[C@@H](c3nc(-c4ccc(F)cn4)c[nH]3)Cc3c2[nH]c2ccccc32)o1,5.5,1,nM,CHEMBL3582324,-5.5,3.5,CHEMBL240,hERG,False,False,False
Cc1nnc2c3cc(-c4ccccc4)c(-c4ccc(CN5CCC(c6n[nH]c(-c7ccccn7)n6)CC5)cc4)nc3ccn12,5.56,1,nM,CHEMBL445464,-5.56,3.4400000000000004,CHEMBL240,hERG,False,False,False
Cc1nnc2ccc(N3CC[C@H](c4cc(F)c(F)cc4F)[C@@H](N)C3)nn12,4.69,1,nM,CHEMBL231497,-4.69,4.31,CHEMBL240,hERG,False,False,False
Cc1nnn(C)c1-c1cnc2c3ccc(C(C)(C)O)cc3n([C@H](c3ccccc3)C3CCOCC3)c2c1,4.55,1,nM,CHEMBL4297458,-4.55,4.45,CHEMBL240,hERG,False,False,False
Cc1nnn(Cc2cc(C(F)(F)F)ccc2/C=C/C(=O)N2CCC(C#N)CC2)n1,4.6,1,nM,CHEMBL4753859,-4.6,4.4,CHEMBL240,hERG,False,False,False
Cc1nnn(Cc2cc(C(F)(F)F)ccc2/C=C/C(=O)N2CCC(C(F)(F)F)CC2)n1,4.72,1,nM,CHEMBL4795515,-4.72,4.28,CHEMBL240,hERG,False,False,False
Cc1nnn(Cc2cc(C(F)(F)F)ccc2/C=C/C(=O)N2CCC(c3nnc(C)o3)CC2)n1,4.64,1,nM,CHEMBL4794562,-4.64,4.36,CHEMBL240,hERG,False,False,False
Cc1nnn(Cc2cc(Cl)ccc2/C=C/C(=O)N2CCC(Cc3ncc(C)o3)CC2)n1,5.28,1,nM,CHEMBL4794205,-5.28,3.7199999999999998,CHEMBL240,hERG,False,False,False
Cc1nnn(Cc2cc(Cl)ccc2/C=C/C(=O)N2CCN(Cc3cnn(C)c3)CC2)n1,4.82,1,nM,CHEMBL4793854,-4.82,4.18,CHEMBL240,hERG,False,False,False
Cc1nnn(Cc2cc(Cl)ccc2/C=C/C(=O)N2CCN(Cc3coc(C)n3)CC2)n1,4.64,1,nM,CHEMBL4764982,-4.64,4.36,CHEMBL240,hERG,False,False,False
Cc1noc(-c2nnc3n2CCN(C(=O)c2ccc(-c4cccs4)cc2)[C@@H]3C)n1,5.29,1,nM,CHEMBL3422017,-5.29,3.71,CHEMBL240,hERG,True,True,True
Cc1noc(/C(=C/c2cccc(-c3cc(C(C)(C)S(C)(=O)=O)cc4cccnc34)c2)c2ccc(S(C)(=O)=O)cc2)n1,4.3,1,nM,CHEMBL372575,-4.3,4.7,CHEMBL240,hERG,False,False,False
Cc1noc(/C(=C/c2cccc(-n3cc(C(=O)Nc4c(Cl)cncc4Cl)c(=O)c4cccnc43)c2)c2ccc(S(C)(=O)=O)cc2)n1,6.17,1,nM,CHEMBL499477,-6.17,2.83,CHEMBL240,hERG,False,False,False
Cc1noc(C)c1-c1[nH]c2ccccc2c1CCNCc1ccc(/C=C/C(=O)NO)cc1,4.5,1,nM,CHEMBL1819259,-4.5,4.5,CHEMBL240,hERG,False,False,False
Cc1noc(C)c1-c1ccc2nc(-c3cnn(CC(C)(C)O)c3)nc(N3CCOC[C@@H]3c3ccccc3)c2c1,5.19,1,nM,CHEMBL4749664,-5.19,3.8099999999999996,CHEMBL240,hERG,False,False,False
Cc1noc(C)c1-c1cnc2c3ccc(C(C)(C)O)cc3n([C@H](c3ccccc3)C3CCOCC3)c2c1,4.29,1,nM,CHEMBL5087175,-4.29,4.71,CHEMBL240,hERG,False,False,False
Cc1noc(C)c1-c1nc(NCc2ccccn2)c2c(-c3ccccc3)cccc2n1,5.51,1,nM,CHEMBL4576889,-5.51,3.49,CHEMBL240,hERG,False,False,False
Cc1noc(C)c1CCC1CCN(S(=O)(=O)C[C@](C)(C[C@H](C)c2ncc(F)cn2)N(O)C=O)CC1,4.19,1,nM,CHEMBL1615187,-4.19,4.81,CHEMBL240,hERG,False,False,False
Cc1noc(C2CCN(C(=O)/C=C/c3ccc(C(F)(F)F)cc3Cn3nnc(C)n3)CC2)n1,4.85,1,nM,CHEMBL4751607,-4.85,4.15,CHEMBL240,hERG,False,False,False
Cc1noc(N2C[C@H]3CC[C@@H](C2)[C@@H]3Nc2nc3c(OCC(F)(F)F)ccc(C(F)(F)F)n3n2)n1,5.06,1,nM,CHEMBL4649550,-5.06,3.9400000000000004,CHEMBL240,hERG,False,False,False
Cc1noc([C@H]2C[C@@H]2C(=O)NCc2ccc(-c3cccc(OC(F)(F)F)c3)c3c2CN(C(=O)NC(C)(C)C)CC3)n1,5.63,1,nM,CHEMBL3734797,-5.63,3.37,CHEMBL240,hERG,False,False,False
Cc1noc2cc3c(cc12)CCN(CCCSc1nnc(-c2ccc(C(F)(F)F)cc2)n1C)CC3,6.9,1,nM,CHEMBL401576,-6.9,2.0999999999999996,CHEMBL240,hERG,False,False,False
Cc1nsc(-c2nnc3n2CCN(C(=O)c2cc(F)c(F)c(F)c2)[C@@H]3C)n1,4.16,1,nM,CHEMBL4115594,-4.16,4.84,CHEMBL240,hERG,False,False,False
Cc1nsc(-c2nnc3n2CCN(C(=O)c2cc(F)c(F)c(F)c2F)[C@@H]3C)n1,4.16,1,nM,CHEMBL4113428,-4.16,4.84,CHEMBL240,hERG,False,False,False
Cc1nsc(-c2nnc3n2CCN(C(=O)c2cc(F)cc(F)c2)[C@@H]3C)n1,4.34,1,nM,CHEMBL4112585,-4.34,4.66,CHEMBL240,hERG,False,False,False
Cc1nsc(-c2nnc3n2CCN(C(=O)c2ccc(-c4cccs4)cc2)[C@@H]3C)n1,5.1,2,nM,CHEMBL3422018,-5.1,3.9000000000000004,CHEMBL240,hERG,True,True,True
Cc1nsc(-c2nnc3n2CCN(C(=O)c2ccc(C#N)cc2)[C@@H]3C)n1,4.23,1,nM,CHEMBL4107016,-4.23,4.77,CHEMBL240,hERG,False,False,False
Cc1nsc(-c2nnc3n2CCN(C(=O)c2ccc(C(F)(F)F)cc2)[C@@H]3C)n1,4.35,1,nM,CHEMBL4109584,-4.35,4.65,CHEMBL240,hERG,False,False,False
Cc1nsc(-c2nnc3n2CCN(C(=O)c2ccc(Cl)c(Cl)c2)[C@@H]3C)n1,4.38,1,nM,CHEMBL4108583,-4.38,4.62,CHEMBL240,hERG,False,False,False
Cc1nsc(-c2nnc3n2CCN(C(=O)c2ccc(Cl)c(F)c2)[C@@H]3C)n1,4.16,1,nM,CHEMBL4106866,-4.16,4.84,CHEMBL240,hERG,False,False,False
Cc1nsc(-c2nnc3n2CCN(C(=O)c2ccc(Cl)cc2)[C@@H]3C)n1,4.18,2,nM,CHEMBL3608687,-4.18,4.82,CHEMBL240,hERG,True,True,True
Cc1nsc(-c2nnc3n2CCN(C(=O)c2ccc(F)c(Cl)c2)[C@@H]3C)n1,4.35,1,nM,CHEMBL4114280,-4.35,4.65,CHEMBL240,hERG,False,False,False
Cc1nsc(-c2nnc3n2CCN(C(=O)c2ccc(F)c(F)c2)[C@@H]3C)n1,4.16,1,nM,CHEMBL4112037,-4.16,4.84,CHEMBL240,hERG,False,False,False
Cc1nsc(-c2nnc3n2CCN(C(=O)c2ccc(F)c(F)c2F)[C@@H]3C)n1,4.16,1,nM,CHEMBL4115295,-4.16,4.84,CHEMBL240,hERG,False,False,False
Cc1nsc(-c2nnc3n2CCN(C(=O)c2ccc(F)cc2)C3)n1,4.3,1,nM,CHEMBL3608684,-4.3,4.7,CHEMBL240,hERG,True,True,True
Cc1nsc(-c2nnc3n2CCN(C(=O)c2ccc(F)cc2)[C@@H]3C)n1,4.16,1,nM,CHEMBL3608680,-4.16,4.84,CHEMBL240,hERG,True,True,True
Cc1nsc(-c2nnc3n2CCN(C(=O)c2ccc(F)cc2)[C@@H]3CCO)n1,4.3,2,nM,CHEMBL3608741,-4.3,4.7,CHEMBL240,hERG,True,True,True
Cc1nsc(-c2nnc3n2CCN(C(=O)c2ccc(F)cc2F)[C@@H]3C)n1,4.16,1,nM,CHEMBL4110224,-4.16,4.84,CHEMBL240,hERG,False,False,False
Cc1nsc(-c2nnc3n2CCN(C(=O)c2cccc(Cl)c2)[C@@H]3C)n1,4.16,1,nM,CHEMBL4110770,-4.16,4.84,CHEMBL240,hERG,False,False,False
Cc1nsc(-c2nnc3n2CCN(C(=O)c2cccc(F)c2)[C@@H]3C)n1,4.16,1,nM,CHEMBL4111714,-4.16,4.84,CHEMBL240,hERG,False,False,False
Cc1nsc(-c2nnc3n2CCN(C(=O)c2ccccc2)[C@@H]3C)n1,4.3,2,nM,CHEMBL3608740,-4.3,4.7,CHEMBL240,hERG,True,True,True
Cc1nsc(N2CCC3(CCN(C[C@H](O)c4ccc5c(c4C)COC5=O)CC3)C2)n1,5.38,1,nM,CHEMBL4071221,-5.38,3.62,CHEMBL240,hERG,False,False,False
Cc1nsc(N2CCC3(CCN(C[C@H](O)c4ccc5c(c4C)COC5=O)CC3)C2=O)n1,4.945,2,nM,CHEMBL4095422,-4.945,4.055,CHEMBL240,hERG,False,False,False
Cc1nsc(NC(=O)c2cc(Oc3ccc(C(=O)N4CCC4)cc3)cc(O[C@@H](C)CO)c2)n1,4.96,1,nM,CHEMBL3219109,-4.96,4.04,CHEMBL240,hERG,False,False,False
Cc1oc(-c2ccc(Cl)cc2)nc1CCOc1cccc(C[C@@H]2C(=O)N(c3ccc(C(C)(C)C)cc3)[C@@H]2C(=O)O)c1,5.89,1,nM,CHEMBL272336,-5.89,3.1100000000000003,CHEMBL240,hERG,False,False,False
Cc1oc(-c2cccc(Cl)c2)nc1CCOc1cccc(C[C@@H]2C(=O)N(c3ccc(C(C)(C)C)cc3)[C@@H]2C(=O)O)c1,5.75,1,nM,CHEMBL429734,-5.75,3.25,CHEMBL240,hERG,False,False,False
Cc1oc(-c2ccccc2)nc1C(=O)N1CCC(Oc2ccc(CN3CCCC3)cc2)CC1,5.52,1,nM,CHEMBL3787237,-5.52,3.4800000000000004,CHEMBL240,hERG,False,False,False
Cc1oc(-c2ccccc2)nc1CCOc1ccc(C[C@@H]2C(=O)N(c3ccc(C(C)(C)C)cc3)[C@@H]2C(=O)O)cc1,4.74,1,nM,CHEMBL256468,-4.74,4.26,CHEMBL240,hERG,False,False,False
Cc1oc(-c2ccccc2)nc1CCOc1cccc(C[C@@H]2C(=O)N(c3ccc(C(C)(C)C)cc3)[C@@H]2C(=O)O)c1,5.21,1,nM,CHEMBL255389,-5.21,3.79,CHEMBL240,hERG,False,False,False
Cc1occc1-c1nc(N)c(OC[C@@H](N)Cc2c[nH]c3ccccc23)cc1-c1cnc2[nH]nc(C)c2n1,4.98,1,nM,CHEMBL595944,-4.98,4.02,CHEMBL240,hERG,False,False,False
Cc1onc(-c2ccc(Cl)cc2)c1-c1ccc2cc(CCN3CCC[C@H]3C)ccc2n1,5.8,1,nM,CHEMBL1085396,-5.8,3.2,CHEMBL240,hERG,True,True,True
Cc1onc(-c2ccccc2)c1-c1ccc2cc(CCN3CCC[C@H]3C)ccc2n1,5.19,1,nM,CHEMBL1085398,-5.19,3.8099999999999996,CHEMBL240,hERG,True,True,True
Cc1onc(C(=O)N2[C@@H]3CC[C@H]2C[C@@H](Nc2cc(=O)n(C)c4cc(F)c(F)cc24)C3)c1C,4.8,1,nM,CHEMBL3291062,-4.8,4.2,CHEMBL240,hERG,False,False,False
Cc1sc(-c2ccccc2Cl)cc1C(=O)N[C@@H](CN)c1ccccc1,5.17,1,nM,CHEMBL4443422,-5.17,3.83,CHEMBL240,hERG,False,False,False
Cc1sc(N2CCN(C(=O)[C@@H]3CCCC[C@H]3C(=O)NC3(C#N)CC3)CC2)nc1C(F)(F)F,4.8,1,nM,CHEMBL2070944,-4.8,4.2,CHEMBL240,hERG,False,False,False
ClCc1nnc2c3cc(-c4ccccc4)c(-c4ccc(CN5CCC(c6n[nH]c(-c7ccccn7)n6)CC5)cc4)nc3ccn12,5.7,1,nM,CHEMBL508861,-5.7,3.3,CHEMBL240,hERG,False,False,False
Clc1cc(COCC2(c3ccccc3)CCNCC2)cc(Cl)n1,4.48,1,nM,CHEMBL2333647,-4.48,4.52,CHEMBL240,hERG,False,False,False
Clc1cc2sc(N3CCC(N4CCCCC4)CC3)nc2cn1,5.16,1,nM,CHEMBL575474,-5.16,3.84,CHEMBL240,hERG,True,True,True
Clc1ccc(-c2c[nH]c([C@H]3Cc4c([nH]c5ccccc45)[C@@H](C4CCOCC4)N3)n2)cc1,6.84,1,nM,CHEMBL3774866,-6.84,2.16,CHEMBL240,hERG,False,False,False
Clc1ccc(-c2c[nH]c([C@H]3Cc4c([nH]c5ccccc45)[C@@H](C4CCOCC4)N3)n2)nc1,6.33,1,nM,CHEMBL3774909,-6.33,2.67,CHEMBL240,hERG,False,False,False
Clc1ccc(-c2c[nH]c([C@H]3Cc4c([nH]c5ccccc45)[C@@H](C4CCOCC4)N3)n2)s1,6.28,1,nM,CHEMBL3775435,-6.28,2.7199999999999998,CHEMBL240,hERG,False,False,False
Clc1ccc(-c2nc(COc3ccccc3CN3CCCCCCC3)cs2)cc1,7.52,1,nM,CHEMBL195180,-7.52,1.4800000000000004,CHEMBL240,hERG,False,False,False
Clc1ccc(-n2c(-c3ccc(Cl)cc3Cl)nc3c(NN4CCCCC4)ncnc32)cc1,5.57,1,nM,CHEMBL496770,-5.57,3.4299999999999997,CHEMBL240,hERG,True,True,True
Clc1ccc(-n2cc(NCCN3CCCCC3)nn2)c(Cl)c1,5.31,1,nM,CHEMBL3417043,-5.31,3.6900000000000004,CHEMBL240,hERG,False,False,False
Clc1ccc(-n2cc(NCCN3CCCCC3)nn2)cc1,5.51,1,nM,CHEMBL3417044,-5.51,3.49,CHEMBL240,hERG,True,True,True
Clc1ccc(-n2cc(NCCN3CCCCC3)nn2)cc1Cl,5.77,1,nM,CHEMBL3417042,-5.77,3.2300000000000004,CHEMBL240,hERG,True,True,True
Clc1ccc(C2CC=CCNC2)cc1Cl,4.96,1,nM,CHEMBL2321998,-4.96,4.04,CHEMBL240,hERG,True,True,True
Clc1ccc(C2CCCCNC2)cc1Cl,5.21,1,nM,CHEMBL2326692,-5.21,3.79,CHEMBL240,hERG,False,False,False
Clc1ccc(CCCOCCCN2CCCCC2)cc1,5.77,1,nM,CHEMBL462605,-5.77,3.2300000000000004,CHEMBL240,hERG,False,False,False
Clc1ccc(CN(C2CC2)C2CNC2)cc1Cl,5.33,1,nM,CHEMBL3331484,-5.33,3.67,CHEMBL240,hERG,False,False,False
Clc1ccc(Cn2c(/C=C/C3CCN(CC4CCCCC4)C3)nc3cc(Br)ccc32)cc1,5.96,1,nM,CHEMBL3696117,-5.96,3.04,CHEMBL240,hERG,False,False,False
Clc1ccc(Cn2cc(NCCN3CCCCC3)nn2)cc1Cl,5.66,1,nM,CHEMBL3417058,-5.66,3.34,CHEMBL240,hERG,True,True,True
Clc1ccc(Cn2cc(NCCN3CCCCCC3)nn2)cc1Cl,5.41,1,nM,CHEMBL3417066,-5.41,3.59,CHEMBL240,hERG,True,True,True
Clc1ccc(OC(c2ccc3ccccc3c2)C2CNC2)cc1Cl,6.75,1,nM,CHEMBL2171418,-6.75,2.25,CHEMBL240,hERG,False,False,False
Clc1ccc(OCCCc2cccc(CCCOc3ccc(Cl)cc3)n2)cc1,8.0,1,nM,CHEMBL2324257,-8.0,1.0,CHEMBL240,hERG,False,False,False
Clc1ccc([C@@H]2CC=CCNC2)cc1Cl,4.86,1,nM,CHEMBL2322000,-4.86,4.14,CHEMBL240,hERG,False,True,True
Clc1ccc([C@@]23CCCC[C@@H]2CNC3)cc1Cl,5.44,1,nM,CHEMBL1813472,-5.44,3.5599999999999996,CHEMBL240,hERG,False,False,False
Clc1ccc([C@@]23CCC[C@@H]2CNC3)cc1Cl,5.28,1,nM,CHEMBL1813475,-5.28,3.7199999999999998,CHEMBL240,hERG,False,False,False
Clc1ccc([C@H]2CC=CCNC2)cc1Cl,4.68,1,nM,CHEMBL2321999,-4.68,4.32,CHEMBL240,hERG,False,True,True
Clc1ccc([C@]23CCCC[C@H]2CNC3)cc1Cl,5.19,1,nM,CHEMBL1813471,-5.19,3.8099999999999996,CHEMBL240,hERG,False,False,False
Clc1ccc([C@]23CCC[C@H]2CNC3)cc1Cl,5.19,1,nM,CHEMBL1813474,-5.19,3.8099999999999996,CHEMBL240,hERG,False,False,False
Clc1ccc([C@]23CNC[C@H]2C3)cc1Cl,5.0,1,nM,CHEMBL592374,-5.0,4.0,CHEMBL240,hERG,False,False,False
Clc1ccc2c(c1)CCCc1nnc([C@H]3CC[C@H](Oc4ccccn4)CC3)n1-2,4.85,1,nM,CHEMBL4799793,-4.85,4.15,CHEMBL240,hERG,False,False,False
Clc1ccc2c(c1)CCc1nnc([C@H]3CC[C@H](Oc4ccccn4)CC3)n1-2,5.14,1,nM,CHEMBL4782340,-5.14,3.8600000000000003,CHEMBL240,hERG,False,False,False
Clc1ccc2c(c1)N=C(N1CCNCC1)c1ccccc1N2,5.35,5,nM,CHEMBL845,-5.35,3.6500000000000004,CHEMBL240,hERG,False,False,False
Clc1cccc(CN(CC2CNC2)c2ccccc2)c1Cl,5.73,1,nM,CHEMBL3331502,-5.73,3.2699999999999996,CHEMBL240,hERG,False,False,False
Clc1cccc(OC(c2ccccc2)C2CCNCC2)c1Cl,6.02,1,nM,CHEMBL541226,-6.02,2.9800000000000004,CHEMBL240,hERG,False,False,False
Clc1cccc(OC(c2ccccn2)[C@H]2CCNC2)c1Cl,5.0,1,nM,CHEMBL563495,-5.0,4.0,CHEMBL240,hERG,False,False,False
Clc1cccc(OC(c2cccnc2)C2CCNCC2)c1Cl,5.5,2,nM,CHEMBL559456,-5.5,3.5,CHEMBL240,hERG,False,False,False
Clc1cccc(OC(c2cccnc2)[C@@H]2CCCNC2)c1Cl,5.18,1,nM,CHEMBL549825,-5.18,3.8200000000000003,CHEMBL240,hERG,False,False,False
Clc1ccccc1C(c1ccccc1)(c1ccccc1)n1ccnc1,5.52,1,nM,CHEMBL104,-5.52,3.4800000000000004,CHEMBL240,hERG,False,False,False
Clc1cnc(N2CCC([C@H]3C[C@H]3CCOc3ccc(-n4ccnn4)cc3)CC2)nc1,4.72,1,nM,CHEMBL1771101,-4.72,4.28,CHEMBL240,hERG,False,False,False
Clc1cnc(N2CCC([C@H]3C[C@H]3CCOc3ccc(-n4ccnn4)cn3)CC2)nc1,4.36,1,nM,CHEMBL1771102,-4.36,4.64,CHEMBL240,hERG,False,False,False
Clc1cnc2nc(N3CCN4CCC3CC4)oc2c1,5.48,2,nM,CHEMBL597241,-5.48,3.5199999999999996,CHEMBL240,hERG,False,False,False
Clc1cnc2oc(N3CCN4CCC3CC4)nc2c1,5.66,1,nM,CHEMBL597276,-5.66,3.34,CHEMBL240,hERG,False,False,False
Clc1nccc2c3cnc(Nc4ccc(N5CCNCC5)cn4)nc3n(C3CCCC3)c12,5.7,1,nM,CHEMBL3237444,-5.7,3.3,CHEMBL240,hERG,False,False,False
Cn1c(-c2ccc(OC3CCN(C4CCC4)CC3)cc2)nc2c(C(F)(F)F)cccc2c1=O,6.46,2,nM,CHEMBL453894,-6.46,2.54,CHEMBL240,hERG,True,True,True
Cn1c(-c2ccc(OC3CCN(C4CCC4)CC3)cc2)nc2c(Cl)cccc2c1=O,5.96,2,nM,CHEMBL453893,-5.96,3.04,CHEMBL240,hERG,True,True,True
Cn1c(-c2ccc(OC3CCN(C4CCC4)CC3)cc2)nc2c(F)cccc2c1=O,5.1,2,nM,CHEMBL454642,-5.1,3.9000000000000004,CHEMBL240,hERG,True,True,True
Cn1c(-c2ccc(OC3CCN(C4CCC4)CC3)cc2)nc2ccccc2c1=O,5.25,2,nM,CHEMBL488249,-5.25,3.75,CHEMBL240,hERG,True,True,True
Cn1c(-c2ccc(OC3CCN(C4CCCC4)CC3)cc2)nc2ccccc2c1=O,5.54,2,nM,CHEMBL455681,-5.54,3.46,CHEMBL240,hERG,True,True,True
Cn1c(-c2ccc(OCCCN3CCCC3)cc2)nc2ccccc2c1=O,5.54,2,nM,CHEMBL488248,-5.54,3.46,CHEMBL240,hERG,False,True,True
Cn1c(-c2ccc(OCCCN3CCCCC3)cc2)nc2ccccc2c1=O,5.55,2,nM,CHEMBL487064,-5.55,3.45,CHEMBL240,hERG,True,True,True
Cn1c(=O)c2c(c(C#N)c(N3CCC[C@H](N)C3)n2Cc2ccccc2)n(C)c1=O,5.37,1,nM,CHEMBL1951597,-5.37,3.63,CHEMBL240,hERG,False,False,False
Cn1c(=O)c2c(cc(N3CCC[C@@](C)(N)C3)n2Cc2cc(F)ccc2C#N)n(C)c1=O,4.52,1,nM,CHEMBL1819090,-4.52,4.48,CHEMBL240,hERG,False,False,False
Cn1c(=O)c2c(nc(N3CCC[C@@H](N)C3)n2Cc2ccccc2Cl)c2ccc(C#N)cc21,5.92,1,nM,CHEMBL2147072,-5.92,3.08,CHEMBL240,hERG,False,False,False
Cn1c(=O)ccc2ccc(CN3CCC(NC(=O)c4cc(=O)c5ccc(F)cc5o4)CC3)cc21,4.32,1,nM,CHEMBL266725,-4.32,4.68,CHEMBL240,hERG,False,False,False
Cn1c(=O)n(C2CCOCC2)c2c3cc(-c4cccnc4)ccc3ncc21,4.96,1,nM,CHEMBL4169828,-4.96,4.04,CHEMBL240,hERG,False,False,False
Cn1c(=O)n(Cc2nccc3ccccc23)c(=O)c2c1c(C#N)c(N1CCC[C@H](N)C1)n2Cc1ccccc1,5.55,1,nM,CHEMBL1951596,-5.55,3.45,CHEMBL240,hERG,False,False,False
Cn1c(=O)n([C@H]2CCCOC2)c2c3cc(-c4ccc(OCCCN5CCCCC5)nc4)c(F)cc3ncc21,4.75,1,nM,CHEMBL3972724,-4.75,4.25,CHEMBL240,hERG,False,False,False
Cn1c(=O)sc2ccc(-c3ccc(C[C@@H](C#N)NC(=O)[C@@H]4CNCCCO4)cc3)cc21,4.64,1,nM,CHEMBL3972563,-4.64,4.36,CHEMBL240,hERG,False,False,False
Cn1c(C(N)=O)ccc1-c1cccc(OC(=O)NCCN2CCN(c3ccccc3)CC2)c1,5.19,2,nM,CHEMBL4517296,-5.19,3.8099999999999996,CHEMBL240,hERG,True,True,True
Cn1c(N2CCC(C)(CN)CC2)nc(N)c(Sc2cccc(Cl)c2Cl)c1=O,5.22,1,nM,CHEMBL4533113,-5.22,3.7800000000000002,CHEMBL240,hERG,False,False,False
Cn1c(N2CCC(C)(CN)CC2)nc2[nH]nc(-c3cccc(Cl)c3Cl)c2c1=O,6.01,1,nM,CHEMBL4539145,-6.01,2.99,CHEMBL240,hERG,False,False,False
Cn1c(N2CCC(C)(N)CC2)nc2[nH]nc(-c3cccc(Cl)c3Cl)c2c1=O,6.7,1,nM,CHEMBL4469071,-6.7,2.3,CHEMBL240,hERG,False,False,False
Cn1c(N2CCC3(CC2)COC[C@H]3N)nc2[nH]nc(-c3cccc(Cl)c3Cl)c2c1=O,6.03,1,nM,CHEMBL4459445,-6.03,2.9699999999999998,CHEMBL240,hERG,False,False,False
Cn1c(N2CCC3(CCC[C@H]3N)CC2)nc2[nH]nc(-c3cccc(Cl)c3Cl)c2c1=O,6.6,1,nM,CHEMBL4437876,-6.6,2.4000000000000004,CHEMBL240,hERG,False,False,False
Cn1c(NCCN(CCO)CCCc2ccc([N+](=O)[O-])cc2)cc(=O)n(C)c1=O,5.0,1,nM,CHEMBL360861,-5.0,4.0,CHEMBL240,hERG,False,False,False
Cn1c(SCCCN2CC3CCN(c4c(F)cc(F)cc4F)C3C2)nnc1-c1ccn(C)c(=O)c1,5.2,1,nM,CHEMBL3775350,-5.2,3.8,CHEMBL240,hERG,True,True,True
Cn1c(SCCCN2CC3CCN(c4c(F)cc(F)cc4F)C3C2)nnc1-c1cnccn1,6.3,1,nM,CHEMBL3774519,-6.3,2.7,CHEMBL240,hERG,True,True,True
Cn1c(SCCCN2CC3CCN(c4c(F)cccc4C(F)(F)F)C3C2)nnc1-c1cnccn1,5.8,1,nM,CHEMBL3775946,-5.8,3.2,CHEMBL240,hERG,True,True,True
Cn1c(SCCCN2CC3CCN(c4c(F)cccc4F)C3C2)nnc1-c1cnccn1,5.6,1,nM,CHEMBL3775771,-5.6,3.4000000000000004,CHEMBL240,hERG,True,True,True
Cn1c(SCCCN2CC3CCN(c4ccc(C#N)cc4)C3C2)nnc1-c1cnccn1,6.6,1,nM,CHEMBL3775097,-6.6,2.4000000000000004,CHEMBL240,hERG,True,True,True
Cn1c(SCCCN2CC3CCN(c4ccc(C(F)(F)F)cc4)C3C2)nnc1-c1cc[nH]c(=O)c1,5.75,2,nM,CHEMBL3774411,-5.75,3.25,CHEMBL240,hERG,True,True,True
Cn1c(SCCCN2CC3CCN(c4ccc(C(F)(F)F)cc4)C3C2)nnc1-c1ccc(=O)[nH]c1,6.0,1,nM,CHEMBL3775718,-6.0,3.0,CHEMBL240,hERG,True,True,True
Cn1c(SCCCN2CC3CCN(c4ccc(C(F)(F)F)cc4)C3C2)nnc1-c1ccc(=O)n(C)c1,5.9,3,nM,CHEMBL3774769,-5.9,3.0999999999999996,CHEMBL240,hERG,True,True,True
Cn1c(SCCCN2CC3CCN(c4ccc(C(F)(F)F)cc4)C3C2)nnc1-c1ccccn1,6.8,1,nM,CHEMBL3775554,-6.8,2.2,CHEMBL240,hERG,True,True,True
Cn1c(SCCCN2CC3CCN(c4ccc(C(F)(F)F)cc4)C3C2)nnc1-c1cccnc1,6.9,1,nM,CHEMBL3775604,-6.9,2.0999999999999996,CHEMBL240,hERG,True,True,True
Cn1c(SCCCN2CC3CCN(c4ccc(C(F)(F)F)cc4)C3C2)nnc1-c1cccnn1,6.9,1,nM,CHEMBL3775583,-6.9,2.0999999999999996,CHEMBL240,hERG,True,True,True
Cn1c(SCCCN2CC3CCN(c4ccc(C(F)(F)F)cc4)C3C2)nnc1-c1ccncn1,7.0,1,nM,CHEMBL3775810,-7.0,2.0,CHEMBL240,hERG,True,True,True
Cn1c(SCCCN2CC3CCN(c4ccc(C(F)(F)F)cc4)C3C2)nnc1-c1cnccn1,6.75,2,nM,CHEMBL3774683,-6.75,2.25,CHEMBL240,hERG,True,True,True
Cn1c(SCCCN2CC3CCN(c4ccc(C(F)(F)F)cc4)C3C2)nnc1-c1cncnc1,6.8,1,nM,CHEMBL3775572,-6.8,2.2,CHEMBL240,hERG,True,True,True
Cn1c(SCCCN2CC3CCN(c4ccc(C(F)(F)F)cc4)C3C2)nnc1C1CCCC1,6.7,1,nM,CHEMBL3774462,-6.7,2.3,CHEMBL240,hERG,True,True,True
Cn1c(SCCCN2CC3CCN(c4ccc(C(F)(F)F)cc4)C3C2)nnc1C1CCCCC1,6.5,1,nM,CHEMBL3774463,-6.5,2.5,CHEMBL240,hERG,True,True,True
Cn1c(SCCCN2CC3CCN(c4ccc(C(F)(F)F)cc4)C3C2)nnc1N1CCOCC1,6.6,2,nM,CHEMBL3775243,-6.6,2.4000000000000004,CHEMBL240,hERG,True,True,True
Cn1c(SCCCN2CC3CCN(c4ccc(F)cc4)C3C2)nnc1-c1cc[nH]c(=O)c1,5.3,1,nM,CHEMBL3775033,-5.3,3.7,CHEMBL240,hERG,True,True,True
Cn1c(SCCCN2CC3CCN(c4ccc(F)cc4)C3C2)nnc1-c1ccn(C)c(=O)c1,5.6,1,nM,CHEMBL3774569,-5.6,3.4000000000000004,CHEMBL240,hERG,True,True,True
Cn1c(SCCCN2CC3CCN(c4ccc(F)cc4)C3C2)nnc1-c1cnccn1,6.5,1,nM,CHEMBL3774996,-6.5,2.5,CHEMBL240,hERG,True,True,True
Cn1c(SCCCN2CC3CCN(c4ccc(F)cc4)C3C2)nnc1C1CCCCC1,6.5,1,nM,CHEMBL3774431,-6.5,2.5,CHEMBL240,hERG,False,False,False
Cn1c(SCCCN2CC3CCN(c4ccc(F)cc4)C3C2)nnc1C1CCOCC1,5.65,2,nM,CHEMBL3775737,-5.65,3.3499999999999996,CHEMBL240,hERG,True,True,True
Cn1c(SCCCN2CC3CCN(c4ccc(F)cc4C(F)(F)F)C3C2)nnc1-c1cnccn1,5.9,1,nM,CHEMBL3774911,-5.9,3.0999999999999996,CHEMBL240,hERG,True,True,True
Cn1c(SCCCN2CC3CCN(c4ccc(F)cc4F)C3C2)nnc1-c1cnccn1,6.1,1,nM,CHEMBL3774591,-6.1,2.9000000000000004,CHEMBL240,hERG,True,True,True
Cn1c(SCCCN2CC3CCN(c4cccc(C#N)c4)C3C2)nnc1-c1cnccn1,7.0,1,nM,CHEMBL3775667,-7.0,2.0,CHEMBL240,hERG,True,True,True
Cn1c(SCCCN2CC3CCN(c4cccc(F)c4)C3C2)nnc1-c1cnccn1,6.7,1,nM,CHEMBL3774869,-6.7,2.3,CHEMBL240,hERG,True,True,True
Cn1c(SCCCN2CC3CCN(c4cccc(OC(F)(F)F)c4)C3C2)nnc1-c1cnccn1,6.9,1,nM,CHEMBL3774895,-6.9,2.0999999999999996,CHEMBL240,hERG,True,True,True
Cn1c(SCCCN2CC3CCN(c4ccccc4)C3C2)nnc1C1CCOCC1,5.45,2,nM,CHEMBL3774649,-5.45,3.55,CHEMBL240,hERG,True,True,True
Cn1c(SCCCN2CC3CCN(c4ccccc4C#N)C3C2)nnc1-c1cnccn1,6.7,1,nM,CHEMBL3775631,-6.7,2.3,CHEMBL240,hERG,True,True,True
Cn1c(SCCCN2CC3CCN(c4ccccc4C(F)(F)F)C3C2)nnc1-c1ccccn1,6.2,1,nM,CHEMBL3775408,-6.2,2.8,CHEMBL240,hERG,True,True,True
Cn1c(SCCCN2CC3CCN(c4ccccc4C(F)(F)F)C3C2)nnc1-c1cccnc1,5.5,2,nM,CHEMBL3775197,-5.5,3.5,CHEMBL240,hERG,True,True,True
Cn1c(SCCCN2CC3CCN(c4ccccc4C(F)(F)F)C3C2)nnc1-c1ccncc1,5.8,1,nM,CHEMBL3775214,-5.8,3.2,CHEMBL240,hERG,True,True,True
Cn1c(SCCCN2CC3CCN(c4ccccc4C(F)(F)F)C3C2)nnc1-c1cnccn1,5.85,2,nM,CHEMBL3774783,-5.85,3.1500000000000004,CHEMBL240,hERG,True,True,True
Cn1c(SCCCN2CC3CCN(c4ccccc4F)C3C2)nnc1-c1cnccn1,6.0,1,nM,CHEMBL3775294,-6.0,3.0,CHEMBL240,hERG,True,True,True
Cn1c(SCCCN2CC3CCN(c4ccccc4OC(F)(F)F)C3C2)nnc1-c1cnccn1,6.2,1,nM,CHEMBL3774621,-6.2,2.8,CHEMBL240,hERG,True,True,True
Cn1c(SCCCN2CCC3CC3(c3ccc(C(F)(F)F)cc3)CC2)nnc1-c1ccnnc1,5.3,1,nM,CHEMBL1258034,-5.3,3.7,CHEMBL240,hERG,False,False,False
Cn1c(SCCCN2CC[C@]3(C[C@@H]3c3ccc(C(F)(F)F)cc3)C2)nnc1-c1ccc(-c2ncco2)cc1,6.82,1,nM,CHEMBL3941818,-6.82,2.1799999999999997,CHEMBL240,hERG,True,True,True
Cn1c(SCCCN2CC[C@]3(C[C@@H]3c3ccc(C(F)(F)F)cc3)C2)nnc1-c1ccc(=O)n(C)c1,5.5,1,nM,CHEMBL3922838,-5.5,3.5,CHEMBL240,hERG,True,True,True
Cn1c(SCCCN2CC[C@]3(C[C@@H]3c3ccc(C(F)(F)F)cc3)C2)nnc1-c1ccc(C(N)=O)cc1,6.09,1,nM,CHEMBL3899125,-6.09,2.91,CHEMBL240,hERG,True,True,True
Cn1c(SCCCN2CC[C@]3(C[C@@H]3c3ccc(C(F)(F)F)cc3)C2)nnc1-c1ccc(C(N)=O)nc1,6.18,1,nM,CHEMBL3950254,-6.18,2.8200000000000003,CHEMBL240,hERG,True,True,True
Cn1c(SCCCN2CC[C@]3(C[C@@H]3c3ccc(C(F)(F)F)cc3)C2)nnc1-c1ccc(CC(N)=O)cc1,5.12,1,nM,CHEMBL3981856,-5.12,3.88,CHEMBL240,hERG,True,True,True
Cn1c(SCCCN2CC[C@]3(C[C@@H]3c3ccc(C(F)(F)F)cc3)C2)nnc1-c1ccc(S(N)(=O)=O)cc1,6.65,1,nM,CHEMBL3959240,-6.65,2.3499999999999996,CHEMBL240,hERG,True,True,True
Cn1c(SCCCN2CC[C@]3(C[C@@H]3c3ccc(C(F)(F)F)cc3)C2)nnc1-c1cccc(-c2ncco2)c1,6.92,1,nM,CHEMBL3920167,-6.92,2.08,CHEMBL240,hERG,True,True,True
Cn1c(SCCCN2CC[C@]3(C[C@@H]3c3ccc(C(F)(F)F)cc3)C2)nnc1-c1cccc(C(N)=O)c1,5.55,1,nM,CHEMBL3970323,-5.55,3.45,CHEMBL240,hERG,True,True,True
Cn1c(SCCCN2CC[C@]3(C[C@@H]3c3ccc(C(F)(F)F)cc3)C2)nnc1-c1ccccn1,6.6899999999999995,2,nM,CHEMBL3946901,-6.6899999999999995,2.3100000000000005,CHEMBL240,hERG,True,True,True
Cn1c(SCCCN2CC[C@]3(C[C@@H]3c3ccc(C(F)(F)F)cc3)C2)nnc1-c1cccnc1,5.915,2,nM,CHEMBL3938107,-5.915,3.085,CHEMBL240,hERG,True,True,True
Cn1c(SCCCN2CC[C@]3(C[C@@H]3c3ccc(C(F)(F)F)cc3)C2)nnc1-c1cccnc1C(F)(F)F,5.88,1,nM,CHEMBL3946313,-5.88,3.12,CHEMBL240,hERG,True,True,True
Cn1c(SCCCN2CC[C@]3(C[C@@H]3c3ccc(C(F)(F)F)cc3)C2)nnc1-c1ccn(C)c(=O)c1,5.1,1,nM,CHEMBL3894853,-5.1,3.9000000000000004,CHEMBL240,hERG,True,True,True
Cn1c(SCCCN2CC[C@]3(C[C@@H]3c3ccc(C(F)(F)F)cc3)C2)nnc1-c1ccncc1,6.53,1,nM,CHEMBL3929083,-6.53,2.4699999999999998,CHEMBL240,hERG,True,True,True
Cn1c(SCCCN2CC[C@]3(C[C@@H]3c3ccc(C(F)(F)F)cc3)C2)nnc1-c1ccncn1,6.84,1,nM,CHEMBL3958309,-6.84,2.16,CHEMBL240,hERG,True,True,True
Cn1c(SCCCN2CC[C@]3(C[C@@H]3c3ccc(C(F)(F)F)cc3)C2)nnc1-c1ccnnc1,5.6,1,nM,CHEMBL3940897,-5.6,3.4000000000000004,CHEMBL240,hERG,True,True,True
Cn1c(SCCCN2CC[C@]3(C[C@@H]3c3ccc(C(F)(F)F)cc3)C2)nnc1-c1ccoc1,6.82,1,nM,CHEMBL3985419,-6.82,2.1799999999999997,CHEMBL240,hERG,True,True,True
Cn1c(SCCCN2CC[C@]3(C[C@@H]3c3ccc(C(F)(F)F)cc3)C2)nnc1-c1cnccn1,6.59,1,nM,CHEMBL3955608,-6.59,2.41,CHEMBL240,hERG,True,True,True
Cn1c(SCCCN2CC[C@]3(C[C@@H]3c3ccc(C(F)(F)F)cc3)C2)nnc1-c1nccs1,6.35,1,nM,CHEMBL3914556,-6.35,2.6500000000000004,CHEMBL240,hERG,True,True,True
Cn1c(SCCCN2CC[C@]3(C[C@@H]3c3ccc(C(F)(F)F)cc3)C2)nnc1C1=CC=NC(=O)C1,5.46,1,nM,CHEMBL3897772,-5.46,3.54,CHEMBL240,hERG,True,True,True
Cn1c(SCCCN2CC[C@]3(C[C@@H]3c3ccc(C(F)(F)F)cc3)C2)nnc1C1=CCC(=O)N=C1,5.02,1,nM,CHEMBL3964512,-5.02,3.9800000000000004,CHEMBL240,hERG,True,True,True
Cn1c(SCCCN2CC[C@]3(C[C@@H]3c3ccc(C(F)(F)F)cc3)C2)nnc1C1CC2CCC(C1)O2,5.61,1,nM,CHEMBL3903779,-5.61,3.3899999999999997,CHEMBL240,hERG,True,True,True
Cn1c(SCCCN2CC[C@]3(C[C@@H]3c3ccc(C(F)(F)F)cc3)C2)nnc1C1CCCCC1,6.53,1,nM,CHEMBL3958201,-6.53,2.4699999999999998,CHEMBL240,hERG,True,True,True
Cn1c(SCCCN2CC[C@]3(C[C@@H]3c3ccc(C(F)(F)F)cc3)C2)nnc1C1CCN(C(N)=O)CC1,5.48,1,nM,CHEMBL3963243,-5.48,3.5199999999999996,CHEMBL240,hERG,True,True,True
Cn1c(SCCCN2CC[C@]3(C[C@@H]3c3ccc(C(F)(F)F)cc3)C2)nnc1C1CCOCC1,5.53,1,nM,CHEMBL3948167,-5.53,3.4699999999999998,CHEMBL240,hERG,True,True,True
Cn1c(SCCCN2CC[C@]3(C[C@@H]3c3ccc(C(F)(F)F)cc3F)C2)nnc1-c1cccnc1,6.03,1,nM,CHEMBL3949662,-6.03,2.9699999999999998,CHEMBL240,hERG,True,True,True
Cn1c(SCCCN2CC[C@]3(C[C@@H]3c3ccc(F)cc3)C2)nnc1-c1cccnc1,5.68,1,nM,CHEMBL3897134,-5.68,3.3200000000000003,CHEMBL240,hERG,True,True,True
Cn1c(SCCCN2CC[C@]3(C[C@@H]3c3ccc(F)cc3F)C2)nnc1-c1cccnc1,5.555,2,nM,CHEMBL3921885,-5.555,3.4450000000000003,CHEMBL240,hERG,True,True,True
Cn1c(SCCCN2CC[C@]3(C[C@H]3c3ccc(C(F)(F)F)cc3)C2)nnc1-c1ccncc1,6.65,1,nM,CHEMBL3947961,-6.65,2.3499999999999996,CHEMBL240,hERG,True,True,True
Cn1c(SCCCN2CC[C@]3(C[C@H]3c3ccc(C(F)(F)F)cc3)C2)nnc1-c1csnn1,6.95,1,nM,CHEMBL3984387,-6.95,2.05,CHEMBL240,hERG,True,True,True
Cn1c(SCCCN2CCc3ccc4oc(C(F)(F)F)nc4c3CC2)nnc1-c1ccccc1,6.6,1,nM,CHEMBL270387,-6.6,2.4000000000000004,CHEMBL240,hERG,False,False,False
Cn1c(SCCCN2C[C@@H]3C[C@]3(c3ccc(C(F)(F)F)cc3)C2)nnc1-c1ccccc1,6.2,1,nM,CHEMBL1081686,-6.2,2.8,CHEMBL240,hERG,False,False,False
Cn1c(SCCCN2C[C@@H]3C[C@]3(c3ccc(C(F)(F)F)cc3)C2)nnc1-c1ccnnc1,5.865,2,nM,CHEMBL1081867,-5.865,3.135,CHEMBL240,hERG,False,False,False
Cn1c(SCCCN2C[C@@H]3C[C@]3(c3ccc(C(F)(F)F)cc3)C2)nnc1-c1cncnc1,5.5,1,nM,CHEMBL1079475,-5.5,3.5,CHEMBL240,hERG,False,False,False
Cn1c([S+](C)[O-])nc(-c2ccc(F)cc2)c1-c1ccnc(N)c1,4.08,1,nM,CHEMBL4075428,-4.08,4.92,CHEMBL240,hERG,False,False,False
Cn1c2c(c3cc(C(=O)N4CCCCC4)ccc31)CN(C1CCOCC1)CC2,4.75,1,nM,CHEMBL1950490,-4.75,4.25,CHEMBL240,hERG,True,True,True
Cn1cc(-c2cc(F)cc(-n3ncc4cc(C(C)(C)C)cc(F)c4c3=O)c2CO)cc(NC(=O)[C@@H]2C[C@@H]2F)c1=O,5.8,1,nM,CHEMBL4643319,-5.8,3.2,CHEMBL240,hERG,False,False,False
Cn1cc(-c2cc(F)cc(S(=O)(=O)c3cnc(CN)s3)c2)cn1,4.18,1,nM,CHEMBL4460845,-4.18,4.82,CHEMBL240,hERG,False,False,False
Cn1cc(-c2cc3nccnc3c(NC[C@@H]3CNCCC3(F)F)n2)cn1,4.6,1,nM,CHEMBL4439328,-4.6,4.4,CHEMBL240,hERG,False,False,False
Cn1cc(-c2cc3nccnc3c(OCC3CNCCC3(F)F)n2)cn1,4.6,1,nM,CHEMBL4561098,-4.6,4.4,CHEMBL240,hERG,False,False,False
Cn1cc(-c2ccc(F)c(C(F)(F)F)c2)nc1C1CCN(c2ncnc(N)c2-c2ccc(F)cc2)CC1,5.75,1,nM,CHEMBL3925871,-5.75,3.25,CHEMBL240,hERG,False,False,False
Cn1cc(-c2ccc(F)c(C(F)(F)F)c2)nc1C1CCN(c2ncnc(N)c2C#N)CC1,5.46,1,nM,CHEMBL3941307,-5.46,3.54,CHEMBL240,hERG,False,False,False
Cn1cc(-c2ccc(F)c(C(F)(F)F)c2)nc1C1CCN(c2ncnc(N)c2C(N)=O)CC1,5.72,1,nM,CHEMBL3964726,-5.72,3.2800000000000002,CHEMBL240,hERG,False,False,False
Cn1cc(-c2ccc(OC3CCN(C(=O)Cc4ccc(OC(F)(F)F)cc4)CC3)c(C(N)=O)c2)cn1,5.35,1,nM,CHEMBL4204174,-5.35,3.6500000000000004,CHEMBL240,hERG,False,False,False
Cn1cc(-c2ccc(OC3CCN(C(=O)Cc4ccc(OC(F)(F)F)cc4)CC3)c(C(N)=O)n2)cn1,5.28,1,nM,CHEMBL4208510,-5.28,3.7199999999999998,CHEMBL240,hERG,False,False,False
Cn1cc(-c2ccc(OC3CCN(C(=O)Nc4ccc(OC(F)(F)F)cc4)CC3)c(C(N)=O)c2)cn1,5.42,1,nM,CHEMBL4218103,-5.42,3.58,CHEMBL240,hERG,False,False,False
Cn1cc(-c2ccc(O[C@@H]3CCN(C(=O)Cc4ccc(OC(F)(F)F)cc4)C3)c(C(N)=O)n2)cn1,5.17,1,nM,CHEMBL4211921,-5.17,3.83,CHEMBL240,hERG,False,False,False
Cn1cc(-c2ccc3c(c2)[nH]c2c(C(N)=O)ccc(NC4CCCCC4)c23)cn1,6.21,1,nM,CHEMBL1835035,-6.21,2.79,CHEMBL240,hERG,False,False,False
Cn1cc(-c2ccc3c(c2)[nH]c2c(C(N)=O)cnc(NC(C4CC4)C4CC4)c23)cn1,5.77,1,nM,CHEMBL1835141,-5.77,3.2300000000000004,CHEMBL240,hERG,False,False,False
Cn1cc(-c2ccc3c(c2)[nH]c2c(C(N)=O)cnc(N[C@H](C4CC4)C(F)(F)F)c23)cn1,5.47,1,nM,CHEMBL1835142,-5.47,3.5300000000000002,CHEMBL240,hERG,False,False,False
Cn1cc(-c2ccnc(-n3ncc4cc(C(C)(C)C)cc(F)c4c3=O)c2CO)cc(NC(=O)[C@@H]2C[C@@H]2F)c1=O,5.89,1,nM,CHEMBL4634904,-5.89,3.1100000000000003,CHEMBL240,hERG,False,False,False
Cn1cc(-c2ccnc(C3COCCN3)c2)c(-c2ccc(F)cc2)n1,4.97,2,nM,CHEMBL2420704,-4.97,4.03,CHEMBL240,hERG,False,False,False
Cn1cc(-c2ccnc3c2OCCNC3)c(-c2ccc(F)cc2)n1,4.59,1,nM,CHEMBL2420703,-4.59,4.41,CHEMBL240,hERG,False,False,False
Cn1cc(-c2cnc(Nc3cnc(C#N)cn3)cc2NC[C@@H]2CNCCO2)cn1,4.66,1,nM,CHEMBL4789820,-4.66,4.34,CHEMBL240,hERG,False,False,False
Cn1cc(-c2cnc(Nc3cnc(C#N)cn3)cc2NC[C@H]2CNCCO2)cn1,5.07,1,nM,CHEMBL4790962,-5.07,3.9299999999999997,CHEMBL240,hERG,False,False,False
Cn1cc(-c2cnc3ccc4ccc(NS(C)(=O)=O)cc4c(=O)c3c2)cn1,5.0,1,nM,CHEMBL1802602,-5.0,4.0,CHEMBL240,hERG,False,False,False
Cn1cc(-c2cnc3ccc4ccc(NS(N)(=O)=O)cc4c(=O)c3c2)cn1,5.37,1,nM,CHEMBL1802906,-5.37,3.63,CHEMBL240,hERG,False,False,False
Cn1cc(-c2nc3c(-c4ccc(CN5CCc6cc(C(C)(C)C)ccc6C5=O)c(F)c4)ccnc3[nH]2)cn1,5.58,1,nM,CHEMBL4855455,-5.58,3.42,CHEMBL240,hERG,False,False,False
Cn1cc(-c2nc3c(-c4ccc5c(c4)CCC[C@H]5NC(=O)c4nc(C(C)(C)C)no4)ccnc3[nH]2)cn1,5.2,1,nM,CHEMBL4859888,-5.2,3.8,CHEMBL240,hERG,False,False,False
Cn1cc(-c2nc3c(-c4ccnc(OC5CC5)c4)cnn3cc2OCCC(C)(C)O)cn1,4.64,1,nM,CHEMBL4751832,-4.64,4.36,CHEMBL240,hERG,False,False,False
Cn1cc(-c2nc3c(N4CCN(Cc5cccnc5)CC4)c(Br)cnc3[nH]2)cn1,5.26,1,nM,CHEMBL3898132,-5.26,3.74,CHEMBL240,hERG,False,False,False
Cn1cc(-c2nnc(SCCCN3CC4CCN(c5ccc(C(F)(F)F)cc5)C4C3)n2C)cn1,6.8,1,nM,CHEMBL3775036,-6.8,2.2,CHEMBL240,hERG,True,True,True
Cn1cc(-c2nnc(SCCCN3CC[C@]4(C[C@@H]4c4ccc(C(F)(F)F)cc4)C3)n2C)cn1,6.33,1,nM,CHEMBL3956758,-6.33,2.67,CHEMBL240,hERG,True,True,True
Cn1cc(Br)c(C(=O)N2CCN(CC(=O)c3ccc(F)cc3)CC2)n1,4.72,2,nM,CHEMBL1214731,-4.72,4.28,CHEMBL240,hERG,True,True,True
Cn1cc(C(=O)NC[C@@H](O)CN2CCC(Oc3ccc(Cl)c(Cl)c3)CC2)c(C(F)(F)F)cc1=O,4.9,1,nM,CHEMBL2207665,-4.9,4.1,CHEMBL240,hERG,False,False,False
Cn1cc(Cl)c(C(=O)N2CCN(CC(=O)c3ccc(F)cc3)CC2)n1,4.52,1,nM,CHEMBL1214946,-4.52,4.48,CHEMBL240,hERG,True,True,True
Cn1cc(Cn2cc(-c3ccc(Cl)c(OC(F)F)c3)cn2)cn1,4.28,1,nM,CHEMBL3936854,-4.28,4.72,CHEMBL240,hERG,False,False,False
Cn1cc(NC(=O)c2cccc(-c3ccnc(N)c3)n2)c(C(N)=O)n1,4.6,1,nM,CHEMBL4447180,-4.6,4.4,CHEMBL240,hERG,False,False,False
Cn1cc(NC(=O)c2cccc(-c3ccnc(NCC4CC4)c3)c2)c(C(N)=O)n1,5.21,1,nM,CHEMBL4473656,-5.21,3.79,CHEMBL240,hERG,False,False,False
Cn1cc(NC(=O)c2cccc(-c3ccnc(NCC4CC4)c3)n2)c(C(=O)N2CC(CN)C2)n1,4.4,1,nM,CHEMBL4434908,-4.4,4.6,CHEMBL240,hERG,False,False,False
Cn1cc(NC(=O)c2cccc(-c3ccnc(NCC4CC4)c3)n2)c(C(N)=O)n1,5.54,1,nM,CHEMBL4523017,-5.54,3.46,CHEMBL240,hERG,False,False,False
Cn1cc(NC(=O)c2ccnc(-c3ccnc(NCC4CC4)c3)n2)c(C(N)=O)n1,5.72,1,nM,CHEMBL4535152,-5.72,3.2800000000000002,CHEMBL240,hERG,False,False,False
Cn1cc(NC(=O)c2cncc(-c3ccnc(NCC4CC4)c3)c2)c(C(N)=O)n1,5.28,1,nM,CHEMBL4467839,-5.28,3.7199999999999998,CHEMBL240,hERG,False,False,False
Cn1cc(Nc2nc(N)nc(-c3cccc(-n4ccc5cc(C6CC6)cc(F)c5c4=O)c3CO)n2)cc1C#N,5.58,1,nM,CHEMBL4204675,-5.58,3.42,CHEMBL240,hERG,False,False,False
Cn1cc(Nc2nc(N)nc(-c3cccc(-n4ccc5cc(C6CC6)cc(F)c5c4=O)c3CO)n2)cn1,4.62,1,nM,CHEMBL4209441,-4.62,4.38,CHEMBL240,hERG,False,False,False
Cn1cc([C@@]2(c3cc(C(=O)O)ccn3)N[C@@H](c3nc(-c4ccc(F)cc4)c[nH]3)Cc3c2[nH]c2ccccc32)cn1,4.71,1,nM,CHEMBL3323082,-4.71,4.29,CHEMBL240,hERG,False,False,False
Cn1cc([C@@]2(c3ccc(C(=O)O)cn3)N[C@@H](c3nc(-c4ccc(F)cc4)c[nH]3)Cc3c2[nH]c2ccccc32)cn1,4.02,1,nM,CHEMBL3323086,-4.02,4.98,CHEMBL240,hERG,False,False,False
Cn1cc([C@@]2(c3cccc(C(=O)O)n3)N[C@@H](c3nc(-c4ccc(F)cc4)c[nH]3)Cc3c2[nH]c2ccccc32)cn1,5.06,1,nM,CHEMBL3323080,-5.06,3.9400000000000004,CHEMBL240,hERG,False,False,False
Cn1cc([C@@]2(c3cncc(C(=O)O)c3)N[C@@H](c3nc(-c4ccc(F)cc4)c[nH]3)Cc3c2[nH]c2ccccc32)cn1,4.92,2,nM,CHEMBL3323084,-4.92,4.08,CHEMBL240,hERG,False,False,False
Cn1cc([C@@]2(c3nn(C)c(=O)o3)N[C@@H](c3nc(-c4ccc(F)cn4)c[nH]3)Cc3c2[nH]c2ccccc32)cn1,4.59,1,nM,CHEMBL3582334,-4.59,4.41,CHEMBL240,hERG,False,False,False
Cn1cc([C@@]2(c3nnc(N)o3)N[C@@H](c3nc(-c4ccc(F)cn4)c[nH]3)Cc3c2[nH]c2ccccc32)cn1,4.45,1,nM,CHEMBL3582330,-4.45,4.55,CHEMBL240,hERG,False,False,False
Cn1cc([C@@]2(c3noc(CN)n3)N[C@@H](c3nc(-c4ccc(F)cn4)c[nH]3)Cc3c2[nH]c2ccccc32)cn1,5.43,1,nM,CHEMBL3582323,-5.43,3.5700000000000003,CHEMBL240,hERG,False,False,False
Cn1cc([C@@]2(c3noc(O)n3)N[C@@H](c3nc(-c4ccc(F)cn4)c[nH]3)Cc3c2[nH]c2ccccc32)cn1,5.92,1,nM,CHEMBL3582322,-5.92,3.08,CHEMBL240,hERG,False,False,False
Cn1cc([C@H]2C[C@H]3CSC(N)=N[C@@]3(c3ccc(F)cc3F)CO2)cn1,5.31,1,nM,CHEMBL3422238,-5.31,3.6900000000000004,CHEMBL240,hERG,False,False,False
Cn1cc([C@H]2C[C@H]3[C@@H](CF)SC(N)=N[C@@]3(c3ccc(F)cc3F)CO2)cn1,4.86,1,nM,CHEMBL3422246,-4.86,4.14,CHEMBL240,hERG,False,False,False
Cn1cc2c(OCC3CCN(CCN4CCOCC4)CC3)nc3ccccc3c2c1,5.91,1,nM,CHEMBL2179676,-5.91,3.09,CHEMBL240,hERG,False,False,False
Cn1cc2c(OCC3CCN(CCc4ccc(C(=O)O)cc4)CC3)nc3ccccc3c2c1,5.0,1,nM,CHEMBL2179674,-5.0,4.0,CHEMBL240,hERG,True,True,True
Cn1cc2c(OCC3CCN(CCc4ccc(CO)cc4)CC3)nc3ccccc3c2c1,8.0,1,nM,CHEMBL2179672,-8.0,1.0,CHEMBL240,hERG,True,True,True
Cn1cc2c(OCC3CCN(CCc4ccc(N)cc4)CC3)nc3ccccc3c2c1,7.3,1,nM,CHEMBL2179675,-7.3,1.7000000000000002,CHEMBL240,hERG,False,False,False
Cn1cc2cc(-c3cnc(Nc4cnc(C#N)cn4)cc3NC[C@H]3CNCCO3)ccc2n1,4.8,1,nM,CHEMBL4740334,-4.8,4.2,CHEMBL240,hERG,False,False,False
Cn1ccc(Cn2cc(-c3ccc(Cl)c(C(F)(F)F)c3)cn2)n1,5.46,1,nM,CHEMBL3945735,-5.46,3.54,CHEMBL240,hERG,False,False,False
Cn1ccc(Cn2cc(-c3ccc(Cl)c(OC(F)F)c3)cn2)n1,5.09,1,nM,CHEMBL3966599,-5.09,3.91,CHEMBL240,hERG,False,False,False
Cn1ccc(NC(=O)c2cc(Oc3ccc(C(=O)N4CCC4)cc3)cc(OC(CF)CF)c2)n1,4.55,1,nM,CHEMBL3219119,-4.55,4.45,CHEMBL240,hERG,False,False,False
Cn1ccc(NC(=O)c2cc(Oc3ccc(C(=O)N4CCC4)cc3)cc(O[C@H]3CCOC3)c2)n1,4.46,1,nM,CHEMBL3219117,-4.46,4.54,CHEMBL240,hERG,False,False,False
Cn1ccc2c(-c3nc4c(-n5cc(N[C@@H]6CCOC[C@@H]6N)cn5)ccnc4[nH]3)cccc21,5.04,1,nM,CHEMBL4740065,-5.04,3.96,CHEMBL240,hERG,False,False,False
Cn1ccc2cc(C3(Cc4ccccc4)CCNC3)ccc21,5.16,1,nM,CHEMBL459176,-5.16,3.84,CHEMBL240,hERG,False,False,False
Cn1ccc2ccc(OCCCN3CCC(c4noc5cc(F)ccc45)CC3)cc2c1=O,6.22,1,nM,CHEMBL4743324,-6.22,2.7800000000000002,CHEMBL240,hERG,False,False,False
Cn1cccc1CNC(=O)CC1CCN(Cc2ccn(-c3ccc(C(F)(F)F)cc3)c2)CC1,5.62,1,nM,CHEMBL550455,-5.62,3.38,CHEMBL240,hERG,False,False,False
Cn1ccnc1[C@]1(O)CC[C@H](N2CC(NC(=O)CNC(=O)c3cccc(C(F)(F)F)c3)C2)CC1,4.82,1,nM,CHEMBL2204255,-4.82,4.18,CHEMBL240,hERG,False,False,False
Cn1cnc(-c2ccc(OC3CCN(C(=O)Cc4ccc(OC(F)(F)F)cc4)CC3)c(C(N)=O)c2)c1,4.885,2,nM,CHEMBL4215846,-4.885,4.115,CHEMBL240,hERG,False,False,False
Cn1cnc(-c2cnc(N)c(O[C@@H]3CN(C(=O)Cc4ccc(OC(F)(F)F)cc4)CC3(F)F)c2)c1,4.68,1,nM,CHEMBL4211534,-4.68,4.32,CHEMBL240,hERG,False,False,False
Cn1cnc(-c2cnc(N)c(O[C@@H]3CN(C(=O)Cc4ccc(OC(F)(F)F)cc4)C[C@H]3F)c2)c1,4.82,1,nM,CHEMBL4213038,-4.82,4.18,CHEMBL240,hERG,False,False,False
Cn1cnc(-c2cnc(N)c(O[C@H]3CN(C(=O)Cc4ccc(OC(F)(F)F)cc4)CC3(F)F)c2)c1,5.035,2,nM,CHEMBL4216500,-5.035,3.965,CHEMBL240,hERG,False,False,False
Cn1cnc(-c2cnc(N)c(O[C@H]3CN(C(=O)Cc4ccc(OC(F)(F)F)cc4)C[C@@H]3F)c2)c1,4.8,1,nM,CHEMBL4208124,-4.8,4.2,CHEMBL240,hERG,False,False,False
Cn1cnc(-c2cnc(OC3CCN(C(=O)Cc4ccc(OC(F)(F)F)cc4)CC3)c(C(N)=O)c2)c1,5.35,1,nM,CHEMBL4204070,-5.35,3.6500000000000004,CHEMBL240,hERG,False,False,False
Cn1cnc(-c2cnc(O[C@@H]3CCN(C(=O)Cc4ccc(OC(F)(F)F)cc4)C[C@@H]3F)c(C(N)=O)c2)c1,5.05,1,nM,CHEMBL4215848,-5.05,3.95,CHEMBL240,hERG,False,False,False
Cn1cnc(-c2cnc(O[C@@H]3CCN(C(=O)Cc4ccc(OC(F)(F)F)cc4)C[C@H]3F)c(C(N)=O)c2)c1,5.16,1,nM,CHEMBL4204606,-5.16,3.84,CHEMBL240,hERG,False,False,False
Cn1cnc(-c2cnc(O[C@H]3CCN(C(=O)Cc4ccc(OC(F)(F)F)cc4)C[C@@H]3F)c(C(N)=O)c2)c1,4.62,1,nM,CHEMBL4216273,-4.62,4.38,CHEMBL240,hERG,False,False,False
Cn1cnc(-c2cnc(O[C@H]3CCN(C(=O)Cc4ccc(OC(F)(F)F)cc4)C[C@H]3F)c(C(N)=O)c2)c1,4.85,1,nM,CHEMBL4210892,-4.85,4.15,CHEMBL240,hERG,False,False,False
Cn1cnc(C(=O)N(Cc2ccc(F)c(C(F)(F)F)c2)[C@H]2C[C@H]3CNC[C@H]3C2)c1,5.36,1,nM,CHEMBL596699,-5.36,3.6399999999999997,CHEMBL240,hERG,True,True,True
Cn1cnc(C(=O)N(Cc2ccc(F)c(Cl)c2)C[C@H]2[C@@H]3CNC[C@@H]32)c1,4.84,1,nM,CHEMBL560289,-4.84,4.16,CHEMBL240,hERG,False,False,False
Cn1cnc(C(=O)N(Cc2cccc(Cl)c2)[C@H]2CC[C@@H](N)CC2)c1,4.18,2,nM,CHEMBL563761,-4.18,4.82,CHEMBL240,hERG,False,False,False
Cn1cnc(C(=O)N(Cc2cccc(OC(F)(F)F)c2)C[C@H]2[C@@H]3CN(CC4CC4)C[C@@H]32)c1,6.28,1,nM,CHEMBL560750,-6.28,2.7199999999999998,CHEMBL240,hERG,False,False,False
Cn1cnc(C(=O)N(Cc2cccc(OC(F)(F)F)c2)C[C@H]2[C@@H]3CN(CC4CCCC4)C[C@@H]32)c1,6.34,1,nM,CHEMBL563220,-6.34,2.66,CHEMBL240,hERG,False,False,False
Cn1cnc(C(=O)N(Cc2cccc(OC(F)(F)F)c2)[C@H]2C[C@H]3CNC[C@H]3C2)c1,4.88,1,nM,CHEMBL596700,-4.88,4.12,CHEMBL240,hERG,True,True,True
Cn1cnc(S(=O)(=O)NCCOc2ccc3c(c2)[C@@H](Cc2ccccc2)[C@@H](N2CCC2)CC3)c1,4.82,1,nM,CHEMBL4169829,-4.82,4.18,CHEMBL240,hERG,True,True,True
Cn1cncc1-c1nc(NCc2ccccn2)c2c(-c3ccccc3)cccc2n1,5.57,1,nM,CHEMBL4458197,-5.57,3.4299999999999997,CHEMBL240,hERG,False,False,False
Cn1nc(C(=O)N2CCC(Oc3ccc(CN4CCCC4)cc3)CC2)cc1-c1ccccc1,5.13,1,nM,CHEMBL3786768,-5.13,3.87,CHEMBL240,hERG,False,False,False
Cn1nc(N2CCC3(CCN(C[C@H](O)c4ccc(-n5cnnn5)nn4)CC3)C2=O)ccc1=O,5.51,1,nM,CHEMBL4098143,-5.51,3.49,CHEMBL240,hERG,False,False,False
Cn1nc(NCC(=O)NC2CN([C@H]3CC[C@@H](C#N)CC3)C2)c2cc(C(F)(F)F)ccc21,4.62,1,nM,CHEMBL1834638,-4.62,4.38,CHEMBL240,hERG,False,False,False
Cn1nc(NCC(=O)NC2CN([C@H]3CC[C@@H](C(=O)O)CC3)C2)c2cc(C(F)(F)F)ccc21,4.6,1,nM,CHEMBL1834641,-4.6,4.4,CHEMBL240,hERG,False,False,False
Cn1nc(NCC(=O)NC2CN([C@H]3CC[C@@H](C(N)=O)CC3)C2)c2cc(C(F)(F)F)ccc21,4.5,1,nM,CHEMBL1834642,-4.5,4.5,CHEMBL240,hERG,False,False,False
Cn1nc(NCC(=O)NC2CN([C@H]3CC[C@@H](C4CCCCC4)CC3)C2)c2cc(C(F)(F)F)ccc21,5.51,1,nM,CHEMBL1834639,-5.51,3.49,CHEMBL240,hERG,False,False,False
Cn1nc(NCC(=O)NC2CN([C@H]3CC[C@@H](CO)CC3)C2)c2cc(C(F)(F)F)ccc21,4.5,1,nM,CHEMBL1834643,-4.5,4.5,CHEMBL240,hERG,False,False,False
Cn1nc(NCC(=O)NC2CN([C@H]3CC[C@@H](c4ccc5c(c4)OCO5)CC3)C2)c2cc(C(F)(F)F)ccc21,6.08,1,nM,CHEMBL1834635,-6.08,2.92,CHEMBL240,hERG,False,False,False
Cn1nc(NCC(=O)NC2CN([C@H]3CC[C@@H](c4ccccc4)CC3)C2)c2cc(C(F)(F)F)ccc21,5.0,1,nM,CHEMBL1834785,-5.0,4.0,CHEMBL240,hERG,False,False,False
Cn1nc(NCC(=O)NC2CN([C@H]3CC[C@@H](c4cccnc4)CC3)C2)c2cc(C(F)(F)F)ccc21,4.62,1,nM,CHEMBL1834789,-4.62,4.38,CHEMBL240,hERG,False,False,False
Cn1nc(NCC(=O)NC2CN([C@H]3CC[C@@H](c4cncs4)CC3)C2)c2cc(C(F)(F)F)ccc21,4.36,1,nM,CHEMBL1834793,-4.36,4.64,CHEMBL240,hERG,False,False,False
Cn1nc(NCC(=O)NC2CN([C@H]3CC[C@@H](c4nccs4)CC3)C2)c2cc(C(F)(F)F)ccc21,4.57,1,nM,CHEMBL1834794,-4.57,4.43,CHEMBL240,hERG,False,False,False
Cn1nc([C@]2(c3cn[nH]c3)N[C@@H](c3nc(-c4ccc(F)cn4)c[nH]3)Cc3c2[nH]c2ccccc32)oc1=O,4.67,1,nM,CHEMBL3582333,-4.67,4.33,CHEMBL240,hERG,False,False,False
Cn1ncc(C(=O)Nc2cncc(-c3cc(Cl)cc(Cl)c3)c2N2CCC(N)CC2)c1C(F)(F)F,5.14,1,nM,CHEMBL4854548,-5.14,3.8600000000000003,CHEMBL240,hERG,False,False,False
Cn1ncc(NC(=O)c2nc(-c3c(F)cccc3F)sc2N)c1N1CC[C@@H](N)[C@H](F)CC1,5.57,1,nM,CHEMBL3648680,-5.57,3.4299999999999997,CHEMBL240,hERG,True,True,True
Cn1nccc1-c1cc(NC(=O)c2ccc(F)cc2F)ccc1OCCN1CCOCC1,5.39,1,nM,CHEMBL1083750,-5.39,3.6100000000000003,CHEMBL240,hERG,True,True,True
Cn1nccc1-c1cc(NC(=O)c2cccc(C(F)(F)F)c2)ccc1OCCN1CCOCC1,6.05,1,nM,CHEMBL1086317,-6.05,2.95,CHEMBL240,hERG,True,True,True
Cn1nccc1-c1nnc(SCCCN2CC[C@]3(C[C@@H]3c3ccc(C(F)(F)F)cc3)C2)n1C,6.21,1,nM,CHEMBL3908174,-6.21,2.79,CHEMBL240,hERG,True,True,True
Cn1nccc1CCOc1ccc(C2CCN(c3ccc4nnc(C(F)(F)F)n4n3)CC2)cc1,4.75,1,nM,CHEMBL2346973,-4.75,4.25,CHEMBL240,hERG,False,False,False
Cn1nccc1[C@H]1CCCC[C@@H]1Oc1cc(F)c(S(=O)(=O)Nc2cscn2)cc1F,4.03,1,nM,CHEMBL4635030,-4.03,4.97,CHEMBL240,hERG,False,False,False
Cn1nnc([C@H]2[C@@H]3CN(C(=O)c4ccc(C[C@@H]5CC[C@H]([C@H](O)c6ccccc6)N5)cc4)C[C@@H]32)n1,4.77,1,nM,CHEMBL3745890,-4.77,4.23,CHEMBL240,hERG,False,False,False
FC(CCN1CCc2ccccc2CC1)Cc1ccccc1,5.93,1,nM,CHEMBL4575948,-5.93,3.0700000000000003,CHEMBL240,hERG,False,False,False
FC(F)(F)Oc1ccc(-c2c[nH]c([C@H]3Cc4c([nH]c5ccccc45)[C@@H](C4CCOCC4)N3)n2)cc1,6.89,1,nM,CHEMBL3775316,-6.89,2.1100000000000003,CHEMBL240,hERG,False,False,False
FC(F)(F)Oc1ccc(Oc2ccc(CN3CCC4(CCCCO4)CC3)cc2)cc1,5.6,1,nM,CHEMBL4292051,-5.6,3.4000000000000004,CHEMBL240,hERG,False,False,False
FC(F)(F)Oc1ccc(Oc2ccc(N3CCC4(CC3)OCCc3sccc34)cc2)cc1,5.41,2,nM,CHEMBL4288117,-5.41,3.59,CHEMBL240,hERG,False,False,False
FC(F)(F)Oc1cccc(-c2c[nH]c([C@H]3Cc4c([nH]c5ccccc45)[C@@H](C4CCOCC4)N3)n2)c1,7.24,1,nM,CHEMBL3775456,-7.24,1.7599999999999998,CHEMBL240,hERG,False,False,False
FC(F)(F)Oc1cccc(-c2ncccc2CC(c2cccnc2)c2cccnc2)c1,4.9,1,nM,CHEMBL4075394,-4.9,4.1,CHEMBL240,hERG,False,False,False
FC(F)(F)Oc1cccc(-n2nnc3cc(Cl)c(NCC4CCNCC4)nc32)c1,6.4,1,nM,CHEMBL1952144,-6.4,2.5999999999999996,CHEMBL240,hERG,False,False,False
FC(F)(F)Oc1cccc(-n2nnc3ccc(NCC4CCNCC4)nc32)c1,5.0,1,nM,CHEMBL1952113,-5.0,4.0,CHEMBL240,hERG,False,False,False
FC(F)(F)Oc1cccc(Nc2nnc3n2CCOc2ccc(-c4ccncc4)cc2-3)c1,6.22,1,nM,CHEMBL4755454,-6.22,2.7800000000000002,CHEMBL240,hERG,False,False,False
FC(F)(F)Oc1ccccc1CC(c1ccccc1)N1CCNCC1,4.96,1,nM,CHEMBL375131,-4.96,4.04,CHEMBL240,hERG,True,True,True
FC(F)(F)c1c(OC[C@H]2C[C@@H]2c2ccc(Cl)cc2)ccn2c(CC3CC3)nnc12,6.42,1,nM,CHEMBL3885379,-6.42,2.58,CHEMBL240,hERG,False,False,False
FC(F)(F)c1cc(COCC2(c3ccccc3)CCNCC2)nc(C2CC2)c1,5.26,1,nM,CHEMBL2333605,-5.26,3.74,CHEMBL240,hERG,False,False,False
FC(F)(F)c1cc(COCC2(c3ccccc3)CCNCC2)nc(N2CCCC2)c1,5.64,1,nM,CHEMBL2333623,-5.64,3.3600000000000003,CHEMBL240,hERG,False,False,False
FC(F)(F)c1cc(Cl)cc(COCC2(c3ccccc3)CCNCC2)c1,5.14,1,nM,CHEMBL2333638,-5.14,3.8600000000000003,CHEMBL240,hERG,False,False,False
FC(F)(F)c1cc(Cl)cc(COCC2(c3ccccc3)CCNCC2)n1,4.6,1,nM,CHEMBL2333648,-4.6,4.4,CHEMBL240,hERG,False,False,False
FC(F)(F)c1cc(Cl)nc(COCC2(c3ccccc3)CCNCC2)c1,4.55,1,nM,CHEMBL2333639,-4.55,4.45,CHEMBL240,hERG,False,False,False
FC(F)(F)c1cc(Nc2ccccc2)nc(NCc2ccccn2)n1,4.4,1,nM,CHEMBL594979,-4.4,4.6,CHEMBL240,hERG,False,False,False
FC(F)(F)c1ccc(-c2c[nH]c([C@H]3Cc4c([nH]c5ccccc45)[C@@H](C4CCOCC4)N3)n2)cc1,6.8,1,nM,CHEMBL3775793,-6.8,2.2,CHEMBL240,hERG,False,False,False
FC(F)(F)c1ccc(C2=CC3(CCNCC3)Oc3ccccc32)cc1,6.42,1,nM,CHEMBL492449,-6.42,2.58,CHEMBL240,hERG,True,True,True
FC(F)(F)c1cccc(Nc2cc3[nH]c(Nc4ccc(N5CCNCC5)cn4)nc3cn2)c1,4.52,1,nM,CHEMBL4471705,-4.52,4.48,CHEMBL240,hERG,False,False,False
FC(F)(F)c1cccc(Nc2cc3[nH]c(Nc4ccc(N5CCOCC5)cn4)nc3cn2)c1,6.3,1,nM,CHEMBL4545990,-6.3,2.7,CHEMBL240,hERG,False,False,False
FC(F)(F)c1cccc(Nc2nnc3n2CCOc2ccc(-c4ccncc4)cc2-3)c1,6.25,1,nM,CHEMBL4790150,-6.25,2.75,CHEMBL240,hERG,False,False,False
FC(F)(F)c1ccccc1-c1cc(C(F)(F)F)c2[nH]c(C3=NOC4(CCCCC4)C3)nc2c1,4.8,1,nM,CHEMBL1650511,-4.8,4.2,CHEMBL240,hERG,False,False,False
FC(F)(F)c1nc(NCc2ccccn2)c2c(-c3ccccc3)cccc2n1,5.0,1,nM,CHEMBL4521058,-5.0,4.0,CHEMBL240,hERG,False,False,False
FC(F)Oc1cc(-c2cnn(Cc3cc[nH]n3)c2)ccc1Cl,5.02,1,nM,CHEMBL3897632,-5.02,3.9800000000000004,CHEMBL240,hERG,False,False,False
FC(F)Oc1cc(-c2cnn(Cc3cn[nH]c3)c2)ccc1Cl,4.28,1,nM,CHEMBL3927856,-4.28,4.72,CHEMBL240,hERG,False,False,False
FC(F)Oc1ccc(-c2nnc3cncc(OCCC45C6C7C8C6C4C8C75)n23)cc1,5.37,1,nM,CHEMBL4777282,-5.37,3.63,CHEMBL240,hERG,False,False,False
FC(F)Oc1ccc(-c2nnc3cncc(OCCc4ccccc4)n23)cc1,5.13,1,nM,CHEMBL4780715,-5.13,3.87,CHEMBL240,hERG,False,False,False
FC(F)Oc1ccccc1CC(c1ccccc1)N1CCNCC1,4.9,3,nM,CHEMBL1083708,-4.9,4.1,CHEMBL240,hERG,True,True,True
FC(F)c1cc(-c2cnn(Cc3cc[nH]n3)c2)ccc1Cl,5.32,1,nM,CHEMBL3975087,-5.32,3.6799999999999997,CHEMBL240,hERG,False,False,False
FCCOc1ccc(CCC2CCN(CCc3ccccc3Cl)CC2)cc1,5.66,1,nM,CHEMBL4212262,-5.66,3.34,CHEMBL240,hERG,False,False,False
FCCOc1ccc(CCN2CCC(CCc3ccccc3)CC2)cc1,6.46,1,nM,CHEMBL4209058,-6.46,2.54,CHEMBL240,hERG,False,False,False
FCCOc1ccc(CCN2CCN(CCc3ccccc3)CC2)cc1,5.52,1,nM,CHEMBL4206313,-5.52,3.4800000000000004,CHEMBL240,hERG,False,False,False
FCCOc1ccc(CCN2CCN(CCc3ccccc3Cl)CC2)cc1,5.85,1,nM,CHEMBL4206622,-5.85,3.1500000000000004,CHEMBL240,hERG,False,False,False
FCCOc1cccc(CCC2CCN(CCc3ccccc3)CC2)c1,6.12,1,nM,CHEMBL4209141,-6.12,2.88,CHEMBL240,hERG,False,False,False
FCCOc1cccc(CCN2CCC(CCc3ccccc3)CC2)c1,6.39,1,nM,CHEMBL4213979,-6.39,2.6100000000000003,CHEMBL240,hERG,False,False,False
FCCOc1cccc(CCN2CCN(CCc3ccccc3)CC2)c1,5.37,1,nM,CHEMBL4217431,-5.37,3.63,CHEMBL240,hERG,False,False,False
FCCOc1ccccc1CCC1CCN(CCc2ccc(F)cc2)CC1,6.42,1,nM,CHEMBL4204715,-6.42,2.58,CHEMBL240,hERG,False,False,False
FCCOc1ccccc1CCC1CCN(CCc2ccccc2)CC1,6.12,1,nM,CHEMBL4208760,-6.12,2.88,CHEMBL240,hERG,False,False,False
FCCOc1ccccc1CCC1CCN(CCc2ccccc2Cl)CC1,6.16,1,nM,CHEMBL4210865,-6.16,2.84,CHEMBL240,hERG,False,False,False
FCCOc1ccccc1CCN1CCN(CCc2ccc(F)cc2)CC1,5.95,1,nM,CHEMBL4210347,-5.95,3.05,CHEMBL240,hERG,False,False,False
FCCOc1ccccc1CCN1CCN(CCc2ccccc2)CC1,5.26,1,nM,CHEMBL4212474,-5.26,3.74,CHEMBL240,hERG,False,False,False
FCCOc1ccccc1CCN1CCN(CCc2ccccc2Cl)CC1,6.07,1,nM,CHEMBL4202598,-6.07,2.9299999999999997,CHEMBL240,hERG,False,False,False
FCC[C@@H]1Cc2ccccc2C2(CCC(N3CCN(C4CCCCC4)CC3)CC2)O1,5.58,1,nM,CHEMBL4170683,-5.58,3.42,CHEMBL240,hERG,False,True,True
Fc1cc(-c2cc3sc(N4CCC(N5CCCCC5)CC4)nc3cn2)ccn1,5.75,1,nM,CHEMBL574826,-5.75,3.25,CHEMBL240,hERG,True,True,True
Fc1cc(-c2cnc3nc(N4CCC(N5CCCCC5)CC4)sc3c2)ccn1,6.69,1,nM,CHEMBL583582,-6.69,2.3099999999999996,CHEMBL240,hERG,True,True,True
Fc1cc(C(CC2CNC2)Oc2ccccc2F)ccc1Cl,5.85,1,nM,CHEMBL3310484,-5.85,3.1500000000000004,CHEMBL240,hERG,False,False,False
Fc1cc(C(Oc2ccccc2)C2CNC2)ccc1Cl,5.81,1,nM,CHEMBL2171419,-5.81,3.1900000000000004,CHEMBL240,hERG,False,False,False
Fc1cc(F)c(F)c(-c2ccc(N[C@H]3C[C@@H]4CN(CC5CCOCC5)C[C@@H]4C3)nn2)c1,6.37,1,nM,CHEMBL4850236,-6.37,2.63,CHEMBL240,hERG,False,False,False
Fc1cc2c(cn1)C1(CCN(Cc3ccc(Nc4ccc(F)c(F)c4)cc3)CC1)OC2,7.64,1,nM,CHEMBL585509,-7.64,1.3600000000000003,CHEMBL240,hERG,False,False,False
Fc1cc2c(cn1)C1(CCN(Cc3ccc(Oc4ccc(F)c(F)c4)cc3)CC1)OC2,7.62,1,nM,CHEMBL593521,-7.62,1.38,CHEMBL240,hERG,False,False,False
Fc1cc2ncn([C@H]3C[C@@H]4[C@@H](CNC(c5ccc(Cl)cc5)C(F)(F)F)[C@@H]4C3)c2cc1F,6.34,1,nM,CHEMBL4873747,-6.34,2.66,CHEMBL240,hERG,False,False,False
Fc1ccc(-c2c[nH]c([C@H]3Cc4c([nH]c5ccccc45)C(C4CCCCC4)N3)n2)nc1,6.77,1,nM,CHEMBL3582316,-6.77,2.2300000000000004,CHEMBL240,hERG,False,False,False
Fc1ccc(-c2c[nH]c([C@H]3Cc4c([nH]c5ccccc45)[C@@H](C4CCOCC4)N3)n2)c(F)c1,6.2,1,nM,CHEMBL3775050,-6.2,2.8,CHEMBL240,hERG,False,False,False
Fc1ccc(-c2c[nH]c([C@H]3Cc4c([nH]c5ccccc45)[C@@H](C4CCOCC4)N3)n2)cc1,6.42,1,nM,CHEMBL2204941,-6.42,2.58,CHEMBL240,hERG,True,True,True
Fc1ccc(-c2c[nH]c([C@H]3Cc4c([nH]c5ccccc45)[C@@H](C4CCOCC4)N3)n2)cc1F,6.46,1,nM,CHEMBL3775532,-6.46,2.54,CHEMBL240,hERG,False,False,False
Fc1ccc(-c2c[nH]c([C@H]3Cc4c([nH]c5ccccc45)[C@@H](C4CCOCC4)N3)n2)nc1,5.76,1,nM,CHEMBL3775734,-5.76,3.24,CHEMBL240,hERG,False,False,False
Fc1ccc(-c2cc3sc(N4CCC(N5CCCCC5)CC4)nc3cn2)cn1,5.02,1,nM,CHEMBL575023,-5.02,3.9800000000000004,CHEMBL240,hERG,True,True,True
Fc1ccc(-c2cnc3nc(N4CCC(N5CCCCC5)CC4)sc3c2)cn1,6.51,1,nM,CHEMBL574837,-6.51,2.49,CHEMBL240,hERG,True,True,True
Fc1ccc(-c2nc(C3CCNCC3)sc2-c2ccnc(NCc3ccncc3)n2)cc1,5.82,1,nM,CHEMBL4586918,-5.82,3.1799999999999997,CHEMBL240,hERG,False,False,False
Fc1ccc(-c2nc(C3CCNCC3)sc2-c2ccnc(Nc3ccncn3)n2)cc1,6.22,1,nM,CHEMBL4572065,-6.22,2.7800000000000002,CHEMBL240,hERG,False,False,False
Fc1ccc(-c2nc(C3CCNCC3)sc2-c2ccnc(Nc3nncs3)n2)cc1,5.6,1,nM,CHEMBL4566588,-5.6,3.4000000000000004,CHEMBL240,hERG,False,False,False
Fc1ccc(-c2nc(N3CCCC3)sc2-c2ccnc(Nc3ccc(N4CCNCC4)cc3)n2)cc1,5.25,1,nM,CHEMBL4455587,-5.25,3.75,CHEMBL240,hERG,False,False,False
Fc1ccc(-c2nc(N3CCOCC3)sc2-c2ccnc(Nc3ccc(N4CCNCC4)cc3)n2)cc1,5.27,1,nM,CHEMBL4531226,-5.27,3.7300000000000004,CHEMBL240,hERG,False,False,False
Fc1ccc(-c2nc3c(N4CCNCC4)nccc3[nH]2)cc1F,5.47,1,nM,CHEMBL4743530,-5.47,3.5300000000000002,CHEMBL240,hERG,False,False,False
Fc1ccc(-c2noc(C3CCN(c4cnc5ccc(Cl)cc5c4)CC3)n2)c(Cl)c1,6.3,1,nM,CHEMBL468176,-6.3,2.7,CHEMBL240,hERG,False,False,False
Fc1ccc(-n2cc(C3CCN(CCN4CCN=C4S)CC3)c3ccccc32)cc1,8.21,2,nM,CHEMBL298978,-8.21,0.7899999999999991,CHEMBL240,hERG,False,False,False
Fc1ccc(-n2cc(C3CCNCC3)c3cc(Cl)ccc32)cc1,6.69,2,nM,CHEMBL273235,-6.69,2.3099999999999996,CHEMBL240,hERG,False,False,False
Fc1ccc(-n2cc(NCCN3CCCCC3)nn2)cc1F,5.66,1,nM,CHEMBL3417047,-5.66,3.34,CHEMBL240,hERG,False,False,False
Fc1ccc(C(Cc2ccccc2OC(F)(F)F)N2CCNCC2)cc1,5.09,3,nM,CHEMBL1084033,-5.09,3.91,CHEMBL240,hERG,True,True,True
Fc1ccc(C(Cc2ccccc2OC(F)F)N2CCNCC2)cc1,5.04,1,nM,CHEMBL1083425,-5.04,3.96,CHEMBL240,hERG,True,True,True
Fc1ccc(C(OC2CC3CCC(C2)N3CC2CC2)c2ccc(F)cc2)cc1,5.4,1,nM,CHEMBL440272,-5.4,3.5999999999999996,CHEMBL240,hERG,False,False,False
Fc1ccc(C(OC2CC3CCC(C2)N3CCN2CCCCC2)c2ccc(F)cc2)cc1,5.29,1,nM,CHEMBL4100591,-5.29,3.71,CHEMBL240,hERG,False,False,False
Fc1ccc(C(c2ccc(F)cc2)N2CCN(C/C=C/c3ccccc3)CC2)cc1,6.22,1,nM,CHEMBL30008,-6.22,2.7800000000000002,CHEMBL240,hERG,False,False,False
Fc1ccc(C2(COCc3cc(C(F)(F)F)cc(Cl)n3)CCNCC2)cc1,4.7,1,nM,CHEMBL2333642,-4.7,4.3,CHEMBL240,hERG,False,False,False
Fc1ccc(C2(c3ccc(F)cc3)CNC(c3cnccn3)=N2)cc1,5.47,1,nM,CHEMBL490937,-5.47,3.5300000000000002,CHEMBL240,hERG,True,True,True
Fc1ccc(C2CC=CCNC2)cc1Cl,4.64,1,nM,CHEMBL2326686,-4.64,4.36,CHEMBL240,hERG,True,True,True
Fc1ccc(CC(c2cccnc2)c2cccnc2)c(-c2cccc(C(F)(F)F)c2)c1,5.65,1,nM,CHEMBL4074093,-5.65,3.3499999999999996,CHEMBL240,hERG,False,False,False
Fc1ccc(CC2(c3ccc4[nH]ccc4c3)CCNC2)cc1,5.05,1,nM,CHEMBL513258,-5.05,3.95,CHEMBL240,hERG,False,False,False
Fc1ccc(CN2CCN(C3=Nn4c(nnc4C(F)(F)F)CC3)CC2)cc1,4.53,1,nM,CHEMBL2346972,-4.53,4.47,CHEMBL240,hERG,False,False,False
Fc1ccc(CN2CCN(c3ccc4nnc(C(F)(F)F)n4n3)CC2)cc1,4.97,1,nM,CHEMBL2346968,-4.97,4.03,CHEMBL240,hERG,False,False,False
Fc1ccc(Cn2c(NC3CCNCC3)nc3ccccc32)cc1,7.55,4,nM,CHEMBL61301,-7.55,1.4500000000000002,CHEMBL240,hERG,False,False,False
Fc1ccc(Cn2c([C@H]3CNCCO3)nc3ccccc32)cc1,5.47,1,nM,CHEMBL1935442,-5.47,3.5300000000000002,CHEMBL240,hERG,False,False,False
Fc1ccc(Cn2c([C@H]3CNCCS3)nc3ccccc32)cc1,6.05,1,nM,CHEMBL1935446,-6.05,2.95,CHEMBL240,hERG,False,False,False
Fc1ccc(N(CCNCCCc2ccccc2)c2ccc(F)cc2)cc1,8.61,2,nM,CHEMBL2046893,-8.61,0.39000000000000057,CHEMBL240,hERG,False,False,False
Fc1ccc(N(CCNCCc2ccccc2)c2ccc(F)cc2)cc1,7.380000000000001,2,nM,CHEMBL2046892,-7.380000000000001,1.6199999999999992,CHEMBL240,hERG,False,False,False
Fc1ccc(N2CCN(CCCc3c[nH]c4ccc(F)cc34)CC2)c(-c2ccccc2)c1,4.78,1,nM,CHEMBL4289783,-4.78,4.22,CHEMBL240,hERG,True,True,True
Fc1ccc(OCc2cc(OCC3(F)COC3)nc(-c3ccccn3)n2)c(F)c1F,5.2,1,nM,CHEMBL3741735,-5.2,3.8,CHEMBL240,hERG,False,False,False
Fc1ccc([C@@H]2CCNC[C@H]2COc2ccc3c(c2)OCO3)cc1,4.98,1,nM,CHEMBL490,-4.98,4.02,CHEMBL240,hERG,False,False,False
Fc1ccc2c(C3CCN(CCCOc4ccc(-c5nc6ccccc6o5)cc4)CC3)noc2c1,5.42,1,nM,CHEMBL3634813,-5.42,3.58,CHEMBL240,hERG,False,False,False
Fc1ccc2c(C3CCN(CCCOc4ccc(CCN5CCCCC5)cc4)CC3)noc2c1,5.64,1,nM,CHEMBL4861311,-5.64,3.3600000000000003,CHEMBL240,hERG,False,False,False
Fc1ccc2c(C3CCN(CCCOc4ccc(CCN5CCOCC5)cc4)CC3)noc2c1,5.62,1,nM,CHEMBL4867978,-5.62,3.38,CHEMBL240,hERG,False,False,False
Fc1ccc2c(C3CCN(CCCOc4ccc(CCc5nc6ccccc6o5)cc4)CC3)noc2c1,6.2,1,nM,CHEMBL3634824,-6.2,2.8,CHEMBL240,hERG,False,False,False
Fc1ccc2c(C3CCN(CCCOc4ccc(Cc5nc6ccccc6o5)cc4)CC3)noc2c1,5.22,1,nM,CHEMBL3634821,-5.22,3.7800000000000002,CHEMBL240,hERG,False,False,False
Fc1cccc(-c2c[nH]c([C@H]3Cc4c([nH]c5ccccc45)[C@@H](C4CCOCC4)N3)n2)c1,6.59,1,nM,CHEMBL3774817,-6.59,2.41,CHEMBL240,hERG,False,False,False
Fc1cccc(-n2cc(NCCN3CCCCC3)nn2)c1,5.28,1,nM,CHEMBL3417045,-5.28,3.7199999999999998,CHEMBL240,hERG,True,True,True
Fc1cccc(C(Cc2ccccc2OC(F)(F)F)N2CCNCC2)c1,5.21,1,nM,CHEMBL1083427,-5.21,3.79,CHEMBL240,hERG,True,True,True
Fc1cccc(C(Cc2ccccc2OC(F)F)N2CCNCC2)c1,5.08,1,nM,CHEMBL1084577,-5.08,3.92,CHEMBL240,hERG,True,True,True
Fc1cccc(F)c1-c1ccc2[nH]nc(-c3cncc(O[C@H]4CNCCC45CC5)n3)c2c1,5.43,1,nM,CHEMBL3393706,-5.43,3.5700000000000003,CHEMBL240,hERG,False,False,False
Fc1cccc(OC(CC2CNC2)c2ccc(Cl)c(F)c2)c1,5.84,1,nM,CHEMBL3310485,-5.84,3.16,CHEMBL240,hERG,False,False,False
Fc1cccc(OC(F)F)c1CC(c1ccccc1)N1CCNCC1,4.98,1,nM,CHEMBL1086275,-4.98,4.02,CHEMBL240,hERG,True,True,True
Fc1ccccc1-c1c[nH]c([C@H]2Cc3c([nH]c4ccccc34)[C@@H](C3CCOCC3)N2)n1,6.3,1,nM,CHEMBL3774495,-6.3,2.7,CHEMBL240,hERG,False,False,False
Fc1ccccc1-c1ccc2oc(N3CCN4CCC3CC4)nc2n1,5.55,1,nM,CHEMBL597737,-5.55,3.45,CHEMBL240,hERG,False,False,False
Fc1ccccc1-c1nc2ccn(Cc3cc(-c4ccc(C(F)(F)F)cc4C(F)(F)F)no3)cc-2n1,6.1,1,nM,CHEMBL3121667,-6.1,2.9000000000000004,CHEMBL240,hERG,False,False,False
Fc1ccccc1-c1nc2ccn(Cc3ccc(-c4ccc(C(F)(F)F)cc4C(F)(F)F)nn3)cc-2n1,6.1,2,nM,CHEMBL1957287,-6.1,2.9000000000000004,CHEMBL240,hERG,False,False,False
Fc1ccccc1C(Cc1ccccc1OC(F)(F)F)N1CCNCC1,5.69,3,nM,CHEMBL1083426,-5.69,3.3099999999999996,CHEMBL240,hERG,True,True,True
Fc1ccccc1C(Cc1ccccc1OC(F)F)N1CCNCC1,5.19,1,nM,CHEMBL1084309,-5.19,3.8099999999999996,CHEMBL240,hERG,True,True,True
Fc1cccnc1-c1ccc2[nH]nc(-c3cncc(O[C@H]4CNCCC45CC5)n3)c2c1,5.52,1,nM,CHEMBL3393710,-5.52,3.4800000000000004,CHEMBL240,hERG,False,False,False
Fc1cnc2nc(N3CCN4CCC3CC4)oc2c1,5.06,1,nM,CHEMBL597440,-5.06,3.9400000000000004,CHEMBL240,hERG,False,False,False
Fc1nccc2c3cnc(Nc4ccc(N5CCNCC5)cn4)nc3n(C3CCCC3)c12,6.14,1,nM,CHEMBL3237443,-6.14,2.8600000000000003,CHEMBL240,hERG,False,False,False
Fc1ncccc1-c1cc2sc(N3CCC(N4CCCCC4)CC3)nc2cn1,5.87,1,nM,CHEMBL582876,-5.87,3.13,CHEMBL240,hERG,True,True,True
Fc1ncccc1-c1cnc2nc(N3CCC(N4CCCCC4)CC3)sc2c1,5.58,1,nM,CHEMBL575475,-5.58,3.42,CHEMBL240,hERG,True,True,True
N#CC1(CNC(=O)c2cc(Cl)cc(Cl)c2)CCN(CCc2ccccc2)CC1,6.44,1,nM,CHEMBL1836161,-6.44,2.5599999999999996,CHEMBL240,hERG,False,False,False
N#CC1(COc2ccc3ncc(F)c(CCC45CCC(NCc6ccc7c(n6)NC(=O)CO7)(CC4)CO5)c3n2)CC1,5.26,1,nM,CHEMBL3605025,-5.26,3.74,CHEMBL240,hERG,False,False,False
N#CC1(NC(=O)[C@@H]2CCCC[C@H]2C(=O)N2CCN(c3ccc(F)cc3)CC2)CC1,4.5,1,nM,CHEMBL2070936,-4.5,4.5,CHEMBL240,hERG,False,False,False
N#CC1(NC(=O)[C@@H]2CCCC[C@H]2C(=O)N2CCN(c3nc(-c4ccccc4)cs3)CC2)CC1,4.6,1,nM,CHEMBL2069324,-4.6,4.4,CHEMBL240,hERG,False,False,False
N#CC1(NC(=O)[C@@H]2CCCC[C@H]2C(=O)N2CCN(c3nc(C(F)(F)F)c(Cl)s3)CC2)CC1,4.6,1,nM,CHEMBL2070945,-4.6,4.4,CHEMBL240,hERG,False,False,False
N#CC1(NC(=O)[C@@H]2CCCC[C@H]2C(=O)N2CCN(c3nc(C(F)(F)F)cs3)CC2)CC1,4.6,1,nM,CHEMBL2070943,-4.6,4.4,CHEMBL240,hERG,False,False,False
N#CC1(NC(=O)[C@@H]2CCCC[C@H]2C(=O)N2CCN(c3nc4ccccc4s3)CC2)CC1,5.1,1,nM,CHEMBL2070937,-5.1,3.9000000000000004,CHEMBL240,hERG,False,False,False
N#CC1(c2ccccc2)CCN(Cc2cc(C(=O)N[C@H]3CCCC[C@@H]3O)c(=O)n3ccccc23)CC1,5.29,1,nM,CHEMBL2203589,-5.29,3.71,CHEMBL240,hERG,False,False,False
N#CC1(c2ccccn2)CCN(Cc2cc(C(=O)N[C@H]3CCCC[C@@H]3O)c(=O)n3ccccc23)CC1,4.79,1,nM,CHEMBL2203585,-4.79,4.21,CHEMBL240,hERG,False,False,False
N#CC=C1CCN(c2ccc(N3C[C@H](Cn4cc(F)nn4)OC3=O)cc2F)CC1,5.62,1,nM,CHEMBL2324511,-5.62,3.38,CHEMBL240,hERG,False,False,False
N#CC=C1CCN(c2ccc(N3C[C@H](Cn4ccnn4)OC3=O)cc2F)CC1,4.3,1,nM,CHEMBL2324510,-4.3,4.7,CHEMBL240,hERG,False,False,False
N#CCCCOc1ccc2ncc(F)c(CCC34CCC(NCc5ccc6c(n5)NC(=O)CO6)(CC3)CO4)c2n1,5.05,1,nM,CHEMBL3605024,-5.05,3.95,CHEMBL240,hERG,False,False,False
N#CCCN1C(=O)c2ccccc2C1C(=O)NCc1ccc(OC(F)(F)F)cc1,4.58,1,nM,CHEMBL2164381,-4.58,4.42,CHEMBL240,hERG,False,False,False
N#C[C@@H]1C[C@@H]2CCC[C@@H]2N1C(=O)C[C@H](N)Cc1cc(F)c(F)cc1F,4.26,1,nM,CHEMBL3330073,-4.26,4.74,CHEMBL240,hERG,False,False,False
N#C[C@@H]1C[C@H](F)CN1C(=O)C[C@H](N)Cc1cc(F)c(F)cc1F,4.01,1,nM,CHEMBL3330060,-4.01,4.99,CHEMBL240,hERG,False,False,False
N#C[C@@H]1C[C@H](F)CN1C(=O)[C@@H](N)Cc1cc2c(cc1Br)OCO2,4.32,1,nM,CHEMBL3127992,-4.32,4.68,CHEMBL240,hERG,False,False,False
N#C[C@H]1CCOC[C@@H]1n1cc(C(N)=O)c(Nc2ccc(-n3ccnn3)cc2)n1,4.88,1,nM,CHEMBL4096821,-4.88,4.12,CHEMBL240,hERG,False,False,False
N#C[C@H]1CCOC[C@@H]1n1cc(C(N)=O)c(Nc2ccc(C3CC3)cc2)n1,4.46,1,nM,CHEMBL4077886,-4.46,4.54,CHEMBL240,hERG,False,False,False
N#C[C@H]1CCOC[C@@H]1n1cc(C(N)=O)c(Nc2ccc(Cl)cc2)n1,4.4,1,nM,CHEMBL4089234,-4.4,4.6,CHEMBL240,hERG,False,False,False
N#C[C@H]1CCOC[C@@H]1n1cc(C(N)=O)c(Nc2ccc(F)cc2)n1,4.4,1,nM,CHEMBL4104623,-4.4,4.6,CHEMBL240,hERG,False,False,False
N#C[C@H]1CCOC[C@@H]1n1cc(C(N)=O)c(Nc2ccc(OC(F)F)cc2)n1,4.6,1,nM,CHEMBL4102140,-4.6,4.4,CHEMBL240,hERG,False,False,False
N#C[C@H]1C[C@@H](N2CCC2)CC[C@@H]1n1cc(C(N)=O)c(Nc2ccc([C@H](O)C(F)(F)F)cc2)n1,4.5,1,nM,CHEMBL3703025,-4.5,4.5,CHEMBL240,hERG,False,False,False
N#C[C@H]1C[C@@H](O)CC[C@@H]1n1cc(C(N)=O)c(Nc2ccc(Cl)cc2)n1,4.58,1,nM,CHEMBL3647849,-4.58,4.42,CHEMBL240,hERG,False,False,False
N#Cc1c(-c2ccccc2)cc(-c2ccccc2)nc1/N=C1\S/C(=C2\SC(C(=O)Nc3ccccc3)=NN2c2ccccc2)C(=O)N1c1ccccc1,5.47,1,nM,CHEMBL3408396,-5.47,3.5300000000000002,CHEMBL240,hERG,False,False,False
N#Cc1c(-c2ccccc2)cc(-c2ccccc2)nc1/N=C1\S/C(=C2\SC(c3ccccc3)=NN2c2ccccc2)C(=O)N1c1ccccc1,5.6,1,nM,CHEMBL3408393,-5.6,3.4000000000000004,CHEMBL240,hERG,False,False,False
N#Cc1c(-c2ccccc2)cc(-c2ccccc2)nc1/N=C1\SCC(=O)N1c1ccccc1,4.34,1,nM,CHEMBL3408391,-4.34,4.66,CHEMBL240,hERG,False,False,False
N#Cc1c(-c2ccccc2)cc(-c2ccccc2)nc1/N=c1\sc(-c2ccccc2)nn1-c1ccccc1,5.12,1,nM,CHEMBL3408382,-5.12,3.88,CHEMBL240,hERG,False,False,False
N#Cc1c(-c2ccccc2)cc(-c2ccccc2)nc1/N=c1\sc(C(=O)Nc2ccccc2)nn1-c1ccccc1,5.08,1,nM,CHEMBL3408390,-5.08,3.92,CHEMBL240,hERG,False,False,False
N#Cc1c(-c2ccccc2)cc(-c2ccccc2)nc1/N=c1\scc(-c2ccccc2)n1-c1ccccc1,5.17,1,nM,CHEMBL3408392,-5.17,3.83,CHEMBL240,hERG,False,False,False
N#Cc1c(-c2ccccc2)cc(-c2ccccc2)nc1NC(=S)Nc1ccccc1,4.32,1,nM,CHEMBL3408381,-4.32,4.68,CHEMBL240,hERG,False,False,False
N#Cc1c(N)ncnc1N1CCC(c2nc(-c3ccc(F)c(C(F)(F)F)c3)cn2CCN2CCC2)CC1,6.16,1,nM,CHEMBL3962807,-6.16,2.84,CHEMBL240,hERG,False,False,False
N#Cc1c(N)ncnc1N1CCC[C@H]1c1nc2cccc(C#CCCCC(=O)N3CCOCC3)c2c(=O)n1-c1ccccc1,4.5,1,nM,CHEMBL4080347,-4.5,4.5,CHEMBL240,hERG,False,False,False
N#Cc1c[nH]c(C(=O)Nc2ccc(C3CCN(Cc4ccccn4)CC3)cc2C2=CCCCC2)n1,5.11,1,nM,CHEMBL2158224,-5.11,3.8899999999999997,CHEMBL240,hERG,False,False,False
N#Cc1cc(-c2cnc3nc(N4CCC(N5CCCCC5)CC4)sc3c2)ccc1F,7.0,1,nM,CHEMBL584766,-7.0,2.0,CHEMBL240,hERG,True,True,True
N#Cc1cc(CC(=O)N2CCN(CCc3ccc4c(c3)COC4=O)CC2)ccc1-n1cnnn1,5.15,1,nM,CHEMBL2441411,-5.15,3.8499999999999996,CHEMBL240,hERG,False,False,False
N#Cc1cc(N2CCN(CCN3CCC(C(F)(F)F)CC3)C2=O)ccc1F,5.2,1,nM,CHEMBL554073,-5.2,3.8,CHEMBL240,hERG,False,False,False
N#Cc1cc(N2CCN(CCN3Cc4ccccc4C3)C2=O)ccc1F,5.0,1,nM,CHEMBL562176,-5.0,4.0,CHEMBL240,hERG,False,False,False
N#Cc1cc(NC(=O)COc2ccc(C(=O)c3cc(Cl)ccc3Br)cc2)ccc1F,7.16,1,nM,CHEMBL4777849,-7.16,1.8399999999999999,CHEMBL240,hERG,False,False,False
N#Cc1cc(NCC(=O)NC2CN([C@H]3CC[C@@](O)(c4cncs4)CC3)C2)c2cc(C(F)(F)F)ccc2n1,4.46,1,nM,CHEMBL2315940,-4.46,4.54,CHEMBL240,hERG,False,False,False
N#Cc1cc(Nc2nc(N)nc(-c3cccc(-n4ccc5cc(C6CC6)cc(F)c5c4=O)c3CO)n2)cn1C1CC1,4.52,1,nM,CHEMBL4203192,-4.52,4.48,CHEMBL240,hERG,False,False,False
N#Cc1cc([C@H]2CC[C@@H](C(N)=O)N2)ccc1OCc1ccccc1F,4.8,1,nM,CHEMBL4637843,-4.8,4.2,CHEMBL240,hERG,False,False,False
N#Cc1cc2cc(C3(Cc4ccccc4)CCNC3)ccc2[nH]1,5.85,1,nM,CHEMBL457930,-5.85,3.1500000000000004,CHEMBL240,hERG,False,False,False
N#Cc1ccc(-c2ccc(C[C@@H](C#N)NC(=O)C3(N)CCCCC3)cc2)cc1,5.05,1,nM,CHEMBL3261924,-5.05,3.95,CHEMBL240,hERG,False,False,False
N#Cc1ccc(-c2ccc(C[C@@H](C#N)NC(=O)C3(N)CCOCC3)cc2)cc1,4.58,1,nM,CHEMBL3261926,-4.58,4.42,CHEMBL240,hERG,False,False,False
N#Cc1ccc(-c2ccc(C[C@@H](C#N)NC(=O)[C@@H]3CCCCC[C@@H]3N)cc2)cc1,5.44,1,nM,CHEMBL3970692,-5.44,3.5599999999999996,CHEMBL240,hERG,False,False,False
N#Cc1ccc(-c2ccc(C[C@@H](C#N)NC(=O)[C@@H]3CCCCN3)cc2)cc1,5.85,1,nM,CHEMBL3261919,-5.85,3.1500000000000004,CHEMBL240,hERG,False,False,False
N#Cc1ccc(-c2ccc(C[C@@H](C#N)NC(=O)[C@@H]3CCCC[C@@H]3N)cc2)cc1,5.27,1,nM,CHEMBL3927522,-5.27,3.7300000000000004,CHEMBL240,hERG,False,False,False
N#Cc1ccc(-c2ccc(C[C@@H](C#N)NC(=O)[C@@H]3CNCCCO3)cc2)cc1,4.77,1,nM,CHEMBL3927609,-4.77,4.23,CHEMBL240,hERG,False,False,False
N#Cc1ccc(-c2ccc3c(c2)OC[C@H]2[C@H](CO)OC(=O)N32)cn1,4.74,1,nM,CHEMBL2323191,-4.74,4.26,CHEMBL240,hERG,False,False,False
N#Cc1ccc(-c2cccc(F)c2)c(C(=O)N2Cc3cn(-c4cncc(F)c4)nc3C2)c1,5.06,1,nM,CHEMBL4206650,-5.06,3.9400000000000004,CHEMBL240,hERG,False,False,False
N#Cc1ccc(-c2cnc3nc(N4CCC(N5CCCCC5)CC4)sc3c2)cc1,5.95,1,nM,CHEMBL572558,-5.95,3.05,CHEMBL240,hERG,True,True,True
N#Cc1ccc(-c2noc(-c3cc(F)cc(C#N)c3)n2)nc1,5.2,1,nM,CHEMBL2164552,-5.2,3.8,CHEMBL240,hERG,False,False,False
N#Cc1ccc(C(=O)N2CCC(c3ccc(C(=O)NC(=N)N)cc3C(F)(F)F)CC2)cc1,5.4,1,nM,CHEMBL2170629,-5.4,3.5999999999999996,CHEMBL240,hERG,False,False,False
N#Cc1ccc(C(=O)N2CCC3(CC2)N=C(N)c2c(F)ccc(F)c2N3)cn1,7.0,1,nM,CHEMBL447183,-7.0,2.0,CHEMBL240,hERG,False,False,False
N#Cc1ccc(C(=O)N2CCN(c3ccc(OC4CCN(C5CCC5)CC4)cc3)C(=O)C2)cc1,5.03,1,nM,CHEMBL239099,-5.03,3.9699999999999998,CHEMBL240,hERG,False,False,False
N#Cc1ccc(C(=O)N2CCN(c3ccc(OCCCN4CCCCCC4)cc3)C(=O)C2)cc1,4.9,1,nM,CHEMBL400612,-4.9,4.1,CHEMBL240,hERG,False,False,False
N#Cc1ccc(C(=O)Nc2ccc3c(c2)C2(COC(N)=N2)C2(CC2)CO3)nc1,5.44,2,nM,CHEMBL3650827,-5.44,3.5599999999999996,CHEMBL240,hERG,False,False,False
N#Cc1ccc(CCN2CCC(Nc3nc4ccccc4[nH]3)CC2)cc1,7.05,1,nM,CHEMBL4868736,-7.05,1.9500000000000002,CHEMBL240,hERG,False,False,False
N#Cc1ccc(CCN2CCC(Nc3nc4ccccc4n3Cc3ccc(C#N)c(F)c3)CC2)cc1,7.3,1,nM,CHEMBL4867115,-7.3,1.7000000000000002,CHEMBL240,hERG,False,False,False
N#Cc1ccc(CCN2CCC(Nc3nc4ccccc4n3Cc3ccc(C#N)cc3)CC2)cc1,7.3,1,nM,CHEMBL4870175,-7.3,1.7000000000000002,CHEMBL240,hERG,False,False,False
N#Cc1ccc(CCN2CCC(Nc3nc4ccccc4n3Cc3ccc(C(=O)O)cc3)CC2)cc1,5.38,1,nM,CHEMBL4856218,-5.38,3.62,CHEMBL240,hERG,False,False,False
N#Cc1ccc(CCN2CCC(Nc3nc4ccccc4n3Cc3ccc(C(F)(F)F)nc3)CC2)cc1,6.01,1,nM,CHEMBL4870498,-6.01,2.99,CHEMBL240,hERG,False,False,False
N#Cc1ccc(CCN2CCN(C(=O)Cc3ccc(-n4cnnn4)cc3)CC2)cc1,6.38,1,nM,CHEMBL2441434,-6.38,2.62,CHEMBL240,hERG,False,False,False
N#Cc1ccc(CCN2CCN(CCc3ccc(C#N)cc3)CC2)cc1,7.92,1,nM,CHEMBL2146868,-7.92,1.08,CHEMBL240,hERG,False,False,False
N#Cc1ccc(CCN2CCN(CCc3ccc([N+](=O)[O-])cc3)CC2)cc1,8.05,2,nM,CHEMBL2146757,-8.05,0.9499999999999993,CHEMBL240,hERG,False,False,False
N#Cc1ccc(CCN2CCN(CCc3ccc4c(c3)COC4=O)CC2)cc1,6.37,2,nM,CHEMBL2146871,-6.37,2.63,CHEMBL240,hERG,False,False,False
N#Cc1ccc(CCN2CCN(CCc3ccc4c(c3)COC4=O)CC2)cc1Br,6.25,1,nM,CHEMBL2146875,-6.25,2.75,CHEMBL240,hERG,False,False,False
N#Cc1ccc(CCN2CCN(CCc3ccc4c(c3)COC4=O)CC2)cc1Cl,6.92,1,nM,CHEMBL2146874,-6.92,2.08,CHEMBL240,hERG,False,False,False
N#Cc1ccc(CCN2CCN(CCc3ccc4c(c3)COC4=O)CC2)cc1F,6.77,2,nM,CHEMBL2146873,-6.77,2.2300000000000004,CHEMBL240,hERG,False,False,False
N#Cc1ccc(CCN2CCN(CCc3ccc4c(c3)COC4=O)CC2)cc1OC(F)(F)F,6.96,1,nM,CHEMBL2146878,-6.96,2.04,CHEMBL240,hERG,False,False,False
N#Cc1ccc(CCN2CCN(CCc3ccc4c(c3)COC4=O)CC2)cc1OC1CC1,6.33,1,nM,CHEMBL2146879,-6.33,2.67,CHEMBL240,hERG,False,False,False
N#Cc1ccc(CCN2CCN(CCc3ccc4nonc4c3)CC2)cc1,7.38,1,nM,CHEMBL2146851,-7.38,1.62,CHEMBL240,hERG,False,False,False
N#Cc1ccc(CN2CCN(c3ccc4nnc(C(F)(F)F)n4n3)CC2)cc1,5.65,1,nM,CHEMBL2346967,-5.65,3.3499999999999996,CHEMBL240,hERG,False,False,False
N#Cc1ccc(CNC(=O)N(c2cccc(F)c2)C2CCN(CCC3(c4cccc(F)c4)CCN(C(=O)c4c(Cl)cccc4Cl)CC3)CC2)cc1,6.0,1,nM,CHEMBL1288674,-6.0,3.0,CHEMBL240,hERG,False,False,False
N#Cc1ccc(CNC(=O)N(c2cccc(F)c2)C2CCN(CCC3(c4cccc(F)c4)CCN(C(=O)c4c(F)cccc4F)CC3)CC2)cc1,5.92,1,nM,CHEMBL1288673,-5.92,3.08,CHEMBL240,hERG,False,False,False
N#Cc1ccc(CNC(=O)N(c2cccc(F)c2)C2CCN(CCC3(c4cccc(F)c4)CCN(C(=O)c4ccc(C#N)cc4)CC3)CC2)cc1,6.4,1,nM,CHEMBL1288676,-6.4,2.5999999999999996,CHEMBL240,hERG,False,False,False
N#Cc1ccc(CNC(=O)N(c2cccc(F)c2)C2CCN(CCC3(c4cccc(F)c4)CCN(C(=O)c4ccc(F)cc4O)CC3)CC2)cc1,6.1,1,nM,CHEMBL1288675,-6.1,2.9000000000000004,CHEMBL240,hERG,False,False,False
N#Cc1ccc(CNC(=O)N(c2cccc(F)c2)C2CCN(CCC3(c4cccc(F)c4)CCN(C(=O)c4cccc(C(N)=O)c4)CC3)CC2)cc1,4.7,1,nM,CHEMBL1288677,-4.7,4.3,CHEMBL240,hERG,False,False,False
N#Cc1ccc(COc2ccc([C@H]3CC[C@@H](C(N)=O)N3)cc2)cc1,5.1,1,nM,CHEMBL4645734,-5.1,3.9000000000000004,CHEMBL240,hERG,False,False,False
N#Cc1ccc(COc2cccc(C3CCN(Cc4nc5ccc(C(=O)O)cc5n4C[C@@H]4CCO4)CC3)n2)c(F)c1,5.58,1,nM,CHEMBL4518483,-5.58,3.42,CHEMBL240,hERG,False,False,False
N#Cc1ccc(C[C@@H](C(=O)O)N2CCC(CN3CCC(Oc4ccc(Cl)c(Cl)c4)CC3)CC2)cc1,5.3,1,nM,CHEMBL2158771,-5.3,3.7,CHEMBL240,hERG,True,True,True
N#Cc1ccc(Cn2ccc(NC(=O)Cc3ccc(C4(C(F)(F)F)CC4)cc3)n2)nc1,5.26,1,nM,CHEMBL4217292,-5.26,3.74,CHEMBL240,hERG,False,False,False
N#Cc1ccc(Cn2cncc2CN(CCCN)[C@H]2CCN(Cc3ccccc3)C2=O)cc1,6.32,1,nM,CHEMBL322007,-6.32,2.6799999999999997,CHEMBL240,hERG,False,False,False
N#Cc1ccc(Cn2cncc2CN(CCCc2ccccc2)[C@H]2CCN(Cc3ccccc3)C2=O)cc1,7.62,1,nM,CHEMBL329067,-7.62,1.38,CHEMBL240,hERG,False,False,False
N#Cc1ccc(Cn2cncc2CN(CCN2CCNCC2)[C@H]2CCN(Cc3ccccc3)C2=O)cc1,5.96,1,nM,CHEMBL522568,-5.96,3.04,CHEMBL240,hERG,False,False,False
N#Cc1ccc(Cn2cncc2CN(CCN2CCOCC2)[C@H]2CCN(Cc3ccccc3)C2=O)cc1,6.72,1,nM,CHEMBL526277,-6.72,2.2800000000000002,CHEMBL240,hERG,False,False,False
N#Cc1ccc(Cn2cncc2CN(Cc2cccnc2)[C@H]2CCN(Cc3ccccc3)C2=O)cc1,6.06,1,nM,CHEMBL327946,-6.06,2.9400000000000004,CHEMBL240,hERG,False,False,False
N#Cc1ccc(Cn2cncc2CNC2CCN(C(=O)c3cncc(Br)c3)C2=O)cc1,5.22,1,nM,CHEMBL1671889,-5.22,3.7800000000000002,CHEMBL240,hERG,False,False,False
N#Cc1ccc(Cn2cncc2CN[C@H]2CCN(C(=O)c3cccc(Cl)c3)C2)cc1,5.24,1,nM,CHEMBL317520,-5.24,3.76,CHEMBL240,hERG,False,False,False
N#Cc1ccc(Cn2cncc2CN[C@H]2CCN(C(=O)c3cccc(Cl)c3)C2=O)cc1,5.24,1,nM,CHEMBL483964,-5.24,3.76,CHEMBL240,hERG,False,False,False
N#Cc1ccc(Cn2cncc2CN[C@H]2CCN(C(=O)c3cccnc3N)C2=O)cc1,4.3,1,nM,CHEMBL484816,-4.3,4.7,CHEMBL240,hERG,False,False,False
N#Cc1ccc(Cn2cncc2CN[C@H]2CCN(C(=O)c3cccnc3O)C2=O)cc1,4.3,1,nM,CHEMBL485161,-4.3,4.7,CHEMBL240,hERG,False,False,False
N#Cc1ccc(Cn2cncc2CN[C@H]2CCN(C(=O)c3cccnc3S)C2=O)cc1,4.96,1,nM,CHEMBL483810,-4.96,4.04,CHEMBL240,hERG,False,False,False
N#Cc1ccc(Cn2cncc2CN[C@H]2CCN(C(=O)c3cncc(Br)c3)C2=O)cc1,5.22,1,nM,CHEMBL500946,-5.22,3.7800000000000002,CHEMBL240,hERG,False,False,False
N#Cc1ccc(Cn2cncc2CN[C@H]2CCN(Cc3cccc(Cl)c3)C2=O)cc1,6.36,1,nM,CHEMBL312137,-6.36,2.6399999999999997,CHEMBL240,hERG,False,False,False
N#Cc1ccc(Cn2cncc2CN[C@H]2CCN(Cc3ccccc3)C2=O)cc1,5.14,1,nM,CHEMBL316502,-5.14,3.8600000000000003,CHEMBL240,hERG,False,False,False
N#Cc1ccc(Cn2cncc2CN[C@H]2CCN(c3cccc4ncccc34)C2=O)cc1,5.09,1,nM,CHEMBL100566,-5.09,3.91,CHEMBL240,hERG,False,False,False
N#Cc1ccc(Cn2cncc2CN[C@H]2CCN(c3ccncc3)C2=O)cc1,5.5,1,nM,CHEMBL99371,-5.5,3.5,CHEMBL240,hERG,False,False,False
N#Cc1ccc(N2C3CCC2CN(C(=O)CCS(=O)(=O)c2cccc4ncsc24)C3)nc1,5.25,1,nM,CHEMBL4790083,-5.25,3.75,CHEMBL240,hERG,False,False,False
N#Cc1ccc(N2CCC(Nc3c(C(N)=O)cnc4[nH]ccc34)CC2)nc1,4.87,2,nM,CHEMBL3593771,-4.87,4.13,CHEMBL240,hERG,False,False,False
N#Cc1ccc(N2CCC(Nc3cc(Nc4ccccn4)ncc3C(N)=O)CC2)nc1,6.44,1,nM,CHEMBL4455068,-6.44,2.5599999999999996,CHEMBL240,hERG,False,False,False
N#Cc1ccc(N2CCC(Nc3cc(Nc4ccncn4)ncc3C(N)=O)CC2)nc1,4.77,1,nM,CHEMBL4463043,-4.77,4.23,CHEMBL240,hERG,False,False,False
N#Cc1ccc(N2CCC(Nc3cc(Nc4cnccn4)ncc3C(N)=O)CC2)nc1,5.11,1,nM,CHEMBL4454640,-5.11,3.8899999999999997,CHEMBL240,hERG,False,False,False
N#Cc1ccc(N2CCN(Cc3cc(C(=O)N[C@H]4CCCC[C@@H]4O)c(=O)n4ccccc34)CC2)cc1,6.41,1,nM,CHEMBL2204275,-6.41,2.59,CHEMBL240,hERG,False,False,False
N#Cc1ccc(N2CCN(Cc3cc(C(=O)O)c(=O)n4ccccc34)CC2)cc1,5.13,2,nM,CHEMBL1683351,-5.13,3.87,CHEMBL240,hERG,False,False,False
N#Cc1ccc(N2N=C(c3ccc4[nH]c(=O)oc4c3)C[C@@H]2c2ccc(F)cc2)cc1,7.54,1,nM,CHEMBL1215691,-7.54,1.46,CHEMBL240,hERG,False,False,False
N#Cc1ccc(NC(=O)[C@H](CN2CC(O)C2)Oc2ncnc3c2cnn3-c2c(Cl)cccc2C#N)nc1,5.1,1,nM,CHEMBL3221525,-5.1,3.9000000000000004,CHEMBL240,hERG,False,False,False
N#Cc1ccc(NC(=O)[C@H](CN2CC(O)C2)Oc2ncnc3c2cnn3-c2c(Cl)cccc2Cl)nc1,5.2,1,nM,CHEMBL3221522,-5.2,3.8,CHEMBL240,hERG,False,False,False
N#Cc1ccc(NC(=O)[C@H](CN2CC(O)C2)Oc2ncnc3c2cnn3-c2ccccc2Cl)nc1,5.0,1,nM,CHEMBL3221519,-5.0,4.0,CHEMBL240,hERG,False,False,False
N#Cc1ccc(NC(=O)[C@H](COCCO)Oc2ncnc3c2cnn3-c2ncccc2Cl)nc1,4.3,1,nM,CHEMBL3221507,-4.3,4.7,CHEMBL240,hERG,False,False,False
N#Cc1ccc(Nc2nn([C@H]3COCC[C@@H]3C#N)cc2C(N)=O)cc1,4.4,1,nM,CHEMBL4061128,-4.4,4.6,CHEMBL240,hERG,False,False,False
N#Cc1ccc(OC2CNC(C(=O)N3CCCN(C4CCC4)CC3)C2)cc1,5.0,1,nM,CHEMBL1823046,-5.0,4.0,CHEMBL240,hERG,True,True,True
N#Cc1ccc(OC2CNC(C(=O)N3CCCN(C4CCCC4)CC3)C2)cc1,5.54,1,nM,CHEMBL1823047,-5.54,3.46,CHEMBL240,hERG,True,True,True
N#Cc1ccc(OCC2(O)CN(S(=O)(=O)c3ccc(Cl)cc3Cl)C2)cc1F,5.01,1,nM,CHEMBL3218118,-5.01,3.99,CHEMBL240,hERG,False,False,False
N#Cc1ccc(OCCCN2CC3CN(CCNS(=O)(=O)c4ccc(F)cc4F)CC(C2)O3)cc1,5.49,1,nM,CHEMBL3927915,-5.49,3.51,CHEMBL240,hERG,False,False,False
N#Cc1ccc(O[C@@H]2CN[C@@H](C(=O)N3CCCN(C4CCCC4)CC3)C2)cc1,5.54,1,nM,CHEMBL1097883,-5.54,3.46,CHEMBL240,hERG,True,True,True
N#Cc1ccc(O[C@@H]2[C@@H]3[C@H](C[C@H]2N2CCC[C@@H](N)C2)[C@@H]2CC(=O)[C@H]3C2)cc1,4.77,1,nM,CHEMBL4129805,-4.77,4.23,CHEMBL240,hERG,False,False,False
N#Cc1ccc(O[C@H]2CN(S(=O)(=O)c3ccc(Cl)cc3Cl)C[C@@]2(O)CN)cc1F,5.52,1,nM,CHEMBL4517101,-5.52,3.4800000000000004,CHEMBL240,hERG,False,False,False
N#Cc1ccc(O[C@H]2CN(S(=O)(=O)c3ccc(Cl)cn3)C[C@@]2(O)CN)cc1F,4.7,1,nM,CHEMBL4550510,-4.7,4.3,CHEMBL240,hERG,False,False,False
N#Cc1ccc(Oc2ccc(S(=O)(=O)Nc3ccc(F)cn3)cc2C#N)cc1Cl,4.17,1,nM,CHEMBL3683287,-4.17,4.83,CHEMBL240,hERG,False,False,False
N#Cc1ccc(S(=O)(=O)N2C[C@H](S(=O)(=O)c3ccc(Cl)cc3)[C@](O)(CN)C2)c(Cl)c1,5.28,1,nM,CHEMBL4456312,-5.28,3.7199999999999998,CHEMBL240,hERG,False,False,False
N#Cc1ccc(S(=O)(=O)N2C[C@H](S(=O)(=O)c3ccc(Cl)cn3)[C@@](O)(CN)C2)c(Cl)c1,5.1,1,nM,CHEMBL4461475,-5.1,3.9000000000000004,CHEMBL240,hERG,False,False,False
N#Cc1ccc(S(=O)(=O)N2C[C@H](S(=O)(=O)c3ccc(Cl)cn3)[C@](O)(CN)C2)c(Cl)c1,5.1,1,nM,CHEMBL4547537,-5.1,3.9000000000000004,CHEMBL240,hERG,False,False,False
N#Cc1ccc([C@]2(O)CC[C@H](N3CC(NC(=O)CNC(=O)c4cccc(C(F)(F)F)c4)C3)CC2)cn1,4.9,1,nM,CHEMBL2204242,-4.9,4.1,CHEMBL240,hERG,False,False,False
N#Cc1ccc2[nH]c(C3CCN(CCn4c(=O)ccc5ncc(Oc6cccnc6)cc54)CC3)nc2c1,5.85,1,nM,CHEMBL3318999,-5.85,3.1500000000000004,CHEMBL240,hERG,False,False,False
N#Cc1ccc2[nH]c([C@H]3CC[C@]4(CC3)CN(c3ccc(F)cc3)C(=O)O4)nc2c1,5.8,1,nM,CHEMBL1290038,-5.8,3.2,CHEMBL240,hERG,False,False,False
N#Cc1ccc2[nH]c([C@H]3CC[C@]4(CC3)CN(c3ccccc3)C(=O)O4)nc2c1,5.0,1,nM,CHEMBL1290037,-5.0,4.0,CHEMBL240,hERG,False,False,False
N#Cc1ccc2[nH]c([C@H]3CC[C@]4(CC3)CN(c3ccccn3)C(=O)O4)nc2c1,4.9,1,nM,CHEMBL1290147,-4.9,4.1,CHEMBL240,hERG,False,False,False
N#Cc1ccc2c(=O)cc(C(=O)NC3CCN(Cc4ccc5c(c4)OCO5)CC3)oc2c1,8.3,1,nM,CHEMBL387417,-8.3,0.6999999999999993,CHEMBL240,hERG,False,False,False
N#Cc1ccc2c(c1)CCN(CC[C@H]1CC[C@H](NC(=O)c3ccnc4ccccc34)CC1)C2,5.7,8,nM,CHEMBL85606,-5.7,3.3,CHEMBL240,hERG,False,False,False
N#Cc1ccc2c(c1)CN(C1CCN(c3n[nH]c(N)n3)CC1)[C@@H](Cc1ccc(Cl)cc1)CO2,4.64,1,nM,CHEMBL4647895,-4.64,4.36,CHEMBL240,hERG,False,False,False
N#Cc1ccc2c(c1)N(CCN1CCC(NCc3ccc4c(n3)NC(=O)CO4)CC1)C(=O)CO2,4.39,1,nM,CHEMBL1824041,-4.39,4.61,CHEMBL240,hERG,False,False,False
N#Cc1ccc2cc1Oc1cc(Cl)cc(c1)CN1CC[C@@H](NCc3cncn3C2)C1=O,6.66,1,nM,CHEMBL524352,-6.66,2.34,CHEMBL240,hERG,False,False,False
N#Cc1ccc2cc1Oc1ccc(Br)c(c1)CN1CC[C@@H](NCc3cncn3C2)C1=O,5.34,1,nM,CHEMBL524997,-5.34,3.66,CHEMBL240,hERG,False,False,False
N#Cc1ccc2cc1Oc1ccc3c(c1)[C@@H](CC3)N1CC[C@@H](NCc3cncn3C2)C1=O,7.1,2,nM,CHEMBL526466,-7.1,1.9000000000000004,CHEMBL240,hERG,False,False,False
N#Cc1ccc2cc1Oc1ccc3c(c1)[C@@H](CC3)N1CC[C@H](NCc3cncn3C2)C1=O,5.37,1,nM,CHEMBL498101,-5.37,3.63,CHEMBL240,hERG,False,False,False
N#Cc1ccc2cc1Oc1ccc3c(c1)[C@@H](CCC3)N1CC[C@@H](NCc3cncn3C2)C1=O,5.16,2,nM,CHEMBL525369,-5.16,3.84,CHEMBL240,hERG,False,False,False
N#Cc1ccc2cc1Oc1ccc3c(c1)[C@@H](CCC3)N1CC[C@H](NCc3cncn3C2)C1=O,4.92,1,nM,CHEMBL526521,-4.92,4.08,CHEMBL240,hERG,False,False,False
N#Cc1ccc2cc1Oc1ccc3c(c1)[C@@H](CCO3)N1CC[C@@H](NCc3cncn3C2)C1=O,6.82,2,nM,CHEMBL516874,-6.82,2.1799999999999997,CHEMBL240,hERG,False,False,False
N#Cc1ccc2cc1Oc1ccc3c(c1)[C@@H](CCO3)N1CC[C@H](NCc3cncn3C2)C1=O,5.04,1,nM,CHEMBL465417,-5.04,3.96,CHEMBL240,hERG,False,False,False
N#Cc1ccc2cc1Oc1ccc3c(c1)[C@H](CC3)N1CC[C@@H](NCc3cncn3C2)C1=O,5.33,1,nM,CHEMBL526656,-5.33,3.67,CHEMBL240,hERG,False,False,False
N#Cc1ccc2cc1Oc1ccc3c(c1)[C@H](CC3)N1CC[C@H](NCc3cncn3C2)C1=O,5.57,1,nM,CHEMBL523570,-5.57,3.4299999999999997,CHEMBL240,hERG,False,False,False
N#Cc1ccc2cc1Oc1ccc3cccc(c3c1)N1CC[C@@H](NC(=O)Cc3cncn3C2)C1=O,5.0,1,nM,CHEMBL524082,-5.0,4.0,CHEMBL240,hERG,False,False,False
N#Cc1ccc2cc1Oc1ccc3cccc(c3c1)N1CC[C@@H](NCCc3cncn3C2)C1=O,6.68,2,nM,CHEMBL498260,-6.68,2.3200000000000003,CHEMBL240,hERG,False,False,False
N#Cc1ccc2cc1Oc1ccc3cccc(c3c1)N1CC[C@@H](NCc3cncn3C2)C1=O,5.08,1,nM,CHEMBL496879,-5.08,3.92,CHEMBL240,hERG,False,False,False
N#Cc1ccc2cc1Oc1ccc3cccc(c3c1)N1CC[C@H](NC(=O)Cc3cncn3C2)C1=O,5.0,1,nM,CHEMBL523080,-5.0,4.0,CHEMBL240,hERG,False,False,False
N#Cc1ccc2cc1Oc1ccc3cccc(c3c1)N1CC[C@H](NCCc3cncn3C2)C1=O,5.09,2,nM,CHEMBL55826,-5.09,3.91,CHEMBL240,hERG,False,False,False
N#Cc1ccc2cc1Oc1ccc3cccc(c3c1)N1CC[C@H](NCc3cncn3C2)C1=O,4.98,1,nM,CHEMBL53821,-4.98,4.02,CHEMBL240,hERG,False,False,False
N#Cc1ccc2cc1Oc1cccc(c1)-c1ccccc1N1CC[C@@H](NCc3cncn3C2)C1=O,5.58,1,nM,CHEMBL524862,-5.58,3.42,CHEMBL240,hERG,False,False,False
N#Cc1ccc2cc1Oc1cccc(c1)C(c1cccc(Cl)c1)N1CC[C@@H](NCc3cncn3C2)C1=O,6.6850000000000005,2,nM,CHEMBL525413,-6.6850000000000005,2.3149999999999995,CHEMBL240,hERG,False,False,False
N#Cc1ccc2cc1Oc1cccc(c1)C(c1ccccc1)N1CC[C@@H](NCc3cncn3C2)C1=O,6.02,2,nM,CHEMBL501480,-6.02,2.9800000000000004,CHEMBL240,hERG,False,False,False
N#Cc1ccc2cc1Oc1cccc(c1)CN1CC[C@@H](NCc3cncn3C2)C1=O,5.33,1,nM,CHEMBL502560,-5.33,3.67,CHEMBL240,hERG,False,False,False
N#Cc1ccc2cc1Oc1cccc(c1)CN1CC[C@H](NCc3cncn3C2)C1=O,4.96,1,nM,CHEMBL524909,-4.96,4.04,CHEMBL240,hERG,False,False,False
N#Cc1ccc2ccc(=O)n(CCN3CCC(NCc4cc5c(cn4)OCCO5)CC3)c2c1,4.36,3,nM,CHEMBL2165062,-4.36,4.64,CHEMBL240,hERG,False,False,False
N#Cc1ccc2ccc(=O)n(CCN3CC[C@H](NCc4cc5c(cn4)OCCO5)[C@@H](F)C3)c2c1,4.24,1,nM,CHEMBL2165068,-4.24,4.76,CHEMBL240,hERG,False,False,False
N#Cc1ccc2ncc(C#N)c(CCC34CCC(NCc5ccc6c(n5)NC(=O)CO6)(CC3)CO4)c2n1,8.78,1,nM,CHEMBL3422962,-8.78,0.22000000000000064,CHEMBL240,hERG,False,False,False
N#Cc1ccc2ncc(F)c(CCC34CCC(NCc5ccc6c(n5)NC(=O)CO6)(CC3)CO4)c2n1,8.41,1,nM,CHEMBL3422947,-8.41,0.5899999999999999,CHEMBL240,hERG,False,False,False
N#Cc1ccc2nn(CCCCN3CCN(c4cccc5sccc45)CC3)c(=O)n2c1,5.98,1,nM,CHEMBL4644391,-5.98,3.0199999999999996,CHEMBL240,hERG,False,False,False
N#Cc1cccc(-c2c(C(=O)N3CCCCC3CO)cc3ccccn23)c1,4.61,1,nM,CHEMBL2164887,-4.61,4.39,CHEMBL240,hERG,False,False,False
N#Cc1cccc(-c2cc(F)ccc2CC(c2cccnc2)c2cccnc2)c1,4.99,1,nM,CHEMBL4068841,-4.99,4.01,CHEMBL240,hERG,False,False,False
N#Cc1cccc(-c2cccc(Cl)c2CC(c2cccnc2)c2cccnc2)c1,5.59,1,nM,CHEMBL4098469,-5.59,3.41,CHEMBL240,hERG,False,False,False
N#Cc1cccc(CCN2CCN(C(=O)Cc3ccc(-n4cnnn4)cc3)CC2)c1,5.57,1,nM,CHEMBL2441435,-5.57,3.4299999999999997,CHEMBL240,hERG,False,False,False
N#Cc1cccc(CCN2CCN(CCc3ccc([N+](=O)[O-])cc3)CC2)c1,7.66,1,nM,CHEMBL2146852,-7.66,1.3399999999999999,CHEMBL240,hERG,False,False,False
N#Cc1cccc(COc2ccc([C@H]3CC[C@@H](C(N)=O)N3)cc2)c1,4.9,1,nM,CHEMBL4637902,-4.9,4.1,CHEMBL240,hERG,False,False,False
N#Cc1cccc(C[C@@H](C(=O)O)N2CCC(CN3CCC(Oc4ccc(Cl)c(Cl)c4)CC3)CC2)c1,4.9,1,nM,CHEMBL2158770,-4.9,4.1,CHEMBL240,hERG,True,True,True
N#Cc1cccc(Cl)c1-n1ncc2c(O[C@@H](CN3CC(O)C3)C(=O)Nc3ccc(F)cn3)ncnc21,4.3,1,nM,CHEMBL3221526,-4.3,4.7,CHEMBL240,hERG,False,False,False
N#Cc1cccc(Cl)c1-n1ncc2c(O[C@@H](COCCO)C(=O)Nc3ccc(F)cn3)ncnc21,4.2,1,nM,CHEMBL3221527,-4.2,4.8,CHEMBL240,hERG,False,False,False
N#Cc1cccc(N2CCN(CCN3CCC(C(F)(F)F)CC3)C2=O)c1,5.1,1,nM,CHEMBL552373,-5.1,3.9000000000000004,CHEMBL240,hERG,True,True,True
N#Cc1cccc(N2CCN(CCN3Cc4ccccc4C3)C2=O)c1,5.5,1,nM,CHEMBL559856,-5.5,3.5,CHEMBL240,hERG,False,False,False
N#Cc1cccc(NC(=O)COc2ccc(C(=O)c3cc(Cl)ccc3Br)cc2)c1,7.55,1,nM,CHEMBL4797829,-7.55,1.4500000000000002,CHEMBL240,hERG,False,False,False
N#Cc1cccc(NC(=O)COc2ccc(C(=O)c3cc(Cl)ccc3Br)cc2)c1F,7.9,1,nM,CHEMBL4791914,-7.9,1.0999999999999996,CHEMBL240,hERG,False,False,False
N#Cc1cccc(Oc2ccc(C(=O)N3CCCN(C4CCC4)CC3)cn2)c1,5.27,1,nM,CHEMBL1171756,-5.27,3.7300000000000004,CHEMBL240,hERG,True,True,True
N#Cc1cccc([C@]2(O)CC[C@@H](N3CC(NC(=O)CNC(=O)c4cccc(C(F)(F)F)c4)C3)CC2)c1,5.82,1,nM,CHEMBL1829630,-5.82,3.1799999999999997,CHEMBL240,hERG,False,False,False
N#Cc1ccccc1COc1ccc([C@H]2CC[C@@H](C(N)=O)N2)cc1,4.8,1,nM,CHEMBL4635121,-4.8,4.2,CHEMBL240,hERG,False,False,False
N#Cc1ccccc1C[C@@H](C(=O)O)N1CCC(CN2CCC(Oc3ccc(Cl)c(Cl)c3)CC2)CC1,4.6,1,nM,CHEMBL2158769,-4.6,4.4,CHEMBL240,hERG,True,True,True
N#Cc1ccccc1Oc1ccc([C@H]2CC[C@@H](C(N)=O)N2)cc1,5.4,1,nM,CHEMBL4634823,-5.4,3.5999999999999996,CHEMBL240,hERG,False,False,False
N#Cc1ccccc1[C@H]1CC[C@@H](N2CC(NC(=O)CNc3ncnc4ccc(C(F)(F)F)cc34)C2)CC1,5.68,1,nM,CHEMBL2315936,-5.68,3.3200000000000003,CHEMBL240,hERG,False,False,False
N#Cc1ccnc(C2=NC(c3ccc(F)cc3)(c3ccc(F)cc3)CN2)c1,7.0,1,nM,CHEMBL522456,-7.0,2.0,CHEMBL240,hERG,True,True,True
N#Cc1ccnc(C2=NC(c3ccc(F)cc3)(c3ccc(F)cc3)[C@H](CO)N2)c1,5.21,1,nM,CHEMBL523305,-5.21,3.79,CHEMBL240,hERG,True,True,True
N#Cc1cnc(Nc2cc(NC[C@@H]3CNCCO3)c(-c3cccc(F)c3)cn2)cn1,5.09,1,nM,CHEMBL4745794,-5.09,3.91,CHEMBL240,hERG,False,False,False
N#Cc1cnc(Nc2cc(NC[C@@H]3CNCCO3)c(C#CC3(O)CCCC3)cn2)cn1,4.8,1,nM,CHEMBL4784718,-4.8,4.2,CHEMBL240,hERG,False,False,False
N#Cc1cnc(Nc2cc(NC[C@@H]3CNCCO3)c(C3CC3)cn2)cn1,5.18,1,nM,CHEMBL4792322,-5.18,3.8200000000000003,CHEMBL240,hERG,False,False,False
N#Cc1cnc(Nc2cc(NC[C@H]3CNCCO3)c(-c3cccc(F)c3)cn2)cn1,5.06,1,nM,CHEMBL4741023,-5.06,3.9400000000000004,CHEMBL240,hERG,False,False,False
N#Cc1cnc(Nc2cc(NC[C@H]3CNCCO3)c(C(F)(F)F)cn2)cn1,5.21,1,nM,CHEMBL4169078,-5.21,3.79,CHEMBL240,hERG,False,False,False
N#Cc1cnc(Nc2cc(NC[C@H]3CNCCO3)c(Cl)cn2)cn1,5.21,1,nM,CHEMBL4754960,-5.21,3.79,CHEMBL240,hERG,False,False,False
N#Cc1cncc(-c2cc3sc(N4CCC(N5CCCCC5)CC4)nc3cn2)c1,5.18,1,nM,CHEMBL572737,-5.18,3.8200000000000003,CHEMBL240,hERG,True,True,True
N#Cc1cncc(-c2cccc(C3(c4ccnc(C(F)(F)F)c4)N=C(N)c4c(F)cccc43)c2)c1,5.77,1,nM,CHEMBL2177907,-5.77,3.2300000000000004,CHEMBL240,hERG,False,False,False
N#Cc1cncc(-c2cnc3nc(N4CCC(N5CCCCC5)CC4)sc3c2)c1,5.91,1,nM,CHEMBL578862,-5.91,3.09,CHEMBL240,hERG,True,True,True
N#Cc1cncc(NC(=O)COc2ccc(C(=O)c3cc(Cl)ccc3Br)cc2)c1,6.645,2,nM,CHEMBL4782998,-6.645,2.3550000000000004,CHEMBL240,hERG,False,False,False
N#Cc1cnccc1COc1cnc(N2CC3CCC(C2)N3C(=O)OCC(F)(F)F)nc1,4.89,1,nM,CHEMBL2382415,-4.89,4.11,CHEMBL240,hERG,False,False,False
N#Cc1cnccc1COc1cnc(N2CCN(C(=O)OCC(F)(F)F)CC2)nc1,5.0,1,nM,CHEMBL2382414,-5.0,4.0,CHEMBL240,hERG,False,False,False
N#Cc1cnccc1COc1cnc(N2CCN(c3nc(C(F)(F)F)no3)CC2)nc1,5.2,1,nM,CHEMBL4225726,-5.2,3.8,CHEMBL240,hERG,False,False,False
N#Cc1cnccc1COc1cnc(N2CCN(c3nnc(C(F)(F)F)o3)CC2)nc1,4.7,1,nM,CHEMBL4229220,-4.7,4.3,CHEMBL240,hERG,False,False,False
N#Cc1cnccc1COc1cnc(N2CCN(c3noc(C(F)(F)F)n3)CC2)nc1,5.2,1,nM,CHEMBL4224878,-5.2,3.8,CHEMBL240,hERG,False,False,False
N#Cc1nc(CCCN2CCCCC2)cc(-c2cccc(C(F)(F)F)c2)n1,6.8,1,nM,CHEMBL1084400,-6.8,2.2,CHEMBL240,hERG,True,True,True
N/C(CC(O)c1cc2c(F)cc(F)cc2c2cc(C(F)(F)F)ccc12)=N\N=C\c1ccc(F)cc1,7.17,1,nM,CHEMBL4081080,-7.17,1.83,CHEMBL240,hERG,False,False,False
N/C1=N\C(=O)[C@@H]2CCCN2c2ccc(cc2)OCCCCCCNCC(=O)Nc2c(Cl)cc(cc2Cl)CN1,4.5,1,nM,CHEMBL3628128,-4.5,4.5,CHEMBL240,hERG,False,False,False
N=C(N)N/N=C/c1ccc(-c2ccc(/C=N/Nc3ccc(F)cc3)cc2)cc1,5.48,1,nM,CHEMBL3904792,-5.48,3.5199999999999996,CHEMBL240,hERG,False,False,False
N=C(N)N/N=C/c1ccc(-c2ccc(/C=N/Nc3ccc(F)cc3F)cc2)cc1,5.65,1,nM,CHEMBL3923854,-5.65,3.3499999999999996,CHEMBL240,hERG,False,False,False
N=C(N)N/N=C/c1ccc(-c2ccc(/C=N/Nc3ccccc3Br)cc2)cc1,6.36,1,nM,CHEMBL3941777,-6.36,2.6399999999999997,CHEMBL240,hERG,False,False,False
N=C(N)N/N=C/c1ccc(-c2ccc(/C=N/Nc3ccccc3Cl)cc2)cc1,5.94,1,nM,CHEMBL3913789,-5.94,3.0599999999999996,CHEMBL240,hERG,False,False,False
N=C(N)N/N=C/c1ccc(-c2cccc(/C=N/NC(=N)N)c2)cc1,5.33,1,nM,CHEMBL3990823,-5.33,3.67,CHEMBL240,hERG,False,False,False
N=C(N)NC(=O)c1nc(-c2cc3ccccc3o2)c(N)nc1N,5.16,1,nM,CHEMBL4473654,-5.16,3.84,CHEMBL240,hERG,True,True,True
N=C(N)NC(=O)c1nc(Cl)c(N2CCCCCC2)nc1N,5.48,1,nM,CHEMBL501701,-5.48,3.5199999999999996,CHEMBL240,hERG,True,True,True
N=C(N)NC[C@H](Oc1noc2ccc(-c3ccccc3Cl)cc12)c1ccccc1,5.02,1,nM,CHEMBL4592805,-5.02,3.9800000000000004,CHEMBL240,hERG,False,False,False
N=C(N)c1ccc(OCCCCCOc2ccc(C(=N)N)cc2)cc1,4.765000000000001,4,nM,CHEMBL55,-4.765000000000001,4.234999999999999,CHEMBL240,hERG,False,False,False
N=C(NCCCOc1ccc(F)cc1)Nc1ccc(Cl)cc1,6.52,2,nM,CHEMBL4084182,-6.52,2.4800000000000004,CHEMBL240,hERG,True,True,True
N=C(NCCCOc1ccc(F)cc1)Nc1ccc(I)cc1,6.96,1,nM,CHEMBL4098778,-6.96,2.04,CHEMBL240,hERG,True,True,True
N=C(Nc1ccc(I)cc1)NC12CC3CC(CC(C3)C1)C2,5.945,2,nM,CHEMBL299499,-5.945,3.0549999999999997,CHEMBL240,hERG,False,False,False
N=C(Nc1ccc2c(c1)CCN2C1CCNCC1)c1cccs1,4.89,1,nM,CHEMBL2203713,-4.89,4.11,CHEMBL240,hERG,False,False,False
NC(=O)C(F)(F)CCOc1ccc2ncc(F)c(CCC34CCC(NCc5ccc6c(n5)NC(=O)CO6)(CC3)CO4)c2n1,5.04,1,nM,CHEMBL3605010,-5.04,3.96,CHEMBL240,hERG,False,False,False
NC(=O)C1CCN(Cc2ccc(Oc3nc4ccccc4s3)cc2)CC1,5.82,1,nM,CHEMBL517533,-5.82,3.1799999999999997,CHEMBL240,hERG,False,False,False
NC(=O)C1CCN(Cc2ccc(Oc3nc4ncccc4s3)cc2)CC1,5.05,1,nM,CHEMBL2207752,-5.05,3.95,CHEMBL240,hERG,False,False,False
NC(=O)Cc1ccc([C@H]2CC[C@@H](N3CC(NC(=O)CNc4n[nH]c5ccc(C(F)(F)F)cc45)C3)CC2)cc1,5.02,1,nM,CHEMBL1834633,-5.02,3.9800000000000004,CHEMBL240,hERG,False,False,False
NC(=O)N1CCN(Cc2ccc3c(c2)Cc2c(-c4csc(C#CCOc5ccccc5)c4)n[nH]c2-3)CC1,5.27,1,nM,CHEMBL225261,-5.27,3.7300000000000004,CHEMBL240,hERG,False,False,False
NC(=O)Nc1cc(-c2cccc(F)c2)sc1C(=O)N[C@H]1CCCNC1,4.82,2,nM,CHEMBL2041933,-4.82,4.18,CHEMBL240,hERG,False,False,False
NC(=O)Nc1ccc(F)cc1OC[C@@H](O)CN1CCC2(CC1)Cc1cc(Cl)ccc1O2,6.4,1,nM,CHEMBL3099950,-6.4,2.5999999999999996,CHEMBL240,hERG,False,False,False
NC(=O)Nc1ccccc1OC[C@@H](O)CN1CCC2(CC1)Cc1cc(Cl)ccc1O2,6.4,1,nM,CHEMBL3099949,-6.4,2.5999999999999996,CHEMBL240,hERG,False,False,False
NC(=O)[C@@H]1CCC[C@H](c2ccc(OCc3cccc(F)c3)cc2)N1,4.5,1,nM,CHEMBL4637074,-4.5,4.5,CHEMBL240,hERG,False,False,False
NC(=O)[C@@H]1CC[C@@H](c2ccc(OCc3ccccc3F)cc2)N1,5.3,1,nM,CHEMBL4634427,-5.3,3.7,CHEMBL240,hERG,False,False,False
NC(=O)[C@@H]1CC[C@H](c2ccc(OCc3ccc(F)cc3)cc2)N1,5.1,1,nM,CHEMBL4642930,-5.1,3.9000000000000004,CHEMBL240,hERG,False,False,False
NC(=O)[C@@H]1CC[C@H](c2ccc(OCc3cccc(F)c3)cc2)N1,5.5,1,nM,CHEMBL4644347,-5.5,3.5,CHEMBL240,hERG,False,False,False
NC(=O)[C@@H]1CC[C@H](c2ccc(OCc3ccccc3)cc2)N1,5.1,1,nM,CHEMBL4644773,-5.1,3.9000000000000004,CHEMBL240,hERG,False,False,False
NC(=O)[C@@H]1CC[C@H](c2ccc(OCc3ccccc3F)cc2)N1,4.9,1,nM,CHEMBL3544912,-4.9,4.1,CHEMBL240,hERG,False,False,False
NC(=O)[C@@H]1CC[C@H](c2ccc(OCc3ccccc3F)cc2F)N1,4.9,1,nM,CHEMBL4634636,-4.9,4.1,CHEMBL240,hERG,False,False,False
NC(=O)[C@@H]1CC[C@H](c2ccc(OCc3ccccc3F)cn2)N1,4.8,1,nM,CHEMBL4648908,-4.8,4.2,CHEMBL240,hERG,False,False,False
NC(=O)[C@@H]1CC[C@H](c2ccc(Oc3ccc(F)cc3)cc2)N1,5.3,1,nM,CHEMBL4635537,-5.3,3.7,CHEMBL240,hERG,False,False,False
NC(=O)[C@@H]1CC[C@H](c2ccc(Oc3cccc(F)c3)cc2)N1,5.1,1,nM,CHEMBL4648552,-5.1,3.9000000000000004,CHEMBL240,hERG,False,False,False
NC(=O)[C@@H]1CC[C@H](c2ccc(Oc3ccccc3)cc2)N1,4.9,1,nM,CHEMBL4635448,-4.9,4.1,CHEMBL240,hERG,False,False,False
NC(=O)[C@@H]1CC[C@H](c2cccc(OCc3ccccc3)c2)N1,4.6,1,nM,CHEMBL4632663,-4.6,4.4,CHEMBL240,hERG,False,False,False
NC(=O)[C@@H]1CC[C@H](c2cccc(Oc3ccccc3)c2)N1,4.2,1,nM,CHEMBL4646990,-4.2,4.8,CHEMBL240,hERG,False,False,False
NC(=O)[C@@H]1CSC[C@H](c2ccc(OCc3cccc(F)c3)cc2)N1,4.6,1,nM,CHEMBL4649796,-4.6,4.4,CHEMBL240,hERG,False,False,False
NC(=O)[C@H]1CCC[C@@H](c2ccc(OCc3cccc(F)c3)cc2)N1,5.5,1,nM,CHEMBL4647249,-5.5,3.5,CHEMBL240,hERG,False,False,False
NC(=O)[C@H]1CC[C@@H](c2ccc(OCc3ccccc3F)cc2)N1,5.0,1,nM,CHEMBL4647983,-5.0,4.0,CHEMBL240,hERG,False,False,False
NC(=O)[C@H]1CC[C@H](c2ccc(OCc3ccccc3F)cc2)N1,5.2,1,nM,CHEMBL4644276,-5.2,3.8,CHEMBL240,hERG,False,False,False
NC(=O)c1c(N)ncnc1N1CCC(c2nc(-c3ccc(F)c(C(F)(F)F)c3)cn2CCN2CCC2)CC1,4.76,1,nM,CHEMBL3949501,-4.76,4.24,CHEMBL240,hERG,False,False,False
NC(=O)c1c(NC(=O)Nc2ccc(Cl)cc2)sc2c1CCN(CCCNC(=O)CCc1c[nH]c3ccccc13)C2,4.7,1,nM,CHEMBL4101684,-4.7,4.3,CHEMBL240,hERG,False,False,False
NC(=O)c1c(NC(=O)Nc2ccc(Cl)cc2)sc2c1CC[N+]1(CCCC1)C2,5.46,1,nM,CHEMBL4085169,-5.46,3.54,CHEMBL240,hERG,False,False,False
NC(=O)c1c(NC(=O)Nc2ccc(Cl)cc2)sc2c1CC[N+]1(CCOCC1)C2,4.91,1,nM,CHEMBL4101606,-4.91,4.09,CHEMBL240,hERG,False,False,False
NC(=O)c1cc(-c2ccccc2F)sc1Nc1cccc(CN2CCOCC2)n1,6.79,1,nM,CHEMBL3234874,-6.79,2.21,CHEMBL240,hERG,False,False,False
NC(=O)c1cc(Cl)c2c(Cl)c(C#CC3CC3)n(C3CCCNC3)c2n1,6.0,1,nM,CHEMBL4100435,-6.0,3.0,CHEMBL240,hERG,False,False,False
NC(=O)c1cc(Cl)c2c(Cl)c(C#CC3CCCO3)n([C@H]3CCCNC3)c2n1,8.15,2,nM,CHEMBL4518492,-8.15,0.8499999999999996,CHEMBL240,hERG,True,True,True
NC(=O)c1cc(Cl)c2c(Cl)c(C#CC3CCOCC3)n([C@H]3CCCNC3)c2n1,8.77,1,nM,CHEMBL4528544,-8.77,0.23000000000000043,CHEMBL240,hERG,False,False,False
NC(=O)c1cc(Cl)c2c(Cl)c(C#CC3CNCCO3)n([C@H]3CCCNC3)c2n1,8.22,1,nM,CHEMBL4583118,-8.22,0.7799999999999994,CHEMBL240,hERG,True,True,True
NC(=O)c1cc(Cl)c2c(Cl)c(C#CC3COCCO3)n([C@H]3CCCNC3)c2n1,8.85,1,nM,CHEMBL4466764,-8.85,0.15000000000000036,CHEMBL240,hERG,False,False,False
NC(=O)c1cc(Cl)c2c(Cl)c(C3CC3)n(C3CCCNC3)c2n1,5.54,1,nM,CHEMBL4082422,-5.54,3.46,CHEMBL240,hERG,False,False,False
NC(=O)c1cc(Cl)c2c(Cl)c(C3CC3)n([C@@H]3CCCNC3)c2n1,5.82,1,nM,CHEMBL4086461,-5.82,3.1799999999999997,CHEMBL240,hERG,False,False,False
NC(=O)c1cc(Cl)c2c(Cl)c(C3CC3)n([C@H]3CCCNC3)c2n1,5.54,1,nM,CHEMBL4104355,-5.54,3.46,CHEMBL240,hERG,False,False,False
NC(=O)c1cc(Cl)c2cc(-c3cc4c(s3)CCNC4)cnn12,5.88,1,nM,CHEMBL4758651,-5.88,3.12,CHEMBL240,hERG,False,False,False
NC(=O)c1cc(Cl)c2cc(-c3cc4c(s3)CNCC4)cnn12,4.95,1,nM,CHEMBL4744702,-4.95,4.05,CHEMBL240,hERG,False,False,False
NC(=O)c1cc(F)cc(O[C@H]2C[C@H]3CC[C@@H](C2)N3Cc2ccccc2)c1,6.17,1,nM,CHEMBL1224139,-6.17,2.83,CHEMBL240,hERG,False,False,False
NC(=O)c1cc(O[C@H]2C[C@H]3CC[C@@H](C2)N3Cc2ccccc2)ccn1,5.8,1,nM,CHEMBL1224067,-5.8,3.2,CHEMBL240,hERG,False,False,False
NC(=O)c1ccc(-c2cc(C(=O)O)cc(-n3cc(-c4ccc(C(F)(F)F)cc4)nn3)c2)cc1,6.78,1,nM,CHEMBL4211068,-6.78,2.2199999999999998,CHEMBL240,hERG,False,False,False
NC(=O)c1ccc(-c2ccc3[nH]nc(-c4cncc(O[C@H]5CNCCC56CC6)n4)c3c2)c(F)c1,5.96,1,nM,CHEMBL3393718,-5.96,3.04,CHEMBL240,hERG,False,False,False
NC(=O)c1ccc(C2=CC3(CCNCC3)Oc3ccccc32)cc1,4.94,1,nM,CHEMBL550063,-4.94,4.06,CHEMBL240,hERG,True,True,True
NC(=O)c1ccc(N[C@@H]2CCCC[C@@H]2N)nc1Nc1cccc(-n2nccn2)c1,5.07,1,nM,CHEMBL3416021,-5.07,3.9299999999999997,CHEMBL240,hERG,False,False,False
NC(=O)c1ccc(N[C@H]2CCCNC2)c2cc(-c3ccc(Cl)cc3)[nH]c12,5.39,1,nM,CHEMBL4105353,-5.39,3.6100000000000003,CHEMBL240,hERG,False,False,False
NC(=O)c1ccc(N[C@H]2CCCNC2)c2cc(-c3ccc(F)cc3)[nH]c12,5.17,1,nM,CHEMBL4088986,-5.17,3.83,CHEMBL240,hERG,False,False,False
NC(=O)c1ccc(N[C@H]2CCCNC2)c2cc(-c3cccc(F)c3)[nH]c12,5.11,1,nM,CHEMBL4067770,-5.11,3.8899999999999997,CHEMBL240,hERG,False,False,False
NC(=O)c1ccc(N[C@H]2CCCNC2)c2cc(-c3ccccc3)[nH]c12,4.94,1,nM,CHEMBL4096683,-4.94,4.06,CHEMBL240,hERG,False,False,False
NC(=O)c1ccc(O[C@H]2C[C@H]3CC[C@@H](C2)N3Cc2ccccc2)c(F)c1,5.85,1,nM,CHEMBL1224216,-5.85,3.1500000000000004,CHEMBL240,hERG,False,False,False
NC(=O)c1ccc(O[C@H]2C[C@H]3CC[C@@H](C2)N3Cc2ccccc2)cc1,6.17,1,nM,CHEMBL1224214,-6.17,2.83,CHEMBL240,hERG,False,False,False
NC(=O)c1ccc(O[C@H]2C[C@H]3CC[C@@H](C2)N3Cc2ccccc2)nc1,5.89,1,nM,CHEMBL1224217,-5.89,3.1100000000000003,CHEMBL240,hERG,False,False,False
NC(=O)c1cccc(C[C@@H]2C[C@H]3CC[C@@H](C2)N3Cc2ccccc2)c1,6.6,1,nM,CHEMBL1223953,-6.6,2.4000000000000004,CHEMBL240,hERG,False,False,False
NC(=O)c1cccc(C[C@H]2C[C@H]3CC[C@@H](C2)N3Cc2ccccc2)c1,5.82,1,nM,CHEMBL1223952,-5.82,3.1799999999999997,CHEMBL240,hERG,False,False,False
NC(=O)c1cccc(N[C@H]2C[C@H]3CC[C@@H](C2)N3Cc2ccccc2)c1,5.96,1,nM,CHEMBL1224065,-5.96,3.04,CHEMBL240,hERG,False,False,False
NC(=O)c1cccc(O[C@@H]2C[C@H]3CC[C@@H](C2)N3C2(c3ccccc3)CC2)c1,8.32,1,nM,CHEMBL1258961,-8.32,0.6799999999999997,CHEMBL240,hERG,False,False,False
NC(=O)c1cccc(O[C@@H]2C[C@H]3CC[C@@H](C2)N3C2CCCCC2)c1,7.82,1,nM,CHEMBL1258845,-7.82,1.1799999999999997,CHEMBL240,hERG,False,False,False
NC(=O)c1cccc(O[C@@H]2C[C@H]3CC[C@@H](C2)N3C2CCCc3ccccc32)c1,9.02,1,nM,CHEMBL1258725,-9.02,-0.019999999999999574,CHEMBL240,hERG,False,False,False
NC(=O)c1cccc(O[C@@H]2C[C@H]3CC[C@@H](C2)N3CC(=O)Nc2ccccc2)c1,9.14,1,nM,CHEMBL1258503,-9.14,-0.14000000000000057,CHEMBL240,hERG,False,False,False
NC(=O)c1cccc(O[C@@H]2C[C@H]3CC[C@@H](C2)N3CC2CC2)c1,8.14,1,nM,CHEMBL1258166,-8.14,0.8599999999999994,CHEMBL240,hERG,False,False,False
NC(=O)c1cccc(O[C@@H]2C[C@H]3CC[C@@H](C2)N3CC2CCCCC2)c1,8.7,1,nM,CHEMBL1258279,-8.7,0.3000000000000007,CHEMBL240,hERG,False,False,False
NC(=O)c1cccc(O[C@@H]2C[C@H]3CC[C@@H](C2)N3CCCc2ccccc2)c1,9.6,1,nM,CHEMBL1257820,-9.6,-0.5999999999999996,CHEMBL240,hERG,False,False,False
NC(=O)c1cccc(O[C@@H]2C[C@H]3CC[C@@H](C2)N3CCc2ccccc2)c1,9.42,1,nM,CHEMBL1257698,-9.42,-0.41999999999999993,CHEMBL240,hERG,False,False,False
NC(=O)c1cccc(O[C@@H]2C[C@H]3CC[C@@H](C2)N3Cc2ccc3c(c2)OCO3)c1,9.21,1,nM,CHEMBL1258280,-9.21,-0.21000000000000085,CHEMBL240,hERG,False,False,False
NC(=O)c1cccc(O[C@@H]2C[C@H]3CC[C@@H](C2)N3Cc2ccccc2)c1,7.365,2,nM,CHEMBL1223951,-7.365,1.6349999999999998,CHEMBL240,hERG,False,False,False
NC(=O)c1cccc(O[C@@H]2C[C@H]3CC[C@@H](C2)N3Cc2ccccn2)c1,8.72,1,nM,CHEMBL1258164,-8.72,0.27999999999999936,CHEMBL240,hERG,False,False,False
NC(=O)c1cccc(O[C@@H]2C[C@H]3CC[C@@H](C2)N3Cc2cccnc2)c1,8.46,1,nM,CHEMBL1258048,-8.46,0.5399999999999991,CHEMBL240,hERG,False,False,False
NC(=O)c1cccc(O[C@@H]2C[C@H]3CC[C@@H](C2)N3Cc2cccs2)c1,9.37,1,nM,CHEMBL1257577,-9.37,-0.3699999999999992,CHEMBL240,hERG,False,False,False
NC(=O)c1cccc(O[C@@H]2C[C@H]3CC[C@@H](C2)N3Cc2ccncc2)c1,8.82,1,nM,CHEMBL1258047,-8.82,0.17999999999999972,CHEMBL240,hERG,False,False,False
NC(=O)c1cccc(O[C@H]2C[C@H]3CC[C@@H](C2)N3CC2CCCCC2)c1,5.7,1,nM,CHEMBL1223816,-5.7,3.3,CHEMBL240,hERG,False,False,False
NC(=O)c1cccc(O[C@H]2C[C@H]3CC[C@@H](C2)N3Cc2ccccc2)c1,6.21,1,nM,CHEMBL1223873,-6.21,2.79,CHEMBL240,hERG,False,False,False
NC(=O)c1cccc(O[C@H]2C[C@H]3CC[C@@H](C2)N3Cc2ccccc2)n1,6.0,1,nM,CHEMBL1224069,-6.0,3.0,CHEMBL240,hERG,False,False,False
NC(=O)c1cccc(S[C@H]2C[C@H]3CC[C@@H](C2)N3Cc2ccccc2)c1,5.96,1,nM,CHEMBL1223954,-5.96,3.04,CHEMBL240,hERG,False,False,False
NC(=O)c1cccc([S+]([O-])[C@H]2C[C@H]3CC[C@@H](C2)N3Cc2ccccc2)c1,4.7,1,nM,CHEMBL1223955,-4.7,4.3,CHEMBL240,hERG,False,False,False
NC(=O)c1cccc2cc(C(=O)N3CCN(c4nc(-c5cnc(NC(=O)CN6CCOCC6)cc5C(F)(F)F)nc(N5CCOCC5)n4)CC3)oc12,4.53,1,nM,CHEMBL4761383,-4.53,4.47,CHEMBL240,hERG,False,False,False
NC(=O)c1ccccc1OCCCN1CCN(c2cccc3c2ccn3S(=O)(=O)c2ccccc2)CC1,5.21,1,nM,CHEMBL3409256,-5.21,3.79,CHEMBL240,hERG,True,True,True
NC(=O)c1ccccc1O[C@H]1C[C@H]2CC[C@@H](C1)N2Cc1ccccc1,6.47,1,nM,CHEMBL1224213,-6.47,2.5300000000000002,CHEMBL240,hERG,False,False,False
NC(=O)c1ccn(-c2ccc(NCC3(c4ncccc4F)CCC3)nn2)c1,4.01,1,nM,CHEMBL4858551,-4.01,4.99,CHEMBL240,hERG,False,False,False
NC(=O)c1ccn(-c2cccc(OC(=O)NCCCN3CCN(c4ccccc4)CC3)c2)c1,5.455,2,nM,CHEMBL4554053,-5.455,3.545,CHEMBL240,hERG,True,True,True
NC(=O)c1ccn(-c2cccc(OC(=O)NCCN3CCN(c4ccccc4)CC3)c2)c1,5.28,2,nM,CHEMBL4473519,-5.28,3.7199999999999998,CHEMBL240,hERG,True,True,True
NC(=O)c1ccnc(O[C@H]2C[C@H]3CC[C@@H](C2)N3Cc2ccccc2)c1,6.0,1,nM,CHEMBL1224066,-6.0,3.0,CHEMBL240,hERG,False,False,False
NC(=O)c1cnc(-c2cnc3c(Nc4ccc(C(F)(F)F)cn4)ccnc3n2)c(C(F)(F)F)c1,5.23,1,nM,CHEMBL1214402,-5.23,3.7699999999999996,CHEMBL240,hERG,False,False,False
NC(=O)c1cnc(N(CCc2ccccc2)[C@H]2CCCNC2)c2cc(-c3ccccc3)sc12,5.68,1,nM,CHEMBL4098331,-5.68,3.3200000000000003,CHEMBL240,hERG,False,False,False
NC(=O)c1cnc(N2CCC[C@H](N)C2)nc1Nc1cccc(C(F)(F)F)c1,6.1,1,nM,CHEMBL1835063,-6.1,2.9000000000000004,CHEMBL240,hERG,False,False,False
NC(=O)c1cnc(NC(C2CC2)C2CC2)c2c1[nH]c1cc(-c3cn[nH]c3)ccc12,6.0,1,nM,CHEMBL1835146,-6.0,3.0,CHEMBL240,hERG,False,False,False
NC(=O)c1cnc(NC(C2CC2)C2CC2)c2c1[nH]c1cc(-c3cnc(N)cn3)ccc12,6.14,1,nM,CHEMBL1835148,-6.14,2.8600000000000003,CHEMBL240,hERG,False,False,False
NC(=O)c1cnc(NC(C2CC2)C2CC2)c2c1[nH]c1cc(-c3cnc(N)nc3)ccc12,5.09,1,nM,CHEMBL1833986,-5.09,3.91,CHEMBL240,hERG,False,False,False
NC(=O)c1cnc(N[C@@H]2CCCC[C@@H]2N)nc1Nc1cccc(-n2nccn2)c1,5.055,4,nM,CHEMBL2177736,-5.055,3.9450000000000003,CHEMBL240,hERG,False,False,False
NC(=O)c1cnc(N[C@H](C2CC2)C(F)(F)F)c2c1[nH]c1cc(-c3ccc(N)nc3)ccc12,6.12,1,nM,CHEMBL1835150,-6.12,2.88,CHEMBL240,hERG,False,False,False
NC(=O)c1cnc(N[C@H](C2CC2)C(F)(F)F)c2c1[nH]c1cc(-c3cn[nH]c3)ccc12,5.52,1,nM,CHEMBL1835149,-5.52,3.4800000000000004,CHEMBL240,hERG,False,False,False
NC(=O)c1cnc(N[C@H](C2CC2)C(F)(F)F)c2c1[nH]c1cc(-c3cnc(N)nc3)ccc12,4.66,1,nM,CHEMBL1835153,-4.66,4.34,CHEMBL240,hERG,False,False,False
NC(=O)c1cnc(N[C@H]2CCCNC2)c2cc(-c3cccc(F)c3)sc12,4.85,1,nM,CHEMBL4098878,-4.85,4.15,CHEMBL240,hERG,False,False,False
NC(=O)c1cnc(N[C@H]2CCCNC2)c2cc(-c3ccccc3)sc12,4.71,1,nM,CHEMBL1287920,-4.71,4.29,CHEMBL240,hERG,False,False,False
NC(=O)c1cnc(N[C@H]2CCCNC2)c2cc(-c3ccsc3)sc12,4.55,1,nM,CHEMBL4079910,-4.55,4.45,CHEMBL240,hERG,False,False,False
NC(=O)c1cnc(O[C@H]2CCCNC2)c2cc(-c3ccccc3)sc12,5.42,1,nM,CHEMBL4089699,-5.42,3.58,CHEMBL240,hERG,False,False,False
NC(=O)c1cnc(SC2CCCNC2)c2cc(-c3ccccc3)sc12,5.31,1,nM,CHEMBL4068572,-5.31,3.6900000000000004,CHEMBL240,hERG,False,False,False
NC(=O)c1cnc2c(Cl)cc(-c3cccnc3)cc2c1NC1CCOCC1,5.96,1,nM,CHEMBL4536989,-5.96,3.04,CHEMBL240,hERG,False,False,False
NC(=O)c1cnc2c(F)cc(-c3cccnc3)cc2c1NC1CCOCC1,5.0,1,nM,CHEMBL4584911,-5.0,4.0,CHEMBL240,hERG,False,False,False
NC(=O)c1cnc2cc(Cl)c(-c3cccnc3)cc2c1NC1CCOCC1,5.92,1,nM,CHEMBL4543236,-5.92,3.08,CHEMBL240,hERG,False,False,False
NC(=O)c1cnc2cc(F)c(-c3cccnc3)cc2c1NC1CCOCC1,5.7,1,nM,CHEMBL4540906,-5.7,3.3,CHEMBL240,hERG,False,False,False
NC(=O)c1cnc2ccc(-c3cccnc3)c(F)c2c1NC1CCOCC1,4.89,1,nM,CHEMBL4532124,-4.89,4.11,CHEMBL240,hERG,False,False,False
NC(=O)c1cnc2ccc(-c3cccnc3)cc2c1NC1CCCC1,6.24,1,nM,CHEMBL4578468,-6.24,2.76,CHEMBL240,hERG,False,False,False
NC(=O)c1cnc2ccc(-c3cccnc3)cc2c1NC1CCOCC1,5.68,2,nM,CHEMBL4174323,-5.68,3.3200000000000003,CHEMBL240,hERG,False,False,False
NC(=O)c1cnc2ccc(-c3cccnc3)cc2c1NCC1CCCCC1,6.08,1,nM,CHEMBL4550293,-6.08,2.92,CHEMBL240,hERG,False,False,False
NC(=O)c1cnc2ccc(-c3cccnc3)cc2c1NCC1CCOCC1,5.64,1,nM,CHEMBL4531643,-5.64,3.3600000000000003,CHEMBL240,hERG,False,False,False
NC(=O)c1cnc2ccc(-c3cccnc3)cc2c1SC1CCCC1,5.29,1,nM,CHEMBL4581380,-5.29,3.71,CHEMBL240,hERG,False,False,False
NC(=O)c1cncc(O[C@H]2C[C@H]3CC[C@@H](C2)N3Cc2ccccc2)c1,5.82,1,nM,CHEMBL1224068,-5.82,3.1799999999999997,CHEMBL240,hERG,False,False,False
NC(=O)c1cncc(O[C@H]2C[C@H]3CC[C@@H](C2)N3Cc2ccccc2)n1,4.82,1,nM,CHEMBL1224138,-4.82,4.18,CHEMBL240,hERG,False,False,False
NC(=O)c1ncc(N[C@@H]2CCCC[C@@H]2N)cc1Nc1cccc(C(F)(F)F)n1,6.22,1,nM,CHEMBL3415592,-6.22,2.7800000000000002,CHEMBL240,hERG,False,False,False
NC(=O)c1ncc(N[C@@H]2CCCC[C@@H]2N)nc1Nc1cccc(-n2nccn2)c1,5.0,1,nM,CHEMBL3416023,-5.0,4.0,CHEMBL240,hERG,False,False,False
NC(=O)c1ncc(N[C@@H]2CCCC[C@@H]2N)nc1Nc1cccc2cc[nH]c12,5.09,1,nM,CHEMBL3416024,-5.09,3.91,CHEMBL240,hERG,False,False,False
NC(=O)c1nnc(N[C@@H]2CCCC[C@@H]2N)cc1Nc1ccc2c(n1)CCC2,5.1,1,nM,CHEMBL3237564,-5.1,3.9000000000000004,CHEMBL240,hERG,False,False,False
NC(=O)c1nnc(N[C@@H]2CCCC[C@@H]2N)cc1Nc1cccc(C2CC2)n1,5.4,1,nM,CHEMBL3237558,-5.4,3.5999999999999996,CHEMBL240,hERG,False,False,False
NC(=O)c1nnc(N[C@@H]2CCCC[C@@H]2N)nc1Nc1cccc(-n2nccn2)c1,5.43,1,nM,CHEMBL3416025,-5.43,3.5700000000000003,CHEMBL240,hERG,False,False,False
NC(=O)c1nnc(N[C@@H]2CCCC[C@@H]2N)nc1Nc1cccc2[nH]ccc12,5.43,1,nM,CHEMBL3416027,-5.43,3.5700000000000003,CHEMBL240,hERG,False,False,False
NC(=O)c1nnc(N[C@@H]2CCCC[C@@H]2N)nc1Nc1cccc2cc[nH]c12,4.59,3,nM,CHEMBL3416026,-4.59,4.41,CHEMBL240,hERG,False,False,False
NC(=O)n1nc(NCC(=O)NC2CN([C@H]3CC[C@@H](c4ccc5c(c4)OCO5)CC3)C2)c2cc(C(F)(F)F)ccc21,4.92,1,nM,CHEMBL1834718,-4.92,4.08,CHEMBL240,hERG,False,False,False
NC(=O)n1nc(NCC(=O)NC2CN([C@H]3CC[C@@H](c4nccs4)CC3)C2)c2cc(C(F)(F)F)ccc21,4.51,1,nM,CHEMBL1834795,-4.51,4.49,CHEMBL240,hERG,False,False,False
NC(CC(=O)N1CCC[C@H]1C(=O)NCc1ccc(C(=O)O)cc1)Cc1ccc(F)c(F)c1,4.1,1,nM,CHEMBL182223,-4.1,4.9,CHEMBL240,hERG,False,False,False
NC(CC(=O)N1CCC[C@H]1C(=O)NCc1ccc(C(F)(F)F)cc1)Cc1ccccc1F,6.06,1,nM,CHEMBL435882,-6.06,2.9400000000000004,CHEMBL240,hERG,False,False,False
NC(CF)(CF)c1nc(-c2ccc(OC(F)(F)F)cc2)c[nH]1,4.82,1,nM,CHEMBL4080659,-4.82,4.18,CHEMBL240,hERG,False,False,False
NC1(C(=O)NC(CCCN2CCOCC2)c2ccc(Cl)cc2)CCN(c2ncnc3[nH]ccc23)CC1,4.13,1,nM,CHEMBL2325995,-4.13,4.87,CHEMBL240,hERG,False,False,False
NC1(C(=O)NC(CCCO)c2ccc(Cl)cc2)CCN(c2ncnc3[nH]ccc23)CC1,4.24,1,nM,CHEMBL2325739,-4.24,4.76,CHEMBL240,hERG,False,False,False
NC1(C(=O)NC(Cc2ccccc2)c2ccc(Cl)cc2)CCN(c2ncnc3[nH]ccc23)CC1,5.46,1,nM,CHEMBL2325985,-5.46,3.54,CHEMBL240,hERG,False,False,False
NC1(C(=O)NC(c2ccc(Cl)cc2)C2CC2)CCN(c2ncnc3[nH]ccc23)CC1,5.58,1,nM,CHEMBL2325983,-5.58,3.42,CHEMBL240,hERG,False,False,False
NC1(C(=O)NC(c2ccccc2)c2ccc(Cl)cc2)CCN(c2ncnc3[nH]ccc23)CC1,5.8,1,nM,CHEMBL2325984,-5.8,3.2,CHEMBL240,hERG,False,False,False
NC1(C(=O)NCc2ccc(Cl)cc2)CCN(c2ncnc3[nH]ccc23)CC1,5.28,1,nM,CHEMBL598194,-5.28,3.7199999999999998,CHEMBL240,hERG,False,False,False
NC1(C(=O)N[C@@H](CCN2CCCC2)c2ccc(Cl)cc2)CCN(c2ncnc3[nH]ccc23)CC1,4.68,1,nM,CHEMBL2325728,-4.68,4.32,CHEMBL240,hERG,False,False,False
NC1(C(=O)N[C@@H](CCN2CCCCC2)c2ccc(Cl)cc2)CCN(c2ncnc3[nH]ccc23)CC1,4.53,1,nM,CHEMBL2325729,-4.53,4.47,CHEMBL240,hERG,False,False,False
NC1(COc2ccc3ncc(F)c(CCC45CCC(NCc6ccc7c(n6)NC(=O)CO7)(CC4)CO5)c3n2)CC1,5.43,1,nM,CHEMBL3605138,-5.43,3.5700000000000003,CHEMBL240,hERG,False,False,False
NC1(Cc2nc(-c3ccc(OC(F)(F)F)cc3)c[nH]2)COC1,4.925,2,nM,CHEMBL4096468,-4.925,4.075,CHEMBL240,hERG,False,False,False
NC1(c2cc(C(=O)N[C@@H]3CCc4ccc(Oc5ccnc6c5CCC(=O)N6)cc4C3)cc(C(F)(F)F)c2)CCC1,5.51,1,nM,CHEMBL3765012,-5.51,3.49,CHEMBL240,hERG,False,False,False
NC1=NC(c2cccc(-c3cncnc3)c2)(c2ccnc(C(F)(F)F)c2)c2cccc(F)c21,4.96,1,nM,CHEMBL2177906,-4.96,4.04,CHEMBL240,hERG,False,False,False
NC1=NC(c2cccc(-c3cncnc3)c2)(c2ccnc(C(F)(F)F)c2)c2ccccc21,5.26,1,nM,CHEMBL2177308,-5.26,3.74,CHEMBL240,hERG,False,False,False
NC1=NC(c2cccc(-c3cncnc3)c2)(c2ccnc(C(F)F)c2)c2cccc(F)c21,5.14,1,nM,CHEMBL2177912,-5.14,3.8600000000000003,CHEMBL240,hERG,False,False,False
NC1=NC(c2cccc(-c3cncnc3)c2)(c2ccnc(C3CC3)c2)c2cccc(F)c21,5.46,1,nM,CHEMBL2177113,-5.46,3.54,CHEMBL240,hERG,False,False,False
NC1=NC(c2ccnc(C(F)(F)F)c2)(c2ccc(F)c(-c3cncnc3)c2)c2cccc(F)c21,4.8,1,nM,CHEMBL2177908,-4.8,4.2,CHEMBL240,hERG,False,False,False
NC1=NC(c2ccncc2)(c2cccc(-c3cncc(F)c3)c2)c2cccc(F)c21,5.8,1,nM,CHEMBL2177905,-5.8,3.2,CHEMBL240,hERG,False,False,False
NC1=NC(c2ccncc2)(c2cccc(-c3cncnc3)c2)c2cccc(F)c21,5.24,1,nM,CHEMBL2177309,-5.24,3.76,CHEMBL240,hERG,False,False,False
NC1=NC(c2ccncc2)(c2cccc(-c3cncnc3)c2)c2ccccc21,4.8,1,nM,CHEMBL2177307,-4.8,4.2,CHEMBL240,hERG,False,False,False
NC1=NC2(CO1)c1cc(-c3cc(Cl)cnc3F)ccc1OCC21CC1,5.49,2,nM,CHEMBL3703298,-5.49,3.51,CHEMBL240,hERG,False,False,False
NC1=NC2(CO1)c1cc(-c3cnc4[nH]cc(Cl)c4c3)ccc1OCC21CC1,5.35,2,nM,CHEMBL3703263,-5.35,3.6500000000000004,CHEMBL240,hERG,False,False,False
NC1=NC2(CO1)c1cc(-c3cnc4[nH]ccc4c3)ccc1OCC21CC1,5.04,2,nM,CHEMBL3703262,-5.04,3.96,CHEMBL240,hERG,False,False,False
NC1=NC2(CO1)c1cc(-c3cncc(C4CC4)c3)ccc1OCC21CC1,5.46,2,nM,CHEMBL3703258,-5.46,3.54,CHEMBL240,hERG,False,False,False
NC1=NC2(CO1)c1cc(-c3cncc(Cl)c3)ccc1OCC21CC1,5.54,2,nM,CHEMBL3703301,-5.54,3.46,CHEMBL240,hERG,False,False,False
NC1=NC2(CO1)c1cc(-c3cncc(OC(F)F)c3)ccc1OCC21CC1,5.56,2,nM,CHEMBL3703261,-5.56,3.4400000000000004,CHEMBL240,hERG,False,False,False
NC1=NC2(CO1)c1cc(-c3cncc(OCC(F)(F)C(F)F)c3)ccc1OCC21CC1,5.78,2,nM,CHEMBL3703265,-5.78,3.2199999999999998,CHEMBL240,hERG,False,False,False
NC1=NC2(CO1)c1cc(-c3cncc(OCC(F)(F)F)c3)ccc1OCC21CC1,5.24,2,nM,CHEMBL3703259,-5.24,3.76,CHEMBL240,hERG,False,False,False
NC1=NC2(CO1)c1cc(-c3cncc(OCC(F)F)c3)ccc1OCC21CC1,5.16,2,nM,CHEMBL3703260,-5.16,3.84,CHEMBL240,hERG,False,False,False
NC1=NC2(CO1)c1cc(-c3cncc4ccccc34)ccc1OC1(CCC1)C21COC1,5.43,2,nM,CHEMBL3650838,-5.43,3.5700000000000003,CHEMBL240,hERG,False,False,False
NC1=NC2(CO1)c1cc(-c3cncnc3)ccc1OC(Cc1ccccc1)C21COC1,5.11,2,nM,CHEMBL3650831,-5.11,3.8899999999999997,CHEMBL240,hERG,False,False,False
NC1=NC2(CO1)c1cc(-c3cncnc3)ccc1OCC21CCC1,5.28,2,nM,CHEMBL3703295,-5.28,3.7199999999999998,CHEMBL240,hERG,False,False,False
NC1=NC2(CO1)c1cc(Br)ccc1OC(Cc1ccccc1)C21COC1,5.1,2,nM,CHEMBL3703220,-5.1,3.9000000000000004,CHEMBL240,hERG,False,False,False
NC1=NC2(CO1)c1cc(NC(=O)c3ccc(Cl)cn3)ccc1OCC21CC1,5.66,2,nM,CHEMBL3703237,-5.66,3.34,CHEMBL240,hERG,False,False,False
NC1=NC2(c3cc(-c4cncnc4)ccc3OCC23CC3)c2cccc(F)c21,5.37,2,nM,CHEMBL3650830,-5.37,3.63,CHEMBL240,hERG,False,False,False
NC1=NCC2c3ccccc3Cc3ccccc3N12,4.0,3,nM,CHEMBL1106,-4.0,5.0,CHEMBL240,hERG,False,False,False
NC1=N[C@@](c2cccc(-c3cncnc3)c2)(c2ccnc(C(F)F)c2)c2cc(F)cc(F)c21,4.72,1,nM,CHEMBL2177914,-4.72,4.28,CHEMBL240,hERG,False,False,False
NC1=N[C@@](c2cccc(-c3cncnc3)c2)(c2ccnc(C(F)F)c2)c2cccc(F)c21,5.32,1,nM,CHEMBL2177913,-5.32,3.6799999999999997,CHEMBL240,hERG,False,False,False
NC1=N[C@@]2(CO1)c1cc(NC(=O)c3ccc(Cl)cn3)ccc1Oc1cnc(C3=CCCOC3)cc12,6.05,1,nM,CHEMBL4294221,-6.05,2.95,CHEMBL240,hERG,False,False,False
NC1=N[C@@]2(c3cc(CNCC(F)(F)F)c(F)cc3F)CO[C@@H](CF)C[C@H]2CS1,5.37,1,nM,CHEMBL3673194,-5.37,3.63,CHEMBL240,hERG,False,False,False
NC1=N[C@@]2(c3cc(NC(=O)c4ccc(F)cn4)ccc3F)CN(c3ncc(F)cn3)C[C@H]2CS1,6.75,1,nM,CHEMBL3667410,-6.75,2.25,CHEMBL240,hERG,False,False,False
NC1=N[C@@]2(c3cc(NC(=O)c4ccc(OC(F)F)cn4)ccc3F)COCC[C@H]2CS1,6.3,1,nM,CHEMBL3973534,-6.3,2.7,CHEMBL240,hERG,False,False,False
NC1=N[C@@]2(c3cc(NC(=O)c4ncc(F)cc4F)ccc3F)CN(c3ncc(F)cn3)C[C@H]2CS1,5.96,1,nM,CHEMBL3667415,-5.96,3.04,CHEMBL240,hERG,False,False,False
NC1=N[C@@]2(c3ccc(F)cc3F)CO[C@@H](c3ncco3)C[C@H]2CS1,4.97,1,nM,CHEMBL3422235,-4.97,4.03,CHEMBL240,hERG,False,False,False
NC1=N[C@](c2ccnc(C(F)(F)F)c2)(c2ccc(F)c(-c3cncnc3)c2)c2cccc(F)c21,5.1,1,nM,CHEMBL2177909,-5.1,3.9000000000000004,CHEMBL240,hERG,False,False,False
NC1=N[C@](c2ccncc2)(c2cccc(-c3cncnc3)c2)c2cccc(F)c21,5.51,1,nM,CHEMBL2177904,-5.51,3.49,CHEMBL240,hERG,False,False,False
NC1CC1COc1ccc2ncc(F)c(CCC34CCC(NCc5ccc6c(n5)NC(=O)CO6)(CC3)CO4)c2n1,6.7,1,nM,CHEMBL3605139,-6.7,2.3,CHEMBL240,hERG,False,False,False
NC1CCN(c2c(-c3cc(F)cc(Cl)c3)cncc2-c2nc3cc(F)ccc3[nH]2)CC1,5.31,1,nM,CHEMBL4878917,-5.31,3.6900000000000004,CHEMBL240,hERG,False,False,False
NC1CCN(c2c(NC(=O)c3ccccc3)cncc2-c2cc(Cl)cc(Cl)c2)CC1,6.05,1,nM,CHEMBL4854239,-6.05,2.95,CHEMBL240,hERG,False,False,False
NC1CCN(c2c(NC(=O)c3cn4ccccc4n3)cncc2-c2cc(Cl)cc(Cl)c2)CC1,5.72,1,nM,CHEMBL4862717,-5.72,3.2800000000000002,CHEMBL240,hERG,False,False,False
NC1COCC1Oc1ccc2ncc(F)c(CCC34CCC(NCc5ccc6c(n5)NC(=O)CO6)(CC3)CO4)c2n1,5.44,1,nM,CHEMBL3605014,-5.44,3.5599999999999996,CHEMBL240,hERG,False,False,False
NCC(=O)N1CCN(c2cnc3cc(C(F)(F)F)cc(NCc4cccc([N+](=O)[O-])c4)c3c2)CC1,4.74,1,nM,CHEMBL3220877,-4.74,4.26,CHEMBL240,hERG,False,False,False
NCC(=O)N1CCn2c(nc(-c3ccc(F)cc3)c2Nc2ccc(Cl)c(F)c2)C1,4.68,1,nM,CHEMBL1800775,-4.68,4.32,CHEMBL240,hERG,False,False,False
NCC(=O)N1CCn2c(nc(-c3ccccc3)c2Nc2ccc3c(c2)OCO3)C1,4.72,1,nM,CHEMBL601821,-4.72,4.28,CHEMBL240,hERG,False,False,False
NCC(O)COc1ccc2ncc(F)c(CCC34CCC(NCc5ccc6c(n5)NC(=O)CO6)(CC3)CO4)c2n1,5.48,1,nM,CHEMBL3605021,-5.48,3.5199999999999996,CHEMBL240,hERG,False,False,False
NCC(O)COc1ccccc1C(=O)CCc1ccccc1,4.36,1,nM,CHEMBL1365,-4.36,4.64,CHEMBL240,hERG,False,False,False
NCC1(COc2ccc3ncc(F)c(CCC45CCC(NCc6ccc7c(n6)NC(=O)CO7)(CC4)CO5)c3n2)CC1,5.12,1,nM,CHEMBL3605137,-5.12,3.88,CHEMBL240,hERG,False,False,False
NCC1(c2cccc(-c3ccnc4[nH]nc(C(F)(F)F)c34)c2)CCC1,5.52,1,nM,CHEMBL4589844,-5.52,3.4800000000000004,CHEMBL240,hERG,True,True,True
NCCC(Oc1ccc(C(F)(F)F)cc1)c1ccccc1,5.64,1,nM,CHEMBL1494,-5.64,3.3600000000000003,CHEMBL240,hERG,False,False,False
NCCCCN(C[C@H]1Cc2ccccc2CN1)[C@H]1CCCc2cccnc21,5.05,1,nM,CHEMBL3091687,-5.05,3.95,CHEMBL240,hERG,False,False,False
NCCCCN(Cc1nccc2c3ccccc3n(CC(=O)O)c12)[C@H]1CCCc2cccnc21,5.57,1,nM,CHEMBL3962108,-5.57,3.4299999999999997,CHEMBL240,hERG,False,False,False
NCCCCN(Cc1nccc2c3ccccc3n(CC(N)=O)c12)[C@H]1CCCc2cccnc21,5.75,1,nM,CHEMBL3972873,-5.75,3.25,CHEMBL240,hERG,False,False,False
NCCCCN(Cc1nccc2c3ccccc3n(CCCN3CCNCC3)c12)[C@H]1CCCc2cccnc21,5.39,1,nM,CHEMBL3903672,-5.39,3.6100000000000003,CHEMBL240,hERG,False,False,False
NCCCCOc1ccc2ncc(F)c(CCC34CCC(NCc5ccc6c(n5)NC(=O)CO6)(CC3)CO4)c2n1,5.1,1,nM,CHEMBL3605135,-5.1,3.9000000000000004,CHEMBL240,hERG,False,False,False
NCCCCn1cc(-c2ccc3cc[nH]c3c2)c(C(F)(F)F)n1,5.72,1,nM,CHEMBL4649237,-5.72,3.2800000000000002,CHEMBL240,hERG,False,False,False
NCCCOc1ccc2ncc(F)c(CCC34CCC(NCc5ccc6c(n5)NC(=O)CO6)(CC3)CO4)c2n1,5.1,1,nM,CHEMBL3605134,-5.1,3.9000000000000004,CHEMBL240,hERG,False,False,False
NCCCn1nnc(-c2ccc(Oc3ccc(Cl)cc3)cc2)n1,5.32,1,nM,CHEMBL4869586,-5.32,3.6799999999999997,CHEMBL240,hERG,False,False,False
NCCOc1ccc2ncc(F)c(CCC34CCC(NCc5ccc6c(n5)NC(=O)CO6)(CC3)CO4)c2n1,4.76,1,nM,CHEMBL3605133,-4.76,4.24,CHEMBL240,hERG,False,False,False
NCC[C@@H]1Cc2ccccc2[C@H](c2ccc(Cl)c(Cl)c2)C1,4.88,1,nM,CHEMBL1642912,-4.88,4.12,CHEMBL240,hERG,False,False,False
NCC[C@H]1Cc2ccccc2[C@@H](c2ccc(Cl)c(Cl)c2)C1,5.82,1,nM,CHEMBL1642913,-5.82,3.1799999999999997,CHEMBL240,hERG,False,False,False
NCCn1nnc(-c2ccc(Oc3ccc(Cl)cc3)cc2)n1,5.07,1,nM,CHEMBL4879150,-5.07,3.9299999999999997,CHEMBL240,hERG,False,False,False
NC[C@H](NC(=O)c1ccc(-c2cc(F)c(Cl)c(F)c2)[nH]1)c1nc(CO)cs1,6.05,1,nM,CHEMBL4761836,-6.05,2.95,CHEMBL240,hERG,False,False,False
NC[C@H](NC(=O)c1ccc(-c2ccc(C(F)(F)F)c(F)c2)[nH]1)c1nc(CO)cs1,5.52,1,nM,CHEMBL4533529,-5.52,3.4800000000000004,CHEMBL240,hERG,False,False,False
NC[C@H](Oc1noc2ccc(-c3ccccc3Cl)cc12)c1ccccc1,4.64,1,nM,CHEMBL4445556,-4.64,4.36,CHEMBL240,hERG,False,False,False
NC[C@H](Oc1noc2ccc(-c3ccccc3Cl)nc12)c1ccccc1,5.44,1,nM,CHEMBL4528547,-5.44,3.5599999999999996,CHEMBL240,hERG,False,False,False
NC[C@H]1C[C@@H]1c1cc(Cl)ccc1OCCF,5.7,1,nM,CHEMBL3416055,-5.7,3.3,CHEMBL240,hERG,False,False,False
NC[C@]1(c2cccc(Cl)c2)CC[C@H](N2CCc3c(nc(C(F)(F)F)nc3C3CC3)C2=O)CC1,6.58,1,nM,CHEMBL3112968,-6.58,2.42,CHEMBL240,hERG,False,False,False
NC[C@]1(c2cccc(Cl)c2)CC[C@H](n2nc(-c3cccnc3)ccc2=O)CC1,5.36,1,nM,CHEMBL3112960,-5.36,3.6399999999999997,CHEMBL240,hERG,False,False,False
NCc1cc(C(=O)N[C@@H]2CCc3ccc(Oc4ccnc5c4CCC(=O)N5)cc3C2)cc(C(F)(F)F)c1,5.18,1,nM,CHEMBL3764101,-5.18,3.8200000000000003,CHEMBL240,hERG,False,False,False
NCc1ccc(-n2cc(-c3ccc4cc[nH]c4c3)c(C(F)(F)F)n2)cc1,5.4,1,nM,CHEMBL4641455,-5.4,3.5999999999999996,CHEMBL240,hERG,False,False,False
NCc1ccc(C(=O)N2C[C@@H](n3cc(C4CC4)nn3)C[C@H]2C(=O)NCC(c2ccccc2)c2ccccc2)cc1,6.3,1,nM,CHEMBL4448473,-6.3,2.7,CHEMBL240,hERG,False,False,False
NCc1ccc(F)c(C2CCN(C(=O)c3cc(C(=O)O)cc(-c4nc(-c5cccs5)no4)c3)CC2)c1,4.12,1,nM,CHEMBL188068,-4.12,4.88,CHEMBL240,hERG,True,True,True
NCc1ccc(F)c(C2CCN(C(=O)c3cc(C(N)=O)cc(-c4nc(-c5cccs5)no4)c3)CC2)c1,4.77,1,nM,CHEMBL365062,-4.77,4.23,CHEMBL240,hERG,True,True,True
NCc1ccc(F)c(C2CCN(C(=O)c3cccc(-c4nc(-c5cccs5)no4)c3)CC2)c1,6.1,1,nM,CHEMBL186730,-6.1,2.9000000000000004,CHEMBL240,hERG,False,False,False
NCc1ncc(S(=O)(=O)c2ccc3ccccc3c2)s1,4.29,1,nM,CHEMBL4457629,-4.29,4.71,CHEMBL240,hERG,False,False,False
NS(=O)(=O)c1ccc(OCCCCN2CCCCC2)cc1,4.87,1,nM,CHEMBL2024382,-4.87,4.13,CHEMBL240,hERG,False,False,False
NS(=O)(=O)c1ccc(OCCCN2CCCCC2)cc1,4.03,1,nM,CHEMBL2024378,-4.03,4.97,CHEMBL240,hERG,False,False,False
NS(=O)(=O)c1ccc(OCCN2CCCCC2)cc1,4.62,1,nM,CHEMBL2024309,-4.62,4.38,CHEMBL240,hERG,False,False,False
N[C@@H](C(=O)N1CC(CNc2ccc(F)cc2)C2(C1)CN(c1cc(F)cc(F)c1)C2)c1ccc(O)cc1,5.8,1,nM,CHEMBL4756352,-5.8,3.2,CHEMBL240,hERG,False,False,False
N[C@@H]1C(=O)NC[C@H]1Oc1ccc2ncc(F)c(CCC34CCC(NCc5ccc6c(n5)NC(=O)CO6)(CC3)CO4)c2n1,4.4,1,nM,CHEMBL3605023,-4.4,4.6,CHEMBL240,hERG,False,False,False
N[C@@H]1CCC=C(c2ccc(F)cc2)[C@H]1CNc1cc(F)c(S(=O)(=O)Nc2cscn2)cc1Cl,5.34,1,nM,CHEMBL4210866,-5.34,3.66,CHEMBL240,hERG,False,False,False
N[C@@H]1CCC=C(c2ccc(F)cc2)[C@H]1COc1cc(F)c(S(=O)(=O)Nc2cscn2)cc1Cl,4.99,2,nM,CHEMBL4076061,-4.99,4.01,CHEMBL240,hERG,False,False,False
N[C@@H]1CCN(c2ccc(Cl)c(Cl)c2)c2ccccc21,5.46,1,nM,CHEMBL1643512,-5.46,3.54,CHEMBL240,hERG,False,False,False
N[C@@H]1CC[C@@H](n2cc(-c3ccc4cc[nH]c4c3)c(C(F)(F)F)n2)C1,4.77,1,nM,CHEMBL4637559,-4.77,4.23,CHEMBL240,hERG,False,False,False
N[C@@H]1CN(c2ccncc2Nc2ncc3ccc(-c4c(F)cccc4F)nn23)C[C@H](N)[C@H]1O,4.98,1,nM,CHEMBL3950251,-4.98,4.02,CHEMBL240,hERG,False,False,False
N[C@@H]1CN(c2ccncc2Nc2ncc3ccc(-c4ncccc4F)nn23)C[C@H](N)[C@H]1O,4.94,1,nM,CHEMBL3904539,-4.94,4.06,CHEMBL240,hERG,False,False,False
N[C@@H]1COC[C@H]1Oc1ccc2ncc(F)c(CCC34CCC(NCc5ccc6c(n5)NC(=O)CO6)(CC3)CO4)c2n1,4.95,1,nM,CHEMBL3605016,-4.95,4.05,CHEMBL240,hERG,False,False,False
N[C@@H]1CO[C@@H]1COc1ccc2ncc(F)c(CCC34CCC(NCc5ccc6c(n5)NC(=O)CO6)(CC3)CO4)c2n1,5.48,1,nM,CHEMBL3605019,-5.48,3.5199999999999996,CHEMBL240,hERG,False,False,False
N[C@@H]1CO[C@H]1COc1ccc2ncc(F)c(CCC34CCC(NCc5ccc6c(n5)NC(=O)CO6)(CC3)CO4)c2n1,4.75,1,nM,CHEMBL3605017,-4.75,4.25,CHEMBL240,hERG,False,False,False
N[C@H](C(=O)N1CC(c2cc(F)ccc2F)=C[C@H]1c1cccc(O)c1)C1CC1,5.25,1,nM,CHEMBL206115,-5.25,3.75,CHEMBL240,hERG,False,False,False
N[C@H](C(=O)N1CC(c2cc(F)ccc2F)=C[C@H]1c1ccccc1)C1CC1,5.46,1,nM,CHEMBL204459,-5.46,3.54,CHEMBL240,hERG,False,False,False
N[C@H](C(=O)N1CC[C@H](F)C1)C1CCC(NS(=O)(=O)c2ccc(F)cc2F)CC1,4.31,1,nM,CHEMBL395213,-4.31,4.69,CHEMBL240,hERG,False,False,False
N[C@H](CO)c1cc(C(=O)N[C@@H]2CCc3ccc(Oc4ccnc5c4CCC(=O)N5)cc3C2)cc(C(F)(F)F)c1,4.86,1,nM,CHEMBL3763999,-4.86,4.14,CHEMBL240,hERG,False,False,False
N[C@H](COc1cccc2c1NC(=O)CO2)CN1CCC2(CC1)Cc1cc(F)ccc1O2,5.96,1,nM,CHEMBL3099958,-5.96,3.04,CHEMBL240,hERG,False,False,False
N[C@H](COc1cccc2ccc(=O)[nH]c12)CN1CCC2(CC1)Cc1cc(F)ccc1O2,5.92,1,nM,CHEMBL3099959,-5.92,3.08,CHEMBL240,hERG,False,False,False
N[C@H](Cc1cc(F)c(F)cc1F)C1CCN(C(=O)c2cnc3ncccn23)CC1,4.23,1,nM,CHEMBL485125,-4.23,4.77,CHEMBL240,hERG,False,False,False
N[C@H]1C(=O)N[C@@H]1COc1ccc2ncc(F)c(CCC34CCC(NCc5ccc6c(n5)NC(=O)CO6)(CC3)CO4)c2n1,4.54,1,nM,CHEMBL3605022,-4.54,4.46,CHEMBL240,hERG,False,False,False
N[C@H]1CCCC[C@H]1Nc1cc2nc[nH]c(=O)c2c(Nc2cccc3c(Cl)c[nH]c23)n1,4.7,1,nM,CHEMBL3262358,-4.7,4.3,CHEMBL240,hERG,False,False,False
N[C@H]1CCCN(c2ccncc2Nc2ncc3ccc(-c4c(F)cccc4F)nn23)C1,5.44,1,nM,CHEMBL3919646,-5.44,3.5599999999999996,CHEMBL240,hERG,False,False,False
N[C@H]1CCCN(c2ccncc2Nc2ncc3ccc(-c4ncccc4F)nn23)C1,5.55,1,nM,CHEMBL3914287,-5.55,3.45,CHEMBL240,hERG,False,False,False
N[C@H]1CN(c2ccc(-n3ccc(OCc4ccccc4)cc3=O)cn2)C[C@@H]1c1cc(F)c(F)cc1F,5.21,1,nM,CHEMBL2011534,-5.21,3.79,CHEMBL240,hERG,False,False,False
N[C@H]1CN(c2ccc(-n3ccc(OCc4ccccc4)cc3=O)cn2)C[C@@H]1c1cc(F)ccc1F,5.06,1,nM,CHEMBL2011528,-5.06,3.9400000000000004,CHEMBL240,hERG,False,False,False
N[C@H]1CN(c2ccc3nc(=O)ccn3n2)CC[C@@H]1c1cc(F)c(F)cc1F,4.0,1,nM,CHEMBL231396,-4.0,5.0,CHEMBL240,hERG,False,False,False
N[C@H]1CN(c2ccc3nc(C(F)(F)F)nn3n2)CC[C@@H]1c1cc(F)c(F)cc1F,5.09,1,nM,CHEMBL231293,-5.09,3.91,CHEMBL240,hERG,False,False,False
N[C@H]1CN(c2ccn3cnnc3n2)CC[C@@H]1c1cc(F)c(F)cc1F,4.0,1,nM,CHEMBL231294,-4.0,5.0,CHEMBL240,hERG,False,False,False
N[C@H]1CN(c2ccncn2)CC[C@@H]1c1cc(F)c(F)cc1F,4.58,1,nM,CHEMBL230984,-4.58,4.42,CHEMBL240,hERG,False,False,False
N[C@H]1CN(c2cnc3nccnc3n2)CC[C@@H]1c1cc(F)c(F)cc1F,5.0,1,nM,CHEMBL231196,-5.0,4.0,CHEMBL240,hERG,False,False,False
N[C@H]1COCC[C@H]1Nc1cc2cc[nH]c(=O)c2c(Nc2cccc3cc[nH]c23)n1,4.6,2,nM,CHEMBL3262624,-4.6,4.4,CHEMBL240,hERG,False,False,False
N[C@H]1COC[C@@H]1Oc1ccc2ncc(F)c(CCC34CCC(NCc5ccc6c(n5)NC(=O)CO6)(CC3)CO4)c2n1,5.55,1,nM,CHEMBL3605015,-5.55,3.45,CHEMBL240,hERG,False,False,False
N[C@H]1CO[C@@H]1COc1ccc2ncc(F)c(CCC34CCC(NCc5ccc6c(n5)NC(=O)CO6)(CC3)CO4)c2n1,4.61,1,nM,CHEMBL3605018,-4.61,4.39,CHEMBL240,hERG,False,False,False
N[C@H]1CO[C@H]1COc1ccc2ncc(F)c(CCC34CCC(NCc5ccc6c(n5)NC(=O)CO6)(CC3)CO4)c2n1,4.62,1,nM,CHEMBL3605020,-4.62,4.38,CHEMBL240,hERG,False,False,False
N[C@H]1C[C@@H](N2Cc3cn(S(=O)(=O)C4CC4)nc3C2)CO[C@@H]1c1cc(F)ccc1F,4.68,1,nM,CHEMBL3735329,-4.68,4.32,CHEMBL240,hERG,False,False,False
N[C@H]1C[C@@H](N2Cc3cnc(C(F)(F)F)nc3C2)CC[C@@H]1c1cc(F)c(F)cc1F,5.32,1,nM,CHEMBL2425059,-5.32,3.6799999999999997,CHEMBL240,hERG,False,False,False
N[C@H]1C[C@@H](N2Cc3cnc(C(F)(F)F)nc3C2)CO[C@@H]1c1cc(F)c(F)cc1F,4.64,1,nM,CHEMBL2425060,-4.64,4.36,CHEMBL240,hERG,False,False,False
N[C@H]1C[C@@H](N2Cc3cnc4nnc(C5CC5)n4c3C2)CC[C@@H]1c1cc(F)c(F)cc1F,6.22,1,nM,CHEMBL3806041,-6.22,2.7800000000000002,CHEMBL240,hERG,False,False,False
N[C@H]1C[C@@H](N2Cc3nn4nccnc4c3C2)CO[C@@H]1c1cc(F)ccc1F,4.64,1,nM,CHEMBL3806052,-4.64,4.36,CHEMBL240,hERG,False,False,False
N[C@H]1Cn2c(nc3cc(C(F)(F)F)ccc32)C[C@@H]1c1cc(F)c(F)cc1F,5.12,1,nM,CHEMBL552479,-5.12,3.88,CHEMBL240,hERG,False,False,False
N[C@H]1Cn2c(nc3ccc(F)cc32)C[C@@H]1c1cc(F)c(F)cc1F,4.77,1,nM,CHEMBL560669,-4.77,4.23,CHEMBL240,hERG,False,False,False
N[C@H]1Cn2c(nc3cnc(C(F)(F)F)cc32)C[C@@H]1c1cc(F)c(F)cc1F,4.24,1,nM,CHEMBL541438,-4.24,4.76,CHEMBL240,hERG,False,False,False
N[C@H]1Cn2c(nc3cnc(F)cc32)C[C@@H]1c1cc(F)c(F)cc1F,4.09,1,nM,CHEMBL559477,-4.09,4.91,CHEMBL240,hERG,False,False,False
N[C@H]1Cn2c(nc3cnccc32)C[C@@H]1c1cc(F)c(F)cc1F,4.05,1,nM,CHEMBL562188,-4.05,4.95,CHEMBL240,hERG,False,False,False
N[C@H]1Cn2c(nc3ncccc32)C[C@@H]1c1cc(F)c(F)cc1F,4.05,1,nM,CHEMBL562388,-4.05,4.95,CHEMBL240,hERG,False,False,False
N[C@]1(c2ccccc2)CC[C@H](N2CC(NC(=O)CNC(=O)c3cccc(C(F)(F)F)c3)C2)CC1,5.21,1,nM,CHEMBL1829637,-5.21,3.79,CHEMBL240,hERG,False,False,False
Nc1c2c(nc3ccccc13)CCCC2,4.84,1,nM,CHEMBL95,-4.84,4.16,CHEMBL240,hERG,False,False,False
Nc1cc(-c2cn(-c3ccccc3)c3cnccc23)ccn1,6.23,1,nM,CHEMBL4640465,-6.23,2.7699999999999996,CHEMBL240,hERG,False,False,False
Nc1cc(CN2CCC(N(C(=O)NCc3ccc(F)cc3)c3ccc(Cl)cc3)CC2)ccn1,6.42,2,nM,CHEMBL1091836,-6.42,2.58,CHEMBL240,hERG,True,True,True
Nc1cc(F)c(S(=O)(=O)N2CCC(O)CC2)cc1C(=O)Nc1cc(F)c(F)c(F)c1,5.01,2,nM,CHEMBL4463663,-5.01,3.99,CHEMBL240,hERG,False,False,False
Nc1cc(F)c(S(=O)(=O)N2CCC(O)CC2)cc1C(=O)Nc1ccc(F)c(F)c1,4.3,1,nM,CHEMBL4761323,-4.3,4.7,CHEMBL240,hERG,False,False,False
Nc1ccc(-c2ccc(F)cc2)cc1NC(=O)c1ccc(CN2CCC3(CCNC3)CC2)cc1,6.62,1,nM,CHEMBL473478,-6.62,2.38,CHEMBL240,hERG,False,False,False
Nc1ccc(-c2cccc(F)c2)cc1NC(=O)c1ccc(CN2CCC3(CCCN3)CC2)cc1,6.78,1,nM,CHEMBL473475,-6.78,2.2199999999999998,CHEMBL240,hERG,False,False,False
Nc1ccc(-c2ccccc2)cc1NC(=O)c1ccc(C(=O)N2CCC3(CCCN3)CC2)cc1,4.91,1,nM,CHEMBL473484,-4.91,4.09,CHEMBL240,hERG,False,False,False
Nc1ccc(-c2ccccc2)cc1NC(=O)c1ccc(CNC(=O)CCc2cccnc2)cc1,5.43,1,nM,CHEMBL253869,-5.43,3.5700000000000003,CHEMBL240,hERG,False,False,False
Nc1ccc(-c2ccccc2)cc1NC(=O)c1ccc(CNC(=O)OCc2cccnc2)cc1,5.52,1,nM,CHEMBL253868,-5.52,3.4800000000000004,CHEMBL240,hERG,False,False,False
Nc1ccc(-c2ccccc2F)cc1NC(=O)c1ccc(CN2CCC3(CCCN3)CC2)cc1,6.74,1,nM,CHEMBL473271,-6.74,2.26,CHEMBL240,hERG,False,False,False
Nc1ccc(-c2cccs2)cc1N,5.8,1,nM,CHEMBL495702,-5.8,3.2,CHEMBL240,hERG,False,False,False
Nc1ccc(-c2cccs2)cc1NC(=O)c1ccc(C(=O)N2CCC3(CCCN3)CC2)cc1,4.6,1,nM,CHEMBL473479,-4.6,4.4,CHEMBL240,hERG,False,False,False
Nc1ccc(-c2cccs2)cc1NC(=O)c1ccc(CN2CCC3(CCCN3)CC2)cc1,5.8,1,nM,CHEMBL474890,-5.8,3.2,CHEMBL240,hERG,False,False,False
Nc1ccc(-c2ccsc2)cc1N,5.82,1,nM,CHEMBL473485,-5.82,3.1799999999999997,CHEMBL240,hERG,False,False,False
Nc1ccc(-c2ccsc2)cc1NC(=O)c1ccc(CN2CCC3(CCCN3)CC2)cc1,5.83,1,nM,CHEMBL514304,-5.83,3.17,CHEMBL240,hERG,False,False,False
Nc1ccc(-c2cnc(N)c(-c3ccc(Cl)cc3)c2)cn1,5.75,2,nM,CHEMBL3754515,-5.75,3.25,CHEMBL240,hERG,False,False,False
Nc1ccc(-c2cnc3nc(N4CCC(N5CCCCC5)CC4)sc3c2)cn1,4.71,1,nM,CHEMBL575241,-4.71,4.29,CHEMBL240,hERG,True,True,True
Nc1ccc(-c2nnc(C3CCN(Cc4ccc(-c5nc6cc[nH]c(=O)c6cc5-c5ccccc5)cc4)CC3)[nH]2)cn1,5.0,1,nM,CHEMBL502393,-5.0,4.0,CHEMBL240,hERG,False,False,False
Nc1ccc(-c2nnc(C3CCN(Cc4ccc(-c5nc6nc(N7CCN(CCO)CC7)ncc6cc5-c5ccccc5)cc4)CC3)[nH]2)cn1,5.13,1,nM,CHEMBL503810,-5.13,3.87,CHEMBL240,hERG,False,False,False
Nc1ccc(F)cc1NC(=O)c1ccc(CNC(=O)/C=C/c2cccnc2)cc1,4.5,1,nM,CHEMBL4087968,-4.5,4.5,CHEMBL240,hERG,False,False,False
Nc1ccc([C@H]2CC[C@H](N3CC(NC(=O)CNC(=O)c4cccc(C(F)(F)F)c4)C3)CC2)nc1,4.43,1,nM,CHEMBL1829627,-4.43,4.57,CHEMBL240,hERG,False,False,False
Nc1ccc2ncc(F)c(CCC34CCC(NCc5ccc6c(n5)NC(=O)CO6)(CC3)CO4)c2n1,8.49,1,nM,CHEMBL3422948,-8.49,0.5099999999999998,CHEMBL240,hERG,False,False,False
Nc1cccc(C(Cc2cccnc2-c2cc(Cl)cc(Cl)c2)c2cccnc2)n1,4.99,1,nM,CHEMBL4067665,-4.99,4.01,CHEMBL240,hERG,False,False,False
Nc1ccccc1NC(=O)/C=C/c1ccc([C@H]2CN(CCO)C[C@@H]2C(=O)Nc2ccc(Cl)cc2)cc1,4.82,1,nM,CHEMBL2178221,-4.82,4.18,CHEMBL240,hERG,False,False,False
Nc1ccccc1NC(=O)c1ccc(-c2ncc(CN3CCC3)cc2Cl)cc1,4.65,1,nM,CHEMBL255245,-4.65,4.35,CHEMBL240,hERG,False,False,False
Nc1ccccc1NC(=O)c1ccc(N2CCN(C(=O)/C=C/c3ccc(F)cc3)CC2)cc1,4.49,1,nM,CHEMBL4096149,-4.49,4.51,CHEMBL240,hERG,False,False,False
Nc1cccnc1[C@H]1CC[C@@H](N2CC(NC(=O)CNc3ncnc4ccc(C(F)(F)F)cc34)C2)CC1,5.08,1,nM,CHEMBL2315933,-5.08,3.92,CHEMBL240,hERG,False,False,False
Nc1cccnc1[C@H]1CC[C@H](N2CC(NC(=O)CNC(=O)c3cccc(C(F)(F)F)c3)C2)CC1,4.36,1,nM,CHEMBL1829626,-4.36,4.64,CHEMBL240,hERG,False,False,False
Nc1cnc(-c2cnc3nc(N4CCC(N5CCCCC5)CC4)sc3c2)cn1,4.4,1,nM,CHEMBL573493,-4.4,4.6,CHEMBL240,hERG,True,True,True
Nc1cncc(Nc2ccc(Oc3ccc(OC(F)(F)F)cc3)cc2)n1,5.07,1,nM,CHEMBL2010816,-5.07,3.9299999999999997,CHEMBL240,hERG,False,False,False
Nc1cnccc1[C@H]1CC[C@@H](N2CC(NC(=O)CNc3ncnc4ccc(C(F)(F)F)cc34)C2)CC1,4.34,1,nM,CHEMBL2315929,-4.34,4.66,CHEMBL240,hERG,False,False,False
Nc1n[nH]c(N2CCC(N(CCO)CCc3ccc(Cl)cc3)CC2)n1,5.2,1,nM,CHEMBL4577776,-5.2,3.8,CHEMBL240,hERG,False,False,False
Nc1n[nH]c(N2CCC(N(CCc3ccc(Cl)cc3)C3COC3)CC2)n1,5.36,1,nM,CHEMBL4440077,-5.36,3.6399999999999997,CHEMBL240,hERG,False,False,False
Nc1n[nH]c(N2CCC(N(CCc3ccc(Cl)cc3)CC(=O)O)CC2)n1,5.1,1,nM,CHEMBL4542155,-5.1,3.9000000000000004,CHEMBL240,hERG,False,False,False
Nc1n[nH]c(N2CCC(N(CCc3ccc(Cl)cc3)CC3CCCCO3)CC2)n1,4.96,1,nM,CHEMBL4464754,-4.96,4.04,CHEMBL240,hERG,False,False,False
Nc1n[nH]c(N2CCC(N(CCc3ccc(Cl)cc3)CC3CCCO3)CC2)n1,4.82,1,nM,CHEMBL4541831,-4.82,4.18,CHEMBL240,hERG,False,False,False
Nc1n[nH]c(N2CCC(N(CCc3ccc(Cl)cc3)Cc3ccccc3Cl)CC2)n1,5.7,1,nM,CHEMBL4077644,-5.7,3.3,CHEMBL240,hERG,False,False,False
Nc1n[nH]c(N2CCC(N3CC(=O)NC[C@@H]3Cc3ccc(Cl)cc3)CC2)n1,4.1,1,nM,CHEMBL4758240,-4.1,4.9,CHEMBL240,hERG,False,False,False
Nc1n[nH]c(N2CCC(N3CCCC[C@@H]3Cc3ccc(Cl)cc3)CC2)n1,5.08,2,nM,CHEMBL4580568,-5.08,3.92,CHEMBL240,hERG,False,False,False
Nc1n[nH]c(N2CCC(N3CCC[C@@H]3Cc3ccc(Cl)cc3)CC2)n1,5.4,1,nM,CHEMBL4588384,-5.4,3.5999999999999996,CHEMBL240,hERG,False,False,False
Nc1n[nH]c(N2CCC(N3CCOC[C@@H]3Cc3ccc(Cl)cc3)CC2)n1,4.41,3,nM,CHEMBL4461925,-4.41,4.59,CHEMBL240,hERG,False,False,False
Nc1n[nH]c(N2CCC(N3C[C@@H](O)C[C@@H]3Cc3ccc(Cl)cc3)CC2)n1,4.88,1,nM,CHEMBL4442663,-4.88,4.12,CHEMBL240,hERG,False,False,False
Nc1n[nH]c(N2CCC(N3C[C@H](CO)OC[C@@H]3Cc3ccc(Cl)cc3)CC2)n1,4.14,1,nM,CHEMBL4789376,-4.14,4.86,CHEMBL240,hERG,False,False,False
Nc1n[nH]c(N2CCC(N3C[C@H](O)C[C@@H]3Cc3ccc(Cl)cc3)CC2)n1,4.26,1,nM,CHEMBL4547227,-4.26,4.74,CHEMBL240,hERG,False,False,False
Nc1n[nH]c2cccc(C#Cc3cccc(NC(=O)c4ccc(N5CCOCC5)c(C(F)(F)F)c4)c3)c12,5.47,1,nM,CHEMBL4793906,-5.47,3.5300000000000002,CHEMBL240,hERG,False,False,False
Nc1nc(-c2ccc(F)cc2)c(-c2ccnc(Nc3ccc(N4CCNCC4)cc3)n2)s1,4.45,1,nM,CHEMBL4459320,-4.45,4.55,CHEMBL240,hERG,False,False,False
Nc1nc(-c2ccc(F)cc2)cn1CC(O)c1ccc(C(F)(F)F)cc1Cl,4.6,1,nM,CHEMBL3289798,-4.6,4.4,CHEMBL240,hERG,False,False,False
Nc1nc(-c2cccc(-n3ccc4cc(C5CC5)cc(F)c4c3=O)c2CO)c2cc(C3=CCN(C4COC4)CC3)[nH]c2n1,5.07,1,nM,CHEMBL5077961,-5.07,3.9299999999999997,CHEMBL240,hERG,False,False,False
Nc1nc(C2CC2)cn1CC(O)c1ccc(Cl)cc1Cl,5.35,1,nM,CHEMBL3289797,-5.35,3.6500000000000004,CHEMBL240,hERG,False,False,False
Nc1nc(CC(=O)Nc2ccc(C[C@@H]3CC[C@H]([C@H](O)c4ccccc4)N3)cc2)cs1,4.95,3,nM,CHEMBL1684585,-4.95,4.05,CHEMBL240,hERG,False,False,False
Nc1nc(N2CCC(N(CCc3ccc(Cl)cc3)Cc3cc(F)ccc3F)CC2)n[nH]1,5.47,1,nM,CHEMBL4646247,-5.47,3.5300000000000002,CHEMBL240,hERG,False,False,False
Nc1nc(N2CCC(N(CCc3ccc(Cl)cc3)Cc3ccc(Cl)cc3)CC2)n[nH]1,6.4,1,nM,CHEMBL4646309,-6.4,2.5999999999999996,CHEMBL240,hERG,False,False,False
Nc1nc(N2CCC(N(CCc3ccc(Cl)cc3)Cc3ccc(F)cc3Cl)CC2)n[nH]1,5.4,1,nM,CHEMBL4632547,-5.4,3.5999999999999996,CHEMBL240,hERG,False,False,False
Nc1nc(N2CCC(N(CCc3ccc(Cl)cc3)Cc3cccc(C(F)(F)F)c3)CC2)n[nH]1,5.57,1,nM,CHEMBL4642053,-5.57,3.4299999999999997,CHEMBL240,hERG,False,False,False
Nc1nc(N2CCC(N(CCc3ccc(Cl)cc3)Cc3cccc(Cl)c3)CC2)n[nH]1,5.43,1,nM,CHEMBL4649081,-5.43,3.5700000000000003,CHEMBL240,hERG,False,False,False
Nc1nc(N2CCC(N(CCc3ccc(Cl)cc3)Cc3cccc(O)c3)CC2)n[nH]1,6.82,1,nM,CHEMBL4634943,-6.82,2.1799999999999997,CHEMBL240,hERG,False,False,False
Nc1nc(N2CCC(N(CCc3ccc(Cl)cc3)Cc3ccccc3O)CC2)n[nH]1,7.0,1,nM,CHEMBL4637417,-7.0,2.0,CHEMBL240,hERG,False,False,False
Nc1nc(N2CCC(N(CCc3ccc(Cl)cc3)Cc3ccncc3Cl)CC2)n[nH]1,5.19,1,nM,CHEMBL4637250,-5.19,3.8099999999999996,CHEMBL240,hERG,False,False,False
Nc1nc(N2CCC(N(Cc3ccccc3)[C@H](CO)Cc3ccc(Cl)cc3)CC2)n[nH]1,5.54,1,nM,CHEMBL4644320,-5.54,3.46,CHEMBL240,hERG,False,False,False
Nc1nc(N2CCC(N)CC2)c2sc(-c3ccc(C(F)(F)F)cc3)cc2n1,5.21,1,nM,CHEMBL3617456,-5.21,3.79,CHEMBL240,hERG,False,False,False
Nc1nc(N2CCC(N3Cc4cc(Cl)cc(Cl)c4OC[C@@H]3Cc3ccc(Cl)cc3)CC2)n[nH]1,5.22,1,nM,CHEMBL4637576,-5.22,3.7800000000000002,CHEMBL240,hERG,False,False,False
Nc1nc(N2CCC(N3Cc4cc(Cl)ccc4OC[C@@H]3Cc3ccc(Cl)cc3)CC2)n[nH]1,5.17,1,nM,CHEMBL4638897,-5.17,3.83,CHEMBL240,hERG,False,False,False
Nc1nc(N2CCC(N3Cc4cc(F)ccc4OC[C@@H]3Cc3ccc(Cl)cc3)CC2)n[nH]1,5.17,1,nM,CHEMBL4648962,-5.17,3.83,CHEMBL240,hERG,False,False,False
Nc1nc(N2CCC(N3Cc4ccccc4OC[C@@H]3Cc3ccc(Cl)cc3)CC2)n[nH]1,4.66,3,nM,CHEMBL4640857,-4.66,4.34,CHEMBL240,hERG,False,False,False
Nc1nc(N2CCC(N3Cc4ccncc4OC[C@@H]3Cc3ccc(Cl)cc3)CC2)n[nH]1,4.3,1,nM,CHEMBL4648162,-4.3,4.7,CHEMBL240,hERG,False,False,False
Nc1nc(N2CCC(N3Cc4cnccc4OC[C@@H]3Cc3ccc(Cl)cc3)CC2)n[nH]1,4.77,1,nM,CHEMBL4648844,-4.77,4.23,CHEMBL240,hERG,False,False,False
Nc1nc(N2CCC3(CCC[C@H]3N)CC2)cnc1Sc1cccnc1C(F)(F)F,5.22,1,nM,CHEMBL4755819,-5.22,3.7800000000000002,CHEMBL240,hERG,False,False,False
Nc1nc(NC2CCNC2)c2sc(-c3ccc(C(F)(F)F)cc3)cc2n1,5.62,1,nM,CHEMBL3617452,-5.62,3.38,CHEMBL240,hERG,False,False,False
Nc1nc(NC2CCNCC2)c2sc(-c3ccc(C(F)(F)F)cc3)cc2n1,6.05,1,nM,CHEMBL3617353,-6.05,2.95,CHEMBL240,hERG,False,False,False
Nc1nc(NC2CCOCC2)c2sc(-c3ccc(C(F)(F)F)cc3)cc2n1,6.16,1,nM,CHEMBL3617454,-6.16,2.84,CHEMBL240,hERG,False,False,False
Nc1nc(NCc2cc(C3CC3)on2)c2c(ccn2Cc2ccccn2)n1,6.7,1,nM,CHEMBL4073895,-6.7,2.3,CHEMBL240,hERG,False,False,False
Nc1nc(Nc2cnn(C3CC3)c2)nc(-c2cccc(-n3ccc4cc(C5CC5)cc(F)c4c3=O)c2CO)n1,5.02,1,nM,CHEMBL4216862,-5.02,3.9800000000000004,CHEMBL240,hERG,False,False,False
Nc1nc2c(C(=O)N[C@@H]3CN4CCC3CC4)cc(Cl)cc2o1,5.32,1,nM,CHEMBL1272232,-5.32,3.6799999999999997,CHEMBL240,hERG,False,False,False
Nc1nc2c(s1)CC[C@H]2C(=O)Nc1ccc(C[C@@H]2CC[C@H]([C@H](O)c3ccc(F)cc3)N2)cc1,5.25,1,nM,CHEMBL3128200,-5.25,3.75,CHEMBL240,hERG,False,False,False
Nc1nc2c(s1)CC[C@H]2C(=O)Nc1ccc(C[C@@H]2CC[C@H]([C@H](O)c3cccc(Cl)c3)N2)cc1,5.82,1,nM,CHEMBL3128198,-5.82,3.1799999999999997,CHEMBL240,hERG,False,False,False
Nc1nc2c(s1)CC[C@H]2C(=O)Nc1ccc(C[C@@H]2CC[C@H]([C@H](O)c3cccc(F)c3)N2)cc1,5.4,1,nM,CHEMBL3128199,-5.4,3.5999999999999996,CHEMBL240,hERG,False,False,False
Nc1nc2c(s1)CC[C@H]2C(=O)Nc1ccc(C[C@@H]2CC[C@H]([C@H](O)c3ccccc3)N2)cc1,4.9,1,nM,CHEMBL3128194,-4.9,4.1,CHEMBL240,hERG,False,False,False
Nc1nc2c(s1)CC[C@H]2C(=O)Nc1ccc(C[C@@H]2CC[C@H]([C@H](O)c3cccnc3)N2)cc1,4.63,1,nM,CHEMBL3128201,-4.63,4.37,CHEMBL240,hERG,False,False,False
Nc1nc2cc3c(cc2s1)CCN(C1CC1)CC3,4.89,1,nM,CHEMBL2326490,-4.89,4.11,CHEMBL240,hERG,True,True,True
Nc1nc2cc3c(cc2s1)CCN(Cc1ccc(F)cc1)CC3,5.44,1,nM,CHEMBL2326477,-5.44,3.5599999999999996,CHEMBL240,hERG,True,True,True
Nc1nc2cc3c(cc2s1)CCN(Cc1cccc(F)c1)CC3,5.17,1,nM,CHEMBL2326478,-5.17,3.83,CHEMBL240,hERG,True,True,True
Nc1nc2cc3c(cc2s1)CCN(Cc1ccccc1)CC3,5.11,1,nM,CHEMBL2326476,-5.11,3.8899999999999997,CHEMBL240,hERG,True,True,True
Nc1nc2cc3c(cc2s1)CCN(Cc1ccccn1)CC3,4.89,1,nM,CHEMBL2326483,-4.89,4.11,CHEMBL240,hERG,True,True,True
Nc1nc2cc3c(cc2s1)CCN(Cc1cccnc1)CC3,4.68,1,nM,CHEMBL2326484,-4.68,4.32,CHEMBL240,hERG,True,True,True
Nc1nc2cc3c(cc2s1)CCN(Cc1cscn1)CC3,4.82,1,nM,CHEMBL2326469,-4.82,4.18,CHEMBL240,hERG,True,True,True
Nc1nc2ccc(NCC(F)(F)F)nc2n1CC(O)c1ccc(Cl)cc1Cl,5.46,1,nM,CHEMBL3289807,-5.46,3.54,CHEMBL240,hERG,False,False,False
Nc1nc2ccc(OC3CCOC3)nc2n1CC(O)c1ccc(C(F)(F)F)cc1Cl,4.78,1,nM,CHEMBL3289811,-4.78,4.22,CHEMBL240,hERG,False,False,False
Nc1nc2ccc(SC(F)(F)F)cc2s1,5.0,1,nM,CHEMBL95463,-5.0,4.0,CHEMBL240,hERG,False,False,False
Nc1nc2ccccc2n1CC(O)c1ccc(Cl)cc1Cl,4.99,1,nM,CHEMBL3289799,-4.99,4.01,CHEMBL240,hERG,False,False,False
Nc1ncc(-c2ccc(C(=O)N3CCC(N)C3)cc2)nc1-c1ccc(C(F)(F)F)cc1,5.0,1,nM,CHEMBL4530341,-5.0,4.0,CHEMBL240,hERG,False,False,False
Nc1ncc(-c2ccc(C(=O)N3CCNCC3)cc2)cc1-c1ccc(C(F)(F)F)cc1,5.26,1,nM,CHEMBL2181298,-5.26,3.74,CHEMBL240,hERG,False,False,False
Nc1ncc(-c2ccc(C(=O)N3CCNCC3)cc2)cc1-c1ccc(C(F)(F)F)nc1,4.71,1,nM,CHEMBL2181297,-4.71,4.29,CHEMBL240,hERG,False,False,False
Nc1ncc(-c2ccc(C(=O)N3CCNCC3)cc2)nc1-c1ccc(C(F)(F)F)cc1,5.0,1,nM,CHEMBL4798032,-5.0,4.0,CHEMBL240,hERG,False,False,False
Nc1ncc(-c2ccc(C(=O)N3CCOCC3)cc2)cc1-c1ccc(C(F)(F)F)cc1,5.52,1,nM,CHEMBL2181489,-5.52,3.4800000000000004,CHEMBL240,hERG,False,False,False
Nc1ncc(-c2ccc(C(=O)N3CCOCC3)cc2)cc1-c1ccc(C(F)(F)F)nc1,4.7,1,nM,CHEMBL2181488,-4.7,4.3,CHEMBL240,hERG,False,False,False
Nc1ncc(-c2ccc(C(=O)N3CCOCC3)cc2)nc1-c1ccc(C(F)(F)F)nc1,4.7,1,nM,CHEMBL3124982,-4.7,4.3,CHEMBL240,hERG,False,False,False
Nc1ncc(-c2cnn(C3CCNCC3)c2)cc1-c1nc2ccccc2o1,6.12,1,nM,CHEMBL1170608,-6.12,2.88,CHEMBL240,hERG,False,False,False
Nc1ncc(-c2cnn(CCO)c2)c2scc(-c3ccc(NC(=O)Nc4cccc(F)c4)cc3)c12,6.0,1,nM,CHEMBL1980297,-6.0,3.0,CHEMBL240,hERG,True,True,True
Nc1nccc(-c2c(-c3ccc(F)cc3)ncn2C2CCCCC2)n1,4.5649999999999995,2,nM,CHEMBL1951415,-4.5649999999999995,4.4350000000000005,CHEMBL240,hERG,False,False,False
Nc1nccc(Sc2cnc(N3CCC4(CCC[C@H]4N)CC3)cn2)c1Cl,4.92,1,nM,CHEMBL4763213,-4.92,4.08,CHEMBL240,hERG,False,False,False
Nc1nccn1CC(O)c1ccc(Cl)cc1F,4.22,1,nM,CHEMBL3289792,-4.22,4.78,CHEMBL240,hERG,False,False,False
Nc1nccn1CC(O)c1cccc(Cl)c1Cl,4.66,1,nM,CHEMBL3289794,-4.66,4.34,CHEMBL240,hERG,False,False,False
Nc1nccn2c([C@@H]3CCCN(C4CCOCC4)C3)nc(-c3ccc(C(=O)Nc4cc(C(F)(F)F)ccn4)cc3F)c12,7.0,1,nM,CHEMBL4077588,-7.0,2.0,CHEMBL240,hERG,False,False,False
Nc1nccn2c([C@H]3CN(C4CCOCC4)CCO3)nc(-c3ccc(C(=O)Nc4cc(C(F)(F)F)ccn4)cc3F)c12,5.34,1,nM,CHEMBL4060757,-5.34,3.66,CHEMBL240,hERG,False,False,False
Nc1ncnc(N2CCC(c3nc(-c4ccc(F)c(C(F)(F)F)c4)cn3CCN3CCC3)CC2)c1-c1ccc(F)cc1,5.89,1,nM,CHEMBL3903522,-5.89,3.1100000000000003,CHEMBL240,hERG,False,False,False
Nc1ncnc(N2CCC(c3nc(-c4ccc(F)c(C(F)(F)F)c4)cn3CCN3CCC3)CC2)c1C1CCC1,5.89,1,nM,CHEMBL4876889,-5.89,3.1100000000000003,CHEMBL240,hERG,False,False,False
Nc1ncnc(N2CCC(c3nc(-c4ccc(F)c(C(F)(F)F)c4)cn3CCN3CCC3)CC2)c1Cl,5.72,1,nM,CHEMBL3919089,-5.72,3.2800000000000002,CHEMBL240,hERG,False,False,False
Nc1ncnc(N2CCC(c3nc(-c4ccc(F)c(C(F)(F)F)c4)cn3CCN3CCCC3)CC2)c1-c1ccc(F)cc1,5.82,1,nM,CHEMBL3916957,-5.82,3.1799999999999997,CHEMBL240,hERG,False,False,False
Nc1ncnc(Nc2ccc(Oc3ccc(Cl)cc3)cc2)n1,5.82,1,nM,CHEMBL2011947,-5.82,3.1799999999999997,CHEMBL240,hERG,True,True,True
Nc1ncnc2c1c(-c1ccc3cc[nH]c3c1)cn2-c1ccc(OCCNCCO)cc1,5.55,1,nM,CHEMBL4637728,-5.55,3.45,CHEMBL240,hERG,False,False,False
Nc1ncnc2c1c(-c1cccc(O)c1)cn2[C@H]1C[C@@H](CN2CCC2)C1,6.38,1,nM,CHEMBL3787112,-6.38,2.62,CHEMBL240,hERG,False,False,False
Nc1ncnc2c1c(-c1cccc(OCC34CCC(CC3)O4)c1)cn2[C@H]1C[C@@H](CN2CCC2)C1,5.96,1,nM,CHEMBL3785500,-5.96,3.04,CHEMBL240,hERG,False,False,False
Nc1ncnc2c1c(-c1cccc(OC[C@@H]3CCCO3)c1)cn2[C@H]1C[C@@H](CN2CCC2)C1,5.44,1,nM,CHEMBL3787614,-5.44,3.5599999999999996,CHEMBL240,hERG,False,False,False
Nc1ncnc2c1c(-c1cccc(OCc3ccccc3)c1)cn2[C@H]1C[C@@H](CN2CCC2)C1,6.89,2,nM,CHEMBL1614712,-6.89,2.1100000000000003,CHEMBL240,hERG,False,False,False
Nc1nnc2c3cc(-c4ccccc4)c(-c4ccc(CN5CCC(c6n[nH]c(-c7ccccn7)n6)CC5)cc4)nc3ccn12,5.27,1,nM,CHEMBL499555,-5.27,3.7300000000000004,CHEMBL240,hERG,False,False,False
O/N=C(/c1ccc(CN2CCC3(CC2)OCc2cc(F)ncc23)cc1)c1ccc(F)c(F)c1,6.51,1,nM,CHEMBL582978,-6.51,2.49,CHEMBL240,hERG,False,False,False
O/N=C(\c1ccc(CN2CCC3(CC2)OCc2cc(F)ncc23)cc1)c1ccc(F)c(F)c1,6.55,1,nM,CHEMBL565614,-6.55,2.45,CHEMBL240,hERG,False,False,False
O=C(/C=C/[C@@H]1CCCN1)N1CCN(c2cnc3cc(C(F)(F)F)cc(NCc4cccc([N+](=O)[O-])c4)c3c2)CC1,4.06,1,nM,CHEMBL3220881,-4.06,4.94,CHEMBL240,hERG,False,False,False
O=C(/C=C/c1ccc(C(F)(F)F)cc1)N1CCC[C@H]1CN1CCCC1,5.43,1,nM,CHEMBL218790,-5.43,3.5700000000000003,CHEMBL240,hERG,False,False,False
O=C(/C=C/c1ccc(CN(CCO)CCc2c[nH]c3ccccc23)cc1)NO,4.99,5,nM,CHEMBL356066,-4.99,4.01,CHEMBL240,hERG,False,False,False
O=C(/C=C/c1ccc(CN2CCCC(c3c(-c4ccccc4)[nH]c4ccccc34)C2)c(F)c1)NO,4.71,1,nM,CHEMBL1093052,-4.71,4.29,CHEMBL240,hERG,False,False,False
O=C(/C=C/c1ccc(CN2CCCC(c3c(-c4ccccc4)[nH]c4ccccc34)C2)cc1)NO,4.55,1,nM,CHEMBL1094041,-4.55,4.45,CHEMBL240,hERG,False,False,False
O=C(/C=C/c1ccc(CN2CCCC(c3c[nH]c4ccccc34)C2)c(F)c1)NO,4.82,1,nM,CHEMBL1093051,-4.82,4.18,CHEMBL240,hERG,False,False,False
O=C(/C=C/c1ccc(CN2CCCC(c3c[nH]c4ccccc34)C2)cc1)NO,4.53,1,nM,CHEMBL1094040,-4.53,4.47,CHEMBL240,hERG,False,False,False
O=C(/C=C/c1ccc(CNCCc2c(-c3ccccc3)[nH]c3ccccc23)cc1)NO,5.83,1,nM,CHEMBL1819255,-5.83,3.17,CHEMBL240,hERG,False,False,False
O=C(/C=C/c1ccc(CNCCc2c(-c3ccccc3)nn3ccccc23)cc1)NO,4.98,1,nM,CHEMBL1819272,-4.98,4.02,CHEMBL240,hERG,False,False,False
O=C(/C=C/c1ccc(CNCCc2c(-c3ccccn3)[nH]c3ccccc23)cc1)NO,5.81,1,nM,CHEMBL1819256,-5.81,3.1900000000000004,CHEMBL240,hERG,False,False,False
O=C(/C=C/c1ccc(CNCCc2c(-c3cccs3)[nH]c3ccccc23)cc1)NO,6.32,1,nM,CHEMBL1819258,-6.32,2.6799999999999997,CHEMBL240,hERG,False,False,False
O=C(/C=C/c1ccc(CNCCc2c[nH]c3ccccc23)cc1)NO,4.56,1,nM,CHEMBL344227,-4.56,4.44,CHEMBL240,hERG,False,False,False
O=C(/C=C/c1ccc2c(c1)C(=O)CC1(CCN(Cc3ccc(F)cc3)CC1)O2)NO,5.62,1,nM,CHEMBL2390995,-5.62,3.38,CHEMBL240,hERG,False,False,False
O=C(/C=C/c1ccc2c(c1)C(=O)CC1(CCN(Cc3ccccc3)CC1)O2)NO,5.42,1,nM,CHEMBL1938433,-5.42,3.58,CHEMBL240,hERG,False,False,False
O=C(/C=C/c1ccc2c(c1)CN(CCC1CCCCC1)C2)NO,4.66,1,nM,CHEMBL1808643,-4.66,4.34,CHEMBL240,hERG,False,False,False
O=C(/C=C/c1ccc2c(c1)CN(CCc1cnn3ccccc13)C2)NO,5.28,1,nM,CHEMBL1808645,-5.28,3.7199999999999998,CHEMBL240,hERG,False,False,False
O=C(/C=C/c1ccc2c(c1)CN(Cc1ccccc1)C2)NO,4.56,1,nM,CHEMBL1808642,-4.56,4.44,CHEMBL240,hERG,False,False,False
O=C(C1CC(Oc2ccc(Cl)cc2)CN1)N1CCCN(C2CCC2)CC1,5.7,1,nM,CHEMBL1823045,-5.7,3.3,CHEMBL240,hERG,True,True,True
O=C(C1CC(Oc2ccc(F)cc2)CN1)N1CCCN(C2CCC2)CC1,5.0,1,nM,CHEMBL1823044,-5.0,4.0,CHEMBL240,hERG,True,True,True
O=C(C1CC(Oc2ccc(F)cc2)CN1)N1CCCN(C2CCCC2)CC1,5.34,1,nM,CHEMBL1823048,-5.34,3.66,CHEMBL240,hERG,True,True,True
O=C(C1CC(Oc2cccc(Cl)c2)CN1)N1CCCN(C2CCC2)CC1,5.14,1,nM,CHEMBL1823043,-5.14,3.8600000000000003,CHEMBL240,hERG,True,True,True
O=C(C1CC(Oc2cccc(F)c2)CN1)N1CCCN(C2CCC2)CC1,5.0,1,nM,CHEMBL1823042,-5.0,4.0,CHEMBL240,hERG,True,True,True
O=C(C1CC1)N1CCc2c(sc3c2c2ncnn2c(=O)n3Cc2ccc(Cl)cc2)C1,6.31,1,nM,CHEMBL4074038,-6.31,2.6900000000000004,CHEMBL240,hERG,False,False,False
O=C(C1CC12CCN(C1CCCCC1)CC2)N1CCN(C2CCCCC2)CC1,4.68,1,nM,CHEMBL3127708,-4.68,4.32,CHEMBL240,hERG,True,True,True
O=C(C1CCCCN1C(=O)CC1CCN(Cc2ccn(-c3ccc(C(F)(F)F)cc3)c2)CC1)N1CCCC1,5.0,1,nM,CHEMBL559237,-5.0,4.0,CHEMBL240,hERG,False,False,False
O=C(C1CCN(c2cc(C(F)(F)F)ccn2)CC1)N1CC[C@H](N[C@H]2CC[C@@](O)(c3ccc(-c4ncccn4)cn3)CC2)C1,4.55,1,nM,CHEMBL2029568,-4.55,4.45,CHEMBL240,hERG,False,False,False
O=C(C1CCN(c2cccc(C(F)(F)F)c2)CC1)N1CC[C@H](N[C@H]2CC[C@@](O)(c3ccc(-c4ncccn4)cn3)CC2)C1,5.05,1,nM,CHEMBL2029566,-5.05,3.95,CHEMBL240,hERG,False,False,False
O=C(C1CCN(c2cccc(C(F)(F)F)n2)CC1)N1CC[C@H](N[C@H]2CC[C@@](O)(c3ccc(-c4ncccn4)cn3)CC2)C1,5.0,1,nM,CHEMBL2029567,-5.0,4.0,CHEMBL240,hERG,False,False,False
O=C(C1CCN(c2nccc(C(F)(F)F)n2)CC1)N1CC[C@H](N[C@H]2CC[C@@](O)(c3ccc(-c4ncccn4)cn3)CC2)C1,4.58,1,nM,CHEMBL2029569,-4.58,4.42,CHEMBL240,hERG,False,False,False
O=C(C1CCOC1)N1C[C@@H]2[C@H](CNc3nc(-c4ccccn4)cs3)[C@@H]2C1,5.7,1,nM,CHEMBL1209217,-5.7,3.3,CHEMBL240,hERG,False,False,False
O=C(CC(O)(C(F)(F)F)C(F)(F)F)N[C@@](Cc1ccccc1)(c1cc(F)cc(C(F)(F)F)c1)c1ccc(Cl)cn1,4.66,1,nM,CHEMBL4436115,-4.66,4.34,CHEMBL240,hERG,False,False,False
O=C(CC1CCN(Cc2ccc(-c3ccc(Cl)cc3)o2)CC1)N1CCCC(CO)C1,5.63,1,nM,CHEMBL564674,-5.63,3.37,CHEMBL240,hERG,False,False,False
O=C(CC1CCN(Cc2ccc(-c3ccc(Cl)cc3)o2)CC1)NCC(O)C(F)(F)F,5.99,1,nM,CHEMBL557306,-5.99,3.01,CHEMBL240,hERG,False,False,False
O=C(CC1CCN(Cc2ccn(-c3ccc(C(F)(F)F)cc3)c2)CC1)N(CCCO)Cc1ccc(F)cc1,6.2,1,nM,CHEMBL549635,-6.2,2.8,CHEMBL240,hERG,False,False,False
O=C(CC1CCN(Cc2ccn(-c3ccc(C(F)(F)F)cc3)c2)CC1)N1CCCC(C(=O)N2CCCC2)C1,4.51,1,nM,CHEMBL564032,-4.51,4.49,CHEMBL240,hERG,False,False,False
O=C(CC1CCN(Cc2ccn(-c3ccc(C(F)(F)F)cc3)c2)CC1)N1CCN(C(=O)N2CCCC2)CC1,4.85,1,nM,CHEMBL562905,-4.85,4.15,CHEMBL240,hERG,False,False,False
O=C(CC1CCN(Cc2ccn(-c3ccc(C(F)(F)F)cc3)c2)CC1)NC(c1ccc(F)cc1)c1cccnc1,5.66,1,nM,CHEMBL565073,-5.66,3.34,CHEMBL240,hERG,False,False,False
O=C(CC1CCN(Cc2ccn(-c3ccc(C(F)(F)F)cc3)c2)CC1)NC(c1ccccc1)c1ccccn1,5.64,1,nM,CHEMBL561585,-5.64,3.3600000000000003,CHEMBL240,hERG,False,False,False
O=C(CC1CCN(Cc2ccn(-c3ccc(C(F)(F)F)cc3)c2)CC1)NC(c1ccccc1)c1cnc[nH]1,4.94,1,nM,CHEMBL559535,-4.94,4.06,CHEMBL240,hERG,False,False,False
O=C(CC1CCN(Cc2ccn(-c3ccc(C(F)(F)F)cc3)c2)CC1)NC(c1ccncc1)c1ccc(Cl)cc1,5.77,1,nM,CHEMBL551924,-5.77,3.2300000000000004,CHEMBL240,hERG,False,False,False
O=C(CC1CCN(Cc2ccn(-c3ccc(C(F)(F)F)cn3)c2)CC1)NC(c1ccc(F)cc1)c1ccc(F)cc1,6.1,1,nM,CHEMBL538936,-6.1,2.9000000000000004,CHEMBL240,hERG,False,False,False
O=C(CCCC(=O)c1cccc([N+](=O)[O-])c1)NC1CCCC1,4.69,1,nM,CHEMBL4589017,-4.69,4.31,CHEMBL240,hERG,False,False,False
O=C(CCCCCCC(=O)Nc1ccccc1)NO,6.49,1,nM,CHEMBL98,-6.49,2.51,CHEMBL240,hERG,True,True,True
O=C(CCCCCCC(=O)Nc1ccccc1)NOC(c1ccccc1)(c1ccccc1)c1ccccc1,4.02,1,nM,CHEMBL4640366,-4.02,4.98,CHEMBL240,hERG,False,False,False
O=C(CCCCCN1C(=O)c2ccccc2N(Cc2ccccc2)C(=O)[C@@H]1Cc1ccccc1)NO,5.65,1,nM,CHEMBL391514,-5.65,3.3499999999999996,CHEMBL240,hERG,False,False,False
O=C(CCCCN1CCC(c2noc3cc(F)ccc23)CC1)c1cc2c3c(c1)CCN3C(=O)CC2,5.54,1,nM,CHEMBL4293999,-5.54,3.46,CHEMBL240,hERG,False,False,False
O=C(CCCCc1c[nH]nn1)NC1CCN(C(=O)OCc2cc(Cl)cc(Cl)c2)CC1,5.03,1,nM,CHEMBL3890736,-5.03,3.9699999999999998,CHEMBL240,hERG,False,False,False
O=C(CCCN1CC=C(n2c(=O)[nH]c3ccccc32)CC1)c1ccc(F)cc1,7.49,7,nM,CHEMBL1108,-7.49,1.5099999999999998,CHEMBL240,hERG,False,False,False
O=C(CCCN1CCC(O)(c2ccc(Cl)cc2)CC1)c1ccc(F)cc1,7.52,13,nM,CHEMBL54,-7.52,1.4800000000000004,CHEMBL240,hERG,True,True,True
O=C(CCCN1CCC(c2noc3cc(F)ccc23)CC1)c1cc2c3c(c1)CCN3C(=O)CC2,6.08,1,nM,CHEMBL4289498,-6.08,2.92,CHEMBL240,hERG,False,False,False
O=C(CCCN1CCCCC1)Nc1cc(-c2cccc(F)c2)n[nH]1,5.89,1,nM,CHEMBL2180841,-5.89,3.1100000000000003,CHEMBL240,hERG,False,False,False
O=C(CCCN1CCCCC1)Nc1cc(-c2cncc(F)c2)n[nH]1,4.8,1,nM,CHEMBL2180842,-4.8,4.2,CHEMBL240,hERG,False,False,False
O=C(CCCS(=O)(=O)c1ccccc1)Nc1cc[nH]c(=O)n1,4.17,1,nM,CHEMBL4520260,-4.17,4.83,CHEMBL240,hERG,False,False,False
O=C(CCCS(=O)(=O)c1ccccc1)Nc1nc(=O)[nH]cc1F,4.39,1,nM,CHEMBL4445189,-4.39,4.61,CHEMBL240,hERG,False,False,False
O=C(CCCc1c[nH]nn1)NC1CCN(C(=O)OCc2cc(Cl)cc(Cl)c2)CC1,4.68,1,nM,CHEMBL3827512,-4.68,4.32,CHEMBL240,hERG,False,False,False
O=C(CCN1CCCCC1)Nc1ccc(CN2CCC(NC(=O)c3cc(=O)c4ccc(F)cc4o3)CC2)cc1F,5.04,1,nM,CHEMBL246464,-5.04,3.96,CHEMBL240,hERG,False,False,False
O=C(CCN1CCN(C(=O)OCc2cc(Cl)cc(Cl)c2)CC1)c1ccc2[nH]c(=O)oc2c1,5.945,2,nM,CHEMBL3186509,-5.945,3.0549999999999997,CHEMBL240,hERG,False,False,False
O=C(CCc1c[nH]nn1)NC1CCN(C(=O)OCc2cc(Cl)cc(Cl)c2)CC1,5.06,1,nM,CHEMBL3906229,-5.06,3.9400000000000004,CHEMBL240,hERG,False,False,False
O=C(CCc1ccccc1)NCCN(c1ccc(F)cc1)c1ccc(F)cc1,6.71,2,nM,CHEMBL2046895,-6.71,2.29,CHEMBL240,hERG,False,False,False
O=C(CCc1ccccc1)c1cc(F)ccc1OCC(O)CN1CCN(C(c2ccccc2)c2ccccc2)CC1,5.32,2,nM,CHEMBL1915364,-5.32,3.6799999999999997,CHEMBL240,hERG,False,False,False
O=C(CCc1ccccc1)c1ccccc1OCC(O)CN1CCC(c2ccccc2)CC1,5.46,2,nM,CHEMBL1914835,-5.46,3.54,CHEMBL240,hERG,False,False,False
O=C(CCc1ccccc1)c1ccccc1OCC(O)CN1CCN(C(c2ccccc2)c2ccccc2)CC1,5.58,2,nM,CHEMBL1915083,-5.58,3.42,CHEMBL240,hERG,False,False,False
O=C(CN1CCCC2=C1C(=O)N(C1CC1)C2=O)Nc1ccc(-c2cccnc2)nn1,4.32,1,nM,CHEMBL4087906,-4.32,4.68,CHEMBL240,hERG,False,False,False
O=C(CN1CCCN(Cc2nc3ccccc3[nH]2)CC1)Nc1ccc(C(F)(F)F)cc1,5.3,1,nM,CHEMBL1097701,-5.3,3.7,CHEMBL240,hERG,False,False,False
O=C(CN1CCN(Cc2ccn(-c3ccc(C(F)(F)F)cn3)c2)CC1)NC(c1ccc(F)cc1)c1ccc(F)cc1,6.1,1,nM,CHEMBL541944,-6.1,2.9000000000000004,CHEMBL240,hERG,False,False,False
O=C(CNC(=O)c1ccc(C(F)(F)F)cc1)NC1CN([C@H]2CC[C@H](c3ccc4c(c3)OCO4)CC2)C1,5.82,1,nM,CHEMBL1829611,-5.82,3.1799999999999997,CHEMBL240,hERG,False,False,False
O=C(CNC(=O)c1cccc(C(F)(F)F)c1)NC1CN(C2CCC(c3c[nH]c4ccccc34)CC2)C1,5.62,1,nM,CHEMBL1829604,-5.62,3.38,CHEMBL240,hERG,False,False,False
O=C(CNC(=O)c1cccc(C(F)(F)F)c1)NC1CN([C@H]2CC[C@@H](c3ccc4c(c3)OCO4)CC2)C1,5.55,1,nM,CHEMBL1829605,-5.55,3.45,CHEMBL240,hERG,False,False,False
O=C(CNC(=O)c1cccc(C(F)(F)F)c1)NC1CN([C@H]2CC[C@@](O)(c3ccc(F)nc3)CC2)C1,5.0,1,nM,CHEMBL2204270,-5.0,4.0,CHEMBL240,hERG,False,False,False
O=C(CNC(=O)c1cccc(C(F)(F)F)c1)NC1CN([C@H]2CC[C@@](O)(c3ccc(OC4CCC4)nc3)CC2)C1,5.01,1,nM,CHEMBL2204253,-5.01,3.99,CHEMBL240,hERG,False,False,False
O=C(CNC(=O)c1cccc(C(F)(F)F)c1)NC1CN([C@H]2CC[C@@](O)(c3ccc(OCC(F)(F)F)nc3)CC2)C1,5.16,1,nM,CHEMBL2204250,-5.16,3.84,CHEMBL240,hERG,False,False,False
O=C(CNC(=O)c1cccc(C(F)(F)F)c1)NC1CN([C@H]2CC[C@@](O)(c3cccs3)CC2)C1,4.57,1,nM,CHEMBL2204258,-4.57,4.43,CHEMBL240,hERG,False,False,False
O=C(CNC(=O)c1cccc(C(F)(F)F)c1)NC1CN([C@H]2CC[C@@](O)(c3ccns3)CC2)C1,4.62,1,nM,CHEMBL2204260,-4.62,4.38,CHEMBL240,hERG,False,False,False
O=C(CNC(=O)c1cccc(C(F)(F)F)c1)NC1CN([C@H]2CC[C@@](O)(c3cncnc3)CC2)C1,4.36,1,nM,CHEMBL2204269,-4.36,4.64,CHEMBL240,hERG,False,False,False
O=C(CNC(=O)c1cccc(C(F)(F)F)c1)NC1CN([C@H]2CC[C@@](O)(c3nc4ccccc4s3)CC2)C1,5.21,1,nM,CHEMBL2204262,-5.21,3.79,CHEMBL240,hERG,False,False,False
O=C(CNC(=O)c1cccc(C(F)(F)F)c1)NC1CN([C@H]2CC[C@@](O)(c3nccs3)CC2)C1,4.5,1,nM,CHEMBL2204259,-4.5,4.5,CHEMBL240,hERG,False,False,False
O=C(CNC(=O)c1cccc(C(F)(F)F)c1)NC1CN([C@H]2CC[C@H](c3ccc(C(=O)O)cc3)CC2)C1,4.64,1,nM,CHEMBL1829615,-4.64,4.36,CHEMBL240,hERG,False,False,False
O=C(CNC(=O)c1cccc(C(F)(F)F)c1)NC1CN([C@H]2CC[C@H](c3ccc(N4CCCC4)cc3)CC2)C1,5.1,1,nM,CHEMBL1829616,-5.1,3.9000000000000004,CHEMBL240,hERG,False,False,False
O=C(CNC(=O)c1cccc(C(F)(F)F)c1)NC1CN([C@H]2CC[C@H](c3ccc(O)cc3)CC2)C1,5.39,1,nM,CHEMBL1829613,-5.39,3.6100000000000003,CHEMBL240,hERG,False,False,False
O=C(CNC(=O)c1cccc(C(F)(F)F)c1)NC1CN([C@H]2CC[C@H](c3ccc(O)cn3)CC2)C1,5.0,1,nM,CHEMBL1829624,-5.0,4.0,CHEMBL240,hERG,False,False,False
O=C(CNC(=O)c1cccc(C(F)(F)F)c1)NC1CN([C@H]2CC[C@H](c3ccc4[nH]cnc4c3)CC2)C1,5.6,1,nM,CHEMBL1829617,-5.6,3.4000000000000004,CHEMBL240,hERG,False,False,False
O=C(CNC(=O)c1cccc(C(F)(F)F)c1)NC1CN([C@H]2CC[C@H](c3ccccc3)CC2)C1,5.4,1,nM,CHEMBL1829609,-5.4,3.5999999999999996,CHEMBL240,hERG,False,False,False
O=C(CNC(=O)c1cccc(C(F)(F)F)c1)NC1CN([C@H]2CC[C@H](c3cccnc3)CC2)C1,5.42,1,nM,CHEMBL1829618,-5.42,3.58,CHEMBL240,hERG,False,False,False
O=C(CNC(=O)c1cccc(C(F)(F)F)c1)NC1CN([C@H]2CC[C@H](c3ccncc3O)CC2)C1,4.64,1,nM,CHEMBL1829625,-4.64,4.36,CHEMBL240,hERG,False,False,False
O=C(CNC(=O)c1cccc(C(F)(F)F)c1)NC1CN([C@H]2CC[C@H](c3cnccn3)CC2)C1,4.92,1,nM,CHEMBL1829622,-4.92,4.08,CHEMBL240,hERG,False,False,False
O=C(CNC(=O)c1cccc(C(F)(F)F)c1)NC1CN([C@H]2CC[C@](F)(c3ccccc3)CC2)C1,5.48,1,nM,CHEMBL1829636,-5.48,3.5199999999999996,CHEMBL240,hERG,False,False,False
O=C(CNC(=O)c1cccc(C(F)(F)F)c1)NC1CN([C@H]2CC[C@](O)(c3ccc(F)cc3)CC2)C1,5.55,1,nM,CHEMBL1829629,-5.55,3.45,CHEMBL240,hERG,False,False,False
O=C(CNC(=O)c1cccc(C(F)(F)F)c1)NC1CN([C@H]2CC[C@](O)(c3ccc4c(c3)OCC4)CC2)C1,4.93,1,nM,CHEMBL1829634,-4.93,4.07,CHEMBL240,hERG,False,False,False
O=C(CNC(=O)c1cccc(C(F)(F)F)c1)NC1CN([C@H]2CC[C@](O)(c3ccc4c(c3)OCO4)CC2)C1,4.87,1,nM,CHEMBL1829633,-4.87,4.13,CHEMBL240,hERG,False,False,False
O=C(CNC(=O)c1cccc(C(F)(F)F)c1)NC1CN([C@H]2CC[C@](O)(c3ccccc3)CC2)C1,5.0,1,nM,CHEMBL1829628,-5.0,4.0,CHEMBL240,hERG,False,False,False
O=C(CNC(=O)c1cccc(C(F)(F)F)c1)NC1CN([C@H]2CC[C@](O)(c3cccnc3)CC2)C1,4.46,1,nM,CHEMBL1829603,-4.46,4.54,CHEMBL240,hERG,False,False,False
O=C(CNC(=O)c1cccc(C(F)(F)F)c1)N[C@@H]1CCN(CCC2CCN(C(=O)c3cc(F)ccc3F)CC2)C1,5.0,1,nM,CHEMBL1092921,-5.0,4.0,CHEMBL240,hERG,False,False,False
O=C(CNC(=O)c1ccccc1)NC1CN([C@H]2CC[C@H](c3ccc4c(c3)OCO4)CC2)C1,5.55,1,nM,CHEMBL1829610,-5.55,3.45,CHEMBL240,hERG,False,False,False
O=C(CNCC1(O)CCCC1)N1CCc2ccccc2C1C1CCCCC1,4.11,1,nM,CHEMBL3356248,-4.11,4.89,CHEMBL240,hERG,False,False,False
O=C(CNCC1(O)CCCCC1)N1CCc2ccccc2C1C1CCCCC1,4.34,1,nM,CHEMBL3356247,-4.34,4.66,CHEMBL240,hERG,False,False,False
O=C(CNCC1(O)CCCCC1)N1CCc2ccccc2[C@@H]1C1CCCCC1,4.01,1,nM,CHEMBL3356251,-4.01,4.99,CHEMBL240,hERG,False,False,False
O=C(CNCC1(O)CCCCC1)N1CCc2ccccc2[C@H]1C1CCCCC1,4.12,1,nM,CHEMBL3356252,-4.12,4.88,CHEMBL240,hERG,False,False,False
O=C(CNCC1(O)CCCCCC1)N1CCc2ccccc2C1C1CCCCC1,4.3,1,nM,CHEMBL3356249,-4.3,4.7,CHEMBL240,hERG,False,False,False
O=C(CNCC1CCCCC1)N1CCc2ccccc2C1C1CCCCC1,4.58,1,nM,CHEMBL3356246,-4.58,4.42,CHEMBL240,hERG,False,False,False
O=C(CNCCc1c(Cl)cccc1Cl)N1CCc2ccccc2C1C1CCCCC1,4.26,1,nM,CHEMBL3356242,-4.26,4.74,CHEMBL240,hERG,False,False,False
O=C(CNc1cc(C(F)(F)F)nc2ccc(C(F)(F)F)cc12)NC1CN([C@H]2CC[C@@](O)(c3cncs3)CC2)C1,4.44,1,nM,CHEMBL2315939,-4.44,4.56,CHEMBL240,hERG,False,False,False
O=C(CNc1ccccc1C(F)(F)F)N1CCCN(Cc2nc3ccccc3[nH]2)CC1,5.88,1,nM,CHEMBL1098851,-5.88,3.12,CHEMBL240,hERG,False,False,False
O=C(CNc1ccnc2ccc(C(F)(F)F)cc12)NC1CN([C@H]2CC[C@@](O)(c3cncs3)CC2)C1,4.95,1,nM,CHEMBL2315941,-4.95,4.05,CHEMBL240,hERG,False,False,False
O=C(CNc1n[nH]c2ccc(C(F)(F)F)cc12)NC1CN([C@H]2CC[C@@H](O)CC2)C1,4.52,1,nM,CHEMBL1834646,-4.52,4.48,CHEMBL240,hERG,False,False,False
O=C(CNc1n[nH]c2ccc(C(F)(F)F)cc12)NC1CN([C@H]2CC[C@@H](c3ccc4c(c3)OCO4)CC2)C1,5.96,1,nM,CHEMBL1834632,-5.96,3.04,CHEMBL240,hERG,False,False,False
O=C(CNc1n[nH]c2ccc(C(F)(F)F)cc12)NC1CN([C@H]2CC[C@@H](c3ccccc3)CC2)C1,5.92,1,nM,CHEMBL1834631,-5.92,3.08,CHEMBL240,hERG,False,False,False
O=C(CNc1n[nH]c2ccc(C(F)(F)F)cc12)NC1CN([C@H]2CC[C@@H](c3cccnc3)CC2)C1,4.44,1,nM,CHEMBL1834787,-4.44,4.56,CHEMBL240,hERG,False,False,False
O=C(CNc1n[nH]c2ccc(C(F)(F)F)cc12)NC1CN([C@H]2CC[C@@H](n3ccccc3=O)CC2)C1,4.47,1,nM,CHEMBL1834636,-4.47,4.53,CHEMBL240,hERG,False,False,False
O=C(CNc1nc(C(F)(F)F)nc2ccc(C(F)(F)F)cc12)NC1CN([C@H]2CC[C@@](O)(c3cncs3)CC2)C1,4.49,1,nM,CHEMBL2315938,-4.49,4.51,CHEMBL240,hERG,False,False,False
O=C(CNc1nccc2ccc(C(F)(F)F)cc12)NC1CN([C@H]2CC[C@@](O)(c3cncs3)CC2)C1,4.48,1,nM,CHEMBL2316209,-4.48,4.52,CHEMBL240,hERG,False,False,False
O=C(CNc1ncnc2ccc(C(F)(F)F)cc12)NC1CN([C@H]2CC[C@@H](c3ccc(O)cn3)CC2)C1,4.89,1,nM,CHEMBL2315932,-4.89,4.11,CHEMBL240,hERG,False,False,False
O=C(CNc1ncnc2ccc(C(F)(F)F)cc12)NC1CN([C@H]2CC[C@@H](c3ccccc3)CC2)C1,5.28,1,nM,CHEMBL2315920,-5.28,3.7199999999999998,CHEMBL240,hERG,False,False,False
O=C(CNc1ncnc2ccc(C(F)(F)F)cc12)NC1CN([C@H]2CC[C@@H](c3ccccc3O)CC2)C1,5.18,1,nM,CHEMBL2315935,-5.18,3.8200000000000003,CHEMBL240,hERG,False,False,False
O=C(CNc1ncnc2ccc(C(F)(F)F)cc12)NC1CN([C@H]2CC[C@@H](c3ccccn3)CC2)C1,5.12,1,nM,CHEMBL2315934,-5.12,3.88,CHEMBL240,hERG,False,False,False
O=C(CNc1ncnc2ccc(C(F)(F)F)cc12)NC1CN([C@H]2CC[C@@H](c3cccnc3)CC2)C1,4.8,1,nM,CHEMBL2315931,-4.8,4.2,CHEMBL240,hERG,False,False,False
O=C(CNc1ncnc2ccc(C(F)(F)F)cc12)NC1CN([C@H]2CC[C@@](O)(c3ccccc3)CC2)C1,4.77,1,nM,CHEMBL2315921,-4.77,4.23,CHEMBL240,hERG,False,False,False
O=C(CNc1ncnc2ccc(C(F)(F)F)cc12)NC1CN([C@H]2CC[C@@](O)(c3ccns3)CC2)C1,4.55,1,nM,CHEMBL2315923,-4.55,4.45,CHEMBL240,hERG,False,False,False
O=C(CNc1nn(CCO)c2ccc(C(F)(F)F)cc12)NC1CN([C@H]2CC[C@@H](c3ccc4c(c3)OCO4)CC2)C1,5.12,1,nM,CHEMBL1834652,-5.12,3.88,CHEMBL240,hERG,False,False,False
O=C(CNc1noc2ccc(C(F)(F)F)cc12)NC1CN([C@H]2CC[C@@H](c3ccc4c(c3)OCO4)CC2)C1,5.72,1,nM,CHEMBL1834651,-5.72,3.2800000000000002,CHEMBL240,hERG,False,False,False
O=C(CNc1noc2ccc(C(F)(F)F)cc12)NC1CN([C@H]2CC[C@@H](c3cncs3)CC2)C1,7.8,1,nM,CHEMBL1834853,-7.8,1.2000000000000002,CHEMBL240,hERG,False,False,False
O=C(CNc1noc2ccc(C(F)(F)F)cc12)NC1CN([C@H]2CC[C@@H](c3nccs3)CC2)C1,7.96,1,nM,CHEMBL1834854,-7.96,1.04,CHEMBL240,hERG,False,False,False
O=C(CO)NC1CCN(Cc2ccc(Oc3nc4ccccc4s3)cc2)CC1,5.0,1,nM,CHEMBL479383,-5.0,4.0,CHEMBL240,hERG,False,False,False
O=C(COc1ccc(C(=O)c2cc(Cl)ccc2Br)cc1)Nc1ccc(Cl)c(C(=O)NCC2CC2)c1,7.75,1,nM,CHEMBL4748494,-7.75,1.25,CHEMBL240,hERG,False,False,False
O=C(COc1ccc(C(=O)c2cc(Cl)ccc2Br)cc1)Nc1cccc(C(=O)NC2CC2)c1,7.95,1,nM,CHEMBL4785272,-7.95,1.0499999999999998,CHEMBL240,hERG,False,False,False
O=C(COc1ccc(C(=O)c2cc(Cl)ccc2Br)cc1)Nc1cccc(C(=O)NCC2CC2)c1,7.58,1,nM,CHEMBL4800393,-7.58,1.42,CHEMBL240,hERG,False,False,False
O=C(COc1ccc(C(=O)c2cc(Cl)ccc2Br)cc1)Nc1cccnc1,7.46,1,nM,CHEMBL4750212,-7.46,1.54,CHEMBL240,hERG,False,False,False
O=C(COc1ccc(C(=O)c2cc(Cl)ccc2Br)cc1)Nc1ccnc(C(=O)NCC2CC2)c1,7.76,1,nM,CHEMBL4781787,-7.76,1.2400000000000002,CHEMBL240,hERG,False,False,False
O=C(COc1ccc(C(=O)c2cc(Cl)ccc2Br)cc1)Nc1ccnc(F)c1,7.75,1,nM,CHEMBL4779384,-7.75,1.25,CHEMBL240,hERG,False,False,False
O=C(COc1ccc(C(=O)c2cc(Cl)ccc2Br)cc1)Nc1ccncc1,7.36,1,nM,CHEMBL4791562,-7.36,1.6399999999999997,CHEMBL240,hERG,False,False,False
O=C(COc1ccc(C(=O)c2cc(Cl)ccc2Br)cc1)Nc1cncc(C(=O)NCC2CC2)c1,7.71,1,nM,CHEMBL4791538,-7.71,1.29,CHEMBL240,hERG,False,False,False
O=C(COc1ccc(C(=O)c2ccccc2Br)cc1)Nc1cccnc1,7.45,1,nM,CHEMBL3740963,-7.45,1.5499999999999998,CHEMBL240,hERG,False,False,False
O=C(COc1cccc(Cl)c1)NC1CCN(Cc2ccn(-c3ccc(C(F)(F)F)cc3)c2)CC1,6.25,3,nM,CHEMBL472363,-6.25,2.75,CHEMBL240,hERG,False,False,False
O=C(COc1cccc(Cl)c1)NC1CCN(Cc2ccn(-c3ccc(OC(F)(F)F)cc3)c2)CC1,6.31,1,nM,CHEMBL512185,-6.31,2.6900000000000004,CHEMBL240,hERG,False,False,False
O=C(CSc1nc2cc([N+](=O)[O-])ccc2[nH]1)Nc1ccc(Oc2ccccc2)cc1,5.08,1,nM,CHEMBL4441783,-5.08,3.92,CHEMBL240,hERG,False,False,False
O=C(Cc1ccc(-n2cnnn2)cc1)N1CCN(CCc2ccc([N+](=O)[O-])cc2)CC1,6.8,1,nM,CHEMBL2441433,-6.8,2.2,CHEMBL240,hERG,False,False,False
O=C(Cc1ccc(-n2cnnn2)cc1)N1CCN(CCc2ccc3c(c2)COC3)CC1,5.6,1,nM,CHEMBL2441440,-5.6,3.4000000000000004,CHEMBL240,hERG,False,False,False
O=C(Cc1ccc(-n2cnnn2)cc1)N1CCN(CCc2ccc3nonc3c2)CC1,5.89,1,nM,CHEMBL2441436,-5.89,3.1100000000000003,CHEMBL240,hERG,False,False,False
O=C(Cc1ccc(C(F)(F)F)cc1C(F)(F)F)N[C@@H]1N=C(c2ccccc2)c2ccccc2N(CC(F)(F)F)C1=O,5.22,1,nM,CHEMBL16900,-5.22,3.7800000000000002,CHEMBL240,hERG,False,False,False
O=C(Cc1ccc(OCC[C@@H]2C[C@@H]2C2CCN(c3ncc(Cl)cn3)CC2)c(F)c1)N1CCC1,5.46,1,nM,CHEMBL4099186,-5.46,3.54,CHEMBL240,hERG,False,False,False
O=C(Cc1ccc(OCC[C@@H]2C[C@@H]2C2CCN(c3ncc(Cl)cn3)CC2)cc1)N1CCC1,5.13,1,nM,CHEMBL4060838,-5.13,3.87,CHEMBL240,hERG,False,False,False
O=C(Cc1ccc(OCC[C@@H]2C[C@@H]2C2CCN(c3ncc(Cl)cn3)CC2)cc1F)N1CC(O)C1,5.28,1,nM,CHEMBL4080222,-5.28,3.7199999999999998,CHEMBL240,hERG,False,False,False
O=C(Cc1ccc(OCC[C@@H]2C[C@@H]2C2CCN(c3ncc(Cl)cn3)CC2)cc1F)N1CCC1,5.48,1,nM,CHEMBL4104464,-5.48,3.5199999999999996,CHEMBL240,hERG,False,False,False
O=C(Cc1ccc(OCC[C@@H]2C[C@@H]2C2CCN(c3ncc(Cl)cn3)CC2)cc1F)N1CCCCC1,5.48,1,nM,CHEMBL4070965,-5.48,3.5199999999999996,CHEMBL240,hERG,False,False,False
O=C(Cc1ccc(OCC[C@@H]2C[C@@H]2C2CCN(c3ncc(Cl)cn3)CC2)nc1)N1CCC1,5.68,1,nM,CHEMBL4081159,-5.68,3.3200000000000003,CHEMBL240,hERG,False,False,False
O=C(Cc1ccc([N+](=O)[O-])cc1)N1CCN(CCc2ccc([N+](=O)[O-])cc2)CC1,7.34,1,nM,CHEMBL2441430,-7.34,1.6600000000000001,CHEMBL240,hERG,False,False,False
O=C(Cc1ccccc1)NC1CCN(CCCN2C(=O)COc3ccccc32)CC1,4.7,1,nM,CHEMBL1242923,-4.7,4.3,CHEMBL240,hERG,False,False,False
O=C(Cc1ccccc1)NCCN(c1ccccc1)c1ccccc1,5.105,2,nM,CHEMBL2046894,-5.105,3.8949999999999996,CHEMBL240,hERG,False,False,False
O=C(Cn1ccc2ncc(-c3cccc(C(F)(F)F)c3)cc21)N1CCC1,5.28,1,nM,CHEMBL4515350,-5.28,3.7199999999999998,CHEMBL240,hERG,False,False,False
O=C(Cn1cnc2ccccc2c1=O)Nc1ccc(C[C@@H]2CC[C@H]([C@H](O)c3ccccc3)N2)cc1,5.7,1,nM,CHEMBL3764774,-5.7,3.3,CHEMBL240,hERG,False,False,False
O=C(N1CCCCC1)N1CC(O[C@@H](c2ccc(Cl)cc2)c2cccnc2Cl)C1,4.51,1,nM,CHEMBL555563,-4.51,4.49,CHEMBL240,hERG,False,False,False
O=C(N1CCN(C2CC2)CC1)N1Cc2ccccc2C1,4.28,1,nM,CHEMBL373860,-4.28,4.72,CHEMBL240,hERG,True,True,True
O=C(N1CCN(C2CCCC2)CC1)N1Cc2ccccc2C1,4.91,1,nM,CHEMBL441705,-4.91,4.09,CHEMBL240,hERG,True,True,True
O=C(N1CCN(Cc2ccc3c(c2)OCO3)CC1)N1CCSc2ccccc2C1,5.36,1,nM,CHEMBL3909873,-5.36,3.6399999999999997,CHEMBL240,hERG,False,False,False
O=C(N1CCOCC1)N1CCN(c2cnc3cc(C(F)(F)F)cc(NCc4cccc([N+](=O)[O-])c4)c3c2)CC1,6.41,1,nM,CHEMBL3221109,-6.41,2.59,CHEMBL240,hERG,False,False,False
O=C(N1CCc2ncc(C(F)(F)F)cc2C1)[C@@]12CCCC[C@@H]1C[C@@H](NC1CCOCC1)C2,4.41,1,nM,CHEMBL2314064,-4.41,4.59,CHEMBL240,hERG,False,False,False
O=C(N1CCc2ncc(C(F)(F)F)cc2C1)[C@@]12CCC[C@@H]1C[C@@H](NC1CCCC1)C2,4.47,1,nM,CHEMBL2314056,-4.47,4.53,CHEMBL240,hERG,False,False,False
O=C(N1CCc2ncc(C(F)(F)F)cc2C1)[C@@]12CCC[C@@H]1C[C@@H](NC1CCCCC1)C2,4.47,1,nM,CHEMBL2314057,-4.47,4.53,CHEMBL240,hERG,False,False,False
O=C(N1CCc2ncc(C(F)(F)F)cc2C1)[C@@]12CCC[C@@H]1C[C@@H](NC1CCCCCC1)C2,4.83,1,nM,CHEMBL2314058,-4.83,4.17,CHEMBL240,hERG,False,False,False
O=C(N1CCc2ncc(C(F)(F)F)cc2C1)[C@@]12CCC[C@@H]1C[C@@H](NC1CCOCC1)C2,4.59,1,nM,CHEMBL2314061,-4.59,4.41,CHEMBL240,hERG,False,False,False
O=C(N1CCc2ncc(C(F)(F)F)cc2C1)[C@@]12CCC[C@@H]1C[C@@H](NC1CCSCC1)C2,4.64,1,nM,CHEMBL2314059,-4.64,4.36,CHEMBL240,hERG,False,False,False
O=C(N1CCc2ncc(C(F)(F)F)cc2C1)[C@@]12CCC[C@@H]1C[C@@H](NCC1CCOCC1)C2,4.33,1,nM,CHEMBL2314062,-4.33,4.67,CHEMBL240,hERG,False,False,False
O=C(N1CCc2ncc(C(F)(F)F)cc2C1)[C@@]12CCO[C@@H]1C[C@@H](N1CCC(c3ccccc3)CC1)C2,5.24,1,nM,CHEMBL3263282,-5.24,3.76,CHEMBL240,hERG,False,False,False
O=C(N1CCc2ncc(C(F)(F)F)cc2C1)[C@@]12CCO[C@@H]1C[C@@H](NC1CCOCC1)C2,4.37,1,nM,CHEMBL3263279,-4.37,4.63,CHEMBL240,hERG,False,False,False
O=C(N1Cc2ccccc2C1)N1CCC[C@H]1CN1CCCC1,4.55,1,nM,CHEMBL384427,-4.55,4.45,CHEMBL240,hERG,False,False,False
O=C(NC(c1ccc(Cl)cc1)c1ccc(Cl)cc1)[C@@H]1CC[C@@H](N2CCOCC2)C[C@H]1c1ccc(Br)cc1,7.41,1,nM,CHEMBL3086035,-7.41,1.5899999999999999,CHEMBL240,hERG,False,False,False
O=C(NC(c1ccc(Cl)cc1)c1ccc(F)cn1)[C@@H]1CC[C@@H](N2CCOCC2)C[C@H]1c1ccc(Br)cc1,6.75,1,nM,CHEMBL3086041,-6.75,2.25,CHEMBL240,hERG,False,False,False
O=C(NC(c1ccc(Cl)cc1)c1ccnc(F)c1)[C@@H]1CC[C@@H](N2CCOCC2)C[C@H]1c1ccc(Br)cc1,6.23,1,nM,CHEMBL3086040,-6.23,2.7699999999999996,CHEMBL240,hERG,False,False,False
O=C(NC(c1ccc(Cl)cc1)c1ccncc1Cl)[C@@H]1CC[C@@H](N2CCOCC2)C[C@H]1c1ccc(Br)cc1,6.16,1,nM,CHEMBL3086039,-6.16,2.84,CHEMBL240,hERG,False,False,False
O=C(NC(c1ccc(Cl)cc1)c1cnccn1)[C@@H]1CC[C@@H](N2CCOCC2)C[C@H]1c1ccc(Br)cc1,6.0,1,nM,CHEMBL3086042,-6.0,3.0,CHEMBL240,hERG,False,False,False
O=C(NC(c1ccc(Cl)cc1)c1ncccn1)[C@@H]1CC[C@@H](N2CCOCC2)C[C@H]1c1ccc(Br)cc1,5.92,1,nM,CHEMBL3086043,-5.92,3.08,CHEMBL240,hERG,False,False,False
O=C(NC(c1ccc(F)cc1)c1ccc(F)cc1)[C@@H]1CC[C@@H](N2CCOCC2)C[C@H]1c1ccc(Br)cc1,7.0,1,nM,CHEMBL3086036,-7.0,2.0,CHEMBL240,hERG,False,False,False
O=C(NC(c1ccccc1)c1ccccc1)[C@@H]1CC[C@@H](N2CCOCC2)C[C@H]1c1ccc(Br)cc1,6.28,1,nM,CHEMBL3086048,-6.28,2.7199999999999998,CHEMBL240,hERG,False,False,False
O=C(NC(c1ccccc1)c1ccccc1)[C@@H]1CC[C@@H](N2CCOCC2)C[C@H]1c1ccccc1,6.77,1,nM,CHEMBL3086047,-6.77,2.2300000000000004,CHEMBL240,hERG,False,False,False
O=C(NC(c1ccncc1)c1ccc(Cl)cc1)[C@@H]1CC[C@@H](N2CCOCC2)C[C@H]1c1ccc(Br)cc1,5.72,1,nM,CHEMBL3086037,-5.72,3.2800000000000002,CHEMBL240,hERG,False,False,False
O=C(NC(c1ccncc1)c1ccc(F)cc1)[C@@H]1CC[C@@H](N2CCOCC2)C[C@H]1c1ccc(Br)cc1,5.08,1,nM,CHEMBL3085780,-5.08,3.92,CHEMBL240,hERG,False,False,False
O=C(NC1CC1)c1cc(NCc2cnc(Nc3ccccn3)s2)c(F)cc1F,4.78,1,nM,CHEMBL377734,-4.78,4.22,CHEMBL240,hERG,False,False,False
O=C(NC1CC1)c1ccc(-c2ccc3c(c2)CCN(CCN2CCCC2)C3=O)cc1,4.96,1,nM,CHEMBL2031871,-4.96,4.04,CHEMBL240,hERG,True,True,True
O=C(NC1CC1)c1ccc(F)cc1OC[C@@H](O)CN1CCC2(CC1)Cc1cc(Cl)ccc1O2,7.42,1,nM,CHEMBL2391939,-7.42,1.58,CHEMBL240,hERG,False,False,False
O=C(NC1CC1)c1ccc(O)cc1OC[C@@H](O)CN1CCC2(CC1)Cc1cc(Cl)ccc1O2,6.52,1,nM,CHEMBL2391795,-6.52,2.4800000000000004,CHEMBL240,hERG,False,False,False
O=C(NC1CC1)c1ccc(OCC2CC2C2CCN(c3ncc(Cl)cn3)CC2)cc1F,5.77,2,nM,CHEMBL1771097,-5.77,3.2300000000000004,CHEMBL240,hERG,False,False,False
O=C(NC1CC1)c1ccc(OCC2CC2CC2CCN(c3ncc(Cl)cn3)CC2)cc1F,5.92,1,nM,CHEMBL1771099,-5.92,3.08,CHEMBL240,hERG,False,False,False
O=C(NC1CC1)c1ccc(OCCC2CC2C2CCN(c3ncc(Cl)cn3)CC2)cc1F,5.58,1,nM,CHEMBL1771098,-5.58,3.42,CHEMBL240,hERG,False,False,False
O=C(NC1CC1)c1cn(-c2cccc(-c3cccnc3)c2)c2ncccc2c1=O,4.47,1,nM,CHEMBL519355,-4.47,4.53,CHEMBL240,hERG,False,False,False
O=C(NC1CC1)c1cn(-c2cccc(-c3ccncc3)c2)c2ncccc2c1=O,4.73,1,nM,CHEMBL484754,-4.73,4.27,CHEMBL240,hERG,False,False,False
O=C(NC1CC1)c1cn(-c2cccc(C#Cc3ccc[n+]([O-])c3)c2)c2ncccc2c1=O,4.18,1,nM,CHEMBL485629,-4.18,4.82,CHEMBL240,hERG,False,False,False
O=C(NC1CC1)c1cn(-c2cccc(C#Cc3cccnc3)c2)c2ncccc2c1=O,4.78,1,nM,CHEMBL521509,-4.78,4.22,CHEMBL240,hERG,False,False,False
O=C(NC1CC1c1ccccc1)N1CCC(c2nc(-c3ccc4ccccc4n3)no2)CC1,5.58,1,nM,CHEMBL551921,-5.58,3.42,CHEMBL240,hERG,False,False,False
O=C(NC1CC1c1ccccc1)N1CCC(c2nc(-c3ccccc3C(F)(F)F)no2)CC1,5.22,1,nM,CHEMBL561788,-5.22,3.7800000000000002,CHEMBL240,hERG,False,False,False
O=C(NC1CC1c1ccccc1)N1CCC(c2nc(-c3cccnc3)no2)CC1,5.7,1,nM,CHEMBL564757,-5.7,3.3,CHEMBL240,hERG,False,False,False
O=C(NC1CC1c1ccccc1)N1CCC(c2nc(-c3ccncc3)no2)CC1,5.0,1,nM,CHEMBL556487,-5.0,4.0,CHEMBL240,hERG,False,False,False
O=C(NC1CC1c1ccccc1)N1CCC(c2nc(-c3cnccn3)no2)CC1,4.57,1,nM,CHEMBL557032,-4.57,4.43,CHEMBL240,hERG,False,False,False
O=C(NC1CC1c1ccccc1)N1CCC(c2nc(-c3nccc4ccccc34)no2)CC1,5.16,1,nM,CHEMBL552061,-5.16,3.84,CHEMBL240,hERG,False,False,False
O=C(NC1CC1c1ccccc1)N1CCC(c2nc3ccccc3o2)CC1,5.09,1,nM,CHEMBL552402,-5.09,3.91,CHEMBL240,hERG,False,False,False
O=C(NC1CC1c1ccccc1)N1CCC(c2nnco2)CC1,4.57,1,nM,CHEMBL561379,-4.57,4.43,CHEMBL240,hERG,False,False,False
O=C(NC1CCC1)c1ccc(-c2ccc3c(c2)CCN(CCN2CCCC2)C3=O)cc1,5.6,1,nM,CHEMBL2031872,-5.6,3.4000000000000004,CHEMBL240,hERG,True,True,True
O=C(NC1CCCC1)c1ccc(-c2ccc3c(c2)CCN(CCN2CCCC2)C3=O)cc1,5.09,1,nM,CHEMBL2031873,-5.09,3.91,CHEMBL240,hERG,True,True,True
O=C(NC1CCCCC1)[C@H](C1CCCCC1)n1c(-c2ccc(Cl)cc2)nc2cc(F)c(Cl)cc21,5.8,1,nM,CHEMBL1642362,-5.8,3.2,CHEMBL240,hERG,False,False,False
O=C(NC1CCCCC1)[C@H](C1CCCCC1)n1c(-c2ccc(Cl)cc2)nc2cc(F)c(F)cc21,5.85,1,nM,CHEMBL1668238,-5.85,3.1500000000000004,CHEMBL240,hERG,False,False,False
O=C(NC1CCCOC1)c1n[nH]c2ccc(-c3cccc(F)c3F)cc12,5.18,1,nM,CHEMBL4633607,-5.18,3.8200000000000003,CHEMBL240,hERG,False,False,False
O=C(NC1CCN(C2CCCCC2)CC1)c1cc(-c2ccc(F)cc2F)on1,5.82,1,nM,CHEMBL4794487,-5.82,3.1799999999999997,CHEMBL240,hERG,False,False,False
O=C(NC1CCN(C2CCCCC2)CC1)c1nnc(-c2ccc(F)cc2F)o1,5.57,1,nM,CHEMBL4746586,-5.57,3.4299999999999997,CHEMBL240,hERG,False,False,False
O=C(NC1CCN(C2CCCCC2)CC1)c1noc(-c2ccc(F)cc2F)n1,5.57,1,nM,CHEMBL4750452,-5.57,3.4299999999999997,CHEMBL240,hERG,False,False,False
O=C(NC1CCN(C2CCc3c2ccc2c3OCO2)CC1)c1cc(=O)c2cc(F)ccc2o1,5.23,1,nM,CHEMBL425257,-5.23,3.7699999999999996,CHEMBL240,hERG,False,False,False
O=C(NC1CCN(C2CCc3cc4c(cc32)OCO4)CC1)c1cc(=O)c2cc(F)ccc2o1,5.03,3,nM,CHEMBL214585,-5.03,3.9699999999999998,CHEMBL240,hERG,False,False,False
O=C(NC1CCN(C2CCc3cc4oc(=O)[nH]c4cc32)CC1)c1cc(=O)c2ccc(F)cc2o1,4.6,1,nM,CHEMBL384111,-4.6,4.4,CHEMBL240,hERG,False,False,False
O=C(NC1CCN(Cc2cc3c(cc2Cl)OCO3)CC1)c1cc(=O)c2ccc(F)cc2o1,7.87,1,nM,CHEMBL217105,-7.87,1.13,CHEMBL240,hERG,False,False,False
O=C(NC1CCN(Cc2ccc(OCC(F)(F)F)c(F)c2)CC1)c1cc(=O)c2ccc(F)cc2o1,5.8,1,nM,CHEMBL247689,-5.8,3.2,CHEMBL240,hERG,False,False,False
O=C(NC1CCN(Cc2ccc(OCCCN(C3CC3)C3CC3)c(F)c2)CC1)c1cc(=O)c2ccc(F)cc2o1,6.13,1,nM,CHEMBL247891,-6.13,2.87,CHEMBL240,hERG,False,False,False
O=C(NC1CCN(Cc2ccc(OCCCN3C(=O)CSC3=O)c(F)c2)CC1)c1cc(=O)c2ccc(F)cc2o1,5.07,1,nM,CHEMBL245844,-5.07,3.9299999999999997,CHEMBL240,hERG,False,False,False
O=C(NC1CCN(Cc2ccc(OCCCN3CCCCC3)c(F)c2)CC1)c1cc(=O)c2ccc(F)cc2o1,4.38,1,nM,CHEMBL248297,-4.38,4.62,CHEMBL240,hERG,False,False,False
O=C(NC1CCN(Cc2ccc(OCCCN3CCOCC3)c(F)c2)CC1)c1cc(=O)c2ccc(F)cc2o1,4.47,1,nM,CHEMBL247690,-4.47,4.53,CHEMBL240,hERG,False,False,False
O=C(NC1CCN(Cc2ccc3[nH]ccc3c2)CC1)c1cc(=O)c2ccc(F)cc2o1,5.22,1,nM,CHEMBL216180,-5.22,3.7800000000000002,CHEMBL240,hERG,False,False,False
O=C(NC1CCN(Cc2ccc3c(c2)OC(F)(F)O3)CC1)c1cc(=O)c2ccc(F)cc2o1,8.25,1,nM,CHEMBL217707,-8.25,0.75,CHEMBL240,hERG,False,False,False
O=C(NC1CCN(Cc2ccc3c(c2)OCCO3)CC1)c1cc(=O)c2ccc(F)cc2o1,7.91,1,nM,CHEMBL425448,-7.91,1.0899999999999999,CHEMBL240,hERG,False,False,False
O=C(NC1CCN(Cc2ccc3c(c2)OCO3)CC1)c1cc(=O)c2cc(Cl)c(Cl)cc2o1,8.85,1,nM,CHEMBL204828,-8.85,0.15000000000000036,CHEMBL240,hERG,False,False,False
O=C(NC1CCN(Cc2ccc3c(c2)OCO3)CC1)c1cc(=O)c2cc(F)c(Cl)cc2o1,7.98,1,nM,CHEMBL387418,-7.98,1.0199999999999996,CHEMBL240,hERG,False,False,False
O=C(NC1CCN(Cc2ccc3c(c2)OCO3)CC1)c1cc(=O)c2cc(F)c(F)cc2o1,8.21,1,nM,CHEMBL387178,-8.21,0.7899999999999991,CHEMBL240,hERG,False,False,False
O=C(NC1CCN(Cc2ccc3c(c2)OCO3)CC1)c1cc(=O)c2cc(F)ccc2o1,6.61,2,nM,CHEMBL214731,-6.61,2.3899999999999997,CHEMBL240,hERG,False,False,False
O=C(NC1CCN(Cc2ccc3c(c2)OCO3)CC1)c1cc(=O)c2ccc(Br)cc2o1,8.6,1,nM,CHEMBL217706,-8.6,0.40000000000000036,CHEMBL240,hERG,False,False,False
O=C(NC1CCN(Cc2ccc3c(c2)OCO3)CC1)c1cc(=O)c2ccc(Cl)cc2o1,8.44,1,nM,CHEMBL217789,-8.44,0.5600000000000005,CHEMBL240,hERG,False,False,False
O=C(NC1CCN(Cc2ccc3c(c2)OCO3)CC1)c1cc(=O)c2ccc(F)cc2o1,7.82,1,nM,CHEMBL214021,-7.82,1.1799999999999997,CHEMBL240,hERG,False,False,False
O=C(NC1CCN(Cc2ccc3c(c2)OCO3)CC1)c1cc(=O)c2ccc(O)cc2o1,7.2,1,nM,CHEMBL215631,-7.2,1.7999999999999998,CHEMBL240,hERG,False,False,False
O=C(NC1CCN(Cc2ccc3c(c2)OCO3)CC1)c1cc(=O)c2ccc(OC(F)F)cc2o1,8.44,1,nM,CHEMBL213715,-8.44,0.5600000000000005,CHEMBL240,hERG,False,False,False
O=C(NC1CCN(Cc2ccc3c(c2)OCO3)CC1)c1cc(=O)c2ccccc2o1,8.17,1,nM,CHEMBL214767,-8.17,0.8300000000000001,CHEMBL240,hERG,False,False,False
O=C(NC1CCN(Cc2ccc3cc[nH]c3c2)CC1)c1cc(=O)c2ccc(F)cc2o1,5.6,1,nM,CHEMBL274168,-5.6,3.4000000000000004,CHEMBL240,hERG,False,False,False
O=C(NC1CCN(Cc2ccc3ccc(=O)[nH]c3c2)CC1)c1cc(=O)c2ccc(F)cc2o1,4.07,1,nM,CHEMBL216482,-4.07,4.93,CHEMBL240,hERG,False,False,False
O=C(NC1CCN(Cc2ccc3ccc(=O)oc3c2)CC1)c1cc(=O)c2ccc(F)cc2o1,4.29,1,nM,CHEMBL386281,-4.29,4.71,CHEMBL240,hERG,False,False,False
O=C(NC1CCN(Cc2ccc3ncoc3c2)CC1)c1cc(=O)c2ccc(F)cc2o1,4.46,1,nM,CHEMBL216524,-4.46,4.54,CHEMBL240,hERG,False,False,False
O=C(NC1CCN(Cc2ccc3oc(=O)[nH]c3c2)CC1)c1cc(=O)c2ccc(F)cc2o1,4.6,1,nM,CHEMBL217435,-4.6,4.4,CHEMBL240,hERG,False,False,False
O=C(NC1CCN(Cc2ccc3oc(=O)oc3c2)CC1)c1cc(=O)c2ccc(F)cc2o1,4.07,1,nM,CHEMBL216323,-4.07,4.93,CHEMBL240,hERG,False,False,False
O=C(NC1CCN(Cc2ccc3occc3c2)CC1)c1cc(=O)c2ccc(F)cc2o1,5.28,1,nM,CHEMBL216554,-5.28,3.7199999999999998,CHEMBL240,hERG,False,False,False
O=C(NC1CCN(Cc2ccc3sccc3c2)CC1)c1cc(=O)c2ccc(F)cc2o1,5.86,1,nM,CHEMBL216104,-5.86,3.1399999999999997,CHEMBL240,hERG,False,False,False
O=C(NC1CCN(Cc2cccc(F)c2)CC1)c1cc(=O)c2ccc(F)cc2o1,7.67,1,nM,CHEMBL216225,-7.67,1.33,CHEMBL240,hERG,False,False,False
O=C(NC1CCN(Cc2ccccc2)CC1)c1cc(=O)c2ccc(F)cc2o1,7.7,1,nM,CHEMBL213761,-7.7,1.2999999999999998,CHEMBL240,hERG,False,False,False
O=C(NC1CCN(Cc2ccn(-c3ccc(C(F)(F)F)cc3)c2)CC1)N1CC(N2CCC(C(F)(F)F)CC2)C1,5.41,1,nM,CHEMBL550535,-5.41,3.59,CHEMBL240,hERG,False,False,False
O=C(NC1CCN(Cc2ccn(-c3ccc(C(F)(F)F)cc3)c2)CC1)N1CC(N2CCCOCC2)C1,5.52,1,nM,CHEMBL551281,-5.52,3.4800000000000004,CHEMBL240,hERG,False,False,False
O=C(NC1CCN(Cc2ccn(-c3ccc(C(F)(F)F)cc3)c2)CC1)N1CCC(O)(Cc2ccccc2)CC1,5.1,1,nM,CHEMBL558726,-5.1,3.9000000000000004,CHEMBL240,hERG,False,False,False
O=C(NC1CCN(Cc2ccn(-c3ccc(C(F)(F)F)cc3)c2)CC1)N1CCC(c2ccccc2O)CC1,5.38,1,nM,CHEMBL551886,-5.38,3.62,CHEMBL240,hERG,False,False,False
O=C(NC1CCN(Cc2ccn(-c3ccc(C(F)(F)F)cc3)c2)CC1)N1CCCC(C(=O)N2CCCC2)C1,4.93,1,nM,CHEMBL551684,-4.93,4.07,CHEMBL240,hERG,False,False,False
O=C(NC1CCN(Cc2ccn(-c3ccc(C(F)(F)F)cc3)c2)CC1)N1CCCC(CO)C1,5.31,1,nM,CHEMBL551543,-5.31,3.6900000000000004,CHEMBL240,hERG,False,False,False
O=C(NC1CCN(Cc2ccn(-c3ccc(C(F)(F)F)cc3)c2)CC1)N1CCCC1Cc1cccnc1,5.76,1,nM,CHEMBL564501,-5.76,3.24,CHEMBL240,hERG,False,False,False
O=C(NC1CCN(Cc2ccn(-c3ccc(C(F)(F)F)cc3)c2)CC1)N1CCCC1c1ccc(F)cc1,5.74,1,nM,CHEMBL550876,-5.74,3.26,CHEMBL240,hERG,False,False,False
O=C(NC1CCN(Cc2ccn(-c3ccc(C(F)(F)F)cc3)c2)CC1)N1CCCC1c1cccnc1,5.51,1,nM,CHEMBL560283,-5.51,3.49,CHEMBL240,hERG,False,False,False
O=C(NC1CCN(Cc2ccn(-c3ccc(C(F)(F)F)cc3)c2)CC1)N1CCCCC1CCO,5.51,1,nM,CHEMBL558928,-5.51,3.49,CHEMBL240,hERG,False,False,False
O=C(NC1CCN(Cc2ccn(-c3ccc(C(F)(F)F)cc3)c2)CC1)N1CCn2cccc2C1c1ccccc1,5.89,1,nM,CHEMBL550068,-5.89,3.1100000000000003,CHEMBL240,hERG,False,False,False
O=C(NC1CCN(Cc2ccn(-c3ccc(C(F)(F)F)cc3)c2)CC1)NC(CN1CCOCC1)c1ccccc1,5.16,1,nM,CHEMBL550816,-5.16,3.84,CHEMBL240,hERG,False,False,False
O=C(NC1CCN(Cc2ccn(-c3ccc(C(F)(F)F)cc3)c2)CC1)NC(Cc1cnccn1)c1ccccc1,5.27,1,nM,CHEMBL562285,-5.27,3.7300000000000004,CHEMBL240,hERG,False,False,False
O=C(NC1CCN(Cc2ccn(-c3ccc(C(F)(F)F)cc3)c2)CC1)NC(Cn1cccn1)c1ccccc1,5.39,1,nM,CHEMBL556927,-5.39,3.6100000000000003,CHEMBL240,hERG,False,False,False
O=C(NC1CCN(Cc2ccn(-c3ccc(C(F)(F)F)cc3)c2)CC1)NC(c1ccccc1)c1ccccc1,5.42,1,nM,CHEMBL558052,-5.42,3.58,CHEMBL240,hERG,False,False,False
O=C(NC1CCN(Cc2ccn(-c3ccc(C(F)(F)F)cc3)c2)CC1)NC(c1ccccc1)c1ncc[nH]1,4.9,1,nM,CHEMBL563791,-4.9,4.1,CHEMBL240,hERG,False,False,False
O=C(NC1CCN(Cc2ccn(-c3ccc(C(F)(F)F)cc3)c2)CC1)N[C@@H](CO)c1ccccc1,4.59,1,nM,CHEMBL563005,-4.59,4.41,CHEMBL240,hERG,False,False,False
O=C(NC1CCN(Cc2ccn(-c3ccc(C(F)(F)F)cc3)c2)CC1)N[C@H](CO)c1ccccc1,4.62,1,nM,CHEMBL557329,-4.62,4.38,CHEMBL240,hERG,False,False,False
O=C(NC1CCN(Cc2ccn(-c3ccc(C(F)(F)F)cc3)c2)CC1)c1c[nH]c(=O)c(Cl)c1,4.71,1,nM,CHEMBL559691,-4.71,4.29,CHEMBL240,hERG,False,False,False
O=C(NC1CCOC1)c1n[nH]c2ccc(-c3cccc(F)c3F)cc12,4.88,1,nM,CHEMBL4633141,-4.88,4.12,CHEMBL240,hERG,False,False,False
O=C(NC1CCOCC1)c1n[nH]c2ccc(-c3cccc(F)c3F)cc12,5.75,1,nM,CHEMBL4633727,-5.75,3.25,CHEMBL240,hERG,False,False,False
O=C(NC1CCS(=O)(=O)C1)c1n[nH]c2ccc(-c3cccc(F)c3F)cc12,4.84,1,nM,CHEMBL4633136,-4.84,4.16,CHEMBL240,hERG,False,False,False
O=C(NC1CCS(=O)(=O)CC1)c1n[nH]c2ccc(-c3cccc(F)c3F)cc12,5.68,1,nM,CHEMBL4645145,-5.68,3.3200000000000003,CHEMBL240,hERG,False,False,False
O=C(NC1CCc2ccccc2C1)N1CCC(c2nc(-c3ccccn3)no2)CC1,5.22,1,nM,CHEMBL550242,-5.22,3.7800000000000002,CHEMBL240,hERG,False,False,False
O=C(NC1CCc2ccccc2CC1)N1CCC(c2nc(-c3ccccn3)no2)CC1,4.6,1,nM,CHEMBL562926,-4.6,4.4,CHEMBL240,hERG,False,False,False
O=C(NC1CNC1)c1cccn2c(=O)c3ccc4ccccc4c3nc12,5.4,1,nM,CHEMBL5075517,-5.4,3.5999999999999996,CHEMBL240,hERG,False,False,False
O=C(NCC(=O)N1CC[C@H](N[C@H]2CC[C@@](O)(c3ccc(-c4cccnc4)cn3)CC2)C1)c1cccc(C(F)(F)F)c1,4.52,1,nM,CHEMBL2029418,-4.52,4.48,CHEMBL240,hERG,False,False,False
O=C(NCC(=O)N1CC[C@H](N[C@H]2CC[C@@](O)(c3ccc(-c4ccncc4)cn3)CC2)C1)c1cccc(C(F)(F)F)c1,4.89,1,nM,CHEMBL2029419,-4.89,4.11,CHEMBL240,hERG,False,False,False
O=C(NCC(=O)N1CC[C@H](N[C@H]2CC[C@@](O)(c3ccc(-c4ncccn4)cn3)CC2)C1)c1cccc(C(F)(F)F)c1,4.7,1,nM,CHEMBL2029422,-4.7,4.3,CHEMBL240,hERG,False,False,False
O=C(NCC1(N2CCCC2)CCCC1)N1CCC(c2nc(-c3ccc4ccccc4n3)no2)CC1,5.15,1,nM,CHEMBL1822304,-5.15,3.8499999999999996,CHEMBL240,hERG,False,False,False
O=C(NCC1(N2CCCCC2)CCCC1)N1CCC(c2nc(-c3ccc4ccccc4n3)no2)CC1,5.24,1,nM,CHEMBL1822442,-5.24,3.76,CHEMBL240,hERG,False,False,False
O=C(NCC1(N2CCOCC2)CCCC1)N1CCC(c2nc(-c3ccc4ccccc4n3)no2)CC1,5.0,1,nM,CHEMBL1822294,-5.0,4.0,CHEMBL240,hERG,False,False,False
O=C(NCC1(N2CCOCC2)CCCCC1)N1CCC(c2nc(-c3ccc4ccccc4n3)no2)CC1,5.37,1,nM,CHEMBL1822302,-5.37,3.63,CHEMBL240,hERG,False,False,False
O=C(NCC1(O)CCCCC1)C1CCN(Cc2ccn(-c3ccc(C(F)(F)F)cc3)c2)CC1,4.93,1,nM,CHEMBL557715,-4.93,4.07,CHEMBL240,hERG,False,False,False
O=C(NCC1CCCCN1)c1cc(OCC(F)(F)F)ccc1OCC(F)(F)F,5.41,4,nM,CHEMBL652,-5.41,3.59,CHEMBL240,hERG,False,False,False
O=C(NCC1CCCO1)c1n[nH]c2ccc(-c3cccc(F)c3F)cc12,4.96,1,nM,CHEMBL4635900,-4.96,4.04,CHEMBL240,hERG,False,False,False
O=C(NCC1CCCOC1)c1n[nH]c2ccc(-c3cccc(F)c3F)cc12,4.65,1,nM,CHEMBL4635680,-4.65,4.35,CHEMBL240,hERG,False,False,False
O=C(NCC1CCN(C(=O)CCCCC(c2ccc(F)cc2)c2ccc(F)cc2)C1)c1cc(C(F)(F)F)cc(C(F)(F)F)c1,6.16,1,nM,CHEMBL2031978,-6.16,2.84,CHEMBL240,hERG,False,False,False
O=C(NCC1CCN(CCCCCC(c2ccc(F)cc2)c2ccc(F)cc2)C1)c1cc(C(F)(F)F)cc(C(F)(F)F)c1,7.0,1,nM,CHEMBL2031982,-7.0,2.0,CHEMBL240,hERG,False,False,False
O=C(NCC1CCN(Cc2ccc(Br)nc2)CC1)c1cc(Cl)cc(Cl)c1,6.18,1,nM,CHEMBL523535,-6.18,2.8200000000000003,CHEMBL240,hERG,False,False,False
O=C(NCC1CCN(Cc2cccc(C(F)(F)F)c2)CC1)c1cc(Cl)cc(Cl)c1,6.32,1,nM,CHEMBL523525,-6.32,2.6799999999999997,CHEMBL240,hERG,False,False,False
O=C(NCC1CCOC1)c1n[nH]c2ccc(-c3cccc(F)c3F)cc12,5.37,1,nM,CHEMBL4634867,-5.37,3.63,CHEMBL240,hERG,False,False,False
O=C(NCC1CCOCC1)c1n[nH]c2ccc(-c3cccc(F)c3F)cc12,5.39,1,nM,CHEMBL4641082,-5.39,3.6100000000000003,CHEMBL240,hERG,False,False,False
O=C(NCC1CCOCC1)c1n[nH]c2ccc(-c3cccnc3)cc12,4.31,1,nM,CHEMBL4638321,-4.31,4.69,CHEMBL240,hERG,False,False,False
O=C(NCC1CCOCC1)c1n[nH]c2ccc(-c3cnccc3CO)cc12,4.38,1,nM,CHEMBL4641148,-4.38,4.62,CHEMBL240,hERG,False,False,False
O=C(NCCCCN1CCCCC1)Nc1ccc(-c2ccc(F)cc2)nc1,5.89,1,nM,CHEMBL1083787,-5.89,3.1100000000000003,CHEMBL240,hERG,False,False,False
O=C(NCCCCN1CCN(c2ccccc2)CC1)c1ccc2ncccc2c1,5.0,1,nM,CHEMBL3358509,-5.0,4.0,CHEMBL240,hERG,False,False,False
O=C(NCCCN1CCCC1)c1cccn2c(=O)c3ccc4ccccc4c3nc12,5.35,1,nM,CHEMBL5092554,-5.35,3.6500000000000004,CHEMBL240,hERG,False,False,False
O=C(NCCCN1CCCCC1)Nc1ccc(S(=O)(=O)Nc2ccccc2C(=O)c2ccccc2)cc1,6.0,1,nM,CHEMBL487445,-6.0,3.0,CHEMBL240,hERG,True,True,True
O=C(NCCCNc1nc2ccccc2[nH]1)c1cc(Cl)cc(Cl)c1,5.93,1,nM,CHEMBL3581787,-5.93,3.0700000000000003,CHEMBL240,hERG,False,False,False
O=C(NCCCNc1nc2ccccc2[nH]1)c1ccnc(C(F)(F)F)c1,4.65,1,nM,CHEMBL3581788,-4.65,4.35,CHEMBL240,hERG,False,False,False
O=C(NCCN1CCC(F)(F)CC1)c1ccc(CN2CCC(NC(=O)c3cc(=O)c4ccc(F)cc4o3)CC2)cc1,5.2,1,nM,CHEMBL246051,-5.2,3.8,CHEMBL240,hERG,False,False,False
O=C(NCCN1CCC(O)(Cc2ccc(F)cc2)CC1)Nc1ccnc2ccsc12,5.3,1,nM,CHEMBL3358687,-5.3,3.7,CHEMBL240,hERG,False,False,False
O=C(NCCN1CCCC1)c1cc(-c2ccc(CN3CCOCC3)cc2)nc2ccc(F)cc12,4.8,1,nM,CHEMBL4091762,-4.8,4.2,CHEMBL240,hERG,False,False,False
O=C(NCCN1CCCC1)c1cc(-c2ccc(S(=O)(=O)N3CCOCC3)cc2)nc2ccc(F)cc12,4.96,1,nM,CHEMBL4783407,-4.96,4.04,CHEMBL240,hERG,False,False,False
O=C(NCCN1CCCC1)c1ccc(CN2CCC(NC(=O)c3cc(=O)c4ccc(F)cc4o3)CC2)c(Cl)c1,4.96,1,nM,CHEMBL246258,-4.96,4.04,CHEMBL240,hERG,False,False,False
O=C(NCCN1CCCC1)c1cccn2c(=O)c3ccc4ccccc4c3nc12,5.44,1,nM,CHEMBL5091818,-5.44,3.5599999999999996,CHEMBL240,hERG,False,False,False
O=C(NCCN1CCCCC1)c1ccc(CN2CCC(NC(=O)c3cc(=O)c4ccc(F)cc4o3)CC2)cc1,4.18,1,nM,CHEMBL246050,-4.18,4.82,CHEMBL240,hERG,False,False,False
O=C(NCCN1CCCCC1)c1ccc(Oc2ncc(Cl)cc2NS(=O)(=O)c2ccc(Cl)c(C(F)(F)F)c2)cc1,5.3,1,nM,CHEMBL1924014,-5.3,3.7,CHEMBL240,hERG,False,False,False
O=C(NCCN1CCCCC1)c1cccn2c(=O)c3ccc4ccccc4c3nc12,5.43,1,nM,CHEMBL5091051,-5.43,3.5700000000000003,CHEMBL240,hERG,False,False,False
O=C(NCCN1CCOCC1)c1ccc(Cl)cc1,4.1,1,nM,CHEMBL86304,-4.1,4.9,CHEMBL240,hERG,False,False,False
O=C(NCCN1CC[C@@H](F)C1)c1cccn2c(=O)c3ccc4ccccc4c3nc12,5.08,1,nM,CHEMBL5089676,-5.08,3.92,CHEMBL240,hERG,False,False,False
O=C(NCCO)C1CCC(c2ncc(-c3cccc(C(F)(F)F)c3)[nH]2)CC1,6.3,1,nM,CHEMBL1671892,-6.3,2.7,CHEMBL240,hERG,False,False,False
O=C(NCC[C@@H](O)CN1CCN(c2cccc(Cl)c2Cl)CC1)c1cc2ccccc2[nH]1,6.42,1,nM,CHEMBL1627306,-6.42,2.58,CHEMBL240,hERG,True,True,True
O=C(NCCc1ccccc1-c1cccnc1)c1ccc(OCCC(F)(F)F)nc1,5.2,1,nM,CHEMBL2147213,-5.2,3.8,CHEMBL240,hERG,False,False,False
O=C(NCCc1ccccc1-c1cnc(OC(F)F)cn1)c1ccc(OCCC(F)(F)F)nc1,5.2,1,nM,CHEMBL2147212,-5.2,3.8,CHEMBL240,hERG,False,False,False
O=C(NCCc1ccccn1)C1CCN(Cc2ccn(-c3ccc(C(F)(F)F)cc3)c2)CC1,5.0,1,nM,CHEMBL560584,-5.0,4.0,CHEMBL240,hERG,False,False,False
O=C(NC[C@@H](O)CN1CCC(Oc2ccc(Cl)c(Cl)c2)CC1)c1c[nH]c(=O)c2c(F)cccc12,5.7,1,nM,CHEMBL2207656,-5.7,3.3,CHEMBL240,hERG,True,True,True
O=C(NC[C@@H](O)CN1CCC(Oc2ccc(Cl)c(Cl)c2)CC1)c1c[nH]c(=O)c2cc(S(=O)(=O)N3CCC3)ccc12,6.0,1,nM,CHEMBL2207654,-6.0,3.0,CHEMBL240,hERG,True,True,True
O=C(NC[C@@H](O)CN1CCC(Oc2ccc(Cl)c(Cl)c2)CC1)c1c[nH]c(=O)c2cc(S(=O)(=O)NC3CC3)ccc12,6.1,1,nM,CHEMBL2207285,-6.1,2.9000000000000004,CHEMBL240,hERG,True,True,True
O=C(NC[C@@H](O)CN1CCC(Oc2ccc(Cl)c(Cl)c2)CC1)c1c[nH]c(=O)c2cc(S(=O)(=O)NCCO)ccc12,5.3,1,nM,CHEMBL2207281,-5.3,3.7,CHEMBL240,hERG,True,True,True
O=C(NC[C@@H](O)CN1CCC(Oc2ccc(Cl)c(Cl)c2)CC1)c1c[nH]c(=O)c2ccc(F)cc12,5.9,1,nM,CHEMBL2207280,-5.9,3.0999999999999996,CHEMBL240,hERG,False,False,False
O=C(NC[C@@H](O)CN1CCC(Oc2ccc(Cl)c(Cl)c2)CC1)c1c[nH]c(=O)c2ccccc12,5.15,2,nM,CHEMBL2207666,-5.15,3.8499999999999996,CHEMBL240,hERG,True,True,True
O=C(NC[C@@H](O)CN1CCC(Oc2ccc(Cl)c(Cl)c2)CC1)c1c[nH]c(=O)cc1C(F)(F)F,5.15,2,nM,CHEMBL2207662,-5.15,3.8499999999999996,CHEMBL240,hERG,True,True,True
O=C(NC[C@@H](O)CN1CCC(Oc2ccc(Cl)c(Cl)c2)CC1)c1c[nH]c2ccccc12,5.7,1,nM,CHEMBL2208430,-5.7,3.3,CHEMBL240,hERG,True,True,True
O=C(NC[C@@H](O)CN1CCC(Oc2ccc(Cl)c(Cl)c2)CC1)c1c[nH]nc1C(F)(F)F,5.5,2,nM,CHEMBL2207658,-5.5,3.5,CHEMBL240,hERG,True,True,True
O=C(NC[C@@H](O)CN1CCC(Oc2ccc(Cl)c(Cl)c2)CC1)c1c[nH]nc1C1CC1,5.6,1,nM,CHEMBL2207661,-5.6,3.4000000000000004,CHEMBL240,hERG,True,True,True
O=C(NC[C@@H](O)CN1CCC(Oc2ccc(Cl)c(Cl)c2)CC1)c1cnnc2ccccc12,5.2,1,nM,CHEMBL2208435,-5.2,3.8,CHEMBL240,hERG,True,True,True
O=C(NC[C@@H](O)CN1CCC(Oc2ccc(Cl)c(Cl)c2)CC1)c1n[nH]c(=O)c2ccccc12,6.4,1,nM,CHEMBL2208431,-6.4,2.5999999999999996,CHEMBL240,hERG,False,False,False
O=C(NC[C@@H](O)CN1CCC(Oc2ccc(Cl)c(Cl)c2)CC1)c1n[nH]c2ccccc12,6.6,1,nM,CHEMBL2208429,-6.6,2.4000000000000004,CHEMBL240,hERG,True,True,True
O=C(NC[C@@H](O)CN1CCC(Oc2ccc(Cl)c(Cl)c2)CC1)n1c(=O)[nH]c2ccccc21,6.3,1,nM,CHEMBL2208432,-6.3,2.7,CHEMBL240,hERG,False,False,False
O=C(NC[C@@H]1CCCC[C@H]1O)NC1CCN(Cc2ccn(-c3ccc(C(F)(F)F)cc3)c2)CC1,5.13,1,nM,CHEMBL564243,-5.13,3.87,CHEMBL240,hERG,False,False,False
O=C(NC[C@@H]1CCN(C(=O)CCCCC(c2ccc(F)cc2)c2ccc(F)cc2)C1)c1cc(C(F)(F)F)cc(C(F)(F)F)c1,6.1,1,nM,CHEMBL2031991,-6.1,2.9000000000000004,CHEMBL240,hERG,False,False,False
O=C(NC[C@@H]1OC(=O)N2c3ccc(N4CCOCC4=O)cc3OC[C@@H]12)c1ccc(Cl)s1,4.1,1,nM,CHEMBL3330442,-4.1,4.9,CHEMBL240,hERG,False,False,False
O=C(NC[C@@H]1[C@H]2CN(C(=O)/C=C/c3cc(Cl)cc(Cl)c3)C[C@@H]12)c1ccc2[nH]c(=O)oc2c1,5.38,1,nM,CHEMBL4162641,-5.38,3.62,CHEMBL240,hERG,False,False,False
O=C(NC[C@@H]1[C@H]2CN(C(=O)C3CC3c3cc(Cl)cc(Cl)c3)C[C@@H]12)c1ccc2[nH]c(=O)oc2c1,5.33,1,nM,CHEMBL4170966,-5.33,3.67,CHEMBL240,hERG,False,False,False
O=C(NC[C@@H]1[C@H]2CN(C(=O)CCc3cc(Cl)cc(Cl)c3)C[C@@H]12)c1ccc2[nH]c(=O)oc2c1,5.09,1,nM,CHEMBL4173341,-5.09,3.91,CHEMBL240,hERG,False,False,False
O=C(NC[C@@H]1[C@H]2CN(C(=O)OCc3cc(C(F)(F)F)cc(C(F)(F)F)c3)C[C@@H]12)c1ccc2[nH]c(=O)oc2c1,5.28,1,nM,CHEMBL4169550,-5.28,3.7199999999999998,CHEMBL240,hERG,False,False,False
O=C(NC[C@@H]1[C@H]2C[C@H](n3cnc4cc(F)c(F)cc43)C[C@@H]12)c1ccc(Cl)cc1,5.32,1,nM,CHEMBL4862755,-5.32,3.6799999999999997,CHEMBL240,hERG,False,False,False
O=C(NC[C@H]1CCCC[C@H]1O)NC1CCN(Cc2ccn(-c3ccc(C(F)(F)F)cc3)c2)CC1,5.4,1,nM,CHEMBL559329,-5.4,3.5999999999999996,CHEMBL240,hERG,False,False,False
O=C(NC[C@H]1CCN(C(=O)CCCCC(c2ccc(F)cc2)c2ccc(F)cc2)C1)c1cc(C(F)(F)F)cc(C(F)(F)F)c1,6.12,1,nM,CHEMBL2031990,-6.12,2.88,CHEMBL240,hERG,False,False,False
O=C(NCc1c(O)cc(Cl)cc1Cl)C1CCN(Cc2ccn(-c3ccc(C(F)(F)F)cc3)c2)CC1,5.38,1,nM,CHEMBL562788,-5.38,3.62,CHEMBL240,hERG,False,False,False
O=C(NCc1cc(Cl)cc(Cl)c1)N(c1ccc(Br)cc1)C1CCN(C2CCCC2)CC1,7.21,1,nM,CHEMBL1089681,-7.21,1.79,CHEMBL240,hERG,False,False,False
O=C(NCc1ccc(Br)cc1)C1c2ccccc2C(=O)N1CCc1ccccn1,5.03,1,nM,CHEMBL2164384,-5.03,3.9699999999999998,CHEMBL240,hERG,False,False,False
O=C(NCc1ccc(C(F)(F)F)cc1)C1c2ccccc2C(=O)N1CCc1ccccn1,5.07,1,nM,CHEMBL2164387,-5.07,3.9299999999999997,CHEMBL240,hERG,False,False,False
O=C(NCc1ccc(C(F)(F)F)cc1)N1CCC[C@H]1CN1CCCC1,4.4,1,nM,CHEMBL218836,-4.4,4.6,CHEMBL240,hERG,False,False,False
O=C(NCc1ccc(CC(F)(F)F)cc1)C1c2ccccc2C(=O)N1CCc1ccccn1,4.85,1,nM,CHEMBL2164391,-4.85,4.15,CHEMBL240,hERG,False,False,False
O=C(NCc1ccc(Cl)cc1Cl)C1CCN(Cc2ccn(-c3ccc(C(F)(F)F)cn3)c2)CC1,5.46,1,nM,CHEMBL560063,-5.46,3.54,CHEMBL240,hERG,False,False,False
O=C(NCc1ccc(Cl)cc1Cl)N1CCN(Cc2ccn(-c3ccc(C(F)(F)F)cc3)c2)CC1,5.8,1,nM,CHEMBL554511,-5.8,3.2,CHEMBL240,hERG,False,False,False
O=C(NCc1ccc(Cl)cc1O)C1CCN(Cc2ccn(-c3ccc(C(F)(F)F)cc3)c2)CC1,5.81,1,nM,CHEMBL558442,-5.81,3.1900000000000004,CHEMBL240,hERG,False,False,False
O=C(NCc1ccc(F)cc1)N(c1ccc(Br)cc1)C1CCN(C2CCCC2)CC1,6.7,2,nM,CHEMBL1094030,-6.7,2.3,CHEMBL240,hERG,True,True,True
O=C(NCc1ccc(F)cc1)N(c1ccc(Br)cc1)C1CCN(CCO)CC1,5.1,2,nM,CHEMBL1089078,-5.1,3.9000000000000004,CHEMBL240,hERG,True,True,True
O=C(NCc1ccc(F)cc1)N(c1ccc(Cl)cc1)C1CCN(CCO)CC1,4.9,2,nM,CHEMBL1093113,-4.9,4.1,CHEMBL240,hERG,True,True,True
O=C(NCc1ccc(F)cc1)N(c1ccc(Cl)cc1)C1CCN(Cc2ccncc2)CC1,5.42,2,nM,CHEMBL1091834,-5.42,3.58,CHEMBL240,hERG,True,True,True
O=C(NCc1ccc(F)cc1)N(c1ccc(Cl)cc1)C1CCN(Cc2ccnnc2)CC1,4.92,2,nM,CHEMBL1093696,-4.92,4.08,CHEMBL240,hERG,True,True,True
O=C(NCc1ccc(O)cc1Cl)C1CCN(Cc2ccn(-c3ccc(C(F)(F)F)cc3)c2)CC1,5.81,1,nM,CHEMBL550308,-5.81,3.1900000000000004,CHEMBL240,hERG,False,False,False
O=C(NCc1ccc(OC(F)(F)F)c(Cl)c1)c1ccc(S(=O)(=O)Nc2nccs2)c(F)c1,4.75,1,nM,CHEMBL4276884,-4.75,4.25,CHEMBL240,hERG,False,False,False
O=C(NCc1ccc(OC(F)(F)F)cc1)C1c2c(F)cccc2C(=O)N1CCc1ccccn1,5.25,1,nM,CHEMBL2164368,-5.25,3.75,CHEMBL240,hERG,False,False,False
O=C(NCc1ccc(OC(F)(F)F)cc1)C1c2cccc(F)c2C(=O)N1CCc1ccccn1,5.09,1,nM,CHEMBL2164039,-5.09,3.91,CHEMBL240,hERG,False,False,False
O=C(NCc1ccc(OC(F)(F)F)cc1)C1c2ccccc2C(=O)N1C1CC(F)(F)C1,4.64,1,nM,CHEMBL2164376,-4.64,4.36,CHEMBL240,hERG,False,False,False
O=C(NCc1ccc(OC(F)(F)F)cc1)C1c2ccccc2C(=O)N1C1CCC(F)(F)CC1,4.85,1,nM,CHEMBL2164373,-4.85,4.15,CHEMBL240,hERG,False,False,False
O=C(NCc1ccc(OC(F)(F)F)cc1)C1c2ccccc2C(=O)N1CC(F)(F)c1ccccn1,5.01,1,nM,CHEMBL2164363,-5.01,3.99,CHEMBL240,hERG,False,False,False
O=C(NCc1ccc(OC(F)(F)F)cc1)C1c2ccccc2C(=O)N1CCC1CCOCC1,4.66,1,nM,CHEMBL2164397,-4.66,4.34,CHEMBL240,hERG,False,False,False
O=C(NCc1ccc(OC(F)(F)F)cc1)C1c2ccccc2C(=O)N1CCOc1ccccn1,5.31,1,nM,CHEMBL2164358,-5.31,3.6900000000000004,CHEMBL240,hERG,False,False,False
O=C(NCc1ccc(OC(F)(F)F)cc1)C1c2ccccc2C(=O)N1CCc1ccc(F)cn1,5.28,1,nM,CHEMBL2164047,-5.28,3.7199999999999998,CHEMBL240,hERG,False,False,False
O=C(NCc1ccc(OC(F)(F)F)cc1)C1c2ccccc2C(=O)N1CCc1ccccn1,5.34,3,nM,CHEMBL2164389,-5.34,3.66,CHEMBL240,hERG,False,False,False
O=C(NCc1ccc(OC(F)(F)F)cc1)C1c2ccccc2C(=O)N1CCc1cccnc1,5.26,1,nM,CHEMBL2164382,-5.26,3.74,CHEMBL240,hERG,False,False,False
O=C(NCc1ccc(OC(F)(F)F)cc1)C1c2ccccc2C(=O)N1CCc1ccncc1,5.29,1,nM,CHEMBL2164046,-5.29,3.71,CHEMBL240,hERG,False,False,False
O=C(NCc1ccc(OC(F)(F)F)cc1)C1c2ccccc2C(=O)N1CCc1cnccn1,5.04,1,nM,CHEMBL2164365,-5.04,3.96,CHEMBL240,hERG,False,False,False
O=C(NCc1ccc(OC(F)(F)F)cc1)C1c2ccccc2C(=O)N1CCc1ncc(F)cn1,5.26,1,nM,CHEMBL2164366,-5.26,3.74,CHEMBL240,hERG,False,False,False
O=C(NCc1ccc(OC(F)(F)F)cc1)C1c2ccccc2C(=O)N1CCc1ncccn1,4.8,1,nM,CHEMBL2164364,-4.8,4.2,CHEMBL240,hERG,False,False,False
O=C(NCc1ccc(OC(F)(F)F)cc1)C1c2ccccc2C(=O)N1C[C@@H]1CCCO1,4.77,1,nM,CHEMBL2164372,-4.77,4.23,CHEMBL240,hERG,False,False,False
O=C(NCc1ccc(OC(F)(F)F)cc1)C1c2ccccc2C(=O)N1Cc1ccc(C(F)(F)F)cn1,5.48,1,nM,CHEMBL2164359,-5.48,3.5199999999999996,CHEMBL240,hERG,False,False,False
O=C(NCc1ccc(OCC(F)(F)F)cc1)C1c2ccccc2C(=O)N1CCc1ccccn1,5.05,1,nM,CHEMBL2164392,-5.05,3.95,CHEMBL240,hERG,False,False,False
O=C(NCc1ccc(OCC(F)(F)F)nc1)C1c2ccccc2C(=O)N1CCc1ccccn1,4.8,1,nM,CHEMBL2164395,-4.8,4.2,CHEMBL240,hERG,False,False,False
O=C(NCc1ccc(OCCC(F)(F)F)nc1)C1c2ccccc2C(=O)N1CCc1ccccn1,4.7,1,nM,CHEMBL2164396,-4.7,4.3,CHEMBL240,hERG,False,False,False
O=C(NCc1ccc2[nH]ccc2c1)N1CC(COc2ccc(C(F)(F)F)cc2)C1,5.34,1,nM,CHEMBL4872371,-5.34,3.66,CHEMBL240,hERG,False,False,False
O=C(NCc1ccc2c(c1)CCCN2C(=O)c1cccc(Cl)c1)c1ccc(Cl)cc1,4.96,1,nM,CHEMBL4791214,-4.96,4.04,CHEMBL240,hERG,False,False,False
O=C(NCc1cccc(F)c1)NC1CCN(Cc2ccn(-c3ccc(C(F)(F)F)cc3)c2)CC1,5.92,1,nM,CHEMBL550410,-5.92,3.08,CHEMBL240,hERG,False,False,False
O=C(NCc1cccc(OC(F)(F)F)c1)C1c2ccccc2C(=O)N1CCc1ccccn1,4.68,1,nM,CHEMBL2164390,-4.68,4.32,CHEMBL240,hERG,False,False,False
O=C(NCc1cccc(OC(F)(F)F)c1)C1c2ccccc2C(=O)N1CCc1ncc(F)cn1,4.62,1,nM,CHEMBL2164042,-4.62,4.38,CHEMBL240,hERG,False,False,False
O=C(NCc1ccccc1)N(c1ccc(Br)cc1)C1CCN(C2CCCC2)CC1,6.75,2,nM,CHEMBL1094028,-6.75,2.25,CHEMBL240,hERG,True,True,True
O=C(NCc1ccccc1)N(c1ccc(Br)cc1)C1CCN(Cc2ccncc2)CC1,5.64,2,nM,CHEMBL1092108,-5.64,3.3600000000000003,CHEMBL240,hERG,True,True,True
O=C(NCc1ccccc1)N(c1ccc(Br)cc1)C1CCN(Cc2ccnnc2)CC1,4.86,2,nM,CHEMBL1092109,-4.86,4.14,CHEMBL240,hERG,True,True,True
O=C(NCc1cccnc1OCC(F)(F)F)c1cncc(-c2ccc(Cl)cc2)c1,4.72,1,nM,CHEMBL1270208,-4.72,4.28,CHEMBL240,hERG,False,False,False
O=C(NCc1nc2ccccc2[nH]1)NC1CCN(Cc2ccn(-c3ccc(C(F)(F)F)cc3)c2)CC1,4.83,1,nM,CHEMBL558533,-4.83,4.17,CHEMBL240,hERG,False,False,False
O=C(NNC(=S)Nc1ccc(Cl)c(Cl)c1)c1ccccc1O,7.1,1,nM,CHEMBL4476621,-7.1,1.9000000000000004,CHEMBL240,hERG,False,False,False
O=C(NO)C1(S(=O)(=O)c2ccc(OCc3ccc(OC(F)(F)F)cc3)cc2)CCC2(CCNCC2)C1,4.3,1,nM,CHEMBL3417746,-4.3,4.7,CHEMBL240,hERG,False,False,False
O=C(NO)C1(S(=O)(=O)c2ccc(Oc3ccc(OC(F)(F)F)cc3)cc2)CCC2(CCNCC2)C1,4.0,1,nM,CHEMBL3417745,-4.0,5.0,CHEMBL240,hERG,False,False,False
O=C(NO)c1ccc(CCCN2CCC(CN[C@H]3C[C@@H]3c3ccccc3)CC2)cc1,5.25,1,nM,CHEMBL4749146,-5.25,3.75,CHEMBL240,hERG,False,False,False
O=C(NO)c1cnc(N2C[C@H]3CN(Cc4ccc5ccccc5c4)C[C@H]3C2)nc1,5.39,1,nM,CHEMBL1270139,-5.39,3.6100000000000003,CHEMBL240,hERG,False,False,False
O=C(NOCCO)c1ccc2cncn2c1Nc1ccc(I)cc1F,5.36,1,nM,CHEMBL3330650,-5.36,3.6399999999999997,CHEMBL240,hERG,False,False,False
O=C(NOCCO)c1ccn2cncc2c1Nc1ccc(I)cc1F,5.68,1,nM,CHEMBL3330652,-5.68,3.3200000000000003,CHEMBL240,hERG,False,False,False
O=C(NOCCO)c1ncc2cncn2c1Nc1ccc(I)cc1F,5.48,1,nM,CHEMBL3330653,-5.48,3.5199999999999996,CHEMBL240,hERG,False,False,False
O=C(NS(=O)(=O)N1CCC(N2CCC(Oc3ccc(Cl)c(Cl)c3)CC2)CC1)c1ccccc1,5.2,1,nM,CHEMBL2171015,-5.2,3.8,CHEMBL240,hERG,True,True,True
O=C(NS(=O)(=O)c1ccc(Cl)cc1)N1CCC(N2CCC(Oc3ccc(Cl)c(Cl)c3)CC2)CC1,4.9,1,nM,CHEMBL2171035,-4.9,4.1,CHEMBL240,hERG,True,True,True
O=C(NS(=O)(=O)c1ccccc1)N1CCC(N2CCC(Oc3ccc(Cl)c(Cl)c3)CC2)CC1,5.0,1,nM,CHEMBL2171033,-5.0,4.0,CHEMBL240,hERG,True,True,True
O=C(N[C@@H]1C2CCN(CC2)[C@H]1Cc1cccnc1)c1cc2ccccc2o1,4.27,1,nM,CHEMBL1258006,-4.27,4.73,CHEMBL240,hERG,False,False,False
O=C(N[C@@H]1CN2CCC1CC2)c1cccc2oc(C3CC3)nc12,6.16,1,nM,CHEMBL1272072,-6.16,2.84,CHEMBL240,hERG,True,True,True
O=C(N[C@@H]1CN2CCC1CC2)c1cccc2oc(N3CCOCC3)nc12,5.5,1,nM,CHEMBL1271520,-5.5,3.5,CHEMBL240,hERG,True,True,True
O=C(N[C@@H]1COc2cccc(-c3ccc(CO)nc3)c2C1)c1ccc(OCC(F)(F)F)nc1,5.0,1,nM,CHEMBL2069411,-5.0,4.0,CHEMBL240,hERG,False,False,False
O=C(N[C@@H]1COc2cccc(-c3ccc(CO)nc3)c2C1)c1ccc(OCCOCC(F)(F)F)nc1,4.8,1,nM,CHEMBL2069413,-4.8,4.2,CHEMBL240,hERG,False,False,False
O=C(N[C@@H]1COc2cccc(-c3cccnc3)c2C1)c1ccc(OCC(F)(F)F)nc1,4.6,1,nM,CHEMBL2069408,-4.6,4.4,CHEMBL240,hERG,False,False,False
O=C(N[C@@H]1COc2cccc(-c3ccnc(CO)c3)c2C1)c1ccc(OCC(F)(F)F)nc1,4.8,1,nM,CHEMBL2069412,-4.8,4.2,CHEMBL240,hERG,False,False,False
O=C(N[C@@H]1COc2cccc(-c3ccncc3)c2C1)c1ccc(OC(F)(F)F)cc1,5.6,1,nM,CHEMBL2069407,-5.6,3.4000000000000004,CHEMBL240,hERG,False,False,False
O=C(N[C@@H]1COc2cccc(-c3ccncc3)c2C1)c1ccc(OCC(F)(F)F)nc1,5.2,1,nM,CHEMBL2069409,-5.2,3.8,CHEMBL240,hERG,False,False,False
O=C(N[C@@H]1COc2cccc(-c3cncnc3)c2C1)c1ccc(OCCC(F)(F)F)nc1,5.2,1,nM,CHEMBL2069420,-5.2,3.8,CHEMBL240,hERG,False,False,False
O=C(N[C@H](C1CC1)[C@H]1[C@@H]2C[C@@H](n3cnc4cc(F)c(F)cc43)C[C@@H]21)c1ccc(Cl)cc1,6.25,1,nM,CHEMBL4846356,-6.25,2.75,CHEMBL240,hERG,False,False,False
O=C(N[C@H]1CCCC[C@@H]1O)c1cc(CN2CCN(c3cc4ccccc4cn3)CC2)c2ccccn2c1=O,5.7,1,nM,CHEMBL2204277,-5.7,3.3,CHEMBL240,hERG,False,False,False
O=C(N[C@H]1CCCC[C@@H]1O)c1cc(CN2CCN(c3cc4scnc4cn3)CC2)c2ccccn2c1=O,4.88,1,nM,CHEMBL2204278,-4.88,4.12,CHEMBL240,hERG,False,False,False
O=C(N[C@H]1CCN(C2CCCC2)C[C@@H]1C(=O)NC1(c2ncccn2)CC1)c1cc(-c2ccc(F)cc2F)on1,5.02,1,nM,CHEMBL4741307,-5.02,3.9800000000000004,CHEMBL240,hERG,False,False,False
O=C(N[C@H]1CCN(C2CCCCC2)C[C@@H]1C(=O)NC1(c2ncccn2)CC1)c1cc(-c2ccc(F)cc2F)on1,5.58,1,nM,CHEMBL4794973,-5.58,3.42,CHEMBL240,hERG,False,False,False
O=C(N[C@H]1CCN(C2CCCCC2)C[C@@H]1C(=O)NCCc1ccccn1)c1cc(-c2ccc(F)cc2F)on1,6.02,1,nM,CHEMBL4761704,-6.02,2.9800000000000004,CHEMBL240,hERG,False,False,False
O=C(N[C@H]1CCN(C2CCCCC2)C[C@@H]1C(=O)N[C@H](CO)c1ccccc1)c1cc(-c2ccc(F)cc2F)on1,5.14,1,nM,CHEMBL4751769,-5.14,3.8600000000000003,CHEMBL240,hERG,False,False,False
O=C(N[C@H]1CCN(CC2CC2)C[C@@H]1C(=O)NC1(c2ncccn2)CC1)c1cc(-c2ccc(F)cc2F)on1,5.24,1,nM,CHEMBL4782111,-5.24,3.76,CHEMBL240,hERG,False,False,False
O=C(N[C@H]1CCN(CC2CCC2)C[C@@H]1C(=O)NC1(c2ncccn2)CC1)c1cc(-c2ccc(F)cc2F)on1,5.85,1,nM,CHEMBL4799528,-5.85,3.1500000000000004,CHEMBL240,hERG,False,False,False
O=C(N[C@H]1CC[C@H](C(=O)O)CC1)[C@H](C1CCCCC1)n1c(-c2ccc(Cl)cc2)nc2cc(F)c(F)cc21,5.12,1,nM,CHEMBL1668240,-5.12,3.88,CHEMBL240,hERG,False,False,False
O=C(N[C@H]1CC[C@H](CCN2CCN(c3nsc4ccccc34)CC2)CC1)c1ccco1,5.68,1,nM,CHEMBL3946995,-5.68,3.3200000000000003,CHEMBL240,hERG,True,True,True
O=C(N[C@H]1CC[C@H](O)CC1)[C@H](C1CCCCC1)n1c(-c2ccc(Cl)cc2)nc2cc(F)c(F)cc21,5.14,1,nM,CHEMBL1668239,-5.14,3.8600000000000003,CHEMBL240,hERG,False,False,False
O=C(Nc1c(Cl)cncc1Cl)c1cn(-c2ccc(Cl)cc2)c2ncccc2c1=O,6.7,1,nM,CHEMBL456171,-6.7,2.3,CHEMBL240,hERG,False,False,False
O=C(Nc1c[nH]c2ncc(-c3ccccc3F)cc12)c1cnn2ccc(NC[C@H]3CCNC[C@@H]3F)nc12,5.3,1,nM,CHEMBL2387464,-5.3,3.7,CHEMBL240,hERG,True,True,True
O=C(Nc1cc(-c2cn(-c3ccccc3)c3cnccc23)ccn1)C1CC1,6.89,1,nM,CHEMBL4648047,-6.89,2.1100000000000003,CHEMBL240,hERG,False,False,False
O=C(Nc1cc(-c2cn(-c3ccccc3)c3cnccc23)ccn1)NC1CC1,6.07,2,nM,CHEMBL4645474,-6.07,2.9299999999999997,CHEMBL240,hERG,False,False,False
O=C(Nc1cc(-c2cn(C3CCOCC3)c3cnccc23)ccn1)N1CCOCC1,4.79,2,nM,CHEMBL4641672,-4.79,4.21,CHEMBL240,hERG,False,False,False
O=C(Nc1cc(-c2cn(C3CCOCC3)c3cnccc23)ccn1)NC1CC1,5.34,1,nM,CHEMBL4641631,-5.34,3.66,CHEMBL240,hERG,False,False,False
O=C(Nc1cc(Cl)c(O)cc1OC[C@@H](O)CN1CCC2(CC1)Cc1cc(Cl)ccc1O2)NC1CC1,6.0,1,nM,CHEMBL3099943,-6.0,3.0,CHEMBL240,hERG,False,False,False
O=C(Nc1ccc(-c2nnc(NCCCCN3CCC(F)CC3)o2)cc1)c1ccccc1F,4.8,1,nM,CHEMBL2022741,-4.8,4.2,CHEMBL240,hERG,False,False,False
O=C(Nc1ccc(-c2nnc(NCCCCN3CCCC3)o2)cc1)c1ccccc1F,4.9,1,nM,CHEMBL2022731,-4.9,4.1,CHEMBL240,hERG,False,False,False
O=C(Nc1ccc(-c2nnc(NCCCCN3CCCCC3)o2)c(Cl)c1)c1ccccc1F,5.7,1,nM,CHEMBL2022737,-5.7,3.3,CHEMBL240,hERG,False,False,False
O=C(Nc1ccc(-c2nnc(NCCCCN3CCCCC3)o2)cc1)C1CCCCC1,4.6,1,nM,CHEMBL2022735,-4.6,4.4,CHEMBL240,hERG,False,False,False
O=C(Nc1ccc(-c2nnc(NCCCCN3CCCCC3)o2)cc1)c1ccccc1,4.7,1,nM,CHEMBL2022734,-4.7,4.3,CHEMBL240,hERG,False,False,False
O=C(Nc1ccc(-c2nnc(NCCCCN3CCCCC3)o2)cc1)c1ccccc1F,4.9,2,nM,CHEMBL2022733,-4.9,4.1,CHEMBL240,hERG,False,False,False
O=C(Nc1ccc(-c2nnc(NCCCCN3CCCOCC3)o2)cc1)c1ccccc1F,4.9,1,nM,CHEMBL2022730,-4.9,4.1,CHEMBL240,hERG,False,False,False
O=C(Nc1ccc(-c2nnc(NCCCCN3CCOCC3)o2)c(F)c1)c1ccccc1,4.8,1,nM,CHEMBL2022740,-4.8,4.2,CHEMBL240,hERG,False,False,False
O=C(Nc1ccc(-c2nnc(NCCCCN3CCOCC3)o2)c(F)c1)c1ccccc1F,4.565,2,nM,CHEMBL2022739,-4.565,4.435,CHEMBL240,hERG,False,False,False
O=C(Nc1ccc(-c2nnc(NCCCCN3CCOCC3)o2)cc1)c1ccccc1F,4.365,2,nM,CHEMBL2022729,-4.365,4.635,CHEMBL240,hERG,False,False,False
O=C(Nc1ccc(-c2nnc(NCCCN3CCC(F)CC3)o2)cc1)c1ccccc1F,5.1,1,nM,CHEMBL2022503,-5.1,3.9000000000000004,CHEMBL240,hERG,False,False,False
O=C(Nc1ccc(-c2nnc(NCCCN3CCCC3)o2)cc1)c1ccccc1F,5.1,2,nM,CHEMBL2022499,-5.1,3.9000000000000004,CHEMBL240,hERG,False,False,False
O=C(Nc1ccc(-c2nnc(NCCCN3CCCCC3)o2)c(C(F)(F)F)c1)c1ccccc1F,5.3,1,nM,CHEMBL2023929,-5.3,3.7,CHEMBL240,hERG,False,False,False
O=C(Nc1ccc(-c2nnc(NCCCN3CCCCC3)o2)c(Cl)c1)c1ccccc1F,5.4,1,nM,CHEMBL2023924,-5.4,3.5999999999999996,CHEMBL240,hERG,False,False,False
O=C(Nc1ccc(-c2nnc(NCCCN3CCCCC3)o2)c(F)c1)c1ccccc1F,5.0,1,nM,CHEMBL2023928,-5.0,4.0,CHEMBL240,hERG,False,False,False
O=C(Nc1ccc(-c2nnc(NCCCN3CCCCC3)o2)cc1)C1CCCC1,4.6,1,nM,CHEMBL2023918,-4.6,4.4,CHEMBL240,hERG,False,False,False
O=C(Nc1ccc(-c2nnc(NCCCN3CCCCC3)o2)cc1)C1CCCCC1,4.7,1,nM,CHEMBL2023919,-4.7,4.3,CHEMBL240,hERG,False,False,False
O=C(Nc1ccc(-c2nnc(NCCCN3CCCCC3)o2)cc1)C1CCCCCC1,4.7,1,nM,CHEMBL2023920,-4.7,4.3,CHEMBL240,hERG,False,False,False
O=C(Nc1ccc(-c2nnc(NCCCN3CCCCC3)o2)cc1)c1c(F)cccc1F,5.1,1,nM,CHEMBL2023917,-5.1,3.9000000000000004,CHEMBL240,hERG,False,False,False
O=C(Nc1ccc(-c2nnc(NCCCN3CCCCC3)o2)cc1)c1ccc(F)cc1,5.0,1,nM,CHEMBL2021948,-5.0,4.0,CHEMBL240,hERG,False,False,False
O=C(Nc1ccc(-c2nnc(NCCCN3CCCCC3)o2)cc1)c1cccc(F)c1,5.1,1,nM,CHEMBL2023916,-5.1,3.9000000000000004,CHEMBL240,hERG,False,False,False
O=C(Nc1ccc(-c2nnc(NCCCN3CCCCC3)o2)cc1)c1ccccc1,4.8,1,nM,CHEMBL2022939,-4.8,4.2,CHEMBL240,hERG,False,False,False
O=C(Nc1ccc(-c2nnc(NCCCN3CCCCC3)o2)cc1)c1ccccc1Cl,4.9,1,nM,CHEMBL2022940,-4.9,4.1,CHEMBL240,hERG,False,False,False
O=C(Nc1ccc(-c2nnc(NCCCN3CCCCC3)o2)cc1)c1ccccc1F,5.1,2,nM,CHEMBL2022496,-5.1,3.9000000000000004,CHEMBL240,hERG,False,False,False
O=C(Nc1ccc(-c2nnc(NCCCN3CCCCC3)o2)cc1F)c1ccccc1F,5.2,1,nM,CHEMBL2023921,-5.2,3.8,CHEMBL240,hERG,False,False,False
O=C(Nc1ccc(-c2nnc(NCCCN3CCCCCC3)o2)cc1)c1ccccc1F,5.2,1,nM,CHEMBL2022938,-5.2,3.8,CHEMBL240,hERG,False,False,False
O=C(Nc1ccc(-c2nnc(NCCCN3CCCOCC3)o2)cc1)c1ccccc1F,4.7,1,nM,CHEMBL2022498,-4.7,4.3,CHEMBL240,hERG,False,False,False
O=C(Nc1ccc(-c2nnc(NCCCN3CCN4CCC3CC4)o2)cc1)c1ccccc1F,4.9,1,nM,CHEMBL2021936,-4.9,4.1,CHEMBL240,hERG,False,False,False
O=C(Nc1ccc(-c2nnc(NCCCN3CCOCC3)o2)cc1)c1ccccc1F,4.5,2,nM,CHEMBL2022497,-4.5,4.5,CHEMBL240,hERG,False,False,False
O=C(Nc1ccc(-c2nnc(NCCCN3C[C@@H]4CC[C@H]3C4)o2)cc1)c1ccccc1F,5.2,1,nM,CHEMBL2022504,-5.2,3.8,CHEMBL240,hERG,False,False,False
O=C(Nc1ccc(Br)cc1)N1CCN(C[C@@H]2CCCN(C3CC3)C2)CC1,5.15,1,nM,CHEMBL2036764,-5.15,3.8499999999999996,CHEMBL240,hERG,False,False,False
O=C(Nc1ccc(C(F)(F)F)c(Cl)c1)N1CCN(C[C@@H]2CCCN(C3CC3)C2)CC1,6.05,1,nM,CHEMBL2036760,-6.05,2.95,CHEMBL240,hERG,False,False,False
O=C(Nc1ccc(C(F)(F)F)cc1)N1CCC(c2nc(-c3ccccn3)no2)CC1,5.1,1,nM,CHEMBL555347,-5.1,3.9000000000000004,CHEMBL240,hERG,False,False,False
O=C(Nc1ccc(C(F)(F)F)cc1)N1CCN(C[C@@H]2CCCN(C3CC3)C2)CC1,5.2,1,nM,CHEMBL2036767,-5.2,3.8,CHEMBL240,hERG,False,False,False
O=C(Nc1ccc(C(F)(F)F)cc1)NS(=O)(=O)c1ccc(OCCCCN2CCCC2)cc1,4.31,1,nM,CHEMBL2021974,-4.31,4.69,CHEMBL240,hERG,False,False,False
O=C(Nc1ccc(C[C@@H]2CC[C@H]([C@H](O)c3cccnc3)N2)cc1)[C@@H]1CCc2scnc21,5.21,2,nM,CHEMBL3128178,-5.21,3.79,CHEMBL240,hERG,False,False,False
O=C(Nc1ccc(Cl)c(C(F)(F)F)c1)N1CCN(C[C@@H]2CCCN(C3CC3)C2)CC1,5.2,1,nM,CHEMBL2036761,-5.2,3.8,CHEMBL240,hERG,False,False,False
O=C(Nc1ccc(Cl)c(Cl)c1)N1CCN(C(=O)[C@H]2CN(C3CC3)CCN2)CC1,4.72,1,nM,CHEMBL2036781,-4.72,4.28,CHEMBL240,hERG,False,False,False
O=C(Nc1ccc(Cl)c(Cl)c1)N1CCN(CC2CCCNC2)CC1,5.8,1,nM,CHEMBL2036749,-5.8,3.2,CHEMBL240,hERG,False,False,False
O=C(Nc1ccc(Cl)c(Cl)c1)N1CCN(C[C@@H]2CCCN(C3CC3)C2)CC1,5.7,1,nM,CHEMBL2036757,-5.7,3.3,CHEMBL240,hERG,False,False,False
O=C(Nc1ccc(Cl)c(Cl)c1)N1CCN(C[C@@H]2CCCN(CC3CC3)C2)CC1,6.03,1,nM,CHEMBL2036754,-6.03,2.9699999999999998,CHEMBL240,hERG,False,False,False
O=C(Nc1ccc(Cl)c(Cl)c1)N1CCN(C[C@@H]2CCCN(CCCc3ccccc3)C2)CC1,6.4,1,nM,CHEMBL2036756,-6.4,2.5999999999999996,CHEMBL240,hERG,False,False,False
O=C(Nc1ccc(Cl)c(Cl)c1)N1CCN(C[C@@H]2CCCN(Cc3ccccc3)C2)CC1,6.25,1,nM,CHEMBL2036753,-6.25,2.75,CHEMBL240,hERG,False,False,False
O=C(Nc1ccc(Cl)c(Cl)c1)N1CCN(C[C@H]2CN(C3CC3)CCO2)CC1,4.8,1,nM,CHEMBL2036774,-4.8,4.2,CHEMBL240,hERG,False,False,False
O=C(Nc1ccc(Cl)c(Cl)c1)Nc1nccnc1OCc1ccccc1,4.95,1,nM,CHEMBL4293473,-4.95,4.05,CHEMBL240,hERG,False,False,False
O=C(Nc1ccc(Cl)cc1)N1CCN(C[C@@H]2CCCN(C3CC3)C2)CC1,4.85,1,nM,CHEMBL2035000,-4.85,4.15,CHEMBL240,hERG,False,False,False
O=C(Nc1ccc(Cl)cc1CO)NC1CCN(Cc2ccn(-c3ccc(C(F)(F)F)cc3)c2)CC1,5.48,1,nM,CHEMBL550943,-5.48,3.5199999999999996,CHEMBL240,hERG,False,False,False
O=C(Nc1ccc(Cl)cn1)[C@H](CN1CC(O)C1)Oc1ncnc2c1cnn2-c1ccccc1Cl,5.0,1,nM,CHEMBL3221517,-5.0,4.0,CHEMBL240,hERG,False,False,False
O=C(Nc1ccc(Cl)cn1)[C@H](CN1CC(O)C1)Oc1ncnc2c1cnn2-c1ncccc1Cl,4.3,1,nM,CHEMBL3221515,-4.3,4.7,CHEMBL240,hERG,False,False,False
O=C(Nc1ccc(Cl)cn1)[C@H](COCCO)Oc1ncnc2c1cnn2-c1ccccc1Cl,4.8,1,nM,CHEMBL3221508,-4.8,4.2,CHEMBL240,hERG,False,False,False
O=C(Nc1ccc(Cl)cn1)[C@H](COCCO)Oc1ncnc2c1cnn2-c1ncccc1Cl,4.3,1,nM,CHEMBL3221506,-4.3,4.7,CHEMBL240,hERG,False,False,False
O=C(Nc1ccc(F)c(Cl)c1)N1CCN(C[C@@H]2CCCN(C3CC3)C2)CC1,4.85,1,nM,CHEMBL2036759,-4.85,4.15,CHEMBL240,hERG,False,False,False
O=C(Nc1ccc(F)cn1)[C@H](CN1CC(O)C1)Oc1ncnc2c1cnn2-c1c(Cl)cccc1Cl,4.71,2,nM,CHEMBL3221523,-4.71,4.29,CHEMBL240,hERG,False,False,False
O=C(Nc1ccc(F)cn1)[C@H](CN1CC(O)C1)Oc1ncnc2c1cnn2-c1c(F)cccc1Cl,4.6,1,nM,CHEMBL3221529,-4.6,4.4,CHEMBL240,hERG,False,False,False
O=C(Nc1ccc(F)cn1)[C@H](CN1CC(O)C1)Oc1ncnc2c1cnn2-c1ccccc1Cl,4.42,2,nM,CHEMBL3221520,-4.42,4.58,CHEMBL240,hERG,False,False,False
O=C(Nc1ccc(F)cn1)[C@H](COCCO)Oc1ncnc2c1cnn2-c1c(Cl)cccc1Cl,4.7,1,nM,CHEMBL3221524,-4.7,4.3,CHEMBL240,hERG,False,False,False
O=C(Nc1ccc(F)cn1)[C@H](COCCO)Oc1ncnc2c1cnn2-c1c(F)cccc1Cl,4.5,1,nM,CHEMBL3221530,-4.5,4.5,CHEMBL240,hERG,False,False,False
O=C(Nc1ccc(F)cn1)[C@H](COCCO)Oc1ncnc2c1cnn2-c1ccccc1Cl,4.4,1,nM,CHEMBL3221521,-4.4,4.6,CHEMBL240,hERG,False,False,False
O=C(Nc1ccc(O)cc1OC[C@@H](O)CN1CCC2(CC1)Cc1cc(Cl)ccc1O2)NC1CC1,5.62,1,nM,CHEMBL3099945,-5.62,3.38,CHEMBL240,hERG,False,False,False
O=C(Nc1ccc(O)cc1OC[C@@H](O)CN1CCC2(CC1)Cc1cc(F)ccc1O2)NC1CC1,5.42,1,nM,CHEMBL3099947,-5.42,3.58,CHEMBL240,hERG,False,False,False
O=C(Nc1ccc(OC(F)(F)Cl)cc1)c1cnc(N2CC[C@@H](O)C2)c(-c2cc[nH]n2)c1,4.58,1,nM,CHEMBL4208229,-4.58,4.42,CHEMBL240,hERG,False,False,False
O=C(Nc1ccc(OC(F)(F)Cl)cc1)c1cnc(N2CC[C@@H](O)C2)c(-c2cncnc2)c1,5.44,3,nM,CHEMBL4110570,-5.44,3.5599999999999996,CHEMBL240,hERG,False,False,False
O=C(Nc1ccc(OC(F)(F)F)cc1)c1ccc(OCCN2CCCC2)c(-c2cncnc2)c1,8.05,1,nM,CHEMBL3908521,-8.05,0.9499999999999993,CHEMBL240,hERG,False,False,False
O=C(Nc1ccc(OC(F)(F)F)cc1)c1cccc(CN2CCOCC2)c1,5.43,1,nM,CHEMBL4217428,-5.43,3.5700000000000003,CHEMBL240,hERG,False,False,False
O=C(Nc1ccc(OC(F)(F)F)cc1)c1cnc(N2CC[C@@H](O)C2)c(-c2cncnc2)c1,4.77,1,nM,CHEMBL4115154,-4.77,4.23,CHEMBL240,hERG,False,False,False
O=C(Nc1ccc(OC(F)(F)F)cc1)c1cnc(N2CC[C@H](O)C2)c(-c2cncnc2)c1,5.35,3,nM,CHEMBL3954214,-5.35,3.6500000000000004,CHEMBL240,hERG,False,False,False
O=C(Nc1ccc(OC(F)(F)F)cc1)c1cnc(NCCCO)c(-c2cncnc2)c1,5.82,1,nM,CHEMBL3892952,-5.82,3.1799999999999997,CHEMBL240,hERG,False,False,False
O=C(Nc1ccc(Oc2ccc(F)cc2)cc1)N1CCc2ncccc2[C@@H]1c1ccc(Cl)cc1,5.52,1,nM,CHEMBL4537998,-5.52,3.4800000000000004,CHEMBL240,hERG,False,False,False
O=C(Nc1ccc(S(=O)(=O)Nc2ccccc2C(=O)c2ccccc2)cc1)OCC1CCCO1,5.09,1,nM,CHEMBL454085,-5.09,3.91,CHEMBL240,hERG,True,True,True
O=C(Nc1ccc(SC(F)(F)F)cc1)c1cnc(N2CC[C@@H](O)C2)c(-c2cncnc2)c1,5.4,2,nM,CHEMBL4106732,-5.4,3.5999999999999996,CHEMBL240,hERG,False,False,False
O=C(Nc1cccc(C(F)(F)F)c1)N1CCN(C[C@@H]2CCCN(C3CC3)C2)CC1,4.89,1,nM,CHEMBL2036766,-4.89,4.11,CHEMBL240,hERG,False,False,False
O=C(Nc1cccc(C(F)(F)F)c1)n1ccc2cc(Oc3ncnc4c3CCNC4)ccc21,5.05,1,nM,CHEMBL3747226,-5.05,3.95,CHEMBL240,hERG,False,False,False
O=C(Nc1cccc(C(F)(F)F)c1)n1ccc2cc(Oc3ncnc4c3CNC4)ccc21,4.81,1,nM,CHEMBL3747481,-4.81,4.19,CHEMBL240,hERG,False,False,False
O=C(Nc1cccc(Cl)c1)N1CCN(C[C@@H]2CCCN(C3CC3)C2)CC1,4.55,1,nM,CHEMBL2036763,-4.55,4.45,CHEMBL240,hERG,False,False,False
O=C(Nc1cccc([C@@H](c2ccc(C(=O)N3CCC3)cc2)N2CCN(Cc3ccc(F)cc3)CC2)c1)C1CC1,5.44,1,nM,CHEMBL1939739,-5.44,3.5599999999999996,CHEMBL240,hERG,False,False,False
O=C(Nc1ccccc1)N(c1ccc(Br)cc1)C1CCN(C2CCCC2)CC1,6.73,2,nM,CHEMBL1094029,-6.73,2.2699999999999996,CHEMBL240,hERG,True,True,True
O=C(Nc1ccccc1)NS(=O)(=O)c1ccc(OCCN2CCCCC2)cc1,4.56,1,nM,CHEMBL2024390,-4.56,4.44,CHEMBL240,hERG,False,False,False
O=C(Nc1ccccn1)[C@H](CN1CC(O)C1)Oc1ncnc2c1cnn2-c1c(F)cccc1Cl,4.1,1,nM,CHEMBL3221528,-4.1,4.9,CHEMBL240,hERG,False,False,False
O=C(Nc1cnc(Oc2ccc(F)cc2)nc1)N1CCc2ncccc2[C@@H]1c1ccc(F)cc1,4.97,1,nM,CHEMBL4458424,-4.97,4.03,CHEMBL240,hERG,False,False,False
O=C(Nc1nc2cccc(-c3ccc(CN4CCS(=O)(=O)CC4)cc3)n2n1)C1CC1,4.07,2,nM,CHEMBL3301607,-4.07,4.93,CHEMBL240,hERG,False,False,False
O=C(Nc1ncc(Cl)s1)/C(=N/N1CCCC1)c1ccc(S(=O)(=O)C2CC2)cc1,4.78,1,nM,CHEMBL4641678,-4.78,4.22,CHEMBL240,hERG,False,False,False
O=C(Nc1nccs1)/C(=N/N1CCCC1)c1ccc(S(=O)(=O)C2CC2)cc1,4.76,1,nM,CHEMBL4645293,-4.76,4.24,CHEMBL240,hERG,False,False,False
O=C(Nc1ncns1)/C(=N/N1CCCC1)c1ccc(S(=O)(=O)C2CC2)cc1,5.28,1,nM,CHEMBL4649482,-5.28,3.7199999999999998,CHEMBL240,hERG,False,False,False
O=C(O)C(c1ccccc1)N1CCC(N2CCC(Oc3ccc(Cl)c(Cl)c3)CC2)CC1,5.3,1,nM,CHEMBL2158815,-5.3,3.7,CHEMBL240,hERG,False,False,False
O=C(O)C(c1ccccc1)N1CCCC(CN2CCC(Oc3ccc(Cl)c(Cl)c3)CC2)C1,4.6,1,nM,CHEMBL2158816,-4.6,4.4,CHEMBL240,hERG,False,False,False
O=C(O)C1CCC2(CCN(c3ccc(-c4nc5cc(C(F)(F)F)ccc5[nH]4)cn3)CC2)OC1,4.83,1,nM,CHEMBL4069786,-4.83,4.17,CHEMBL240,hERG,False,False,False
O=C(O)C1CN(Cc2ccc(-c3cc4cc(Cc5ccccc5)ccc4o3)c(F)c2)C1,4.77,1,nM,CHEMBL1651717,-4.77,4.23,CHEMBL240,hERG,False,False,False
O=C(O)C1CN(Cc2ccc(-c3noc(-c4onc(-c5ccccc5)c4C(F)(F)F)n3)cc2)C1,4.75,1,nM,CHEMBL3794064,-4.75,4.25,CHEMBL240,hERG,False,False,False
O=C(O)C1CN(Cc2ccc(OCc3ccc(Cl)c(Cl)c3)cc2)C1,4.11,1,nM,CHEMBL3741589,-4.11,4.89,CHEMBL240,hERG,False,False,False
O=C(O)C1CN(Cc2ccc3c(c2)CCc2c-3noc2-c2onc(-c3ccccc3)c2C(F)(F)F)C1,5.7,1,nM,CHEMBL3959509,-5.7,3.3,CHEMBL240,hERG,False,False,False
O=C(O)CC1CCC2(CC1)CCN(c1ccc(-c3nc4cc(C(F)(F)F)ccc4[nH]3)cn1)CC2,5.27,1,nM,CHEMBL4100640,-5.27,3.7300000000000004,CHEMBL240,hERG,False,False,False
O=C(O)CC1CCC2(CCN(c3ccc(-c4nc5cc(C(F)(F)F)ccc5[nH]4)cn3)CC2)O1,4.779999999999999,2,nM,CHEMBL4082282,-4.779999999999999,4.220000000000001,CHEMBL240,hERG,False,False,False
O=C(O)CC1CCC2(CCN(c3ccc(-c4nc5cc(C(F)(F)F)ccc5[nH]4)cn3)CC2)OC1,5.92,3,nM,CHEMBL4060355,-5.92,3.08,CHEMBL240,hERG,False,False,False
O=C(O)CC1CCOC2(CCN(c3ccc(-c4nc5cc(C(F)(F)F)ccc5[nH]4)cn3)CC2)C1,5.37,3,nM,CHEMBL4075203,-5.37,3.63,CHEMBL240,hERG,False,False,False
O=C(O)CC1COC2(CCN(c3ccc(-c4nc5cc(C(F)(F)F)ccc5[nH]4)cn3)CC2)C1,4.71,1,nM,CHEMBL4087688,-4.71,4.29,CHEMBL240,hERG,False,False,False
O=C(O)CCCCOc1ccc2ncc(F)c(CCC34CCC(NCc5ccc6c(n5)NC(=O)CO6)(CC3)CO4)c2n1,4.36,1,nM,CHEMBL3604999,-4.36,4.64,CHEMBL240,hERG,False,False,False
O=C(O)CCNC(=O)c1ccc(Cn2nc(-c3cc(Cl)cc(Cl)c3)cc2-c2ccc(OC(F)(F)F)cc2)cc1,5.29,1,nM,CHEMBL1644183,-5.29,3.71,CHEMBL240,hERG,False,False,False
O=C(O)CCNC1CC[C@]2(Cc3ccccc3Cc3ccccc32)C1,4.2,1,nM,CHEMBL1278114,-4.2,4.8,CHEMBL240,hERG,False,False,False
O=C(O)CCc1ccc2cc(Cc3ccccc3)cc(N3CCN(CCc4ccc(OCCCN5CCCCCC5)cc4)CC3)c2n1,5.2,1,nM,CHEMBL3917428,-5.2,3.8,CHEMBL240,hERG,True,True,True
O=C(O)CCc1ccc2cccc(N3CCN(CCc4ccc(OCCCN5CCCCCC5)cc4)CC3)c2n1,4.8,1,nM,CHEMBL3935303,-4.8,4.2,CHEMBL240,hERG,True,True,True
O=C(O)CCc1cnc2c(N3CCN(CCc4ccc(OCCCN5CCCCCC5)cc4)CC3)cccc2c1,4.5,1,nM,CHEMBL3907368,-4.5,4.5,CHEMBL240,hERG,True,True,True
O=C(O)CN(C1(c2ccc(-c3ccccc3OC(F)(F)F)cc2)CCC1)S(=O)(=O)c1ccc(OC(F)F)cc1,4.82,1,nM,CHEMBL3765022,-4.82,4.18,CHEMBL240,hERG,False,False,False
O=C(O)CN(Cc1cccc(-c2ccccc2OC(F)(F)F)c1)S(=O)(=O)c1ccc(OC(F)F)cc1,4.96,1,nM,CHEMBL3764377,-4.96,4.04,CHEMBL240,hERG,False,False,False
O=C(O)CN1CCC2(CC1)CCN(c1ccc(-c3nc4cc(C(F)(F)F)ccc4[nH]3)cn1)CC2,5.32,1,nM,CHEMBL4105361,-5.32,3.6799999999999997,CHEMBL240,hERG,False,False,False
O=C(O)COCCN1CCN(C(c2ccccc2)c2ccc(Cl)cc2)CC1,4.52,4,nM,CHEMBL1000,-4.52,4.48,CHEMBL240,hERG,False,False,False
O=C(O)COc1ccc(N2CCC(CN3CCC(Oc4ccc(Cl)c(Cl)c4)CC3)CC2)cc1,5.0,1,nM,CHEMBL2158830,-5.0,4.0,CHEMBL240,hERG,True,True,True
O=C(O)COc1cccc(N2CCC(CN3CCC(Oc4ccc(Cl)c(Cl)c4)CC3)CC2)c1,5.0,1,nM,CHEMBL2158829,-5.0,4.0,CHEMBL240,hERG,True,True,True
O=C(O)COc1ccccc1N1CCC(CN2CCC(Oc3ccc(Cl)c(Cl)c3)CC2)CC1,4.5,1,nM,CHEMBL2158828,-4.5,4.5,CHEMBL240,hERG,True,True,True
O=C(O)C[C@@H]1COC2(CCN(c3ccc(-c4nc5cc(C(F)(F)F)ccc5[nH]4)cn3)CC2)C1,5.36,1,nM,CHEMBL4066339,-5.36,3.6399999999999997,CHEMBL240,hERG,False,False,False
O=C(O)C[C@H](CN1CC[C@@H](CCc2ccc3c(n2)NCCC3)C1)c1cccc(-n2cccn2)c1,6.1,1,nM,CHEMBL4251444,-6.1,2.9000000000000004,CHEMBL240,hERG,False,False,False
O=C(O)C[C@H](CN1CC[C@@H](CCc2ccc3c(n2)NCCC3)C1)c1cccc(Br)c1,5.9,1,nM,CHEMBL4242175,-5.9,3.0999999999999996,CHEMBL240,hERG,False,False,False
O=C(O)C[C@H](CN1CC[C@@H](CCc2ccc3c(n2)NCCC3)C1)c1cccc(C2CC2)c1,5.5,2,nM,CHEMBL4242635,-5.5,3.5,CHEMBL240,hERG,False,False,False
O=C(O)C[C@H](CN1CC[C@@H](CCc2ccc3c(n2)NCCC3)C1)c1cccc(C2CCOC2)c1,4.45,4,nM,CHEMBL4244784,-4.45,4.55,CHEMBL240,hERG,False,False,False
O=C(O)C[C@H](CN1CC[C@@H](CCc2ccc3c(n2)NCCC3)C1)c1cccc(OC2CCOCC2)c1,5.1,1,nM,CHEMBL4242732,-5.1,3.9000000000000004,CHEMBL240,hERG,False,False,False
O=C(O)C[C@H](CN1CC[C@@H](CCc2ccc3c(n2)NCCC3)C1)c1cccc(O[C@@H]2CCOC2)c1,4.45,2,nM,CHEMBL4239085,-4.45,4.55,CHEMBL240,hERG,False,False,False
O=C(O)C[C@H](CN1CC[C@@H](CCc2ccc3c(n2)NCCC3)C1)c1cccc(O[C@H]2CCOC2)c1,4.65,2,nM,CHEMBL4249172,-4.65,4.35,CHEMBL240,hERG,False,False,False
O=C(O)C[C@H]1CCCN(C[C@@H](O)c2ccc(-c3noc(-c4onc(-c5ccccc5)c4C(F)(F)F)n3)cc2)C1,5.39,1,nM,CHEMBL4458575,-5.39,3.6100000000000003,CHEMBL240,hERG,False,False,False
O=C(O)C[C@H]1COC2(CCN(c3ccc(-c4nc5cc(C(F)(F)F)ccc5[nH]4)cn3)CC2)C1,5.31,1,nM,CHEMBL4079801,-5.31,3.6900000000000004,CHEMBL240,hERG,False,False,False
O=C(O)Cc1ccc(-n2cc(C3CCN(CCN4CCNC4=O)CC3)c3cc(Cl)ccc32)cc1,6.24,2,nM,CHEMBL55835,-6.24,2.76,CHEMBL240,hERG,False,False,False
O=C(O)Cc1ccc(N2CCC(CN3CCC(Oc4ccc(Cl)c(Cl)c4)CC3)CC2)cc1,4.5,1,nM,CHEMBL2158827,-4.5,4.5,CHEMBL240,hERG,True,True,True
O=C(O)Cc1cccc(N2CCC(CN3CCC(Oc4ccc(Cl)c(Cl)c4)CC3)CC2)c1,4.5,1,nM,CHEMBL2158826,-4.5,4.5,CHEMBL240,hERG,True,True,True
O=C(O)Cc1ccccc1N1CCC(CN2CCC(Oc3ccc(Cl)c(Cl)c3)CC2)CC1,4.9,1,nM,CHEMBL2158825,-4.9,4.1,CHEMBL240,hERG,True,True,True
O=C(O)[C@@H](CC1CCC1)N1C[C@H](CN2CCC(c3cnc4ccccn34)CC2)[C@@H](c2cccc(F)c2)C1,5.57,1,nM,CHEMBL2113086,-5.57,3.4299999999999997,CHEMBL240,hERG,False,False,False
O=C(O)[C@@H](Cc1ccccc1)N1CCC(CN2CCC(Oc3ccc(Cl)c(Cl)c3)CC2)CC1,5.2,1,nM,CHEMBL2158836,-5.2,3.8,CHEMBL240,hERG,True,True,True
O=C(O)[C@@H](c1ccccc1)N1CCC(CN2CCC(Oc3ccc(Cl)c(Cl)c3)CC2)CC1,4.8,1,nM,CHEMBL2158821,-4.8,4.2,CHEMBL240,hERG,True,True,True
O=C(O)[C@H](Cc1ccc(Cl)cc1)N1CCC(CN2CCC(Oc3ccc(Cl)c(Cl)c3)CC2)CC1,5.4,1,nM,CHEMBL2158838,-5.4,3.5999999999999996,CHEMBL240,hERG,True,True,True
O=C(O)[C@H](Cc1cccc(C(F)(F)F)c1)N1CCC(CN2CCC(Oc3ccc(Cl)c(Cl)c3)CC2)CC1,5.2,1,nM,CHEMBL2158777,-5.2,3.8,CHEMBL240,hERG,True,True,True
O=C(O)[C@H](Cc1ccccc1)N1CCC(CN2CCC(Oc3ccc(Cl)c(Cl)c3)CC2)CC1,4.8,1,nM,CHEMBL2158835,-4.8,4.2,CHEMBL240,hERG,True,True,True
O=C(O)[C@H](c1ccccc1)N1CCC(CN2CCC(Oc3ccc(Cl)c(Cl)c3)CC2)CC1,4.6,1,nM,CHEMBL2158820,-4.6,4.4,CHEMBL240,hERG,True,True,True
O=C(O)c1cc(-c2ccc(C34CCN(CC3)CC4)cc2)c2ccc(-c3ccc(C(F)(F)F)cc3)cc2c1,4.79,1,nM,CHEMBL4645216,-4.79,4.21,CHEMBL240,hERG,False,False,False
O=C(O)c1cc(-c2ccc(C34CCN(CC3)CC4)cc2)cc(-n2cc(-c3ccc(C(F)(F)F)cc3)nn2)c1,4.78,1,nM,CHEMBL4646514,-4.78,4.22,CHEMBL240,hERG,False,False,False
O=C(O)c1cc(CN2CCN(c3ccc(Br)cc3)CC2)c2ccccn2c1=O,5.68,1,nM,CHEMBL2042691,-5.68,3.3200000000000003,CHEMBL240,hERG,False,False,False
O=C(O)c1cc(CN2CCN(c3ccc(C(F)(F)F)cc3)CC2)c2ccccn2c1=O,7.0,1,nM,CHEMBL2042692,-7.0,2.0,CHEMBL240,hERG,False,False,False
O=C(O)c1cc(F)c2nc(CN3CCN(c4cccc(OCc5ccc(Cl)c6c5OCC6)n4)C=N3)n(C[C@@H]3CCO3)c2c1,7.3,1,nM,CHEMBL5395465,-7.3,1.7000000000000002,CHEMBL240,hERG,False,False,False
O=C(O)c1cc(F)c2nc(CN3CCN(c4cccc(OCc5ccc(Cl)c6cc(F)oc56)n4)C=N3)n(C[C@@H]3CCO3)c2c1,4.06,1,nM,CHEMBL5399932,-4.06,4.94,CHEMBL240,hERG,False,False,False
O=C(O)c1cc(N2CCN(CCc3ccc(OCCCN4CCCCCC4)cc3)CC2)c2ncccc2c1,4.4,1,nM,CHEMBL3925332,-4.4,4.6,CHEMBL240,hERG,False,False,False
O=C(O)c1ccc(-n2cc(C3CCN(CCN4CCNC4=O)CC3)c3cc(Cl)ccc32)cc1,4.125,2,nM,CHEMBL300927,-4.125,4.875,CHEMBL240,hERG,False,False,False
O=C(O)c1ccc(CCCCN2CCC(C(O)(c3ccccc3)c3ccccc3)CC2)cc1,4.96,2,nM,CHEMBL570033,-4.96,4.04,CHEMBL240,hERG,True,True,True
O=C(O)c1ccc(CN2CCC(CN3CCC(Oc4ccc(Cl)c(Cl)c4)CC3)CC2)cc1,4.5,1,nM,CHEMBL2158833,-4.5,4.5,CHEMBL240,hERG,True,True,True
O=C(O)c1ccc(N2CCC(CN3CCC(Oc4ccc(Cl)c(Cl)c4)CC3)CC2)cc1,4.5,1,nM,CHEMBL2158824,-4.5,4.5,CHEMBL240,hERG,True,True,True
O=C(O)c1ccc(NC(=O)[C@H](C2CCCCC2)n2c(-c3ccc(Cl)cc3)nc3cc(F)c(F)cc32)c(Cl)c1,5.11,1,nM,CHEMBL1668243,-5.11,3.8899999999999997,CHEMBL240,hERG,False,False,False
O=C(O)c1ccc2c(c1)C(=O)OC21CCN(c2ccc(-c3nc4cc(C(F)(F)F)ccc4[nH]3)cn2)CC1,6.25,1,nM,CHEMBL4091946,-6.25,2.75,CHEMBL240,hERG,False,False,False
O=C(O)c1ccc2cccnc2c1N1CCN(CCc2ccc(OCCCN3CCCCCC3)cc2)CC1,4.5,1,nM,CHEMBL3925977,-4.5,4.5,CHEMBL240,hERG,False,False,False
O=C(O)c1cccc(-c2c[nH]c([C@H]3Cc4c([nH]c5ccccc45)[C@@H](C4CCOCC4)N3)n2)c1,6.08,1,nM,CHEMBL3774488,-6.08,2.92,CHEMBL240,hERG,False,False,False
O=C(O)c1cccc(C2CCN([C@@H]3C[C@H]4OCC[C@@]4(C(=O)N4COc5ccc(C(F)(F)F)cc5C4)C3)CC2)c1,4.54,1,nM,CHEMBL3263285,-4.54,4.46,CHEMBL240,hERG,False,False,False
O=C(O)c1cccc(CN2CCC(CN3CCC(Oc4ccc(Cl)c(Cl)c4)CC3)CC2)c1,4.7,1,nM,CHEMBL2158832,-4.7,4.3,CHEMBL240,hERG,True,True,True
O=C(O)c1cccc(N2CCC(CN3CCC(Oc4ccc(Cl)c(Cl)c4)CC3)CC2)c1,4.5,1,nM,CHEMBL2158823,-4.5,4.5,CHEMBL240,hERG,True,True,True
O=C(O)c1ccccc1-c1ccc(CN2CCC(COC(=O)c3c4n(c5ccccc35)CCCO4)CC2)cc1,4.32,1,nM,CHEMBL2440460,-4.32,4.68,CHEMBL240,hERG,False,False,False
O=C(O)c1ccccc1CN1CCC(CN2CCC(Oc3ccc(Cl)c(Cl)c3)CC2)CC1,4.9,1,nM,CHEMBL2158831,-4.9,4.1,CHEMBL240,hERG,True,True,True
O=C(O)c1ccccc1N1CCC(CN2CCC(Oc3ccc(Cl)c(Cl)c3)CC2)CC1,5.8,1,nM,CHEMBL2158822,-5.8,3.2,CHEMBL240,hERG,True,True,True
O=C(O)c1ccccc1Oc1ccc(Cl)cc1NS(=O)(=O)c1ccc(Cl)c(Cl)c1,5.1,1,nM,CHEMBL1171786,-5.1,3.9000000000000004,CHEMBL240,hERG,False,False,False
O=C(O)c1cccnc1N1CCC(CN2CCC(Oc3ccc(Cl)c(Cl)c3)CC2)CC1,4.5,1,nM,CHEMBL2158834,-4.5,4.5,CHEMBL240,hERG,True,True,True
O=C(O)c1cnc2c(N3CCN(CCc4ccc(OCCCN5CCCCCC5)cc4)CC3)cccc2c1,4.7,1,nM,CHEMBL3967709,-4.7,4.3,CHEMBL240,hERG,True,True,True
O=C(OC1CC2CC3CC(C1)N2CC3=O)c1c[nH]c2ccccc12,4.92,1,nM,CHEMBL124754,-4.92,4.08,CHEMBL240,hERG,False,False,False
O=C(OC1CC2CC3CC(C1)N2CC3O)c1c[nH]c2ccccc12,5.075,2,nM,CHEMBL498572,-5.075,3.925,CHEMBL240,hERG,False,False,False
O=C(OC1Cc2c(O)cc(O)cc2OC1c1cc(O)c(O)c(O)c1)c1cc(O)c(O)c(O)c1,5.22,1,nM,CHEMBL311663,-5.22,3.7800000000000002,CHEMBL240,hERG,False,True,True
O=C(OCC1CCN(CC(O)CO)CC1)c1c2n(c3ccccc13)CCCO2,4.09,1,nM,CHEMBL3329814,-4.09,4.91,CHEMBL240,hERG,True,True,True
O=C(OCC1CCN(Cc2ccc(-c3ccccc3-c3nnn[nH]3)cc2)CC1)c1c2n(c3ccccc13)CCCO2,4.56,1,nM,CHEMBL2440456,-4.56,4.44,CHEMBL240,hERG,True,True,True
O=C(O[C@@H](C(=O)N1N=CC[C@H]1C(=O)NCc1cc(Cl)ccc1-n1cnnn1)c1ccc(F)cc1)c1ccccc1,5.25,1,nM,CHEMBL3786094,-5.25,3.75,CHEMBL240,hERG,False,False,False
O=C(O[C@@H]1C[C@@H]2C[C@H]3C[C@H](C1)N2CC3=O)c1c[nH]c2ccccc12,4.92,4,nM,CHEMBL2368925,-4.92,4.08,CHEMBL240,hERG,False,False,False
O=C(O[C@H]1C[C@@H]2C[C@@H]3C[C@@H](C1)N2CC3=O)C1CNc2ccccc21,5.23,1,nM,CHEMBL319742,-5.23,3.7699999999999996,CHEMBL240,hERG,False,False,False
O=C(Oc1ccc(OCc2ccccc2)cc1)N(Cc1ccccc1)S(=O)(=O)c1ccc(Cl)cc1,5.28,1,nM,CHEMBL4848472,-5.28,3.7199999999999998,CHEMBL240,hERG,False,False,False
O=C(Oc1ccc(OCc2ccccc2)cc1)N(Nc1ccccc1)S(=O)(=O)c1ccc(Cl)cc1,5.02,1,nM,CHEMBL4864480,-5.02,3.9800000000000004,CHEMBL240,hERG,False,False,False
O=C([C@@H](O)C1CC1)N1CC(c2cc(F)ccc2F)=C[C@H]1c1cccc(O)c1,4.75,1,nM,CHEMBL377596,-4.75,4.25,CHEMBL240,hERG,False,False,False
O=C([C@@H](O)C1CC1)N1CC(c2cc(F)ccc2F)=C[C@H]1c1ccccc1,4.96,1,nM,CHEMBL382165,-4.96,4.04,CHEMBL240,hERG,False,False,False
O=C([C@@H]1CC[C@@H](N2CCOCC2)C[C@H]1c1ccc(Br)cc1)N1CC(c2ccccc2)(c2ccccc2)C1,6.54,1,nM,CHEMBL3086029,-6.54,2.46,CHEMBL240,hERG,False,False,False
O=C([C@@H]1C[C@H](N2CCN(c3ncccn3)CC2)CN1)N1C[C@@H](F)[C@@H](F)C1,4.27,1,nM,CHEMBL474421,-4.27,4.73,CHEMBL240,hERG,False,False,False
O=C([C@@H]1C[C@H]1c1ccc(C(F)(F)F)cc1)N1CCN(S(=O)(=O)c2cc(-c3ccn[nH]3)cc(C(F)(F)F)c2)CC1,6.3,1,nM,CHEMBL487708,-6.3,2.7,CHEMBL240,hERG,False,False,False
O=C([C@@H]1C[C@H]1c1ccc(C(F)(F)F)cc1)N1CCN(S(=O)(=O)c2cc(-c3cn[nH]c3)cc(C(F)(F)F)c2)CC1,6.3,1,nM,CHEMBL519252,-6.3,2.7,CHEMBL240,hERG,False,False,False
O=C([C@@H]1C[C@H]1c1ccc(C(F)(F)F)cc1)N1CCN(S(=O)(=O)c2cc(-c3cn[nH]n3)cc(C(F)(F)F)c2)CC1,5.46,1,nM,CHEMBL528997,-5.46,3.54,CHEMBL240,hERG,False,False,False
O=C([C@@H]1C[C@H]1c1ccc(C(F)(F)F)cc1)N1CCN(S(=O)(=O)c2cc(-c3ncon3)cc(C(F)(F)F)c2)CC1,5.92,1,nM,CHEMBL487500,-5.92,3.08,CHEMBL240,hERG,False,False,False
O=C([C@@H]1C[C@H]1c1ccc(C(F)(F)F)cc1)N1CCN(S(=O)(=O)c2cc(-c3nnc[nH]3)cc(C(F)(F)F)c2)CC1,6.0,1,nM,CHEMBL529213,-6.0,3.0,CHEMBL240,hERG,False,False,False
O=C([C@@H]1C[C@H]1c1ccc(C(F)(F)F)cc1)N1CCN(S(=O)(=O)c2cc(C(F)(F)F)cc(C(F)(F)CO)c2)CC1,5.6,1,nM,CHEMBL519389,-5.6,3.4000000000000004,CHEMBL240,hERG,False,False,False
O=C([C@@H]1C[C@H]1c1ccc(C(F)(F)F)cc1)N1CCN(S(=O)(=O)c2cc(C(O)C(F)(F)F)cc(C(F)(F)F)c2)CC1,7.22,1,nM,CHEMBL520543,-7.22,1.7800000000000002,CHEMBL240,hERG,False,False,False
O=C([C@@H]1C[C@H]1c1ccc(C(F)(F)F)cc1)N1CCN(S(=O)(=O)c2cc(CCO)cc(C(F)(F)F)c2)CC1,6.05,1,nM,CHEMBL490026,-6.05,2.95,CHEMBL240,hERG,False,False,False
O=C([C@H]1C[C@H](Oc2ccc(Cl)cc2)CN1)N1CCCN(C2CCC2)CC1,5.7,1,nM,CHEMBL1095847,-5.7,3.3,CHEMBL240,hERG,True,True,True
O=C([C@H]1C[C@H](Oc2ccc(F)cc2)CN1)N1CCCN(C2CCC2)CC1,5.11,1,nM,CHEMBL1095846,-5.11,3.8899999999999997,CHEMBL240,hERG,True,True,True
O=C([C@H]1C[C@H](Oc2ccc(F)cc2)CN1)N1CCCN(C2CCCC2)CC1,5.34,1,nM,CHEMBL1097882,-5.34,3.66,CHEMBL240,hERG,True,True,True
O=C([C@H]1C[C@H](Oc2cccc(Cl)c2)CN1)N1CCCN(C2CCC2)CC1,5.14,1,nM,CHEMBL1095877,-5.14,3.8600000000000003,CHEMBL240,hERG,True,True,True
O=C([C@H]1C[C@H](Oc2cccc(F)c2)CN1)N1CCCN(C2CCC2)CC1,5.52,1,nM,CHEMBL1095845,-5.52,3.4800000000000004,CHEMBL240,hERG,True,True,True
O=C(c1c(-c2ccc(O)cc2)oc2ccc(O)c(CN3CCC4(COC4)C3)c12)N1CC(F)C1,5.0,1,nM,CHEMBL5091803,-5.0,4.0,CHEMBL240,hERG,False,False,False
O=C(c1c(-c2ccc(O)cc2)oc2ccc(O)c(CN3CCC4(COC4)C3)c12)N1CCC1,5.16,1,nM,CHEMBL5082225,-5.16,3.84,CHEMBL240,hERG,False,False,False
O=C(c1c(-c2ccc(O)cn2)oc2ccc(O)c(CN3CCCCC3)c12)N1CC(F)C1,5.13,1,nM,CHEMBL5080864,-5.13,3.87,CHEMBL240,hERG,False,False,False
O=C(c1c(-c2ccc(O)cn2)oc2ccc(O)c(CN3CCCCC3)c12)N1CCC1,4.88,1,nM,CHEMBL5091583,-4.88,4.12,CHEMBL240,hERG,False,False,False
O=C(c1cc(-c2ccccc2)on1)N1CCC(Oc2ccc(CN3CCCC3)cc2)CC1,5.48,1,nM,CHEMBL3787417,-5.48,3.5199999999999996,CHEMBL240,hERG,False,False,False
O=C(c1cc(Cc2c[nH]c(=O)c3cc(Cl)c(Cl)n23)ccc1F)N1CCC(N2CCCC2)CC1,5.1,1,nM,CHEMBL589833,-5.1,3.9000000000000004,CHEMBL240,hERG,False,False,False
O=C(c1cc(Cc2c[nH]c(=O)c3cc(Cl)c(Cl)n23)ccc1F)N1CCC2(CCCN2)CC1,4.92,2,nM,CHEMBL606029,-4.92,4.08,CHEMBL240,hERG,False,False,False
O=C(c1cc(Cl)c(O)cc1OC[C@@H](O)CN1CCC2(CC1)Cc1cc(Cl)ccc1O2)N1CC[C@H](O)C1,5.08,1,nM,CHEMBL2391803,-5.08,3.92,CHEMBL240,hERG,False,False,False
O=C(c1cc(F)cc(Cl)c1)N1CCc2oc(-c3ccc(F)cn3)nc2C1,4.72,1,nM,CHEMBL4087545,-4.72,4.28,CHEMBL240,hERG,False,False,False
O=C(c1cc(F)cc(Cl)c1)N1CCn2nc(-c3ccc(F)cn3)cc2C1,4.82,2,nM,CHEMBL4098822,-4.82,4.18,CHEMBL240,hERG,False,False,False
O=C(c1cc(F)cc(F)c1)N1CCN(c2ccc(OC3CCN(C4CCCC4)CC3)cc2)C(=O)C1,5.1,1,nM,CHEMBL240567,-5.1,3.9000000000000004,CHEMBL240,hERG,False,False,False
O=C(c1cc(F)cc(F)c1)N1CCN(c2ccc(OCCCN3CCCC3)cc2)C(=O)C1,5.1,1,nM,CHEMBL394015,-5.1,3.9000000000000004,CHEMBL240,hERG,False,False,False
O=C(c1cc(F)cc(F)c1)N1CCN(c2ccc(OCCCN3CCCCC3)cc2)C(=O)C1,4.4,1,nM,CHEMBL240394,-4.4,4.6,CHEMBL240,hERG,False,False,False
O=C(c1cc(F)cc(F)c1)N1CCN(c2ccc(OCCCN3CCCCCC3)cc2)C(=O)C1,4.9,1,nM,CHEMBL238871,-4.9,4.1,CHEMBL240,hERG,False,False,False
O=C(c1cc([C@H]2CCCN2c2cc(F)cc(F)c2)c2oc(N3CCOCC3)cc(=O)c2c1)N1CCOCC1,4.35,1,nM,CHEMBL4060768,-4.35,4.65,CHEMBL240,hERG,False,False,False
O=C(c1cc[n+]([O-])cc1)N1CCC2(CCN(Cc3cccc(Oc4ccccc4)c3)CC2)CC1,4.85,1,nM,CHEMBL409849,-4.85,4.15,CHEMBL240,hERG,False,False,False
O=C(c1ccc(-c2ccc(F)c(F)c2)o1)N1CCN(Cc2ccc(OC3CCNCC3)c(Cl)c2)CC1,5.4,1,nM,CHEMBL4457118,-5.4,3.5999999999999996,CHEMBL240,hERG,False,False,False
O=C(c1ccc(-c2ccc3c(c2)CCN(CCN2CCCC2)C3=O)c(F)c1)N1CCCC1,4.95,1,nM,CHEMBL2031878,-4.95,4.05,CHEMBL240,hERG,True,True,True
O=C(c1ccc(-c2ccc3c(c2)CCN(CCN2CCCC2)C3=O)cc1)N1CCCC1,5.06,1,nM,CHEMBL2031875,-5.06,3.9400000000000004,CHEMBL240,hERG,True,True,True
O=C(c1ccc(-c2ccc3c(c2)CCN(CCN2CCCC2)C3=O)cc1Cl)N1CCCC1,5.03,1,nM,CHEMBL2031880,-5.03,3.9699999999999998,CHEMBL240,hERG,True,True,True
O=C(c1ccc(-c2ccc3c(c2)CCN(CCN2CCCC2)C3=O)cc1F)N1CCCC1,5.06,1,nM,CHEMBL2031879,-5.06,3.9400000000000004,CHEMBL240,hERG,True,True,True
O=C(c1ccc(-n2nnc3cccnc32)cc1)N(c1ncccc1Cl)[C@@H]1CCCNC1,5.07,1,nM,CHEMBL4109308,-5.07,3.9299999999999997,CHEMBL240,hERG,True,True,True
O=C(c1ccc(C2=CC3(CCNCC3)Oc3ccccc32)cc1)N1CCCC1,4.98,1,nM,CHEMBL564922,-4.98,4.02,CHEMBL240,hERG,True,True,True
O=C(c1ccc(C2=CC3(CCNCC3)Oc3ccccc32)cc1)N1CCCCC1,5.52,1,nM,CHEMBL550261,-5.52,3.4800000000000004,CHEMBL240,hERG,True,True,True
O=C(c1ccc(C2=CC3(CCNCC3)Oc3ccccc32)cc1)N1CCOCC1,4.27,1,nM,CHEMBL551414,-4.27,4.73,CHEMBL240,hERG,True,True,True
O=C(c1ccc(C2=CC3(CCNCC3)Oc3ccccc32)cc1)N1Cc2ccccc2C1,5.46,1,nM,CHEMBL551613,-5.46,3.54,CHEMBL240,hERG,False,False,False
O=C(c1ccc(CCN2CCC(Nc3nc4ccccc4n3Cc3ccc(F)cc3)CC2)cc1)N1CCNCC1,5.07,1,nM,CHEMBL4853871,-5.07,3.9299999999999997,CHEMBL240,hERG,False,False,False
O=C(c1ccc(CN2CCC3(CC2)OCc2cc(F)ncc23)cc1)c1ccc(F)c(F)c1,7.77,1,nM,CHEMBL566257,-7.77,1.2300000000000004,CHEMBL240,hERG,False,False,False
O=C(c1ccc(C[C@@H]2CC[C@H]([C@H](O)c3ccccc3)N2)cc1)N1CCC2(CCOC2=O)CC1,4.34,1,nM,CHEMBL3747244,-4.34,4.66,CHEMBL240,hERG,False,False,False
O=C(c1ccc(C[C@@H]2CC[C@H]([C@H](O)c3ccccc3)N2)cc1)N1CCN(Cc2ncn(CC(F)F)n2)CC1,4.47,1,nM,CHEMBL4087670,-4.47,4.53,CHEMBL240,hERG,False,False,False
O=C(c1ccc(C[C@@H]2CC[C@H]([C@H](O)c3ccccc3)N2)cc1)N1CCN(Cc2nnn(CC(F)(F)F)n2)CC1,4.52,1,nM,CHEMBL4085173,-4.52,4.48,CHEMBL240,hERG,False,False,False
O=C(c1ccc(C[C@@H]2CC[C@H]([C@H](O)c3ccccc3)N2)cc1)N1CCN(Cc2nnn(CC3CC3)n2)CC1,4.41,1,nM,CHEMBL4092912,-4.41,4.59,CHEMBL240,hERG,False,False,False
O=C(c1ccc(C[C@@H]2CC[C@H]([C@H](O)c3ccccc3)N2)cc1)N1C[C@@H]2[C@H](C1)[C@H]2c1nnco1,4.26,1,nM,CHEMBL3747356,-4.26,4.74,CHEMBL240,hERG,False,False,False
O=C(c1ccc(Cl)c(C(F)(F)F)c1)N1CCN(c2cc(=O)[nH]c(=O)n2Cc2ccc(OS(=O)(=O)c3cccc4cnccc34)cc2)CC1,4.32,1,nM,CHEMBL3741159,-4.32,4.68,CHEMBL240,hERG,False,False,False
O=C(c1ccc(Cl)cc1)N1CCC2(CCN(Cc3cccc(Oc4ccccc4)c3)CC2)CC1,7.09,3,nM,CHEMBL429436,-7.09,1.9100000000000001,CHEMBL240,hERG,False,False,False
O=C(c1ccc(Cl)cc1)N1CCC2(CCN(Cc3ccccc3Oc3ccccc3)CC2)CC1,8.19,3,nM,CHEMBL259243,-8.19,0.8100000000000005,CHEMBL240,hERG,False,False,False
O=C(c1ccc(Cl)cc1)N1CCN(c2ccc(OC3CCN(C4CCC4)CC3)cc2)C(=O)C1,4.5,1,nM,CHEMBL540634,-4.5,4.5,CHEMBL240,hERG,False,False,False
O=C(c1ccc(Cl)cc1)N1CCN(c2ccc(OC3CCN(C4CCCC4)CC3)cc2)C(=O)C1,5.4,1,nM,CHEMBL239744,-5.4,3.5999999999999996,CHEMBL240,hERG,False,False,False
O=C(c1ccc(F)cc1)N1CCN(CCn2c(=O)[nH]c3ccccc3c2=O)CC1,6.97,1,nM,CHEMBL1673442,-6.97,2.0300000000000002,CHEMBL240,hERG,False,False,False
O=C(c1ccc(F)cc1)N1CCN(c2ccc(OC3CCN(C4CCCC4)CC3)cc2)C(=O)C1,4.7,1,nM,CHEMBL239963,-4.7,4.3,CHEMBL240,hERG,False,False,False
O=C(c1ccc(F)cc1)N1CCN(c2ccc(OCCCN3CCCC3)cc2)C(=O)C1,5.2,1,nM,CHEMBL429458,-5.2,3.8,CHEMBL240,hERG,False,False,False
O=C(c1ccc(F)cc1)N1CCN(c2ccc(OCCCN3CCCCC3)cc2)C(=O)C1,4.3,1,nM,CHEMBL240185,-4.3,4.7,CHEMBL240,hERG,False,False,False
O=C(c1ccc(F)cc1)N1CCN(c2ccc(OCCCN3CCCCCC3)cc2)C(=O)C1,4.9,1,nM,CHEMBL238870,-4.9,4.1,CHEMBL240,hERG,False,False,False
O=C(c1ccc(F)cc1F)C1CCN(CCCOc2ccc(-c3nc4ccccc4o3)cc2)CC1,6.07,1,nM,CHEMBL3634812,-6.07,2.9299999999999997,CHEMBL240,hERG,False,False,False
O=C(c1ccc(F)cc1F)N1CCN(c2ccc(OC3CCN(C4CCCC4)CC3)cc2)C(=O)C1,4.6,1,nM,CHEMBL392354,-4.6,4.4,CHEMBL240,hERG,False,False,False
O=C(c1ccc(F)cc1F)N1CCN(c2ccc(OCCCN3CCCCCC3)cc2)C(=O)C1,4.3,1,nM,CHEMBL238872,-4.3,4.7,CHEMBL240,hERG,False,False,False
O=C(c1ccc(F)cc1OC[C@@H](O)CN1CCC2(CC1)Cc1cc(Cl)ccc1O2)N1CC[C@H](O)C1,6.16,1,nM,CHEMBL2391800,-6.16,2.84,CHEMBL240,hERG,False,False,False
O=C(c1ccc(O)cc1OC[C@@H](O)CN1CCC2(CC1)Cc1cc(Cl)ccc1O2)N1CCC(O)CC1,5.8,1,nM,CHEMBL2391810,-5.8,3.2,CHEMBL240,hERG,False,False,False
O=C(c1ccc(O)cc1OC[C@@H](O)CN1CCC2(CC1)Cc1cc(Cl)ccc1O2)N1CC[C@H](O)C1,4.64,1,nM,CHEMBL2391804,-4.64,4.36,CHEMBL240,hERG,False,False,False
O=C(c1ccc(O)cc1OC[C@@H](O)CN1CCC2(CC1)Cc1cc(Cl)ccc1O2)N1C[C@H](O)CO1,7.6,1,nM,CHEMBL439304,-7.6,1.4000000000000004,CHEMBL240,hERG,False,False,False
O=C(c1ccc(Oc2ccc(Cl)cc2)nc1)N1CCCN(C2CCC2)CC1,5.85,1,nM,CHEMBL1171886,-5.85,3.1500000000000004,CHEMBL240,hERG,True,True,True
O=C(c1ccc(Oc2ccc(F)cc2)cn1)N1CCCN(C2CCC2)CC1,5.5649999999999995,2,nM,CHEMBL1170953,-5.5649999999999995,3.4350000000000005,CHEMBL240,hERG,True,True,True
O=C(c1ccc(Oc2cccc(Cl)c2)nc1)N1CCCN(C2CCC2)CC1,5.8,1,nM,CHEMBL1171002,-5.8,3.2,CHEMBL240,hERG,True,True,True
O=C(c1ccc(Oc2cccc(F)c2)nc1)N1CCCN(C2CCC2)CC1,5.46,1,nM,CHEMBL1170790,-5.46,3.54,CHEMBL240,hERG,True,True,True
O=C(c1cccc(Cl)c1Cl)N(C1CCCC1)[C@H]1CCNC1,4.99,1,nM,CHEMBL1080968,-4.99,4.01,CHEMBL240,hERG,True,True,True
O=C(c1cccc(Cl)c1Cl)N(CCC1CC1)[C@H]1CCNC1,5.15,1,nM,CHEMBL1080789,-5.15,3.8499999999999996,CHEMBL240,hERG,True,True,True
O=C(c1cccc(Cl)c1Cl)N(c1ccccc1)[C@H]1CCNC1,5.1,1,nM,CHEMBL1079264,-5.1,3.9000000000000004,CHEMBL240,hERG,True,True,True
O=C(c1cccc(F)c1)N1CCc2oc(-c3ccc(F)cn3)nc2C1,4.13,1,nM,CHEMBL4102181,-4.13,4.87,CHEMBL240,hERG,False,False,False
O=C(c1ccccc1)N1CCN(c2ccc(OCCCN3CCCCC3)cc2)C(=O)C1,4.2,1,nM,CHEMBL559206,-4.2,4.8,CHEMBL240,hERG,False,False,False
O=C(c1ccccc1)N1CCc2oc(-c3ccc(F)cn3)nc2C1,4.19,1,nM,CHEMBL4060556,-4.19,4.81,CHEMBL240,hERG,False,False,False
O=C(c1ccccc1C1CCCC1)N(CC1CCC1)[C@H]1CCNC1,5.66,1,nM,CHEMBL562569,-5.66,3.34,CHEMBL240,hERG,True,True,True
O=C(c1ccccc1OCc1csc(-c2ccc(Cl)cc2)n1)N1CCCC1,5.01,1,nM,CHEMBL195235,-5.01,3.99,CHEMBL240,hERG,False,False,False
O=C(c1ccccc1Oc1ccccc1)N(C1CCC1)[C@H]1CCNC1,5.53,1,nM,CHEMBL561878,-5.53,3.4699999999999998,CHEMBL240,hERG,True,True,True
O=C(c1ccccc1Oc1ccccc1)N(CC1CCC1)[C@H]1CCNC1,6.12,1,nM,CHEMBL549584,-6.12,2.88,CHEMBL240,hERG,True,True,True
O=C(c1ccccc1Oc1ccccc1)N(c1ccccc1)[C@H]1CCNC1,5.55,1,nM,CHEMBL564935,-5.55,3.45,CHEMBL240,hERG,True,True,True
O=C(c1ccccn1)[C@]12Cc3cnn(-c4ccc(F)cc4)c3C=C1CCN(S(=O)(=O)c1ccc(C(F)(F)F)cc1)C2,5.3,1,nM,CHEMBL3734774,-5.3,3.7,CHEMBL240,hERG,False,False,False
O=C(c1ccccn1)[C@]12Cc3cnn(-c4ccc(F)cc4)c3C=C1CCN(S(=O)(=O)c1ccc(F)cc1)C2,6.01,1,nM,CHEMBL3735376,-6.01,2.99,CHEMBL240,hERG,False,False,False
O=C(c1cccn2ccnc12)N1CCN(CCc2ccc(F)cc2F)CC1,5.72,1,nM,CHEMBL1957816,-5.72,3.2800000000000002,CHEMBL240,hERG,False,False,False
O=C(c1ccncc1)N1CCC2(CCN(Cc3cccc(Oc4ccccc4)c3)CC2)CC1,6.44,3,nM,CHEMBL271801,-6.44,2.5599999999999996,CHEMBL240,hERG,False,False,False
O=C(c1ccncc1)N1CCC2(CCN(Cc3cccc4c3OCC4)CC2)CC1,5.11,1,nM,CHEMBL572537,-5.11,3.8899999999999997,CHEMBL240,hERG,False,False,False
O=C(c1ccncc1)N1CCC2(CCN(Cc3ccccc3OC(F)(F)C(F)F)CC2)CC1,5.029999999999999,2,nM,CHEMBL583212,-5.029999999999999,3.9700000000000006,CHEMBL240,hERG,False,False,False
O=C(c1ccncc1)N1CCC2(CCN(Cc3ccccc3Oc3ccccc3)CC2)CC1,7.68,1,nM,CHEMBL271768,-7.68,1.3200000000000003,CHEMBL240,hERG,False,False,False
O=C(c1ccncn1)N1CCC2(CCN(Cc3cccc(Oc4ccccc4)c3)CC2)CC1,5.85,3,nM,CHEMBL410885,-5.85,3.1500000000000004,CHEMBL240,hERG,False,False,False
O=C(c1ccncn1)N1CCC2(CCN(Cc3ccccc3Oc3ccccc3)CC2)CC1,6.64,1,nM,CHEMBL566974,-6.64,2.3600000000000003,CHEMBL240,hERG,False,False,False
O=C(c1cn(CCCNCc2ccc(Oc3ccc(Cl)cc3)cc2)nn1)N1CCOCC1,6.17,1,nM,CHEMBL4440009,-6.17,2.83,CHEMBL240,hERG,False,False,False
O=C(c1nc(-c2ccccc2)no1)N1CCC(Oc2ccc(CN3CCCC3)cc2)CC1,5.75,1,nM,CHEMBL3786352,-5.75,3.25,CHEMBL240,hERG,False,False,False
O=C(c1nnc(-c2ccc(Cl)cc2)o1)N1CCC(Oc2ccc(CN3CCCC3)cc2)CC1,5.26,1,nM,CHEMBL3786375,-5.26,3.74,CHEMBL240,hERG,False,False,False
O=C(c1nnc(-c2ccc(F)cc2)o1)N1CCC(Oc2ccc(CN3CCCC3)cc2)CC1,5.21,1,nM,CHEMBL3787131,-5.21,3.79,CHEMBL240,hERG,False,False,False
O=C(c1nnc(-c2ccc(OC(F)F)cc2)o1)N1CCC(Oc2ccc(CN3CCCC3)cc2)CC1,5.38,1,nM,CHEMBL3787639,-5.38,3.62,CHEMBL240,hERG,False,False,False
O=C(c1nnc(-c2ccccc2)o1)N1CC(Oc2ccc(CN3CC4(CCCO4)C3)cc2)C1,5.05,1,nM,CHEMBL3786346,-5.05,3.95,CHEMBL240,hERG,False,False,False
O=C(c1nnc(-c2ccccc2)o1)N1CC(Oc2ccc(CN3CC4(CCOC4)C3)cc2)C1,4.8,1,nM,CHEMBL3670640,-4.8,4.2,CHEMBL240,hERG,False,False,False
O=C(c1nnc(-c2ccccc2)o1)N1CC(Oc2ccc(CN3CC4(COC4)C3)cc2)C1,4.55,1,nM,CHEMBL3785663,-4.55,4.45,CHEMBL240,hERG,False,False,False
O=C(c1nnc(-c2ccccc2)o1)N1CCC(Oc2ccc(CN3CCC(O)C3)cc2)CC1,4.51,1,nM,CHEMBL3787345,-4.51,4.49,CHEMBL240,hERG,False,False,False
O=C(c1nnc(-c2ccccc2)o1)N1CCC(Oc2ccc(CN3CCCC3)cc2)CC1,4.96,1,nM,CHEMBL3787457,-4.96,4.04,CHEMBL240,hERG,False,False,False
O=C(c1nnc(-c2ccccc2Cl)o1)N1CCC(Oc2ccc(CN3CCCC3)cc2)CC1,5.28,1,nM,CHEMBL3786923,-5.28,3.7199999999999998,CHEMBL240,hERG,False,False,False
O=C(c1noc(-c2ccccc2)n1)N1CCC(Oc2ccc(CN3CCCC3)cc2)CC1,5.12,1,nM,CHEMBL3787166,-5.12,3.88,CHEMBL240,hERG,False,False,False
O=C1C(CO)OC2(CCN(CCc3ccccc3)CC2)CN1c1ccccc1,5.96,1,nM,CHEMBL4459117,-5.96,3.04,CHEMBL240,hERG,True,True,True
O=C1C(COCc2ccccc2)OC2(CCN(CCc3ccccc3)CC2)CN1c1ccccc1,7.0,1,nM,CHEMBL4528962,-7.0,2.0,CHEMBL240,hERG,True,True,True
O=C1CC(c2nc(-c3cccc(Cl)c3)no2)CN1c1ccc(F)cc1,5.46,2,nM,CHEMBL2069397,-5.46,3.54,CHEMBL240,hERG,True,True,True
O=C1CC2(CCCC2)CC(=O)N1CCCCN1CCN(c2cccc3sccc23)CC1,5.58,1,nM,CHEMBL4294617,-5.58,3.42,CHEMBL240,hERG,False,False,False
O=C1CC2(CCCC2)CC(=O)N1CCCCN1CCN(c2ncccn2)CC1,5.4,1,nM,CHEMBL49,-5.4,3.5999999999999996,CHEMBL240,hERG,False,False,False
O=C1CC2CCc3cc(OC4CCN(C5CCC5)CC4)ccc3C2=NN1,4.75,1,nM,CHEMBL2031477,-4.75,4.25,CHEMBL240,hERG,False,False,False
O=C1CCC(N2Cc3cc(CNC(=O)C(F)(F)c4ccc(Cl)cc4)ccc3C2=O)C(=O)N1,5.28,1,nM,CHEMBL4742712,-5.28,3.7199999999999998,CHEMBL240,hERG,False,False,False
O=C1CCC(c2ccc(Nc3ccncc3)cc2)=NN1,5.98,1,nM,CHEMBL138093,-5.98,3.0199999999999996,CHEMBL240,hERG,False,False,False
O=C1CCCCN1C1CCN(CCOc2ccc(Oc3nc4ccccc4s3)cc2)CC1,5.75,1,nM,CHEMBL470929,-5.75,3.25,CHEMBL240,hERG,False,False,False
O=C1CCCN1C1CCN(CCOc2ccc(Oc3nc4ncccc4s3)cc2)CC1,5.6,1,nM,CHEMBL2207738,-5.6,3.4000000000000004,CHEMBL240,hERG,False,False,False
O=C1CCCN1C1CCN(CCc2ccc(Oc3nc4ccccc4s3)cc2)CC1,6.0,1,nM,CHEMBL482058,-6.0,3.0,CHEMBL240,hERG,False,False,False
O=C1CCCN1C1CCN(CCc2ccc(Oc3nc4ncccc4s3)cc2)CC1,5.55,1,nM,CHEMBL2207744,-5.55,3.45,CHEMBL240,hERG,False,False,False
O=C1CCCN1C1CCN(Cc2ccc(Oc3nc4ccccc4s3)cc2)CC1,4.82,1,nM,CHEMBL480130,-4.82,4.18,CHEMBL240,hERG,False,False,False
O=C1CCCN1Cc1nc2ccccc2n1Cc1ccc(Cl)cc1,5.16,1,nM,CHEMBL3699574,-5.16,3.84,CHEMBL240,hERG,False,False,False
O=C1CCc2c(F)cccc2N1CCCN1CCC(n2c(=O)[nH]c3ccccc32)CC1,5.28,1,nM,CHEMBL2059317,-5.28,3.7199999999999998,CHEMBL240,hERG,False,False,False
O=C1CCc2c(Oc3ccc4c(c3)C[C@H](NC(=O)c3cc(C(F)(F)F)cc(C5(O)CNC5)c3)CC4)ccnc2N1,5.31,1,nM,CHEMBL3764870,-5.31,3.6900000000000004,CHEMBL240,hERG,False,False,False
O=C1CCc2cc(C(O)CCCN3CCC(c4noc5cc(F)ccc45)CC3)cc3c2N1CC3,5.72,1,nM,CHEMBL4294799,-5.72,3.2800000000000002,CHEMBL240,hERG,False,False,False
O=C1CCc2cc(C(O)CN3CCC(O)(c4cccc(F)c4)CC3)ccc2N1,4.89,3,nM,CHEMBL246819,-4.89,4.11,CHEMBL240,hERG,False,False,False
O=C1CCc2cc(CCN3CCN(C(=O)Cc4ccc(-n5cnnn5)cc4)CC3)ccc21,5.19,1,nM,CHEMBL2441441,-5.19,3.8099999999999996,CHEMBL240,hERG,False,False,False
O=C1CCc2cc(F)ccc2N1CCCN1CCC(n2c(=O)[nH]c3ccccc32)CC1,5.47,1,nM,CHEMBL2059318,-5.47,3.5300000000000002,CHEMBL240,hERG,False,False,False
O=C1CCc2cc([C@@H](O)CN3CCC(O)(c4cccc(F)c4)CC3)ccc2N1,5.96,1,nM,CHEMBL237793,-5.96,3.04,CHEMBL240,hERG,False,False,False
O=C1CCc2ccc(F)cc2N1CCCN1CCC(n2c(=O)[nH]c3ccccc32)CC1,5.24,1,nM,CHEMBL2059319,-5.24,3.76,CHEMBL240,hERG,False,False,False
O=C1CCc2ccc(OCCCCN3CCCN(c4ccc(O)c5[nH]c(=O)ccc45)CC3)cc2N1,4.71,1,nM,CHEMBL4102628,-4.71,4.29,CHEMBL240,hERG,True,True,True
O=C1CCc2ccc(OCCCCN3CCN(c4cccc(Cl)c4Cl)CC3)cc2N1,6.05,5,nM,CHEMBL1112,-6.05,2.95,CHEMBL240,hERG,True,True,True
O=C1CCc2cccc(F)c2N1CCCN1CCC(n2c(=O)[nH]c3ccccc32)CC1,5.1,1,nM,CHEMBL2059320,-5.1,3.9000000000000004,CHEMBL240,hERG,False,False,False
O=C1CCc2cccc(OC[C@@H](O)CN3CCC4(CC3)Cc3cc(Cl)ccc3O4)c2N1,6.3,1,nM,CHEMBL3099952,-6.3,2.7,CHEMBL240,hERG,False,False,False
O=C1CCc2ccccc2N1CCCN1CCC(c2ccc3[nH]ccc3c2)CC1,5.36,1,nM,CHEMBL2059305,-5.36,3.6399999999999997,CHEMBL240,hERG,False,False,False
O=C1CCc2ccccc2N1CCCN1CCC(n2c(=O)[nH]c3ccccc32)CC1,5.14,1,nM,CHEMBL2059306,-5.14,3.8600000000000003,CHEMBL240,hERG,False,False,False
O=C1CCc2ccccc2N1OCCN1CCC(n2c(=O)[nH]c3ccccc32)CC1,5.03,1,nM,CHEMBL2059312,-5.03,3.9699999999999998,CHEMBL240,hERG,False,False,False
O=C1CCc2cccnc2N1CCCN1CCC(n2c(=O)[nH]c3ccccc32)CC1,5.2,1,nM,CHEMBL2059310,-5.2,3.8,CHEMBL240,hERG,False,False,False
O=C1CN(CCc2ccc(F)cc2)CCN1[C@H]1CCc2cc(CN3CCC(C(F)(F)F)CC3)ccc2C1,5.7,1,nM,CHEMBL216486,-5.7,3.3,CHEMBL240,hERG,False,False,False
O=C1CN(CCc2ccc(F)cc2)CCN1[C@H]1CCc2cc(CN3CCOCC3)ccc2C1,4.96,1,nM,CHEMBL217875,-4.96,4.04,CHEMBL240,hERG,False,False,False
O=C1CN(CCc2ccc(F)cc2)CCN1[C@H]1CCc2cc(CN3CCS(=O)(=O)CC3)ccc2C1,4.62,1,nM,CHEMBL216959,-4.62,4.38,CHEMBL240,hERG,False,False,False
O=C1CN(CCc2ccc(F)cc2)CCN1[C@H]1CCc2cc(Cn3ccnc3)ccc2C1,5.4,1,nM,CHEMBL214983,-5.4,3.5999999999999996,CHEMBL240,hERG,False,False,False
O=C1CN(c2cc3nccnc3c(NC[C@H]3CCCNC3)n2)CCN1,4.3,1,nM,CHEMBL4436508,-4.3,4.7,CHEMBL240,hERG,False,False,False
O=C1CN(c2ccncc2)CCN1CCCCCOc1ccc(-c2ccc(Cl)cc2)cc1,6.43,1,nM,CHEMBL4218176,-6.43,2.5700000000000003,CHEMBL240,hERG,False,False,False
O=C1CN(c2cn[nH]c(=O)c2Cl)CCN1Cc1ccccc1C(F)(F)F,5.06,1,nM,CHEMBL4530872,-5.06,3.9400000000000004,CHEMBL240,hERG,False,False,False
O=C1COc2cc(Cl)c(CNC34CCC(C[C@]5(O)Cn6c(=O)ccc7ncc(F)c5c76)(CC3)OC4)nc2N1,4.56,1,nM,CHEMBL3425800,-4.56,4.44,CHEMBL240,hERG,False,False,False
O=C1COc2cc(OC(=O)c3ccccc3)c(CNC34CCC(C[C@]5(O)Cn6c(=O)ccc7ncc(F)c5c76)(CC3)OC4)nc2N1,4.52,1,nM,CHEMBL3425805,-4.52,4.48,CHEMBL240,hERG,False,False,False
O=C1COc2cc3c(cc2N1)C(N1CCC(NC(=O)c2cc(=O)c4ccc(F)cc4o2)CC1)CC3,4.84,1,nM,CHEMBL384919,-4.84,4.16,CHEMBL240,hERG,False,False,False
O=C1COc2ccc(CN3CCC(NC(=O)c4cc(=O)c5ccc(F)cc5o4)CC3)cc2N1,5.24,1,nM,CHEMBL217233,-5.24,3.76,CHEMBL240,hERG,False,False,False
O=C1COc2ccc(CNC34CCC(CC5(F)Cn6c(=O)ccc7ncc(F)c5c76)(CC3)OC4)nc2N1,4.86,1,nM,CHEMBL3400820,-4.86,4.14,CHEMBL240,hERG,False,False,False
O=C1COc2ccc(CNC34CCC(CC5Cn6c(=O)ccc7ncc(F)c5c76)(CC3)OC4)nc2N1,4.734999999999999,6,nM,CHEMBL3400819,-4.734999999999999,4.265000000000001,CHEMBL240,hERG,False,False,False
O=C1COc2ccc(CNC34CCC(CCc5c(F)cnc6cc(C(F)(F)F)cnc56)(CC3)OC4)nc2N1,9.05,1,nM,CHEMBL3422959,-9.05,-0.05000000000000071,CHEMBL240,hERG,False,False,False
O=C1COc2ccc(CNC34CCC(CCc5c(F)cnc6cc(Cl)cnc56)(CC3)OC4)nc2N1,8.48,1,nM,CHEMBL3422961,-8.48,0.5199999999999996,CHEMBL240,hERG,False,False,False
O=C1COc2ccc(CNC34CCC(CCc5c(F)cnc6ccc(N7CCOCC7)nc56)(CC3)OC4)nc2N1,7.94,1,nM,CHEMBL3422950,-7.94,1.0599999999999996,CHEMBL240,hERG,False,False,False
O=C1COc2ccc(CNC34CCC(CCc5c(F)cnc6ccc(O)nc56)(CC3)OC4)nc2N1,8.32,1,nM,CHEMBL3422765,-8.32,0.6799999999999997,CHEMBL240,hERG,False,False,False
O=C1COc2ccc(CNC34CCC(CCc5c(F)cnc6ccc(OC(F)F)nc56)(CC3)OC4)nc2N1,6.16,1,nM,CHEMBL3605147,-6.16,2.84,CHEMBL240,hERG,False,False,False
O=C1COc2ccc(CNC34CCC(CCc5c(F)cnc6ccc(OC7CC(O)CC(O)C7)nc56)(CC3)OC4)nc2N1,5.2,1,nM,CHEMBL3605132,-5.2,3.8,CHEMBL240,hERG,False,False,False
O=C1COc2ccc(CNC34CCC(CCc5c(F)cnc6ccc(OC7CCC7)nc56)(CC3)OC4)nc2N1,6.3,1,nM,CHEMBL3605145,-6.3,2.7,CHEMBL240,hERG,False,False,False
O=C1COc2ccc(CNC34CCC(CCc5c(F)cnc6ccc(OCC(CO)CO)nc56)(CC3)OC4)nc2N1,4.98,1,nM,CHEMBL3605128,-4.98,4.02,CHEMBL240,hERG,False,False,False
O=C1COc2ccc(CNC34CCC(CCc5c(F)cnc6ccc(OCC(F)(F)F)nc56)(CC3)OC4)nc2N1,5.96,1,nM,CHEMBL3605146,-5.96,3.04,CHEMBL240,hERG,False,False,False
O=C1COc2ccc(CNC34CCC(CCc5c(F)cnc6ccc(OCC(O)CO)nc56)(CC3)OC4)nc2N1,5.64,1,nM,CHEMBL3605127,-5.64,3.3600000000000003,CHEMBL240,hERG,False,False,False
O=C1COc2ccc(CNC34CCC(CCc5c(F)cnc6ccc(OCC7(CO)CC7)nc56)(CC3)OC4)nc2N1,5.57,1,nM,CHEMBL3605126,-5.57,3.4299999999999997,CHEMBL240,hERG,False,False,False
O=C1COc2ccc(CNC34CCC(CCc5c(F)cnc6ccc(OCC7(O)COC7)nc56)(CC3)OC4)nc2N1,4.91,1,nM,CHEMBL3605131,-4.91,4.09,CHEMBL240,hERG,False,False,False
O=C1COc2ccc(CNC34CCC(CCc5c(F)cnc6ccc(OCCCCCO)nc56)(CC3)OC4)nc2N1,6.16,1,nM,CHEMBL3605123,-6.16,2.84,CHEMBL240,hERG,False,False,False
O=C1COc2ccc(CNC34CCC(CCc5c(F)cnc6ccc(OCCCCO)nc56)(CC3)OC4)nc2N1,5.62,1,nM,CHEMBL3605122,-5.62,3.38,CHEMBL240,hERG,False,False,False
O=C1COc2ccc(CNC34CCC(CCc5c(F)cnc6ccc(OCCCO)nc56)(CC3)OC4)nc2N1,5.62,1,nM,CHEMBL3605121,-5.62,3.38,CHEMBL240,hERG,False,False,False
O=C1COc2ccc(CNC34CCC(CCc5c(F)cnc6ccc(OCCO)nc56)(CC3)OC4)nc2N1,5.07,2,nM,CHEMBL3605120,-5.07,3.9299999999999997,CHEMBL240,hERG,False,False,False
O=C1COc2ccc(CNC34CCC(CCc5c(F)cnc6ccc(OCCc7cc(=O)c(O)c[nH]7)nc56)(CC3)OC4)nc2N1,6.05,1,nM,CHEMBL3605012,-6.05,2.95,CHEMBL240,hERG,False,False,False
O=C1COc2ccc(CNC34CCC(CCc5c(F)cnc6ccc(OC[C@@H]7C[C@@H](O)[C@@H](O)C7)nc56)(CC3)OC4)nc2N1,5.51,1,nM,CHEMBL3605129,-5.51,3.49,CHEMBL240,hERG,False,False,False
O=C1COc2ccc(CNC34CCC(CCc5c(F)cnc6ccc(OC[C@H]7C[C@@H](O)[C@@H](O)C7)nc56)(CC3)OC4)nc2N1,5.57,1,nM,CHEMBL3605130,-5.57,3.4299999999999997,CHEMBL240,hERG,False,False,False
O=C1COc2ccc(CNC34CCC(CCc5c(F)cnc6ccc(OC[C@H]7C[C@@H]7C(=O)O)nc56)(CC3)OC4)nc2N1,4.36,1,nM,CHEMBL3605005,-4.36,4.64,CHEMBL240,hERG,False,False,False
O=C1COc2ccc(CNC34CCC(CCc5c(F)cnc6ccc(OCc7cc(=O)c(O)c[nH]7)nc56)(CC3)OC4)nc2N1,5.28,1,nM,CHEMBL3605011,-5.28,3.7199999999999998,CHEMBL240,hERG,False,False,False
O=C1COc2ccc(CNC34CCC(CCc5ccnc6cc(C(F)(F)F)cnc56)(CC3)OC4)nc2N1,9.41,1,nM,CHEMBL3422978,-9.41,-0.41000000000000014,CHEMBL240,hERG,False,False,False
O=C1COc2ccc(CNC34CCC(CCc5ccnc6cc(Cl)cnc56)(CC3)OC4)nc2N1,8.31,1,nM,CHEMBL3422980,-8.31,0.6899999999999995,CHEMBL240,hERG,False,False,False
O=C1COc2ccc(CNC34CCC(CCc5ccnc6cc(F)cnc56)(CC3)OC4)nc2N1,7.78,1,nM,CHEMBL3422981,-7.78,1.2199999999999998,CHEMBL240,hERG,False,False,False
O=C1COc2ccc(CNC34CCC(CCc5ccnc6ccc(C(F)(F)F)nc56)(CC3)OC4)nc2N1,9.0,1,nM,CHEMBL3422977,-9.0,0.0,CHEMBL240,hERG,False,False,False
O=C1COc2ccc(CNC34CCC(C[C@]5(O)Cn6c(=O)ccc7ncc(Cl)c5c76)(CC3)OC4)nc2N1,4.27,1,nM,CHEMBL3402185,-4.27,4.73,CHEMBL240,hERG,False,False,False
O=C1COc2ccc(CNC34CCC(C[C@]5(O)Cn6c(=O)ccc7ncc(F)c5c76)(CC3)OC4)cc2N1,5.14,1,nM,CHEMBL3425808,-5.14,3.8600000000000003,CHEMBL240,hERG,False,False,False
O=C1COc2ccc(CNC34CCC([C@@H](O)Cc5c(F)cnc6ccc(OCCO)nc56)(CC3)OC4)nc2N1,4.53,1,nM,CHEMBL3605013,-4.53,4.47,CHEMBL240,hERG,False,False,False
O=C1COc2ccc(CNC3CCN(CCN4C(=O)COc5ccc(-c6ccco6)cc54)CC3)nc2N1,5.89,1,nM,CHEMBL1824045,-5.89,3.1100000000000003,CHEMBL240,hERG,False,False,False
O=C1COc2ccc(CNC3CCN(CCN4C(=O)COc5ccc(Br)cc54)CC3)nc2N1,5.55,1,nM,CHEMBL1824031,-5.55,3.45,CHEMBL240,hERG,False,False,False
O=C1COc2ccc(CNC3CCN(CCN4C(=O)COc5ccc(Cl)cc54)CC3)nc2N1,5.52,1,nM,CHEMBL1824042,-5.52,3.4800000000000004,CHEMBL240,hERG,False,False,False
O=C1COc2ccc(CNC3CCN(CCN4C(=O)COc5ccc(F)cc54)CC3)nc2N1,5.0600000000000005,2,nM,CHEMBL1824043,-5.0600000000000005,3.9399999999999995,CHEMBL240,hERG,False,False,False
O=C1COc2ccc(CNC3CCN(CCN4C(=O)COc5ccc(OC(F)(F)F)cc54)CC3)nc2N1,5.85,1,nM,CHEMBL1824039,-5.85,3.1500000000000004,CHEMBL240,hERG,False,False,False
O=C1COc2ccc(CNC3CCN(CCN4C(=O)COc5ccc([N+](=O)[O-])cc54)CC3)nc2N1,4.61,1,nM,CHEMBL1824037,-4.61,4.39,CHEMBL240,hERG,False,False,False
O=C1COc2ccc(CNC3CCN(CCn4c(=O)ccc5ncc(Oc6cncc(F)c6)cc54)CC3)nc2N1,4.1,1,nM,CHEMBL3608750,-4.1,4.9,CHEMBL240,hERG,False,False,False
O=C1COc2ccc(CN[C@@H]3CCN(CCn4c(=O)ccc5ncc(Oc6cccnc6)cc54)C[C@@H]3F)nc2N1,4.12,1,nM,CHEMBL3608757,-4.12,4.88,CHEMBL240,hERG,False,False,False
O=C1COc2cccc(OC[C@@H](O)CN3CCC4(CC3)Cc3cc(Cl)ccc3O4)c2N1,6.22,1,nM,CHEMBL3099951,-6.22,2.7800000000000002,CHEMBL240,hERG,False,False,False
O=C1COc2ccccc2N1CCCN1CCC(n2c(=O)[nH]c3c(F)cccc32)CC1,5.47,1,nM,CHEMBL2059324,-5.47,3.5300000000000002,CHEMBL240,hERG,False,False,False
O=C1COc2ccccc2N1CCCN1CCC(n2c(=O)[nH]c3cc(F)ccc32)CC1,5.72,1,nM,CHEMBL2059323,-5.72,3.2800000000000002,CHEMBL240,hERG,False,False,False
O=C1COc2ccccc2N1CCCN1CCC(n2c(=O)[nH]c3ccc(F)cc32)CC1,5.36,1,nM,CHEMBL2059322,-5.36,3.6399999999999997,CHEMBL240,hERG,False,False,False
O=C1COc2ccccc2N1CCCN1CCC(n2c(=O)[nH]c3cccc(F)c32)CC1,5.2,1,nM,CHEMBL2059321,-5.2,3.8,CHEMBL240,hERG,False,False,False
O=C1COc2ccccc2N1CCCN1CCC(n2c(=O)[nH]c3ccccc32)CC1,5.18,1,nM,CHEMBL2059311,-5.18,3.8200000000000003,CHEMBL240,hERG,False,False,False
O=C1COc2ccccc2N1CCCN1CCC(n2c(=O)[nH]c3cccnc32)CC1,4.89,1,nM,CHEMBL2059313,-4.89,4.11,CHEMBL240,hERG,False,False,False
O=C1COc2ccccc2N1CCCN1CCC(n2c(=O)[nH]c3cnccc32)CC1,4.34,1,nM,CHEMBL2059315,-4.34,4.66,CHEMBL240,hERG,False,False,False
O=C1COc2ccccc2N1CCCN1CCC(n2c(=O)[nH]c3ncccc32)CC1,4.66,1,nM,CHEMBL2059316,-4.66,4.34,CHEMBL240,hERG,False,False,False
O=C1COc2ccccc2N1CCN1CCC(NCc2cc3c(cn2)OCCO3)CC1,4.7,1,nM,CHEMBL1916535,-4.7,4.3,CHEMBL240,hERG,False,False,False
O=C1COc2cnc(CNC34CCC(C[C@]5(O)Cn6c(=O)ccc7ncc(F)c5c76)(CC3)OC4)cc2N1,4.725,2,nM,CHEMBL3425806,-4.725,4.275,CHEMBL240,hERG,False,False,False
O=C1COc2cnc(CNC34CCC(C[C@]5(O)Cn6c(=O)ccc7ncc(F)c5c76)(CC3)OC4)nc2N1,4.52,1,nM,CHEMBL3425807,-4.52,4.48,CHEMBL240,hERG,False,False,False
O=C1CSC(c2cc(C(F)(F)F)cc(S(=O)(=O)N3CCN(C(=O)[C@@H]4C[C@H]4c4ccc(C(F)(F)F)cc4)CC3)c2)=N1,5.4,1,nM,CHEMBL529214,-5.4,3.5999999999999996,CHEMBL240,hERG,False,False,False
O=C1CSc2ccc(CNC34CCC(C[C@]5(O)Cn6c(=O)ccc7ncc(F)c5c76)(CC3)OC4)nc2N1,4.59,1,nM,CHEMBL3425798,-4.59,4.41,CHEMBL240,hERG,False,False,False
O=C1Cc2cc(CCN3CCN(c4nsc5ccccc45)CC3)c(Cl)cc2N1,6.9,7,nM,CHEMBL1712,-6.9,2.0999999999999996,CHEMBL240,hERG,False,False,False
O=C1N(CC2CCCCN2)CCN1c1cccc(Cl)c1,5.1,1,nM,CHEMBL1085672,-5.1,3.9000000000000004,CHEMBL240,hERG,False,False,False
O=C1N(CCCCC2CCc3cc(-c4ccc(Cl)cc4)ccc3O2)CCN1c1ccncc1,5.76,1,nM,CHEMBL4216835,-5.76,3.24,CHEMBL240,hERG,False,False,False
O=C1N(CCN2CCC(C(F)(F)F)CC2)CCN1c1cccc(Cl)c1,5.9,1,nM,CHEMBL562624,-5.9,3.0999999999999996,CHEMBL240,hERG,False,False,False
O=C1N(CCN2CCC(C(F)(F)F)CC2)CCN1c1cccc(Cl)c1F,4.9,1,nM,CHEMBL550849,-4.9,4.1,CHEMBL240,hERG,False,False,False
O=C1N(CCN2CCC(C(F)(F)F)CC2)CCN1c1cccc(I)c1,6.7,1,nM,CHEMBL560574,-6.7,2.3,CHEMBL240,hERG,False,False,False
O=C1N(CCN2CCC(C(F)(F)F)CC2)CCN1c1cccc(O)c1,4.8,1,nM,CHEMBL569846,-4.8,4.2,CHEMBL240,hERG,False,False,False
O=C1N(CCN2CCC(C(F)(F)F)CC2)CCN1c1cccc(OC(F)(F)F)c1,5.4,1,nM,CHEMBL559919,-5.4,3.5999999999999996,CHEMBL240,hERG,False,False,False
O=C1N(CCN2CCC(c3ccc(Cl)cc3)CC2)CCN1c1cccc(Cl)c1,8.1,2,nM,CHEMBL561128,-8.1,0.9000000000000004,CHEMBL240,hERG,False,False,False
O=C1N(CCN2CCC(c3nnc(-c4ccccc4)o3)CC2)CCN1c1cccc(Cl)c1,6.6,2,nM,CHEMBL561326,-6.6,2.4000000000000004,CHEMBL240,hERG,False,False,False
O=C1N(CCN2CCCC(OCc3ccccc3)C2)CCN1c1cccc(Cl)c1,7.1,2,nM,CHEMBL557110,-7.1,1.9000000000000004,CHEMBL240,hERG,True,True,True
O=C1N(CCN2CCCc3sccc3C2)CCN1c1cccc(Cl)c1,6.1,2,nM,CHEMBL559873,-6.1,2.9000000000000004,CHEMBL240,hERG,False,False,False
O=C1N(CCN2C[C@@H]3CC[C@H]2Cc2ccccc2C3)CCN1c1cccc(Cl)c1,7.2,2,nM,CHEMBL562464,-7.2,1.7999999999999998,CHEMBL240,hERG,False,False,False
O=C1N(CCN2C[C@H]3CC[C@@H]2C3)CCN1c1cccc(Cl)c1,4.9,2,nM,CHEMBL563860,-4.9,4.1,CHEMBL240,hERG,True,True,True
O=C1N(CCN2C[C@H]3CC[C@H](CC3)C2)CCN1c1cccc(Cl)c1,6.4,2,nM,CHEMBL565075,-6.4,2.5999999999999996,CHEMBL240,hERG,False,False,False
O=C1N(CCN2Cc3ccccc3C2)CCN1Cc1cc(Cl)ccc1Cl,6.4,1,nM,CHEMBL552367,-6.4,2.5999999999999996,CHEMBL240,hERG,False,False,False
O=C1N(CCN2Cc3ccccc3C2)CCN1Cc1ccc(Cl)c(Cl)c1,6.1,1,nM,CHEMBL560650,-6.1,2.9000000000000004,CHEMBL240,hERG,False,False,False
O=C1N(CCN2Cc3ccccc3C2)CCN1Cc1ccc(Cl)cc1,5.7,1,nM,CHEMBL553238,-5.7,3.3,CHEMBL240,hERG,False,False,False
O=C1N(CCN2Cc3ccccc3C2)CCN1Cc1cccc(C(F)(F)F)c1,5.2,1,nM,CHEMBL552366,-5.2,3.8,CHEMBL240,hERG,False,False,False
O=C1N(CCN2Cc3ccccc3C2)CCN1Cc1cccc(Cl)c1,5.6,1,nM,CHEMBL571229,-5.6,3.4000000000000004,CHEMBL240,hERG,False,False,False
O=C1N(CCN2Cc3ccccc3C2)CCN1Cc1ccccc1,4.6,1,nM,CHEMBL554914,-4.6,4.4,CHEMBL240,hERG,False,False,False
O=C1N(CCN2Cc3ccccc3C2)CCN1Cc1ccccc1Cl,5.7,1,nM,CHEMBL551386,-5.7,3.3,CHEMBL240,hERG,False,False,False
O=C1N(CCN2Cc3ccccc3C2)CCN1c1cc(Cl)cc(Cl)c1,5.8,1,nM,CHEMBL561512,-5.8,3.2,CHEMBL240,hERG,False,False,False
O=C1N(CCN2Cc3ccccc3C2)CCN1c1cc(Cl)ccc1F,4.7,1,nM,CHEMBL565031,-4.7,4.3,CHEMBL240,hERG,False,False,False
O=C1N(CCN2Cc3ccccc3C2)CCN1c1cc(F)cc(Cl)c1,5.5,1,nM,CHEMBL556272,-5.5,3.5,CHEMBL240,hERG,False,False,False
O=C1N(CCN2Cc3ccccc3C2)CCN1c1ccc(Cl)c(Cl)c1,6.0,1,nM,CHEMBL550502,-6.0,3.0,CHEMBL240,hERG,False,False,False
O=C1N(CCN2Cc3ccccc3C2)CCN1c1ccc(F)c(Cl)c1,5.3,1,nM,CHEMBL562983,-5.3,3.7,CHEMBL240,hERG,False,False,False
O=C1N(CCN2Cc3ccccc3C2)CCN1c1ccc2occc2c1,5.1,1,nM,CHEMBL559004,-5.1,3.9000000000000004,CHEMBL240,hERG,False,False,False
O=C1N(CCN2Cc3ccccc3C2)CCN1c1ccc2sccc2c1,5.7,1,nM,CHEMBL556478,-5.7,3.3,CHEMBL240,hERG,False,False,False
O=C1N(CCN2Cc3ccccc3C2)CCN1c1cccc(C(F)(F)F)c1,6.1,1,nM,CHEMBL559029,-6.1,2.9000000000000004,CHEMBL240,hERG,False,False,False
O=C1N(CCN2Cc3ccccc3C2)CCN1c1cccc(Cl)c1,5.5,3,nM,CHEMBL560177,-5.5,3.5,CHEMBL240,hERG,False,False,False
O=C1N(CCN2Cc3ccccc3C2)CCN1c1cccc(OC(F)(F)F)c1,6.2,1,nM,CHEMBL565017,-6.2,2.8,CHEMBL240,hERG,False,False,False
O=C1N(CCN2Cc3ccccc3C2)CCN1c1csc2ccccc12,5.1,1,nM,CHEMBL563247,-5.1,3.9000000000000004,CHEMBL240,hERG,False,False,False
O=C1N(CCN2[C@@H]3CCC[C@H]2CC3)CCN1c1cccc(Cl)c1,5.8,2,nM,CHEMBL563580,-5.8,3.2,CHEMBL240,hERG,False,False,False
O=C1N(c2ccccc2)CC2(CCN(CCc3ccccc3)CC2)OC12CC2,5.92,1,nM,CHEMBL4438550,-5.92,3.08,CHEMBL240,hERG,False,False,False
O=C1N=CC=C2N=C(c3ccc(CN4CCC(c5n[nH]c(-c6ccccn6)n5)CC4)cc3)C(c3ccccc3)=CC12,5.25,1,nM,CHEMBL262341,-5.25,3.75,CHEMBL240,hERG,False,False,False
O=C1NC(=O)/C(=C\c2ccccc2OCc2nnc(-c3ccccc3)o2)S1,4.39,1,nM,CHEMBL3338895,-4.39,4.61,CHEMBL240,hERG,False,False,False
O=C1NC(=O)/C(=C\c2ccccc2OCc2nnc(OCc3c(Cl)cccc3Cl)o2)S1,4.54,1,nM,CHEMBL3355597,-4.54,4.46,CHEMBL240,hERG,False,False,False
O=C1NC(=O)C(Cc2coc3ccc(Cl)cc3c2=O)S1,6.87,1,nM,CHEMBL3299132,-6.87,2.13,CHEMBL240,hERG,False,False,False
O=C1NC2(CC2)COc2ncc(F)cc2[C@H]2CNCCN2c2ccn3ncc1c3n2,5.17,1,nM,CHEMBL5070835,-5.17,3.83,CHEMBL240,hERG,False,False,False
O=C1NC2(CC2)COc2ncc(F)cc2[C@H]2COCCN2c2ccn3ncc1c3n2,4.89,1,nM,CHEMBL5080010,-4.89,4.11,CHEMBL240,hERG,False,False,False
O=C1NCCC12CCN(c1c(Cl)cncc1-c1cc3ccccc3o1)CC2,4.96,1,nM,CHEMBL4777349,-4.96,4.04,CHEMBL240,hERG,False,False,False
O=C1NCCC12CCN(c1c(Cl)cncc1-c1cc3ccccc3s1)CC2,4.83,1,nM,CHEMBL4791586,-4.83,4.17,CHEMBL240,hERG,False,False,False
O=C1NCCN1CCN1CC=C(c2cn(-c3ccc(F)cc3)c3ccc(Cl)cc23)CC1,8.0,2,nM,CHEMBL12186,-8.0,1.0,CHEMBL240,hERG,False,False,False
O=C1NCCN1CCN1CCC(C2CN(c3ccc(F)cc3)c3ccccc32)CC1,7.63,2,nM,CHEMBL556312,-7.63,1.37,CHEMBL240,hERG,False,False,False
O=C1NCCN1CCN1CCC(c2cn(-c3ccc(F)cc3)c3ccc(Cl)cc23)CC1,8.0,10,nM,CHEMBL12713,-8.0,1.0,CHEMBL240,hERG,True,True,True
O=C1NCCN1CCN1CCC(c2cn(-c3ccc(F)cc3)c3ccccc23)CC1,8.155000000000001,2,nM,CHEMBL12780,-8.155000000000001,0.8449999999999989,CHEMBL240,hERG,False,False,False
O=C1NCCN1CCN1CCC(c2cn(-c3ccccc3)c3ccc(Cl)cc23)CC1,7.06,2,nM,CHEMBL443476,-7.06,1.9400000000000004,CHEMBL240,hERG,False,False,False
O=C1NCCN1CCN1CCC(c2cn(C3CCCCC3)c3ccc(Cl)cc23)CC1,6.86,2,nM,CHEMBL53661,-6.86,2.1399999999999997,CHEMBL240,hERG,False,False,False
O=C1NCCc2nc(-c3ccc(CN4CCC(c5nnc(-c6ccccn6)[nH]5)CC4)cc3)c(-c3ccccc3)cc21,5.6,1,nM,CHEMBL446134,-5.6,3.4000000000000004,CHEMBL240,hERG,False,False,False
O=C1NCN(c2ccccc2)C12CCN(CCCC(c1ccc(F)cc1)c1ccc(F)cc1)CC2,5.64,1,nM,CHEMBL46516,-5.64,3.3600000000000003,CHEMBL240,hERG,False,False,False
O=C1NN=C(c2ccc(OC3CCN(C4CCC4)CC3)cc2)[C@@H]2C[C@H]12,5.22,1,nM,CHEMBL3121096,-5.22,3.7800000000000002,CHEMBL240,hERG,True,True,True
O=C1NN=C(c2ccc(OC3CCN(C4CCC4)CC3)cc2)[C@H]2C[C@@H]12,4.85,1,nM,CHEMBL3121095,-4.85,4.15,CHEMBL240,hERG,True,True,True
O=C1N[C@H](c2cncc(C#Cc3ccccc3)c2)[C@@H](c2cc(F)ccc2F)O1,5.44,1,nM,CHEMBL3804846,-5.44,3.5599999999999996,CHEMBL240,hERG,True,True,True
O=C1Nc2ncccc2C2(CCN(C(=O)N[C@@H]3CC[C@@H](c4cccc(F)c4F)Cn4c(CC(F)(F)F)cnc43)CC2)O1,5.48,1,nM,CHEMBL1770720,-5.48,3.5199999999999996,CHEMBL240,hERG,True,True,True
O=C1OC2(CCN(c3nc4cc(C(F)(F)F)ccc4[nH]3)CC2)CN1c1ccccc1,5.7,1,nM,CHEMBL1290706,-5.7,3.3,CHEMBL240,hERG,False,False,False
O=C1OC2(CCN(c3nc4ccccc4[nH]3)CC2)CN1c1ccccc1,6.0,1,nM,CHEMBL1290707,-6.0,3.0,CHEMBL240,hERG,False,False,False
O=C1OCCN1C1CCN(CCOc2ccc(Oc3nc4ccccc4s3)cc2)CC1,5.57,1,nM,CHEMBL472138,-5.57,3.4299999999999997,CHEMBL240,hERG,False,False,False
O=C1OCCN1C1CCN(CCc2ccc(Oc3nc4ccccc4s3)cc2)CC1,6.3,1,nM,CHEMBL482056,-6.3,2.7,CHEMBL240,hERG,False,False,False
O=C1OCCN1C1CCN(Cc2ccc(Oc3nc4ccccc4s3)cc2)CC1,4.62,1,nM,CHEMBL518155,-4.62,4.38,CHEMBL240,hERG,False,False,False
O=C1OCCN1CCNc1nonc1/C(=N/O)Nc1ccc(F)c(Br)c1,4.51,1,nM,CHEMBL4443777,-4.51,4.49,CHEMBL240,hERG,False,False,False
O=C1OCCc2cc(CCN3CCN(C(=O)Cc4ccc(-n5cnnn5)cc4)CC3)ccc21,4.5600000000000005,2,nM,CHEMBL2441408,-4.5600000000000005,4.4399999999999995,CHEMBL240,hERG,False,False,False
O=C1OCCc2cc([C@@H]3CN4CCN(C(=O)Cc5ccc(-n6cnnn6)cc5)C[C@H]4CO3)ccc21,4.12,1,nM,CHEMBL3987135,-4.12,4.88,CHEMBL240,hERG,False,False,False
O=C1OCCc2cc([C@@H]3CN4CCN(C(=O)Cc5ccc(-n6cnnn6)nc5)C[C@H]4CO3)ccc21,4.12,1,nM,CHEMBL3889781,-4.12,4.88,CHEMBL240,hERG,False,False,False
O=C1OCCc2cc([C@H]3CN4CCN(C(=O)Cc5ccc(-n6cnnn6)nc5)C[C@@H]4CO3)ccc21,4.38,1,nM,CHEMBL3942711,-4.38,4.62,CHEMBL240,hERG,False,False,False
O=C1OCc2c1ccc(CCN1CCN(C(=O)Cc3ccc(-n4cnnn4)cc3)CC1)c2C1CC1,4.92,1,nM,CHEMBL2441419,-4.92,4.08,CHEMBL240,hERG,False,False,False
O=C1OCc2c1ccc(CCN1CCN(C(=O)Cc3ccc(-n4cnnn4)cc3)CC1)c2Cl,4.77,1,nM,CHEMBL2441421,-4.77,4.23,CHEMBL240,hERG,False,False,False
O=C1OCc2c1ccc(CCN1CCN(C(=O)Cc3ccc(-n4cnnn4)cc3)CC1)c2F,4.715,2,nM,CHEMBL2441420,-4.715,4.285,CHEMBL240,hERG,False,False,False
O=C1OCc2c1cccc2-c1ccc(CCN2CCN(CCc3ccc([N+](=O)[O-])cc3)CC2)cc1,6.82,1,nM,CHEMBL2146856,-6.82,2.1799999999999997,CHEMBL240,hERG,False,False,False
O=C1OCc2cc(/C=C/C3CCN(C(=O)Cc4ccc(-n5cnnn5)cc4)CC3)ccc21,5.75,1,nM,CHEMBL3794510,-5.75,3.25,CHEMBL240,hERG,False,False,False
O=C1OCc2cc(C3CN4CCN(C(=O)Cc5ccc(-n6cnnn6)cc5)CC4CO3)ccc21,4.68,1,nM,CHEMBL4544141,-4.68,4.32,CHEMBL240,hERG,False,False,False
O=C1OCc2cc(CC(=O)N3CCN(CCc4ccc([N+](=O)[O-])cc4)CC3)ccc21,5.89,1,nM,CHEMBL2441431,-5.89,3.1100000000000003,CHEMBL240,hERG,False,False,False
O=C1OCc2cc(CCC3(F)CCN(C(=O)Cc4ccc(-n5cnnn5)cc4)CC3)ccc21,5.68,1,nM,CHEMBL3794427,-5.68,3.3200000000000003,CHEMBL240,hERG,False,False,False
O=C1OCc2cc(CCC3(O)CCN(C(=O)Cc4ccc(-n5cnnn5)cc4)CC3)ccc21,5.19,1,nM,CHEMBL3792861,-5.19,3.8099999999999996,CHEMBL240,hERG,False,False,False
O=C1OCc2cc(CCC3C4CN(C(=O)Cc5ccc(-n6cnnn6)cc5)CC34)ccc21,5.3,1,nM,CHEMBL3794249,-5.3,3.7,CHEMBL240,hERG,False,False,False
O=C1OCc2cc(CCC3CCN(C(=O)Cc4ccc(-n5cnnn5)cc4)CC3)ccc21,5.19,1,nM,CHEMBL3793857,-5.19,3.8099999999999996,CHEMBL240,hERG,False,False,False
O=C1OCc2cc(CCC3CCN(C(=O)Cc4ccc(-n5cnnn5)cn4)CC3)ccc21,5.1,1,nM,CHEMBL3793060,-5.1,3.9000000000000004,CHEMBL240,hERG,False,False,False
O=C1OCc2cc(CCC3CCN(C(=O)Cc4ccc(-n5cnnn5)nc4)CC3)ccc21,5.484999999999999,2,nM,CHEMBL3792423,-5.484999999999999,3.5150000000000006,CHEMBL240,hERG,False,False,False
O=C1OCc2cc(CCN3CCN(C(=O)Cc4ccc(-n5cnnn5)c(C(F)(F)F)c4)CC3)ccc21,5.29,1,nM,CHEMBL2441412,-5.29,3.71,CHEMBL240,hERG,False,False,False
O=C1OCc2cc(CCN3CCN(C(=O)Cc4ccc(-n5cnnn5)c(F)c4)CC3)ccc21,4.57,1,nM,CHEMBL2441409,-4.57,4.43,CHEMBL240,hERG,False,False,False
O=C1OCc2cc(CCN3CCN(C(=O)Cc4ccc(-n5cnnn5)cc4)CC3)c(F)cc21,4.58,1,nM,CHEMBL2441424,-4.58,4.42,CHEMBL240,hERG,False,False,False
O=C1OCc2cc(CCN3CCN(C(=O)Cc4ccc(-n5cnnn5)cc4)CC3)cc(Cl)c21,5.47,1,nM,CHEMBL2441428,-5.47,3.5300000000000002,CHEMBL240,hERG,False,False,False
O=C1OCc2cc(CCN3CCN(C(=O)Cc4ccc(-n5cnnn5)cc4)CC3)cc(F)c21,4.89,1,nM,CHEMBL2441427,-4.89,4.11,CHEMBL240,hERG,False,False,False
O=C1OCc2cc(CCN3CCN(C(=O)Cc4ccc(-n5cnnn5)cc4)CC3)ccc21,5.35,5,nM,CHEMBL2441437,-5.35,3.6500000000000004,CHEMBL240,hERG,False,False,False
O=C1OCc2cc(CCN3CCN(C(=O)Cc4ccc(-n5cnnn5)cc4C(F)(F)F)CC3)ccc21,5.16,1,nM,CHEMBL2441416,-5.16,3.84,CHEMBL240,hERG,False,False,False
O=C1OCc2cc(CCN3CCN(C(=O)Cc4ccc(-n5cnnn5)cc4C4CC4)CC3)ccc21,5.52,1,nM,CHEMBL2441415,-5.52,3.4800000000000004,CHEMBL240,hERG,False,False,False
O=C1OCc2cc(CCN3CCN(C(=O)Cc4ccc(-n5cnnn5)cn4)CC3)ccc21,4.34,1,nM,CHEMBL3793471,-4.34,4.66,CHEMBL240,hERG,False,False,False
O=C1OCc2cc(CCN3CCN(C(=O)Cc4ccc(-n5cnnn5)nc4)CC3)ccc21,5.1899999999999995,2,nM,CHEMBL3794155,-5.1899999999999995,3.8100000000000005,CHEMBL240,hERG,False,False,False
O=C1OCc2cc(CCN3CCN(CCc4ccc([N+](=O)[O-])cc4)CC3)ccc21,6.82,1,nM,CHEMBL3612795,-6.82,2.1799999999999997,CHEMBL240,hERG,False,False,False
O=C1OCc2cc(CCN3CCN(CCc4ccc5c(c4)COC5=O)CC3)ccc21,5.72,2,nM,CHEMBL2146870,-5.72,3.2800000000000002,CHEMBL240,hERG,False,False,False
O=C1OCc2cc(CCN3CCN(CCc4ccc5nonc5c4)CC3)ccc21,6.55,1,nM,CHEMBL2146872,-6.55,2.45,CHEMBL240,hERG,False,False,False
O=C1OCc2ccc(CCN3CCN(C(=O)Cc4ccc(-n5cnnn5)cc4)CC3)cc21,4.5,1,nM,CHEMBL2441438,-4.5,4.5,CHEMBL240,hERG,False,False,False
O=C1OCc2nc(CCN3CCN(C(=O)Cc4ccc(-n5cnnn5)cc4)CC3)ccc21,4.58,1,nM,CHEMBL3794101,-4.58,4.42,CHEMBL240,hERG,False,False,False
O=C1O[C@]2(CC[C@H](c3nc4cc(C(F)(F)F)ccc4[nH]3)CC2)CN1c1ccccc1,5.4,1,nM,CHEMBL1289820,-5.4,3.5999999999999996,CHEMBL240,hERG,False,False,False
O=C1O[C@]2(CC[C@H](c3nc4cc(C(F)(F)F)ccc4[nH]3)CC2)CN1c1ccccn1,5.4,1,nM,CHEMBL1289936,-5.4,3.5999999999999996,CHEMBL240,hERG,False,False,False
O=C1O[C@]2(CC[C@H](c3nc4cc(OC(F)(F)F)ccc4[nH]3)CC2)CN1c1ccc(F)cc1,6.1,1,nM,CHEMBL1289386,-6.1,2.9000000000000004,CHEMBL240,hERG,False,False,False
O=C1O[C@]2(CC[C@H](c3nc4cc(OC(F)(F)F)ccc4[nH]3)CC2)CN1c1cccc(F)n1,5.4,1,nM,CHEMBL1289714,-5.4,3.5999999999999996,CHEMBL240,hERG,False,False,False
O=C1O[C@]2(CC[C@H](c3nc4cc(OC(F)(F)F)ccc4[nH]3)CC2)CN1c1ccccc1,5.6,1,nM,CHEMBL1289267,-5.6,3.4000000000000004,CHEMBL240,hERG,False,False,False
O=C1O[C@]2(CC[C@H](c3nc4cc(OC(F)(F)F)ccc4[nH]3)CC2)CN1c1ccccc1F,5.2,1,nM,CHEMBL1289268,-5.2,3.8,CHEMBL240,hERG,False,False,False
O=C1O[C@]2(CC[C@H](c3nc4cc(OC(F)(F)F)ccc4[nH]3)CC2)CN1c1ccccn1,5.6,1,nM,CHEMBL1289503,-5.6,3.4000000000000004,CHEMBL240,hERG,False,False,False
O=C1O[C@]2(CC[C@H](c3nc4cc(OC(F)(F)F)ccc4[nH]3)CC2)CN1c1cccnc1,5.1,1,nM,CHEMBL1289715,-5.1,3.9000000000000004,CHEMBL240,hERG,False,False,False
O=C1O[C@]2(CC[C@H](c3nc4cc(OC(F)(F)F)ccc4[nH]3)CC2)CN1c1cccnc1F,4.8,1,nM,CHEMBL1289819,-4.8,4.2,CHEMBL240,hERG,False,False,False
O=C1S/C(=C\c2ccc3c(cnn3Cc3ccc(Cl)cc3C(F)(F)F)c2)C(=O)N1[C@@H]1CCNC[C@H]1F,4.68,1,nM,CHEMBL4171419,-4.68,4.32,CHEMBL240,hERG,False,False,False
O=C1[C@@H]2[C@H](C(=O)N1CCCCN1CCN(c3cccc4sccc34)CC1)[C@H]1C=C[C@@H]2C1,5.11,1,nM,CHEMBL4277101,-5.11,3.8899999999999997,CHEMBL240,hERG,False,False,False
O=C1[C@@H]2[C@H]3CC[C@H](C3)[C@@H]2C(=O)N1CCCCN1CCN(c2cccc3sccc23)CC1,5.12,1,nM,CHEMBL4284346,-5.12,3.88,CHEMBL240,hERG,False,False,False
O=C1[C@H](N2CCC(c3ccc(O)cc3)CC2)CCN1Cc1ccc(F)cc1,6.21,1,nM,CHEMBL4111330,-6.21,2.79,CHEMBL240,hERG,False,False,False
O=C1c2c(O)ccc(O)c2C(=O)c2c(NCCNCCO)ccc(NCCNCCO)c21,5.45,1,nM,CHEMBL58,-5.45,3.55,CHEMBL240,hERG,False,False,False
O=C1c2cc(-c3ccc(OC(F)(F)F)cc3)ccc2OCCN1Cc1ncccn1,5.23,2,nM,CHEMBL3707392,-5.23,3.7699999999999996,CHEMBL240,hERG,False,False,False
O=C1c2ccccc2C(Cc2c(F)cncc2F)(Cc2c(F)cncc2F)c2ccccc21,4.92,1,nM,CHEMBL4471453,-4.92,4.08,CHEMBL240,hERG,False,False,False
O=C1c2ccccc2C(Cc2ccnc(F)c2)(Cc2ccnc(F)c2)c2ccccc21,4.5,1,nM,CHEMBL343822,-4.5,4.5,CHEMBL240,hERG,False,False,False
O=C1c2nc3cccc(-c4ccc(Cl)cc4)c3n2CCN1CC1CC1,5.02,1,nM,CHEMBL5091768,-5.02,3.9800000000000004,CHEMBL240,hERG,False,False,False
O=C1c2nc3cccc(-c4ccc(F)cc4)c3n2CCN1CC1CC1,5.02,1,nM,CHEMBL5081320,-5.02,3.9800000000000004,CHEMBL240,hERG,False,False,False
O=C1c2nc3cccc(-c4cccc(F)c4)c3n2CCN1CC1CC1,5.04,1,nM,CHEMBL5074682,-5.04,3.96,CHEMBL240,hERG,False,False,False
O=C1c2nc3cccc(-c4ccccc4)c3n2CCN1CC1CC1,4.85,1,nM,CHEMBL5076356,-4.85,4.15,CHEMBL240,hERG,False,False,False
O=C1c2nc3cccc(Br)c3n2CCN1CC1CC1,4.52,1,nM,CHEMBL5076606,-4.52,4.48,CHEMBL240,hERG,False,False,False
O=C1c2nc3cccc(Br)c3n2CCN1CC1CCC1,4.52,1,nM,CHEMBL5074997,-4.52,4.48,CHEMBL240,hERG,False,False,False
O=C1c2nc3cccc(Br)c3n2CCN1Cc1ccc(Cl)cc1,5.33,1,nM,CHEMBL5085978,-5.33,3.67,CHEMBL240,hERG,False,False,False
O=C1c2nc3cccc(Br)c3n2CCN1Cc1ccc(Cl)cc1F,5.25,1,nM,CHEMBL5088821,-5.25,3.75,CHEMBL240,hERG,False,False,False
O=C1c2nc3cccc(Br)c3n2CCN1Cc1ccc(F)cc1,5.07,1,nM,CHEMBL5069547,-5.07,3.9299999999999997,CHEMBL240,hERG,False,False,False
O=C1c2nc3cccc(Br)c3n2CCN1Cc1ccccc1,4.82,1,nM,CHEMBL5083384,-4.82,4.18,CHEMBL240,hERG,False,False,False
O=C1c2nc3cccc(Br)c3n2CCN1Cc1ccccc1F,4.8,1,nM,CHEMBL5090853,-4.8,4.2,CHEMBL240,hERG,False,False,False
O=C1c2nc3cccc(C(F)(F)F)c3n2CCN1CC1CC1,4.52,1,nM,CHEMBL5078863,-4.52,4.48,CHEMBL240,hERG,False,False,False
O=C1c2nc3cccc(C(F)(F)F)c3n2CCN1CC1CC2CCC1C2,5.52,1,nM,CHEMBL5093895,-5.52,3.4800000000000004,CHEMBL240,hERG,False,False,False
O=C1c2nc3cccc(C(F)(F)F)c3n2CCN1CC1CCC1,4.6,1,nM,CHEMBL5086642,-4.6,4.4,CHEMBL240,hERG,False,False,False
O=C1c2nc3cccc(C(F)(F)F)c3n2CCN1Cc1ccc(Cl)cc1,5.52,1,nM,CHEMBL5083122,-5.52,3.4800000000000004,CHEMBL240,hERG,False,False,False
O=C1c2nc3cccc(Cl)c3n2CCN1CC1CC1,4.52,1,nM,CHEMBL5083201,-4.52,4.48,CHEMBL240,hERG,False,False,False
O=S(=O)(CC1CC1)NC1CN(c2ccc3c(c2)[C@@H](Cc2ccccc2)[C@@H](N2CCC2)CC3)C1,5.36,1,nM,CHEMBL4171521,-5.36,3.6399999999999997,CHEMBL240,hERG,True,True,True
O=S(=O)(CC1CC1)NC1CN(c2ccc3c(c2)[C@@H](Cc2ccccc2)[C@@H](N2CCC2)CO3)C1,4.94,1,nM,CHEMBL4164312,-4.94,4.06,CHEMBL240,hERG,True,True,True
O=S(=O)(CC1CC1)NCCOc1ccc2c(c1)[C@@H](Cc1ccccc1)[C@@H](N1CCC1)CC2,7.1,1,nM,CHEMBL4173253,-7.1,1.9000000000000004,CHEMBL240,hERG,True,True,True
O=S(=O)(NCCCCN1CCC(c2noc3cc(F)ccc23)CC1)c1cc2ccccc2s1,5.4,1,nM,CHEMBL3290012,-5.4,3.5999999999999996,CHEMBL240,hERG,True,True,True
O=S(=O)(NCc1ccccc1)c1cccc(Nc2ccc3nccc(-c4ccncc4)c3n2)c1,5.92,1,nM,CHEMBL4127800,-5.92,3.08,CHEMBL240,hERG,False,False,False
O=S(=O)(Nc1ccc(CCNC[C@H](O)c2cccnc2)cc1)c1ccc(-c2nc(-c3ccc(C(F)(F)F)cc3)cs2)cc1,6.66,1,nM,CHEMBL111201,-6.66,2.34,CHEMBL240,hERG,False,False,False
O=S(=O)(Nc1ccc([C@]23CNC[C@H]2C3)cc1)c1ccc(C(F)(F)F)cc1,6.1,1,nM,CHEMBL1224700,-6.1,2.9000000000000004,CHEMBL240,hERG,False,False,False
O=S(=O)(Nc1ccc([C@]23CNC[C@H]2C3)cc1)c1ccc(OC(F)(F)F)cc1,5.0,1,nM,CHEMBL1224701,-5.0,4.0,CHEMBL240,hERG,False,False,False
O=S(=O)(Nc1cscn1)c1cc(Cl)c(OCC2NCCC=C2c2ccc(F)cc2)cc1F,4.99,1,nM,CHEMBL4102635,-4.99,4.01,CHEMBL240,hERG,False,False,False
O=S(=O)(c1ccc(C(F)(F)F)cc1)N1CCC(CN2CCC(c3noc4cc(F)ccc34)CC2)CC1,5.86,1,nM,CHEMBL3740256,-5.86,3.1399999999999997,CHEMBL240,hERG,False,False,False
O=S(=O)(c1cccc(F)c1)c1ccc2c3c(oc2c1)C1(CCCOC1)NCC3,4.92,3,nM,CHEMBL1935601,-4.92,4.08,CHEMBL240,hERG,False,False,False
O=S(=O)(c1cccc(F)c1)c1ccc2c3c(oc2c1)CNCC3,6.0,1,nM,CHEMBL1935590,-6.0,3.0,CHEMBL240,hERG,True,True,True
O=S1(=O)CCC(C2N[C@@H](c3nc(-c4ccccc4)c[nH]3)Cc3c2[nH]c2ccccc32)CC1,7.0,1,nM,CHEMBL2069507,-7.0,2.0,CHEMBL240,hERG,False,False,False
O=S1(=O)CCC(CNc2ccc3ncc(-c4cccc(OC(F)(F)F)c4)n3n2)CC1,5.0,1,nM,CHEMBL3908640,-5.0,4.0,CHEMBL240,hERG,False,False,False
O=S1(=O)CCC(Oc2ccc3c(c2)CCC2(CCN(C4CCC4)CC2)O3)CC1,5.16,1,nM,CHEMBL1935425,-5.16,3.84,CHEMBL240,hERG,True,True,True
O=S1(=O)CCCN1CCNc1nonc1/C(=N/O)Nc1ccc(F)c(Br)c1,4.76,1,nM,CHEMBL4451860,-4.76,4.24,CHEMBL240,hERG,False,False,False
O=[N+]([O-])c1ccc(CCN2CCN(CCc3ccc(-c4ncco4)cc3)CC2)cc1,7.33,1,nM,CHEMBL2146854,-7.33,1.67,CHEMBL240,hERG,False,False,False
O=[N+]([O-])c1ccc(CCN2CCN(CCc3ccc(-n4cnnn4)cc3)CC2)cc1,7.96,1,nM,CHEMBL2441429,-7.96,1.04,CHEMBL240,hERG,False,False,False
O=[N+]([O-])c1ccc(CCN2CCN(CCc3ccc(F)cc3)CC2)cc1,7.64,1,nM,CHEMBL2146858,-7.64,1.3600000000000003,CHEMBL240,hERG,False,False,False
O=[N+]([O-])c1ccc(CCN2CCN(CCc3ccc([N+](=O)[O-])cc3)CC2)cc1,8.225000000000001,2,nM,CHEMBL2146755,-8.225000000000001,0.7749999999999986,CHEMBL240,hERG,False,False,False
O=[N+]([O-])c1ccc(CCN2CCN(CCc3ccc4nonc4c3)CC2)cc1,7.6,1,nM,CHEMBL2146853,-7.6,1.4000000000000004,CHEMBL240,hERG,False,False,False
O=[N+]([O-])c1ccc(CCN2CCNCC2)cc1,6.72,1,nM,CHEMBL2146754,-6.72,2.2800000000000002,CHEMBL240,hERG,False,False,False
O=[N+]([O-])c1ccc(NCCCCN2CCC(Nc3nc4ccccc4n3Cc3ccc(F)cc3)CC2)c2nonc12,7.6,1,nM,CHEMBL3805898,-7.6,1.4000000000000004,CHEMBL240,hERG,False,False,False
O=[N+]([O-])c1ccc(S(=O)(=O)N2CCC(CN3CCC(c4noc5cc(F)ccc45)CC3)CC2)cc1,5.42,1,nM,CHEMBL3741292,-5.42,3.58,CHEMBL240,hERG,False,False,False
O=[N+]([O-])c1ccc2c(c1)ncn2Cc1ccc(O)c2ncccc12,4.66,1,nM,CHEMBL4518465,-4.66,4.34,CHEMBL240,hERG,False,False,False
O=[N+]([O-])c1cccc(CNc2cc(C(F)(F)F)cc3ncc(N4CCN(CCO)CC4)cc23)c1,7.43,1,nM,CHEMBL3221110,-7.43,1.5700000000000003,CHEMBL240,hERG,False,False,False
O=c1[nH]c2ccccc2n1C1CCN(CCCC(c2ccc(F)cc2)c2ccc(F)cc2)CC1,7.3,11,nM,CHEMBL1423,-7.3,1.7000000000000002,CHEMBL240,hERG,False,False,False
O=c1[nH]c2ccccc2n1C1CCN(CCCOc2ccc(F)cc2)CC1,7.1,1,nM,CHEMBL1802360,-7.1,1.9000000000000004,CHEMBL240,hERG,False,False,False
O=c1[nH]c2ccccc2n1C1CCN(CCOc2ccccc2)CC1,5.68,1,nM,CHEMBL2059304,-5.68,3.3200000000000003,CHEMBL240,hERG,False,False,False
O=c1[nH]c2ccccc2n1CCCN1CCC(n2c(=O)[nH]c3cc(Cl)ccc32)CC1,6.79,4,nM,CHEMBL219916,-6.79,2.21,CHEMBL240,hERG,False,False,False
O=c1[nH]ccc2nc(-c3ccc(CN4CCC(c5n[nH]c(-c6ccccn6)n5)CC4)cc3)c(-c3ccccc3)cc12,5.25,1,nM,CHEMBL507130,-5.25,3.75,CHEMBL240,hERG,False,False,False
O=c1[nH]ccc2nc(-c3ccc(CN4CCC(c5nnc(-c6cnccn6)[nH]5)CC4)cc3)c(-c3ccccc3)cc12,5.07,1,nM,CHEMBL444136,-5.07,3.9299999999999997,CHEMBL240,hERG,False,False,False
O=c1c(O)c(-c2cccc(O)c2)oc2ccc(O)cc12,4.0,1,nM,CHEMBL4464764,-4.0,5.0,CHEMBL240,hERG,False,False,False
O=c1c2cc(-c3ccc(Cl)cc3)cn2ncn1-c1ccc(N2CC(O)C2)nc1,5.48,1,nM,CHEMBL3618331,-5.48,3.5199999999999996,CHEMBL240,hERG,True,True,True
O=c1c2cc(-c3ccc(Cl)cc3)cn2ncn1-c1ccc(N2CCC(N3CC(O)C3)C2)nc1,5.7,1,nM,CHEMBL3618334,-5.7,3.3,CHEMBL240,hERG,True,True,True
O=c1c2cc(Cc3ccc(Cl)nc3)c3ccccc3c2ncn1[C@H]1CCCC[C@@H]1O,4.89,1,nM,CHEMBL4206036,-4.89,4.11,CHEMBL240,hERG,False,False,False
O=c1c2cc(Cc3cccnc3)c3ccccc3c2ncn1[C@H]1CCCC[C@@H]1O,4.92,1,nM,CHEMBL4205624,-4.92,4.08,CHEMBL240,hERG,False,False,False
O=c1c2ccccc2c(Cc2ccc(Cl)cc2)nn1C[C@H]1CCCN1CCCCc1ccc(OCCCN2CCCCCC2)cc1,7.3,3,nM,CHEMBL1767164,-7.3,1.7000000000000002,CHEMBL240,hERG,False,False,False
O=c1c2ccccc2nc(-c2ccc(OCCCN3CCCCC3)cc2)n1-c1ccccc1,6.34,2,nM,CHEMBL487060,-6.34,2.66,CHEMBL240,hERG,True,True,True
O=c1c2ccccc2nc(-c2ccc(OCCCN3CCCCC3)cc2)n1Cc1ccccc1,6.77,2,nM,CHEMBL487059,-6.77,2.2300000000000004,CHEMBL240,hERG,True,True,True
O=c1c2ccccc2nc(-c2ccccc2)n1-c1ccc(OCCCN2CCCC2)cc1,5.96,2,nM,CHEMBL479241,-5.96,3.04,CHEMBL240,hERG,True,True,True
O=c1c2ccccc2ncn1-c1ccc(OCCCN2CCCC2)cc1,6.15,2,nM,CHEMBL518431,-6.15,2.8499999999999996,CHEMBL240,hERG,False,False,False
O=c1c2ccncc2c(Cc2ccc(Cl)cc2)nn1C[C@H]1CCCN1CCCCc1ccc(OCCCN2CCCCCC2)cc1,6.8,1,nM,CHEMBL2146813,-6.8,2.2,CHEMBL240,hERG,False,False,False
O=c1cc(-c2ccc(OC3CCN(C4CCC4)CC3)cc2)cn[nH]1,5.7,1,nM,CHEMBL1945844,-5.7,3.3,CHEMBL240,hERG,True,True,True
O=c1cc(-c2ccccc2)c2ccc(OCCCCN3CCC(c4noc5cc(F)ccc45)CC3)cc2o1,6.09,1,nM,CHEMBL2387265,-6.09,2.91,CHEMBL240,hERG,False,False,False
O=c1cc(-c2ccnc(NC3CCOCC3)n2)ccn1[C@H](CO)c1ccc(Cl)c(F)c1,4.84,1,nM,CHEMBL3409588,-4.84,4.16,CHEMBL240,hERG,True,True,True
O=c1cc(N2CCOCC2)oc2c(-c3cccc4c3sc3ccccc34)cccc12,4.85,1,nM,CHEMBL188678,-4.85,4.15,CHEMBL240,hERG,False,False,False
O=c1cc(NC2CCN(Cc3ccc4c(c3)OCO4)CC2)c2cc(Cl)ccc2o1,5.65,1,nM,CHEMBL194564,-5.65,3.3499999999999996,CHEMBL240,hERG,False,False,False
O=c1cc(OCc2ccc(C(F)(F)F)cc2)ccn1-c1ccc(OCCN2CCCC2)cc1,8.62,1,nM,CHEMBL1642477,-8.62,0.3800000000000008,CHEMBL240,hERG,False,False,False
O=c1cc(OCc2ccc(Cl)cc2)ccn1-c1ccc(OCCN2CCCC2)cc1,8.77,1,nM,CHEMBL1642475,-8.77,0.23000000000000043,CHEMBL240,hERG,False,False,False
O=c1cc(OCc2ccc(F)cc2)ccn1-c1ccc(OCCN2CCCC2)cc1,8.05,1,nM,CHEMBL584538,-8.05,0.9499999999999993,CHEMBL240,hERG,False,False,False
O=c1cc(OCc2ccc3ccccc3c2)ccn1-c1ccc(OCCN2CCCC2)cc1,9.17,1,nM,CHEMBL1642479,-9.17,-0.16999999999999993,CHEMBL240,hERG,False,False,False
O=c1cc(OCc2cccc(Cl)c2)ccn1-c1ccc(OCCN2CCCC2)cc1,8.72,1,nM,CHEMBL1642474,-8.72,0.27999999999999936,CHEMBL240,hERG,False,False,False
O=c1cc(OCc2cccc(F)c2)ccn1-c1ccc(OCCN2CCCC2)cc1,8.54,1,nM,CHEMBL1642472,-8.54,0.46000000000000085,CHEMBL240,hERG,False,False,False
O=c1cc(OCc2ccccc2)ccn1-c1ccc(OCCN2CCCC2)cc1,8.09,1,nM,CHEMBL1641614,-8.09,0.9100000000000001,CHEMBL240,hERG,False,False,False
O=c1cc(OCc2ccccc2)ccn1-c1ccc(OCCN2CCCCC2)cc1,8.24,1,nM,CHEMBL1642482,-8.24,0.7599999999999998,CHEMBL240,hERG,False,False,False
O=c1cc(OCc2ccccc2)ccn1-c1ccc2c(cnn2CC2=NCCN2)c1,5.07,1,nM,CHEMBL1289053,-5.07,3.9299999999999997,CHEMBL240,hERG,False,False,False
O=c1cc(OCc2ccccc2)ccn1-c1ccc2c(cnn2CCN2CC3CC2CO3)c1,4.8,1,nM,CHEMBL1289833,-4.8,4.2,CHEMBL240,hERG,False,False,False
O=c1cc(OCc2ccccc2)ccn1-c1ccc2c(cnn2CCN2CCCC2)c1,5.6,1,nM,CHEMBL1289283,-5.6,3.4000000000000004,CHEMBL240,hERG,False,False,False
O=c1cc(OCc2ccccc2)ccn1-c1ccc2c(cnn2CCN2CCC[C@@H]2CO)c1,5.64,1,nM,CHEMBL1289169,-5.64,3.3600000000000003,CHEMBL240,hERG,False,False,False
O=c1cc(OCc2ccccc2)ccn1-c1ccc2c(cnn2CCN2CCNCC2)c1,4.79,1,nM,CHEMBL1289834,-4.79,4.21,CHEMBL240,hERG,False,False,False
O=c1cc(OCc2ccccc2)ccn1-c1ccc2c(cnn2CCN2CC[C@H](O)C2)c1,5.05,1,nM,CHEMBL1289515,-5.05,3.95,CHEMBL240,hERG,False,False,False
O=c1cc(OCc2ccccc2)ccn1-c1ccc2c(cnn2C[C@@H]2CCCN2)c1,5.7,1,nM,CHEMBL1289623,-5.7,3.3,CHEMBL240,hERG,False,False,False
O=c1cc(OCc2ccccc2F)ccn1-c1ccc(OCCN2CCCC2)cc1,8.37,1,nM,CHEMBL1642471,-8.37,0.6300000000000008,CHEMBL240,hERG,False,False,False
O=c1ccc(-c2ccc(OC3CCN(C4CCC4)CC3)cc2)n[nH]1,5.1,1,nM,CHEMBL1950643,-5.1,3.9000000000000004,CHEMBL240,hERG,True,True,True
O=c1ccc(-c2ccc(OC3CCN(C4CCC4)CC3)nc2)n[nH]1,5.05,1,nM,CHEMBL1950736,-5.05,3.95,CHEMBL240,hERG,True,True,True
O=c1ccc(-c2nc3cc(Cl)c(Cl)cc3n2Cc2ccc(Cl)c(Cl)c2)c[nH]1,5.3,1,nM,CHEMBL3699572,-5.3,3.7,CHEMBL240,hERG,False,False,False
O=c1ccc(-c2nnc(C3CCN(Cc4ccc(-c5nc6nc(N7CCN(CCO)CC7)ncc6cc5-c5ccccc5)cc4)CC3)[nH]2)c[nH]1,5.17,1,nM,CHEMBL502113,-5.17,3.83,CHEMBL240,hERG,False,False,False
O=c1ccc(OCCCN2CCCCC2)nn1-c1ccc(Cl)c(Cl)c1,5.2,1,nM,CHEMBL3805396,-5.2,3.8,CHEMBL240,hERG,False,False,False
O=c1ccc(OCCCN2CCCCC2)nn1-c1ccc(Cl)cc1,5.84,1,nM,CHEMBL3805081,-5.84,3.16,CHEMBL240,hERG,False,False,False
O=c1ccc(OCCCN2CCCCC2)nn1-c1ccc(F)c(Cl)c1,6.01,1,nM,CHEMBL3806153,-6.01,2.99,CHEMBL240,hERG,False,False,False
O=c1ccc(OCCCN2CCCCC2)nn1-c1ccc(F)c(F)c1,5.72,1,nM,CHEMBL3805989,-5.72,3.2800000000000002,CHEMBL240,hERG,False,False,False
O=c1ccc2c([nH]1)CCC(NCCCCCCCCCCNc1c3c(nc4cc(Cl)ccc14)CCCC3)C2,5.56,1,nM,CHEMBL5081945,-5.56,3.4400000000000004,CHEMBL240,hERG,False,False,False
O=c1ccc2c([nH]1)CCC(NCCCCCCCCCNc1c3c(nc4cc(Cl)ccc14)CCCC3)C2,5.56,1,nM,CHEMBL5092574,-5.56,3.4400000000000004,CHEMBL240,hERG,False,False,False
O=c1ccc2c([nH]1)CCC(NCCCCCCCCNc1c3c(nc4cc(Cl)ccc14)CCCC3)C2,5.66,1,nM,CHEMBL5085880,-5.66,3.34,CHEMBL240,hERG,False,False,False
O=c1ccc2c([nH]1)CCC(NCCCCCCCNc1c3c(nc4cc(Cl)ccc14)CCCC3)C2,5.2,1,nM,CHEMBL5084158,-5.2,3.8,CHEMBL240,hERG,False,False,False
O=c1ccc2c([nH]1)CCC(NCCCCCCNc1c3c(nc4cc(Cl)ccc14)CCCC3)C2,4.93,1,nM,CHEMBL5084050,-4.93,4.07,CHEMBL240,hERG,False,False,False
O=c1ccc2c([nH]1)CCC(NCCCCCNc1c3c(nc4cc(Cl)ccc14)CCCC3)C2,5.12,1,nM,CHEMBL5087842,-5.12,3.88,CHEMBL240,hERG,False,False,False
O=c1ccc2c([nH]1)CCC(NCCCCNc1c3c(nc4cc(Cl)ccc14)CCCC3)C2,5.09,1,nM,CHEMBL5089279,-5.09,3.91,CHEMBL240,hERG,False,False,False
O=c1ccc2c([nH]1)CCC(NCCCNc1c3c(nc4cc(Cl)ccc14)CCCC3)C2,5.05,1,nM,CHEMBL5091959,-5.05,3.95,CHEMBL240,hERG,False,False,False
O=c1ccc2c([nH]1)CCC(NCCNc1c3c(nc4cc(Cl)ccc14)CCCC3)C2,5.62,1,nM,CHEMBL5089868,-5.62,3.38,CHEMBL240,hERG,False,False,False
O=c1ccc2cccc(OC[C@@H](O)CN3CCC4(CC3)Cc3cc(Cl)ccc3O4)c2[nH]1,6.22,1,nM,CHEMBL3099953,-6.22,2.7800000000000002,CHEMBL240,hERG,False,False,False
O=c1ccc2ncc(F)c3c2n1C[C@@]3(F)CN1CCC(NCc2cc3c(cn2)OCCO3)CC1,4.8,1,nM,CHEMBL2424930,-4.8,4.2,CHEMBL240,hERG,False,False,False
O=c1ccc2ncc(F)c3c2n1C[C@@]3(O)CC12CCC(NC/C(F)=C/c3cc(F)ccc3F)(CC1)CO2,7.8,1,nM,CHEMBL3425938,-7.8,1.2000000000000002,CHEMBL240,hERG,False,False,False
O=c1ccc2ncc(F)c3c2n1C[C@@]3(O)CC12CCC(NC/C(F)=C\c3cc(F)ccc3F)(CC1)CO2,7.8,1,nM,CHEMBL3425937,-7.8,1.2000000000000002,CHEMBL240,hERG,False,False,False
O=c1ccc2ncc(F)c3c2n1C[C@@]3(O)CC12CCC(NC/C=C/c3c(F)cccc3F)(CC1)CO2,7.5,1,nM,CHEMBL3425934,-7.5,1.5,CHEMBL240,hERG,False,False,False
O=c1ccc2ncc(F)c3c2n1C[C@@]3(O)CC12CCC(NC/C=C/c3cc(F)ccc3F)(CC1)CO2,8.1,1,nM,CHEMBL3425935,-8.1,0.9000000000000004,CHEMBL240,hERG,False,False,False
O=c1ccc2ncc(F)c3c2n1C[C@@]3(O)CC12CCC(NC/C=C/c3ccc(F)cc3)(CC1)CO2,7.19,1,nM,CHEMBL3425936,-7.19,1.8099999999999996,CHEMBL240,hERG,False,False,False
O=c1ccc2ncc(F)c3c2n1C[C@@]3(O)CC12CCC(NC/C=C/c3ccccc3)(CC1)CO2,7.19,1,nM,CHEMBL3425939,-7.19,1.8099999999999996,CHEMBL240,hERG,False,False,False
O=c1ccc2ncc(F)c3c2n1C[C@@]3(O)CC12CCC(NC/C=C/c3ccccn3)(CC1)CO2,7.19,1,nM,CHEMBL3425940,-7.19,1.8099999999999996,CHEMBL240,hERG,False,False,False
O=c1ccc2ncc(F)c3c2n1C[C@@]3(O)CC12CCC(NCCCc3cc(F)ccc3F)(CC1)CO2,7.5,1,nM,CHEMBL3425941,-7.5,1.5,CHEMBL240,hERG,False,False,False
O=c1ccc2ncc(F)c3c2n1C[C@@]3(O)CC12CCC(NCOc3cc(F)ccc3F)(CC1)CO2,7.19,1,nM,CHEMBL3425942,-7.19,1.8099999999999996,CHEMBL240,hERG,False,False,False
O=c1ccc2ncc(F)c3c2n1C[C@@]3(O)CC12CCC(NCc3c(Cl)cc4c(c3Cl)OCCO4)(CC1)CO2,4.52,1,nM,CHEMBL3425825,-4.52,4.48,CHEMBL240,hERG,False,False,False
O=c1ccc2ncc(F)c3c2n1C[C@@]3(O)CC12CCC(NCc3cc(-c4cccs4)on3)(CC1)CO2,7.8,1,nM,CHEMBL3425943,-7.8,1.2000000000000002,CHEMBL240,hERG,False,False,False
O=c1ccc2ncc(F)c3c2n1C[C@@]3(O)CC12CCC(NCc3cc4c(c(Cl)c3Cl)OCCO4)(CC1)CO2,4.5,1,nM,CHEMBL3425826,-4.5,4.5,CHEMBL240,hERG,False,False,False
O=c1ccc2ncc(F)c3c2n1C[C@@]3(O)CC12CCC(NCc3cc4c(cn3)OCCO4)(CC1)CO2,5.58,1,nM,CHEMBL3425810,-5.58,3.42,CHEMBL240,hERG,False,False,False
O=c1ccc2ncc(F)c3c2n1C[C@@]3(O)CC12CCC(NCc3cc4c(cn3)OCS4)(CC1)CO2,4.47,1,nM,CHEMBL3425932,-4.47,4.53,CHEMBL240,hERG,False,False,False
O=c1ccc2ncc(F)c3c2n1C[C@@]3(O)CC12CCC(NCc3ccc4c(c3)OC(F)(F)O4)(CC1)CO2,4.55,1,nM,CHEMBL3425931,-4.55,4.45,CHEMBL240,hERG,False,False,False
O=c1ccc2ncc(F)c3c2n1C[C@@]3(O)CC12CCC(NCc3ccc4c(c3)OCCO4)(CC1)CO2,4.78,1,nM,CHEMBL3425822,-4.78,4.22,CHEMBL240,hERG,False,False,False
O=c1ccc2ncc(F)c3c2n1C[C@H]3CN1CCC(NCc2cc3c(cn2)OCCO3)CC1,4.24,1,nM,CHEMBL2424931,-4.24,4.76,CHEMBL240,hERG,False,False,False
O=c1ccc2ncc(F)cc2n1CCN1CCN(c2nc3cc(C(F)(F)F)ccc3[nH]2)CC1,6.0,1,nM,CHEMBL3318986,-6.0,3.0,CHEMBL240,hERG,False,False,False
O=c1cnc2ccc(F)c3c2n1C[C@H]3CN1CCC(NCc2cc3c(nn2)OCCO3)CC1,4.38,1,nM,CHEMBL3794265,-4.38,4.62,CHEMBL240,hERG,False,False,False
O=c1n(CCCCN2CCN(c3cccc4sccc34)CC2)nc2c(F)cccn12,5.66,1,nM,CHEMBL4644352,-5.66,3.34,CHEMBL240,hERG,False,False,False
O=c1n(CCCCN2CCN(c3cccc4sccc34)CC2)nc2ccccn12,5.52,1,nM,CHEMBL4638599,-5.52,3.4800000000000004,CHEMBL240,hERG,False,False,False
O=c1n(C[C@@H](O)CO)c2ccccc2n1C1CCN(C[C@H]2[C@H]3CC[C@H](C3)C23CC3)CC1,4.6,1,nM,CHEMBL564840,-4.6,4.4,CHEMBL240,hERG,False,False,False
O=c1n(Cc2ccc(Cl)cc2)c2sc3c(c2c2ncnn12)CCCC3,5.2,1,nM,CHEMBL1463540,-5.2,3.8,CHEMBL240,hERG,False,False,False
O=c1n(Cc2ccc(Cl)cc2)c2sc3c(c2c2ncnn12)CCN(C1COC1)C3,6.01,1,nM,CHEMBL4084358,-6.01,2.99,CHEMBL240,hERG,False,False,False
O=c1n(Cc2ccc(Cl)cc2)c2sc3c(c2c2ncnn12)CCN(CC1CC1)C3,6.8,1,nM,CHEMBL4086861,-6.8,2.2,CHEMBL240,hERG,False,False,False
O=c1n(Cc2ccc(Cl)cc2)c2sc3c(c2c2ncnn12)CCN(CC1CCOCC1)C3,6.46,1,nM,CHEMBL4090245,-6.46,2.54,CHEMBL240,hERG,False,False,False
O=c1n(Cc2ccc(Cl)cc2)c2sc3c(c2c2ncnn12)CCN(Cc1ccccc1)C3,6.31,1,nM,CHEMBL4102318,-6.31,2.6900000000000004,CHEMBL240,hERG,False,False,False
O=c1n(Cc2ccc(Cl)cc2F)c2sc3c(c2c2ncnn12)CCN(CC1CCOCC1)C3,6.21,1,nM,CHEMBL4078578,-6.21,2.79,CHEMBL240,hERG,False,False,False
O=c1n(Cc2ccccc2)c2sc3c(c2c2ncnn12)CCN(CC1CCOCC1)C3,6.24,1,nM,CHEMBL4069196,-6.24,2.76,CHEMBL240,hERG,False,False,False
O=c1ncn(Cc2c(F)cc(F)cc2F)c2ccc(Oc3ccccc3)cc12,5.43,1,nM,CHEMBL2403316,-5.43,3.5700000000000003,CHEMBL240,hERG,False,False,False
OC(CNc1nccc(-c2sc(C3CCNCC3)nc2-c2ccc(F)cc2)n1)c1ccncc1,4.55,1,nM,CHEMBL4436765,-4.55,4.45,CHEMBL240,hERG,False,False,False
OC(Cc1cccnc1-c1cccc(C(F)(F)F)c1)(c1cccnc1F)c1cccnc1F,5.0,1,nM,CHEMBL4084347,-5.0,4.0,CHEMBL240,hERG,False,False,False
OC(c1cc(C(F)(F)F)nc2c(C(F)(F)F)cccc12)C1CCCCN1,5.25,5,nM,CHEMBL535650,-5.25,3.75,CHEMBL240,hERG,False,True,True
OC(c1ccc(CN2CCC3(CC2)OCc2cc(F)ncc23)cc1)c1ccc(F)c(F)c1,6.28,1,nM,CHEMBL568572,-6.28,2.7199999999999998,CHEMBL240,hERG,False,False,False
OC(c1ccccc1)(c1ccccc1)C1CCN(CCCOc2ccc(-c3ccccc3)cc2)CC1,6.85,1,nM,CHEMBL3344385,-6.85,2.1500000000000004,CHEMBL240,hERG,False,False,False
OC(c1ccccc1)(c1ccccc1)C1CCN(Cc2ccc(-c3ccccc3)cc2)CC1,6.68,1,nM,CHEMBL3343216,-6.68,2.3200000000000003,CHEMBL240,hERG,False,False,False
OC(c1cccnc1)(c1cccnc1)C(Cc1ccccc1)N1CCOCC1,4.82,1,nM,CHEMBL1091880,-4.82,4.18,CHEMBL240,hERG,False,False,False
OC(c1cccnc1)(c1cccnc1)C(c1ccccc1)N1CCC1,4.82,1,nM,CHEMBL1090818,-4.82,4.18,CHEMBL240,hERG,False,False,False
OC(c1cccnc1)(c1cccnc1)C(c1ccccc1)N1CCCC1,4.7,1,nM,CHEMBL1089159,-4.7,4.3,CHEMBL240,hERG,False,False,False
OC(c1cccnc1)(c1cccnc1)C(c1ccccc1)N1CCCCC1,4.85,1,nM,CHEMBL1090160,-4.85,4.15,CHEMBL240,hERG,False,False,False
OC(c1cccnc1)(c1cccnc1)C(c1ccccc1)N1CCCOCC1,5.45,1,nM,CHEMBL1091163,-5.45,3.55,CHEMBL240,hERG,False,False,False
OC(c1cccnc1)(c1cccnc1)C(c1ccccc1)N1CCNCC1,5.64,1,nM,CHEMBL1090159,-5.64,3.3600000000000003,CHEMBL240,hERG,False,False,False
OC1(c2ccc(F)cc2)CCN(c2ccc3nnc(C(F)(F)F)n3n2)CC1,4.74,1,nM,CHEMBL2346970,-4.74,4.26,CHEMBL240,hERG,False,False,False
OC1(c2cccnc2)CCN(c2ccc3nnc(C(F)(F)F)n3n2)CC1,4.02,1,nM,CHEMBL2346971,-4.02,4.98,CHEMBL240,hERG,False,False,False
OC1CCN(CCc2ccc(Oc3nc4ccccc4s3)cc2)CC1,5.52,1,nM,CHEMBL446514,-5.52,3.4800000000000004,CHEMBL240,hERG,False,False,False
OCCC/C(=C(\c1ccc(O)cc1)c1ccc(C2CCN(C3CC3)C2)cc1)c1ccccc1,5.37,1,nM,CHEMBL4799011,-5.37,3.63,CHEMBL240,hERG,False,False,False
OCCC/C(=C(\c1ccc(O)cc1)c1ccc(C2CCNCC2)cc1)c1ccccc1,4.9,1,nM,CHEMBL4743534,-4.9,4.1,CHEMBL240,hERG,False,False,False
OCCN1CC=CC[C@H](c2ccc(Cl)c(Cl)c2)C1,5.0,1,nM,CHEMBL2326693,-5.0,4.0,CHEMBL240,hERG,True,True,True
OCCN1CCN(CCCN2c3ccccc3Sc3ccc(C(F)(F)F)cc32)CC1,5.24,1,nM,CHEMBL726,-5.24,3.76,CHEMBL240,hERG,False,False,False
OCCN1CCN(CCCN2c3ccccc3Sc3ccc(Cl)cc32)CC1,5.38,1,nM,CHEMBL567,-5.38,3.62,CHEMBL240,hERG,False,False,False
OCCOCCN1CCN(C2=Nc3ccccc3Sc3ccccc32)CC1,5.24,1,nM,CHEMBL716,-5.24,3.76,CHEMBL240,hERG,False,False,False
OCCn1c2ccccc2c2ccnc(CN(CCCN3CCNCC3)C3CCCc4cccnc43)c21,5.62,1,nM,CHEMBL3929341,-5.62,3.38,CHEMBL240,hERG,False,False,False
O[C@@H](COc1ccc(C(F)(F)F)cc1)CN1CCN(Cc2ccc(Cl)c(Cl)c2)CC1,5.04,1,nM,CHEMBL2334610,-5.04,3.96,CHEMBL240,hERG,False,False,False
O[C@@H](COc1ccc(F)cc1)CN1CCN(Cc2ccc(Cl)c(Cl)c2)CC1,6.06,1,nM,CHEMBL2334601,-6.06,2.9400000000000004,CHEMBL240,hERG,False,False,False
O[C@@H](c1cc(C(F)(F)F)nc2c(C(F)(F)F)cccc12)[C@H]1CCCCN1,5.58,1,nM,CHEMBL172,-5.58,3.42,CHEMBL240,hERG,True,True,True
O[C@H](COc1ccc(C(F)(F)F)cc1)CN1CCN(Cc2c(F)cccc2Cl)CC1,4.86,1,nM,CHEMBL2334275,-4.86,4.14,CHEMBL240,hERG,False,False,False
O[C@H](COc1ccc(Cl)cc1)CN1CCN(Cc2c(F)cccc2Cl)CC1,5.68,1,nM,CHEMBL2334620,-5.68,3.3200000000000003,CHEMBL240,hERG,False,False,False
O[C@H](COc1ccc(Cl)cc1)CN1CCN(Cc2ccc(Cl)cc2)CC1,6.5,1,nM,CHEMBL2334618,-6.5,2.5,CHEMBL240,hERG,False,False,False
O[C@H](COc1ccc(F)cc1)CN1CCN(Cc2ccc(Cl)c(Cl)c2)CC1,6.54,1,nM,CHEMBL2334265,-6.54,2.46,CHEMBL240,hERG,False,False,False
O[C@H](COc1ccc(F)cc1)CN1CCN(Cc2ccc(Cl)cc2)CC1,5.87,1,nM,CHEMBL2334264,-5.87,3.13,CHEMBL240,hERG,False,False,False
O[C@H]1CC[C@H](Nc2ccc3ncc(-c4cccc(C(F)(F)F)c4)n3n2)CC1,5.0,1,nM,CHEMBL3979144,-5.0,4.0,CHEMBL240,hERG,False,False,False
O[C@H]1CC[C@H](Nc2ccc3ncc(-c4cccc(Cl)c4)n3n2)CC1,4.52,1,nM,CHEMBL3964407,-4.52,4.48,CHEMBL240,hERG,False,False,False
O[C@H]1CC[C@H](Nc2ccc3ncc(-c4cccc(OC(F)(F)F)c4)n3n2)CC1,4.8,1,nM,CHEMBL3965204,-4.8,4.2,CHEMBL240,hERG,False,False,False
O[C@H]1CNCCC[C@@H]1n1c2ccc(C(F)(F)F)cc2c2cc(C(F)(F)F)ccc21,5.93,1,nM,CHEMBL4163616,-5.93,3.0700000000000003,CHEMBL240,hERG,False,False,False
O[C@H]1C[C@H](CN2CCC(c3c(Cl)cccc3Cl)CC2)CCc2cccnc21,6.03,1,nM,CHEMBL486644,-6.03,2.9699999999999998,CHEMBL240,hERG,True,True,True
O[C@H]1C[C@H](CN2CCC(c3ccccc3)CC2)CCc2cccnc21,4.96,1,nM,CHEMBL487827,-4.96,4.04,CHEMBL240,hERG,False,False,False
O[C@H]1C[C@H](CN2CCC(c3ccccc3Cl)CC2)CCc2cccnc21,5.82,1,nM,CHEMBL487485,-5.82,3.1799999999999997,CHEMBL240,hERG,True,True,True
O[C@H]1C[C@H](CN2CC[C@H](c3ccc(F)cc3Cl)[C@@H](O)C2)CCc2cccnc21,4.89,1,nM,CHEMBL513423,-4.89,4.11,CHEMBL240,hERG,False,False,False
O[C@H]1Cc2ccccc2C2(CCC(N3CCN(C4CCCCC4)CC3)CC2)O1,5.49,1,nM,CHEMBL4169479,-5.49,3.51,CHEMBL240,hERG,True,True,True
Oc1cc(-c2cn[nH]c2)ccc1-c1ccc(N2CCC3(CCCNC3)C2)nn1,6.57,1,nM,CHEMBL4294614,-6.57,2.4299999999999997,CHEMBL240,hERG,False,False,False
Oc1cc(-c2cn[nH]c2)ccc1-c1ccc(N2C[C@H]3CNC[C@H]3C2)nn1,5.6,1,nM,CHEMBL4286715,-5.6,3.4000000000000004,CHEMBL240,hERG,False,False,False
Oc1cc(-n2cccn2)ccc1-c1ccc(OC2CCNCC2)nn1,5.22,1,nM,CHEMBL4290774,-5.22,3.7800000000000002,CHEMBL240,hERG,False,False,False
Oc1ccc(-c2c[nH]c([C@H]3Cc4c([nH]c5ccccc45)[C@@H](C4CCOCC4)N3)n2)cc1,6.33,1,nM,CHEMBL3775398,-6.33,2.67,CHEMBL240,hERG,False,False,False
Oc1ccc(-c2cc3c(CN4CCC5(COC5)C4)c(O)ccc3o2)cc1,5.37,1,nM,CHEMBL5074163,-5.37,3.63,CHEMBL240,hERG,False,False,False
Oc1ccc(-c2ccc3[nH]nc(-c4cncc(O[C@H]5CNCCC56CC6)n4)c3c2)c(F)c1,6.1,1,nM,CHEMBL3393717,-6.1,2.9000000000000004,CHEMBL240,hERG,False,False,False
Oc1ccc(Br)c2c1CNC(CN1CCC3(CCc4ccccc43)CC1)C2,6.0,1,nM,CHEMBL3785095,-6.0,3.0,CHEMBL240,hERG,True,True,True
Oc1ccc(C2=CC3(CCNCC3)Oc3ccccc32)cc1,6.19,1,nM,CHEMBL495074,-6.19,2.8099999999999996,CHEMBL240,hERG,True,True,True
Oc1ccc(CCN2CCC(Nc3nc4ccccc4n3Cc3ccc(F)cc3)CC2)cc1,9.0,3,nM,CHEMBL60796,-9.0,0.0,CHEMBL240,hERG,False,False,False
Oc1ccc(CN2CC(CNc3ccccc3)C3(C2)CN(c2ccccc2)C3)cc1,5.66,1,nM,CHEMBL4743418,-5.66,3.34,CHEMBL240,hERG,False,False,False
Oc1ccc(Cl)c2c1CNC(CN1CCC3(CCc4ccccc43)CC1)C2,5.76,1,nM,CHEMBL3785560,-5.76,3.24,CHEMBL240,hERG,True,True,True
Oc1ccc(Cn2c(-c3cscn3)nc3ccccc32)c2cccnc12,4.75,1,nM,CHEMBL4448093,-4.75,4.25,CHEMBL240,hERG,False,False,False
Oc1ccc(Oc2ccnc3cc(-c4cnn(C5CCNCC5)c4)ccc23)cc1,5.56,1,nM,CHEMBL4065208,-5.56,3.4400000000000004,CHEMBL240,hERG,False,False,False
Oc1ccc2c(c1)CC(CN1CCC3(CCc4ccccc43)CC1)NC2,6.47,1,nM,CHEMBL3785728,-6.47,2.5300000000000002,CHEMBL240,hERG,False,False,False
Oc1ccc2ccccc2c1/N=N/c1nccs1,6.51,1,nM,CHEMBL2094383,-6.51,2.49,CHEMBL240,hERG,False,False,False
Oc1cccc(O[C@H]2C[C@H]3CC[C@@H](C2)N3Cc2ccccc2)c1,5.8,1,nM,CHEMBL1224288,-5.8,3.2,CHEMBL240,hERG,False,False,False
Oc1cccc2c1CNC(CN1CCC3(CCc4ccccc43)CC1)C2,6.03,1,nM,CHEMBL3785718,-6.03,2.9699999999999998,CHEMBL240,hERG,False,False,False
Oc1nnc2c3cc(-c4ccccc4)c(-c4ccc(CN5CCC(c6n[nH]c(-c7ccccn7)n6)CC5)cc4)nc3ccn12,5.28,1,nM,CHEMBL506077,-5.28,3.7199999999999998,CHEMBL240,hERG,False,False,False
[2H]C(Nc1cc(C(F)(F)F)cc2ncc(N3CCN(C)CC3)cc12)c1cccc([N+](=O)[O-])c1,5.9,1,nM,CHEMBL3221131,-5.9,3.0999999999999996,CHEMBL240,hERG,False,False,False
[2H]C(Nc1cc(C(F)(F)F)cc2ncc(N3CCN(CC([2H])([2H])O)CC3)cc12)c1cccc([N+](=O)[O-])c1,6.32,1,nM,CHEMBL3221134,-6.32,2.6799999999999997,CHEMBL240,hERG,False,False,False
[2H]C([2H])(O)CN1CCN(c2cnc3cc(C(F)(F)F)cc(NCc4cccc([N+](=O)[O-])c4)c3c2)CC1,6.8,1,nM,CHEMBL3221133,-6.8,2.2,CHEMBL240,hERG,False,False,False
[2H]C([2H])([2H])Oc1cc(C(O)CN2CCN(C[C@H](O)c3ccc4c(c3C)COC4=O)CC2)ncc1C#N,4.68,3,nM,CHEMBL3612928,-4.68,4.32,CHEMBL240,hERG,False,False,False
[O-][S+]1CCC(C2N[C@@H](c3nc(-c4ccccc4)c[nH]3)Cc3c2[nH]c2ccccc32)CC1,7.0,1,nM,CHEMBL2069506,-7.0,2.0,CHEMBL240,hERG,False,False,False
c1cc(-c2cn(CC3CC3)c3cnccc23)ccn1,4.81,1,nM,CHEMBL4648945,-4.81,4.19,CHEMBL240,hERG,False,False,False
c1cc(-c2cnc3c(c2)C[C@@]2(CN4CCC2CC4)O3)co1,5.8,1,nM,CHEMBL2151438,-5.8,3.2,CHEMBL240,hERG,False,False,False
c1cc2nonc2cc1CCN1CCN(CCc2ccc3nonc3c2)CC1,7.17,1,nM,CHEMBL2146869,-7.17,1.83,CHEMBL240,hERG,False,False,False
c1ccc(-c2[nH]c3ccccc3c2C2CC3CCC(C2)N3c2ccccc2)cc1,7.75,1,nM,CHEMBL1671894,-7.75,1.25,CHEMBL240,hERG,False,False,False
c1ccc(-c2[nH]c3ccccc3c2C2CCCNC2)cc1,5.31,1,nM,CHEMBL42557,-5.31,3.6900000000000004,CHEMBL240,hERG,True,True,True
c1ccc(-c2c[nH]c([C@H]3Cc4c([nH]c5ccccc45)C(C4CCCCC4)N3)n2)cc1,7.11,1,nM,CHEMBL2069500,-7.11,1.8899999999999997,CHEMBL240,hERG,False,False,False
c1ccc(-c2c[nH]c([C@H]3Cc4c([nH]c5ccccc45)C(C4CCCCC4)N3)n2)nc1,6.7,1,nM,CHEMBL3582312,-6.7,2.3,CHEMBL240,hERG,False,False,False
c1ccc(-c2c[nH]c([C@H]3Cc4c([nH]c5ccccc45)C(C4CCNCC4)N3)n2)cc1,5.29,1,nM,CHEMBL2069509,-5.29,3.71,CHEMBL240,hERG,False,False,False
c1ccc(-c2c[nH]c([C@H]3Cc4c([nH]c5ccccc45)C(C4CCOC4)N3)n2)cc1,7.395,2,nM,CHEMBL2069504,-7.395,1.6050000000000004,CHEMBL240,hERG,False,False,False
c1ccc(-c2c[nH]c([C@H]3Cc4c([nH]c5ccccc45)C(C4CCSCC4)N3)n2)cc1,6.92,1,nM,CHEMBL2069505,-6.92,2.08,CHEMBL240,hERG,False,False,False
c1ccc(-c2c[nH]c([C@H]3Cc4c([nH]c5ccccc45)[C@@H](C4CCOCC4)N3)n2)cc1,6.42,2,nM,CHEMBL2069502,-6.42,2.58,CHEMBL240,hERG,True,True,True
c1ccc(-c2c[nH]c([C@H]3Cc4c([nH]c5ccccc45)[C@@H](C4CCOCC4)N3)n2)nc1,5.39,1,nM,CHEMBL3775418,-5.39,3.6100000000000003,CHEMBL240,hERG,False,False,False
c1ccc(-c2c[nH]c([C@H]3Cc4c([nH]c5ccccc45)[C@H](C4CCOCC4)N3)n2)cc1,6.14,1,nM,CHEMBL2069503,-6.14,2.8600000000000003,CHEMBL240,hERG,False,True,True
c1ccc(-c2cc(NC3=NC[C@@]4(CN5CCC4CC5)O3)ncn2)cc1,5.4,2,nM,CHEMBL4102566,-5.4,3.5999999999999996,CHEMBL240,hERG,False,False,False
c1ccc(-c2ccc(-c3c[nH]c([C@H]4Cc5c([nH]c6ccccc56)[C@@H](C5CCOCC5)N4)n3)cc2)cc1,7.77,1,nM,CHEMBL3775414,-7.77,1.2300000000000004,CHEMBL240,hERG,False,True,True
c1ccc(-c2ccc(OCCCCCN3CCCCC3)cc2)cc1,5.76,1,nM,CHEMBL4540849,-5.76,3.24,CHEMBL240,hERG,False,False,False
c1ccc(-c2ccc(OCCCCCN3CCCCCC3)cc2)cc1,5.69,1,nM,CHEMBL4586133,-5.69,3.3099999999999996,CHEMBL240,hERG,False,False,False
c1ccc(-c2ccc(OCCCN3CCCCC3)cc2)cc1,6.38,1,nM,CHEMBL1823340,-6.38,2.62,CHEMBL240,hERG,True,True,True
c1ccc(-c2cccc3nc(-c4cccnc4)nc(NCc4ccccn4)c23)cc1,4.7,1,nM,CHEMBL4099807,-4.7,4.3,CHEMBL240,hERG,False,False,False
c1ccc(-c2cccc3nc(-c4ccncc4)nc(NCc4ccccn4)c23)cc1,5.17,1,nM,CHEMBL4521294,-5.17,3.83,CHEMBL240,hERG,False,False,False
c1ccc(-c2cccc3nc(-c4cncs4)nc(NCc4ccccn4)c23)cc1,5.21,1,nM,CHEMBL4532101,-5.21,3.79,CHEMBL240,hERG,False,False,False
c1ccc(-c2ccccc2CC(c2cccnc2)c2cccnc2)cc1,5.12,1,nM,CHEMBL4089937,-5.12,3.88,CHEMBL240,hERG,False,False,False
c1ccc(-c2nnc(CN3CCN(Cc4nc5ccccc5s4)CC3)o2)cc1,4.52,1,nM,CHEMBL2069925,-4.52,4.48,CHEMBL240,hERG,False,False,False
c1ccc(-c2noc(CN3CCN(Cc4nc5ccccc5s4)CC3)n2)cc1,4.89,1,nM,CHEMBL2069924,-4.89,4.11,CHEMBL240,hERG,False,False,False
c1ccc(-n2cc(-c3ccnc4ccccc34)cn2)cc1,5.6,1,nM,CHEMBL2022867,-5.6,3.4000000000000004,CHEMBL240,hERG,False,False,False
c1ccc(C(Cc2cccc3c2OCC3)N2CCNCC2)cc1,4.67,1,nM,CHEMBL1083707,-4.67,4.33,CHEMBL240,hERG,False,False,False
c1ccc(C(Cc2ccccc2OC2CC2)N2CCNCC2)cc1,5.19,1,nM,CHEMBL1083705,-5.19,3.8099999999999996,CHEMBL240,hERG,True,True,True
c1ccc(C(Cc2ccccc2OCC2CC2)N2CCNCC2)cc1,5.53,1,nM,CHEMBL1083706,-5.53,3.4699999999999998,CHEMBL240,hERG,True,True,True
c1ccc(C2(c3ccccc3)CC2C2=NCCN2)cc1,5.06,1,nM,CHEMBL87045,-5.06,3.9400000000000004,CHEMBL240,hERG,False,False,False
c1ccc(C2=Nc3ccccc3C2C2CCN(c3ccccc3)CC2)cc1,7.1,1,nM,CHEMBL1671884,-7.1,1.9000000000000004,CHEMBL240,hERG,False,False,False
c1ccc(C2CC3(N4CCCC4)CNCC2C(c2ccccc2)C3)cc1,5.58,1,nM,CHEMBL3401424,-5.58,3.42,CHEMBL240,hERG,False,False,False
c1ccc(CC2(c3ccc4[nH]ccc4c3)CCNC2)cc1,5.05,1,nM,CHEMBL487355,-5.05,3.95,CHEMBL240,hERG,False,False,False
c1ccc(CC2(c3ccc4sccc4c3)CCNC2)cc1,4.96,1,nM,CHEMBL486537,-4.96,4.04,CHEMBL240,hERG,False,False,False
c1ccc(CCCNCCC(c2ccccc2)c2ccccc2)cc1,7.785,2,nM,CHEMBL2046889,-7.785,1.2149999999999999,CHEMBL240,hERG,False,False,False
c1ccc(CCCNCCN(c2ccccc2)c2ccccc2)cc1,6.220000000000001,2,nM,CHEMBL2046891,-6.220000000000001,2.7799999999999994,CHEMBL240,hERG,False,False,False
c1ccc(CCNCCC(c2ccccc2)c2ccccc2)cc1,5.525,2,nM,CHEMBL2046888,-5.525,3.4749999999999996,CHEMBL240,hERG,False,False,False
c1ccc(CCNCCN(c2ccccc2)c2ccccc2)cc1,7.205,2,nM,CHEMBL2046890,-7.205,1.795,CHEMBL240,hERG,False,False,False
c1ccc(CCc2cccc(CCc3ccccc3)n2)cc1,5.79,1,nM,CHEMBL2324250,-5.79,3.21,CHEMBL240,hERG,False,False,False
c1ccc(CN2CCN(Cc3nc(-c4ccccc4)no3)CC2)cc1,4.9,1,nM,CHEMBL2069921,-4.9,4.1,CHEMBL240,hERG,False,False,False
c1ccc(CN2CCN(Cc3nnc(-c4ccccc4)o3)CC2)cc1,4.56,1,nM,CHEMBL1504335,-4.56,4.44,CHEMBL240,hERG,False,False,False
c1ccc(COc2ccc(CCNc3ccncc3)cc2)cc1,6.89,1,nM,CHEMBL48029,-6.89,2.1100000000000003,CHEMBL240,hERG,False,False,False
c1ccc(COc2cccc(-c3nc4sccn4c3-c3ccncn3)c2)cc1,4.89,1,nM,CHEMBL4866102,-4.89,4.11,CHEMBL240,hERG,False,False,False
c1ccc(Cc2cc3c(s2)CCN2Cc4ccccc4CC32)cc1,4.67,1,nM,CHEMBL4161395,-4.67,4.33,CHEMBL240,hERG,False,False,False
c1ccc(Cn2cc(-c3ccncc3)c3ccncc32)cc1,5.24,1,nM,CHEMBL4638460,-5.24,3.76,CHEMBL240,hERG,False,False,False
c1ccc(Cn2ccc3c(OC4CCN(Cc5cscn5)CC4)ncnc32)cc1,6.12,1,nM,CHEMBL2012244,-6.12,2.88,CHEMBL240,hERG,False,False,False
c1ccc(N2CCN(CC3CCCCN3)C2)cc1,4.8,1,nM,CHEMBL1084132,-4.8,4.2,CHEMBL240,hERG,False,False,False
c1ccc(Nc2nc(-c3cn[nH]c3)cs2)nc1,4.48,1,nM,CHEMBL1830693,-4.48,4.52,CHEMBL240,hERG,False,False,False
c1ccc(Nc2nc3c(s2)CCCc2n[nH]cc2-3)nc1,4.55,1,nM,CHEMBL1830707,-4.55,4.45,CHEMBL240,hERG,False,False,False
c1ccc(Nc2nc3c(s2)CCc2n[nH]cc2-3)nc1,4.77,1,nM,CHEMBL1830698,-4.77,4.23,CHEMBL240,hERG,False,False,False
c1ccc(OC(c2ccc3ccccc3c2)C2CNC2)cc1,6.08,1,nM,CHEMBL2171417,-6.08,2.92,CHEMBL240,hERG,False,False,False
c1ccc(OCc2cccc(COc3ccccc3)n2)cc1,7.13,1,nM,CHEMBL2324247,-7.13,1.87,CHEMBL240,hERG,False,False,False
c1ccc([C@@H]([C@H](c2ccccc2)N2CCCC2)N2CCCC2)cc1,4.5,1,nM,CHEMBL2152524,-4.5,4.5,CHEMBL240,hERG,False,False,False
c1ccc([C@@H]([C@H](c2ccccc2)N2CCCCC2)N2CCCCC2)cc1,4.5,1,nM,CHEMBL2152522,-4.5,4.5,CHEMBL240,hERG,False,False,False
c1ccc([C@@H]2Sc3ccccc3O[C@@H]2c2ccc(OCCCN3CCCC3)cc2)cc1,7.92,2,nM,CHEMBL564514,-7.92,1.08,CHEMBL240,hERG,True,True,True
c1ccc([C@H]([C@@H](c2ccccc2)N2CCCC2)N2CCCC2)cc1,4.5,1,nM,CHEMBL2152525,-4.5,4.5,CHEMBL240,hERG,False,False,False
c1ccc([C@H]([C@@H](c2ccccc2)N2CCCCC2)N2CCCCC2)cc1,4.6,1,nM,CHEMBL2152523,-4.6,4.4,CHEMBL240,hERG,False,False,False
c1ccc([C@]2(CCNCc3cccs3)CCOC3(CCCC3)C2)nc1,5.64,1,nM,CHEMBL2443278,-5.64,3.3600000000000003,CHEMBL240,hERG,False,False,False
c1ccc2c(c1)CC(CN1CCC3(CCc4ccccc43)CC1)CO2,5.82,1,nM,CHEMBL3785605,-5.82,3.1799999999999997,CHEMBL240,hERG,False,False,False
c1ccc2c3c([nH]c2c1)C(C1CCCCC1)N[C@@H](c1nc(-c2ccncc2)c[nH]1)C3,7.05,1,nM,CHEMBL3582314,-7.05,1.9500000000000002,CHEMBL240,hERG,False,False,False
c1ccc2c3c([nH]c2c1)C(C1CCCCC1)N[C@@H](c1nc(-c2cnccn2)c[nH]1)C3,6.47,1,nM,CHEMBL3582315,-6.47,2.5300000000000002,CHEMBL240,hERG,False,False,False
c1ccc2c3c([nH]c2c1)C(C1CCOCC1)NC(c1nc(C24CC5CC(CC(C5)C2)C4)c[nH]1)C3,6.3,1,nM,CHEMBL3775851,-6.3,2.7,CHEMBL240,hERG,False,False,False
c1ccc2c3c([nH]c2c1)C(C1CCOCC1)NC(c1nc(C2CCCCC2)c[nH]1)C3,6.87,1,nM,CHEMBL3775580,-6.87,2.13,CHEMBL240,hERG,False,False,False
c1ccc2c3c([nH]c2c1)[C@@H](C1CCOCC1)N[C@@H](c1nc(-c2ccncc2)c[nH]1)C3,5.12,1,nM,CHEMBL3774903,-5.12,3.88,CHEMBL240,hERG,False,False,False
c1ccc2c3c([nH]c2c1)[C@@H](C1CCOCC1)N[C@@H](c1nc(-c2ccsc2)c[nH]1)C3,6.84,1,nM,CHEMBL3774626,-6.84,2.16,CHEMBL240,hERG,False,False,False
c1ccc2c3c([nH]c2c1)[C@@H](C1CCOCC1)N[C@@H](c1nc(-c2csc4ccccc24)c[nH]1)C3,7.06,1,nM,CHEMBL3775284,-7.06,1.9400000000000004,CHEMBL240,hERG,False,False,False
c1ccc2c3c([nH]c2c1)[C@@H](C1CCOCC1)N[C@@H](c1nc(-c2cscn2)c[nH]1)C3,5.36,1,nM,CHEMBL3774986,-5.36,3.6399999999999997,CHEMBL240,hERG,False,False,False
c1ccc2cc(NC3=NC[C@@]4(CN5CCC4CC5)O3)ncc2c1,5.5,3,nM,CHEMBL3918431,-5.5,3.5,CHEMBL240,hERG,False,False,False
c1ccc2oc(Oc3ccc(OCCN4CCCCC4)cc3)nc2c1,6.0,1,nM,CHEMBL481863,-6.0,3.0,CHEMBL240,hERG,False,False,False
c1ccc2sc(Oc3ccc(CCN4CCCCC4)cc3)nc2c1,5.7,1,nM,CHEMBL470753,-5.7,3.3,CHEMBL240,hERG,False,False,False
c1cnc(Nc2nc3c(s2)CCCc2n[nH]cc2-3)nc1,4.52,1,nM,CHEMBL1830711,-4.52,4.48,CHEMBL240,hERG,False,False,False
c1cnc2c(N3CCN(CCCCc4ccc(OCCCN5CCCCCC5)cc4)CC3)cccc2c1,5.8,1,nM,CHEMBL3893197,-5.8,3.2,CHEMBL240,hERG,False,False,False
c1cnc2c(N3CCN(CCCc4ccc(OCCCN5CCCCCC5)cc4)CC3)cccc2c1,6.0,1,nM,CHEMBL3921827,-6.0,3.0,CHEMBL240,hERG,False,False,False
c1cnc2c(N3CCN(CCc4ccc(OCCCN5CCCCCC5)cc4)CC3)cccc2c1,5.1,1,nM,CHEMBL3947980,-5.1,3.9000000000000004,CHEMBL240,hERG,True,True,True
c1cnc2c(c1)CCCC2N(CCCN1CCNCC1)Cc1nccc2c3ccccc3n(CCN3CCOCC3)c12,5.51,1,nM,CHEMBL3906863,-5.51,3.49,CHEMBL240,hERG,False,False,False
c1cncc(-c2c[nH]c([C@H]3Cc4c([nH]c5ccccc45)C(C4CCCCC4)N3)n2)c1,6.72,1,nM,CHEMBL3582313,-6.72,2.2800000000000002,CHEMBL240,hERG,False,False,False
c1cncc(-c2c[nH]c([C@H]3Cc4c([nH]c5ccccc45)[C@@H](C4CCOCC4)N3)n2)c1,5.57,1,nM,CHEMBL3774851,-5.57,3.4299999999999997,CHEMBL240,hERG,False,False,False
c1cncc(-c2ccc(-c3nnc(C4CN5CCC4CC5)o3)o2)c1,4.7,1,nM,CHEMBL2069929,-4.7,4.3,CHEMBL240,hERG,False,False,False
c1cncc(-c2ccc(-c3noc(C4CN5CCC4CC5)n3)o2)c1,5.19,1,nM,CHEMBL2069928,-5.19,3.8099999999999996,CHEMBL240,hERG,False,False,False
c1cncc(C(Cc2ccccc2-c2ccncc2)c2cccnc2)c1,4.66,1,nM,CHEMBL4087512,-4.66,4.34,CHEMBL240,hERG,False,False,False
c1cncc(C(Cc2ccccc2-c2cncc3ccccc23)c2cccnc2)c1,4.92,1,nM,CHEMBL4079636,-4.92,4.08,CHEMBL240,hERG,False,False,False
c1cncc(OC[C@H]2CNCCN2c2nc3ncccc3o2)c1,4.14,1,nM,CHEMBL3262132,-4.14,4.86,CHEMBL240,hERG,False,False,False
c1ncc(-c2cc3sc(N4CCC(N5CCCCC5)CC4)nc3cn2)cn1,5.19,1,nM,CHEMBL575234,-5.19,3.8099999999999996,CHEMBL240,hERG,True,True,True
c1ncc(-c2cnc3nc(N4CCC(N5CCCCC5)CC4)sc3c2)cn1,4.63,1,nM,CHEMBL575476,-4.63,4.37,CHEMBL240,hERG,True,True,True
